ISO-10303-21;
HEADER;
FILE_DESCRIPTION(('Open CASCADE Model'),'2;1');
FILE_NAME('Open CASCADE Shape Model','2026-10-06T00:00:00',('Author'),(
    'Open CASCADE'),'Open CASCADE STEP processor 7.9','Open CASCADE 7.9'
  ,'Unknown');
FILE_SCHEMA(('AUTOMOTIVE_DESIGN { 1 0 10303 214 1 1 1 1 }'));
ENDSEC;
DATA;
#1 = APPLICATION_PROTOCOL_DEFINITION('international standard',
  'automotive_design',2000,#2);
#2 = APPLICATION_CONTEXT(
  'core data for automotive mechanical design processes');
#3 = SHAPE_DEFINITION_REPRESENTATION(#4,#10);
#4 = PRODUCT_DEFINITION_SHAPE('','',#5);
#5 = PRODUCT_DEFINITION('design','',#6,#9);
#6 = PRODUCT_DEFINITION_FORMATION('','',#7);
#7 = PRODUCT('CASE_INTERNALS_R11','CASE_INTERNALS_R11','',(#8));
#8 = PRODUCT_CONTEXT('',#2,'mechanical');
#9 = PRODUCT_DEFINITION_CONTEXT('part definition',#2,'design');
#10 = SHAPE_REPRESENTATION('',(#11,#15,#19,#23,#27,#31,#35,#39,#43,#47,
    #51),#55);
#11 = AXIS2_PLACEMENT_3D('',#12,#13,#14);
#12 = CARTESIAN_POINT('',(0.,0.,0.));
#13 = DIRECTION('',(0.,0.,1.));
#14 = DIRECTION('',(1.,0.,-0.));
#15 = AXIS2_PLACEMENT_3D('',#16,#17,#18);
#16 = CARTESIAN_POINT('',(0.,0.,0.));
#17 = DIRECTION('',(0.,0.,1.));
#18 = DIRECTION('',(1.,0.,-0.));
#19 = AXIS2_PLACEMENT_3D('',#20,#21,#22);
#20 = CARTESIAN_POINT('',(0.,0.,0.));
#21 = DIRECTION('',(0.,0.,1.));
#22 = DIRECTION('',(1.,0.,-0.));
#23 = AXIS2_PLACEMENT_3D('',#24,#25,#26);
#24 = CARTESIAN_POINT('',(0.,0.,0.));
#25 = DIRECTION('',(0.,0.,1.));
#26 = DIRECTION('',(1.,0.,-0.));
#27 = AXIS2_PLACEMENT_3D('',#28,#29,#30);
#28 = CARTESIAN_POINT('',(0.,0.,0.));
#29 = DIRECTION('',(0.,0.,1.));
#30 = DIRECTION('',(1.,0.,-0.));
#31 = AXIS2_PLACEMENT_3D('',#32,#33,#34);
#32 = CARTESIAN_POINT('',(0.,0.,0.));
#33 = DIRECTION('',(0.,0.,1.));
#34 = DIRECTION('',(1.,0.,-0.));
#35 = AXIS2_PLACEMENT_3D('',#36,#37,#38);
#36 = CARTESIAN_POINT('',(0.,0.,0.));
#37 = DIRECTION('',(0.,0.,1.));
#38 = DIRECTION('',(1.,0.,-0.));
#39 = AXIS2_PLACEMENT_3D('',#40,#41,#42);
#40 = CARTESIAN_POINT('',(0.,0.,0.));
#41 = DIRECTION('',(0.,0.,1.));
#42 = DIRECTION('',(1.,0.,-0.));
#43 = AXIS2_PLACEMENT_3D('',#44,#45,#46);
#44 = CARTESIAN_POINT('',(0.,0.,0.));
#45 = DIRECTION('',(0.,0.,1.));
#46 = DIRECTION('',(1.,0.,-0.));
#47 = AXIS2_PLACEMENT_3D('',#48,#49,#50);
#48 = CARTESIAN_POINT('',(0.,0.,0.));
#49 = DIRECTION('',(0.,0.,1.));
#50 = DIRECTION('',(1.,0.,-0.));
#51 = AXIS2_PLACEMENT_3D('',#52,#53,#54);
#52 = CARTESIAN_POINT('',(0.,0.,0.));
#53 = DIRECTION('',(0.,0.,1.));
#54 = DIRECTION('',(1.,0.,-0.));
#55 = ( GEOMETRIC_REPRESENTATION_CONTEXT(3) 
GLOBAL_UNCERTAINTY_ASSIGNED_CONTEXT((#59)) GLOBAL_UNIT_ASSIGNED_CONTEXT(
(#56,#57,#58)) REPRESENTATION_CONTEXT('Context #1',
  '3D Context with UNIT and UNCERTAINTY') );
#56 = ( LENGTH_UNIT() NAMED_UNIT(*) SI_UNIT(.MILLI.,.METRE.) );
#57 = ( NAMED_UNIT(*) PLANE_ANGLE_UNIT() SI_UNIT($,.RADIAN.) );
#58 = ( NAMED_UNIT(*) SI_UNIT($,.STERADIAN.) SOLID_ANGLE_UNIT() );
#59 = UNCERTAINTY_MEASURE_WITH_UNIT(LENGTH_MEASURE(1.E-07),#56,
  'distance_accuracy_value','confusion accuracy');
#60 = PRODUCT_RELATED_PRODUCT_CATEGORY('part',$,(#7));
#61 = SHAPE_DEFINITION_REPRESENTATION(#62,#68);
#62 = PRODUCT_DEFINITION_SHAPE('','',#63);
#63 = PRODUCT_DEFINITION('design','',#64,#67);
#64 = PRODUCT_DEFINITION_FORMATION('','',#65);
#65 = PRODUCT('LIPO_703450_CLASS_ENVELOPE_34_52_7_0_IN_BOARD_WINDOW',
  'LIPO_703450_CLASS_ENVELOPE_34_52_7_0_IN_BOARD_WINDOW','',(#66));
#66 = PRODUCT_CONTEXT('',#2,'mechanical');
#67 = PRODUCT_DEFINITION_CONTEXT('part definition',#2,'design');
#68 = ADVANCED_BREP_SHAPE_REPRESENTATION('',(#11,#69),#735);
#69 = MANIFOLD_SOLID_BREP('',#70);
#70 = CLOSED_SHELL('',(#71,#191,#391,#441,#495,#620,#647,#674,#701,#728)
  );
#71 = ADVANCED_FACE('',(#72),#86,.F.);
#72 = FACE_BOUND('',#73,.F.);
#73 = EDGE_LOOP('',(#74,#109,#137,#165));
#74 = ORIENTED_EDGE('',*,*,#75,.F.);
#75 = EDGE_CURVE('',#76,#78,#80,.T.);
#76 = VERTEX_POINT('',#77);
#77 = CARTESIAN_POINT('',(-17.,20.,3.5));
#78 = VERTEX_POINT('',#79);
#79 = CARTESIAN_POINT('',(-17.,70.,3.5));
#80 = SURFACE_CURVE('',#81,(#85,#97),.PCURVE_S1.);
#81 = LINE('',#82,#83);
#82 = CARTESIAN_POINT('',(-17.,19.,3.5));
#83 = VECTOR('',#84,1.);
#84 = DIRECTION('',(0.,1.,0.));
#85 = PCURVE('',#86,#91);
#86 = PLANE('',#87);
#87 = AXIS2_PLACEMENT_3D('',#88,#89,#90);
#88 = CARTESIAN_POINT('',(-17.,19.,-3.5));
#89 = DIRECTION('',(1.,0.,0.));
#90 = DIRECTION('',(0.,0.,1.));
#91 = DEFINITIONAL_REPRESENTATION('',(#92),#96);
#92 = LINE('',#93,#94);
#93 = CARTESIAN_POINT('',(7.,0.));
#94 = VECTOR('',#95,1.);
#95 = DIRECTION('',(0.,-1.));
#96 = ( GEOMETRIC_REPRESENTATION_CONTEXT(2) 
PARAMETRIC_REPRESENTATION_CONTEXT() REPRESENTATION_CONTEXT('2D SPACE',''
  ) );
#97 = PCURVE('',#98,#103);
#98 = PLANE('',#99);
#99 = AXIS2_PLACEMENT_3D('',#100,#101,#102);
#100 = CARTESIAN_POINT('',(-17.,19.,3.5));
#101 = DIRECTION('',(0.,0.,1.));
#102 = DIRECTION('',(1.,0.,0.));
#103 = DEFINITIONAL_REPRESENTATION('',(#104),#108);
#104 = LINE('',#105,#106);
#105 = CARTESIAN_POINT('',(0.,0.));
#106 = VECTOR('',#107,1.);
#107 = DIRECTION('',(0.,1.));
#108 = ( GEOMETRIC_REPRESENTATION_CONTEXT(2) 
PARAMETRIC_REPRESENTATION_CONTEXT() REPRESENTATION_CONTEXT('2D SPACE',''
  ) );
#109 = ORIENTED_EDGE('',*,*,#110,.F.);
#110 = EDGE_CURVE('',#111,#76,#113,.T.);
#111 = VERTEX_POINT('',#112);
#112 = CARTESIAN_POINT('',(-17.,20.,-3.5));
#113 = SURFACE_CURVE('',#114,(#118,#125),.PCURVE_S1.);
#114 = LINE('',#115,#116);
#115 = CARTESIAN_POINT('',(-17.,20.,-3.5));
#116 = VECTOR('',#117,1.);
#117 = DIRECTION('',(0.,0.,1.));
#118 = PCURVE('',#86,#119);
#119 = DEFINITIONAL_REPRESENTATION('',(#120),#124);
#120 = LINE('',#121,#122);
#121 = CARTESIAN_POINT('',(0.,-1.));
#122 = VECTOR('',#123,1.);
#123 = DIRECTION('',(1.,0.));
#124 = ( GEOMETRIC_REPRESENTATION_CONTEXT(2) 
PARAMETRIC_REPRESENTATION_CONTEXT() REPRESENTATION_CONTEXT('2D SPACE',''
  ) );
#125 = PCURVE('',#126,#131);
#126 = CYLINDRICAL_SURFACE('',#127,1.);
#127 = AXIS2_PLACEMENT_3D('',#128,#129,#130);
#128 = CARTESIAN_POINT('',(-16.,20.,-3.5));
#129 = DIRECTION('',(0.,0.,1.));
#130 = DIRECTION('',(-1.,-0.,0.));
#131 = DEFINITIONAL_REPRESENTATION('',(#132),#136);
#132 = LINE('',#133,#134);
#133 = CARTESIAN_POINT('',(0.,0.));
#134 = VECTOR('',#135,1.);
#135 = DIRECTION('',(0.,1.));
#136 = ( GEOMETRIC_REPRESENTATION_CONTEXT(2) 
PARAMETRIC_REPRESENTATION_CONTEXT() REPRESENTATION_CONTEXT('2D SPACE',''
  ) );
#137 = ORIENTED_EDGE('',*,*,#138,.T.);
#138 = EDGE_CURVE('',#111,#139,#141,.T.);
#139 = VERTEX_POINT('',#140);
#140 = CARTESIAN_POINT('',(-17.,70.,-3.5));
#141 = SURFACE_CURVE('',#142,(#146,#153),.PCURVE_S1.);
#142 = LINE('',#143,#144);
#143 = CARTESIAN_POINT('',(-17.,19.,-3.5));
#144 = VECTOR('',#145,1.);
#145 = DIRECTION('',(0.,1.,0.));
#146 = PCURVE('',#86,#147);
#147 = DEFINITIONAL_REPRESENTATION('',(#148),#152);
#148 = LINE('',#149,#150);
#149 = CARTESIAN_POINT('',(0.,0.));
#150 = VECTOR('',#151,1.);
#151 = DIRECTION('',(0.,-1.));
#152 = ( GEOMETRIC_REPRESENTATION_CONTEXT(2) 
PARAMETRIC_REPRESENTATION_CONTEXT() REPRESENTATION_CONTEXT('2D SPACE',''
  ) );
#153 = PCURVE('',#154,#159);
#154 = PLANE('',#155);
#155 = AXIS2_PLACEMENT_3D('',#156,#157,#158);
#156 = CARTESIAN_POINT('',(-17.,19.,-3.5));
#157 = DIRECTION('',(0.,0.,1.));
#158 = DIRECTION('',(1.,0.,0.));
#159 = DEFINITIONAL_REPRESENTATION('',(#160),#164);
#160 = LINE('',#161,#162);
#161 = CARTESIAN_POINT('',(0.,0.));
#162 = VECTOR('',#163,1.);
#163 = DIRECTION('',(0.,1.));
#164 = ( GEOMETRIC_REPRESENTATION_CONTEXT(2) 
PARAMETRIC_REPRESENTATION_CONTEXT() REPRESENTATION_CONTEXT('2D SPACE',''
  ) );
#165 = ORIENTED_EDGE('',*,*,#166,.T.);
#166 = EDGE_CURVE('',#139,#78,#167,.T.);
#167 = SURFACE_CURVE('',#168,(#172,#179),.PCURVE_S1.);
#168 = LINE('',#169,#170);
#169 = CARTESIAN_POINT('',(-17.,70.,-3.5));
#170 = VECTOR('',#171,1.);
#171 = DIRECTION('',(0.,0.,1.));
#172 = PCURVE('',#86,#173);
#173 = DEFINITIONAL_REPRESENTATION('',(#174),#178);
#174 = LINE('',#175,#176);
#175 = CARTESIAN_POINT('',(0.,-51.));
#176 = VECTOR('',#177,1.);
#177 = DIRECTION('',(1.,0.));
#178 = ( GEOMETRIC_REPRESENTATION_CONTEXT(2) 
PARAMETRIC_REPRESENTATION_CONTEXT() REPRESENTATION_CONTEXT('2D SPACE',''
  ) );
#179 = PCURVE('',#180,#185);
#180 = CYLINDRICAL_SURFACE('',#181,1.);
#181 = AXIS2_PLACEMENT_3D('',#182,#183,#184);
#182 = CARTESIAN_POINT('',(-16.,70.,-3.5));
#183 = DIRECTION('',(0.,0.,1.));
#184 = DIRECTION('',(-1.,-0.,0.));
#185 = DEFINITIONAL_REPRESENTATION('',(#186),#190);
#186 = LINE('',#187,#188);
#187 = CARTESIAN_POINT('',(-0.,0.));
#188 = VECTOR('',#189,1.);
#189 = DIRECTION('',(-0.,1.));
#190 = ( GEOMETRIC_REPRESENTATION_CONTEXT(2) 
PARAMETRIC_REPRESENTATION_CONTEXT() REPRESENTATION_CONTEXT('2D SPACE',''
  ) );
#191 = ADVANCED_FACE('',(#192),#98,.T.);
#192 = FACE_BOUND('',#193,.T.);
#193 = EDGE_LOOP('',(#194,#195,#219,#247,#280,#308,#337,#365));
#194 = ORIENTED_EDGE('',*,*,#75,.F.);
#195 = ORIENTED_EDGE('',*,*,#196,.T.);
#196 = EDGE_CURVE('',#76,#197,#199,.T.);
#197 = VERTEX_POINT('',#198);
#198 = CARTESIAN_POINT('',(-16.,19.,3.5));
#199 = SURFACE_CURVE('',#200,(#205,#212),.PCURVE_S1.);
#200 = CIRCLE('',#201,1.);
#201 = AXIS2_PLACEMENT_3D('',#202,#203,#204);
#202 = CARTESIAN_POINT('',(-16.,20.,3.5));
#203 = DIRECTION('',(0.,0.,1.));
#204 = DIRECTION('',(0.,-1.,0.));
#205 = PCURVE('',#98,#206);
#206 = DEFINITIONAL_REPRESENTATION('',(#207),#211);
#207 = CIRCLE('',#208,1.);
#208 = AXIS2_PLACEMENT_2D('',#209,#210);
#209 = CARTESIAN_POINT('',(1.,1.));
#210 = DIRECTION('',(0.,-1.));
#211 = ( GEOMETRIC_REPRESENTATION_CONTEXT(2) 
PARAMETRIC_REPRESENTATION_CONTEXT() REPRESENTATION_CONTEXT('2D SPACE',''
  ) );
#212 = PCURVE('',#126,#213);
#213 = DEFINITIONAL_REPRESENTATION('',(#214),#218);
#214 = LINE('',#215,#216);
#215 = CARTESIAN_POINT('',(-4.712388980385,7.));
#216 = VECTOR('',#217,1.);
#217 = DIRECTION('',(1.,0.));
#218 = ( GEOMETRIC_REPRESENTATION_CONTEXT(2) 
PARAMETRIC_REPRESENTATION_CONTEXT() REPRESENTATION_CONTEXT('2D SPACE',''
  ) );
#219 = ORIENTED_EDGE('',*,*,#220,.T.);
#220 = EDGE_CURVE('',#197,#221,#223,.T.);
#221 = VERTEX_POINT('',#222);
#222 = CARTESIAN_POINT('',(16.,19.,3.5));
#223 = SURFACE_CURVE('',#224,(#228,#235),.PCURVE_S1.);
#224 = LINE('',#225,#226);
#225 = CARTESIAN_POINT('',(-17.,19.,3.5));
#226 = VECTOR('',#227,1.);
#227 = DIRECTION('',(1.,0.,0.));
#228 = PCURVE('',#98,#229);
#229 = DEFINITIONAL_REPRESENTATION('',(#230),#234);
#230 = LINE('',#231,#232);
#231 = CARTESIAN_POINT('',(0.,0.));
#232 = VECTOR('',#233,1.);
#233 = DIRECTION('',(1.,0.));
#234 = ( GEOMETRIC_REPRESENTATION_CONTEXT(2) 
PARAMETRIC_REPRESENTATION_CONTEXT() REPRESENTATION_CONTEXT('2D SPACE',''
  ) );
#235 = PCURVE('',#236,#241);
#236 = PLANE('',#237);
#237 = AXIS2_PLACEMENT_3D('',#238,#239,#240);
#238 = CARTESIAN_POINT('',(-17.,19.,-3.5));
#239 = DIRECTION('',(0.,1.,0.));
#240 = DIRECTION('',(0.,0.,1.));
#241 = DEFINITIONAL_REPRESENTATION('',(#242),#246);
#242 = LINE('',#243,#244);
#243 = CARTESIAN_POINT('',(7.,0.));
#244 = VECTOR('',#245,1.);
#245 = DIRECTION('',(0.,1.));
#246 = ( GEOMETRIC_REPRESENTATION_CONTEXT(2) 
PARAMETRIC_REPRESENTATION_CONTEXT() REPRESENTATION_CONTEXT('2D SPACE',''
  ) );
#247 = ORIENTED_EDGE('',*,*,#248,.F.);
#248 = EDGE_CURVE('',#249,#221,#251,.T.);
#249 = VERTEX_POINT('',#250);
#250 = CARTESIAN_POINT('',(17.,20.,3.5));
#251 = SURFACE_CURVE('',#252,(#257,#268),.PCURVE_S1.);
#252 = CIRCLE('',#253,1.);
#253 = AXIS2_PLACEMENT_3D('',#254,#255,#256);
#254 = CARTESIAN_POINT('',(16.,20.,3.5));
#255 = DIRECTION('',(-0.,-0.,-1.));
#256 = DIRECTION('',(0.,-1.,0.));
#257 = PCURVE('',#98,#258);
#258 = DEFINITIONAL_REPRESENTATION('',(#259),#267);
#259 = ( BOUNDED_CURVE() B_SPLINE_CURVE(2,(#260,#261,#262,#263,#264,#265
,#266),.UNSPECIFIED.,.T.,.F.) B_SPLINE_CURVE_WITH_KNOTS((1,2,2,2,2,1),(
    -2.094395102393,0.,2.094395102393,4.188790204786,6.28318530718,
8.377580409573),.UNSPECIFIED.) CURVE() GEOMETRIC_REPRESENTATION_ITEM() 
RATIONAL_B_SPLINE_CURVE((1.,0.5,1.,0.5,1.,0.5,1.)) REPRESENTATION_ITEM(
  '') );
#260 = CARTESIAN_POINT('',(33.,0.));
#261 = CARTESIAN_POINT('',(31.267949192431,0.));
#262 = CARTESIAN_POINT('',(32.133974596216,1.5));
#263 = CARTESIAN_POINT('',(33.,3.));
#264 = CARTESIAN_POINT('',(33.866025403784,1.5));
#265 = CARTESIAN_POINT('',(34.732050807569,1.554312234475E-15));
#266 = CARTESIAN_POINT('',(33.,0.));
#267 = ( GEOMETRIC_REPRESENTATION_CONTEXT(2) 
PARAMETRIC_REPRESENTATION_CONTEXT() REPRESENTATION_CONTEXT('2D SPACE',''
  ) );
#268 = PCURVE('',#269,#274);
#269 = CYLINDRICAL_SURFACE('',#270,1.);
#270 = AXIS2_PLACEMENT_3D('',#271,#272,#273);
#271 = CARTESIAN_POINT('',(16.,20.,-3.5));
#272 = DIRECTION('',(0.,0.,1.));
#273 = DIRECTION('',(1.,0.,-0.));
#274 = DEFINITIONAL_REPRESENTATION('',(#275),#279);
#275 = LINE('',#276,#277);
#276 = CARTESIAN_POINT('',(4.712388980385,7.));
#277 = VECTOR('',#278,1.);
#278 = DIRECTION('',(-1.,0.));
#279 = ( GEOMETRIC_REPRESENTATION_CONTEXT(2) 
PARAMETRIC_REPRESENTATION_CONTEXT() REPRESENTATION_CONTEXT('2D SPACE',''
  ) );
#280 = ORIENTED_EDGE('',*,*,#281,.T.);
#281 = EDGE_CURVE('',#249,#282,#284,.T.);
#282 = VERTEX_POINT('',#283);
#283 = CARTESIAN_POINT('',(17.,70.,3.5));
#284 = SURFACE_CURVE('',#285,(#289,#296),.PCURVE_S1.);
#285 = LINE('',#286,#287);
#286 = CARTESIAN_POINT('',(17.,19.,3.5));
#287 = VECTOR('',#288,1.);
#288 = DIRECTION('',(0.,1.,0.));
#289 = PCURVE('',#98,#290);
#290 = DEFINITIONAL_REPRESENTATION('',(#291),#295);
#291 = LINE('',#292,#293);
#292 = CARTESIAN_POINT('',(34.,0.));
#293 = VECTOR('',#294,1.);
#294 = DIRECTION('',(0.,1.));
#295 = ( GEOMETRIC_REPRESENTATION_CONTEXT(2) 
PARAMETRIC_REPRESENTATION_CONTEXT() REPRESENTATION_CONTEXT('2D SPACE',''
  ) );
#296 = PCURVE('',#297,#302);
#297 = PLANE('',#298);
#298 = AXIS2_PLACEMENT_3D('',#299,#300,#301);
#299 = CARTESIAN_POINT('',(17.,19.,-3.5));
#300 = DIRECTION('',(1.,0.,0.));
#301 = DIRECTION('',(0.,0.,1.));
#302 = DEFINITIONAL_REPRESENTATION('',(#303),#307);
#303 = LINE('',#304,#305);
#304 = CARTESIAN_POINT('',(7.,0.));
#305 = VECTOR('',#306,1.);
#306 = DIRECTION('',(0.,-1.));
#307 = ( GEOMETRIC_REPRESENTATION_CONTEXT(2) 
PARAMETRIC_REPRESENTATION_CONTEXT() REPRESENTATION_CONTEXT('2D SPACE',''
  ) );
#308 = ORIENTED_EDGE('',*,*,#309,.T.);
#309 = EDGE_CURVE('',#282,#310,#312,.T.);
#310 = VERTEX_POINT('',#311);
#311 = CARTESIAN_POINT('',(16.,71.,3.5));
#312 = SURFACE_CURVE('',#313,(#318,#325),.PCURVE_S1.);
#313 = CIRCLE('',#314,1.);
#314 = AXIS2_PLACEMENT_3D('',#315,#316,#317);
#315 = CARTESIAN_POINT('',(16.,70.,3.5));
#316 = DIRECTION('',(0.,0.,1.));
#317 = DIRECTION('',(0.,-1.,0.));
#318 = PCURVE('',#98,#319);
#319 = DEFINITIONAL_REPRESENTATION('',(#320),#324);
#320 = CIRCLE('',#321,1.);
#321 = AXIS2_PLACEMENT_2D('',#322,#323);
#322 = CARTESIAN_POINT('',(33.,51.));
#323 = DIRECTION('',(0.,-1.));
#324 = ( GEOMETRIC_REPRESENTATION_CONTEXT(2) 
PARAMETRIC_REPRESENTATION_CONTEXT() REPRESENTATION_CONTEXT('2D SPACE',''
  ) );
#325 = PCURVE('',#326,#331);
#326 = CYLINDRICAL_SURFACE('',#327,1.);
#327 = AXIS2_PLACEMENT_3D('',#328,#329,#330);
#328 = CARTESIAN_POINT('',(16.,70.,-3.5));
#329 = DIRECTION('',(0.,0.,1.));
#330 = DIRECTION('',(1.,0.,-0.));
#331 = DEFINITIONAL_REPRESENTATION('',(#332),#336);
#332 = LINE('',#333,#334);
#333 = CARTESIAN_POINT('',(-1.570796326795,7.));
#334 = VECTOR('',#335,1.);
#335 = DIRECTION('',(1.,0.));
#336 = ( GEOMETRIC_REPRESENTATION_CONTEXT(2) 
PARAMETRIC_REPRESENTATION_CONTEXT() REPRESENTATION_CONTEXT('2D SPACE',''
  ) );
#337 = ORIENTED_EDGE('',*,*,#338,.F.);
#338 = EDGE_CURVE('',#339,#310,#341,.T.);
#339 = VERTEX_POINT('',#340);
#340 = CARTESIAN_POINT('',(-16.,71.,3.5));
#341 = SURFACE_CURVE('',#342,(#346,#353),.PCURVE_S1.);
#342 = LINE('',#343,#344);
#343 = CARTESIAN_POINT('',(-17.,71.,3.5));
#344 = VECTOR('',#345,1.);
#345 = DIRECTION('',(1.,0.,0.));
#346 = PCURVE('',#98,#347);
#347 = DEFINITIONAL_REPRESENTATION('',(#348),#352);
#348 = LINE('',#349,#350);
#349 = CARTESIAN_POINT('',(0.,52.));
#350 = VECTOR('',#351,1.);
#351 = DIRECTION('',(1.,0.));
#352 = ( GEOMETRIC_REPRESENTATION_CONTEXT(2) 
PARAMETRIC_REPRESENTATION_CONTEXT() REPRESENTATION_CONTEXT('2D SPACE',''
  ) );
#353 = PCURVE('',#354,#359);
#354 = PLANE('',#355);
#355 = AXIS2_PLACEMENT_3D('',#356,#357,#358);
#356 = CARTESIAN_POINT('',(-17.,71.,-3.5));
#357 = DIRECTION('',(0.,1.,0.));
#358 = DIRECTION('',(0.,0.,1.));
#359 = DEFINITIONAL_REPRESENTATION('',(#360),#364);
#360 = LINE('',#361,#362);
#361 = CARTESIAN_POINT('',(7.,0.));
#362 = VECTOR('',#363,1.);
#363 = DIRECTION('',(0.,1.));
#364 = ( GEOMETRIC_REPRESENTATION_CONTEXT(2) 
PARAMETRIC_REPRESENTATION_CONTEXT() REPRESENTATION_CONTEXT('2D SPACE',''
  ) );
#365 = ORIENTED_EDGE('',*,*,#366,.F.);
#366 = EDGE_CURVE('',#78,#339,#367,.T.);
#367 = SURFACE_CURVE('',#368,(#373,#384),.PCURVE_S1.);
#368 = CIRCLE('',#369,1.);
#369 = AXIS2_PLACEMENT_3D('',#370,#371,#372);
#370 = CARTESIAN_POINT('',(-16.,70.,3.5));
#371 = DIRECTION('',(-0.,-0.,-1.));
#372 = DIRECTION('',(0.,-1.,0.));
#373 = PCURVE('',#98,#374);
#374 = DEFINITIONAL_REPRESENTATION('',(#375),#383);
#375 = ( BOUNDED_CURVE() B_SPLINE_CURVE(2,(#376,#377,#378,#379,#380,#381
,#382),.UNSPECIFIED.,.T.,.F.) B_SPLINE_CURVE_WITH_KNOTS((1,2,2,2,2,1),(
    -2.094395102393,0.,2.094395102393,4.188790204786,6.28318530718,
8.377580409573),.UNSPECIFIED.) CURVE() GEOMETRIC_REPRESENTATION_ITEM() 
RATIONAL_B_SPLINE_CURVE((1.,0.5,1.,0.5,1.,0.5,1.)) REPRESENTATION_ITEM(
  '') );
#376 = CARTESIAN_POINT('',(1.,50.));
#377 = CARTESIAN_POINT('',(-0.732050807569,50.));
#378 = CARTESIAN_POINT('',(0.133974596216,51.5));
#379 = CARTESIAN_POINT('',(1.,53.));
#380 = CARTESIAN_POINT('',(1.866025403784,51.5));
#381 = CARTESIAN_POINT('',(2.732050807569,50.));
#382 = CARTESIAN_POINT('',(1.,50.));
#383 = ( GEOMETRIC_REPRESENTATION_CONTEXT(2) 
PARAMETRIC_REPRESENTATION_CONTEXT() REPRESENTATION_CONTEXT('2D SPACE',''
  ) );
#384 = PCURVE('',#180,#385);
#385 = DEFINITIONAL_REPRESENTATION('',(#386),#390);
#386 = LINE('',#387,#388);
#387 = CARTESIAN_POINT('',(1.570796326795,7.));
#388 = VECTOR('',#389,1.);
#389 = DIRECTION('',(-1.,0.));
#390 = ( GEOMETRIC_REPRESENTATION_CONTEXT(2) 
PARAMETRIC_REPRESENTATION_CONTEXT() REPRESENTATION_CONTEXT('2D SPACE',''
  ) );
#391 = ADVANCED_FACE('',(#392),#126,.T.);
#392 = FACE_BOUND('',#393,.T.);
#393 = EDGE_LOOP('',(#394,#418,#439,#440));
#394 = ORIENTED_EDGE('',*,*,#395,.T.);
#395 = EDGE_CURVE('',#111,#396,#398,.T.);
#396 = VERTEX_POINT('',#397);
#397 = CARTESIAN_POINT('',(-16.,19.,-3.5));
#398 = SURFACE_CURVE('',#399,(#404,#411),.PCURVE_S1.);
#399 = CIRCLE('',#400,1.);
#400 = AXIS2_PLACEMENT_3D('',#401,#402,#403);
#401 = CARTESIAN_POINT('',(-16.,20.,-3.5));
#402 = DIRECTION('',(0.,0.,1.));
#403 = DIRECTION('',(0.,-1.,0.));
#404 = PCURVE('',#126,#405);
#405 = DEFINITIONAL_REPRESENTATION('',(#406),#410);
#406 = LINE('',#407,#408);
#407 = CARTESIAN_POINT('',(-4.712388980385,0.));
#408 = VECTOR('',#409,1.);
#409 = DIRECTION('',(1.,0.));
#410 = ( GEOMETRIC_REPRESENTATION_CONTEXT(2) 
PARAMETRIC_REPRESENTATION_CONTEXT() REPRESENTATION_CONTEXT('2D SPACE',''
  ) );
#411 = PCURVE('',#154,#412);
#412 = DEFINITIONAL_REPRESENTATION('',(#413),#417);
#413 = CIRCLE('',#414,1.);
#414 = AXIS2_PLACEMENT_2D('',#415,#416);
#415 = CARTESIAN_POINT('',(1.,1.));
#416 = DIRECTION('',(0.,-1.));
#417 = ( GEOMETRIC_REPRESENTATION_CONTEXT(2) 
PARAMETRIC_REPRESENTATION_CONTEXT() REPRESENTATION_CONTEXT('2D SPACE',''
  ) );
#418 = ORIENTED_EDGE('',*,*,#419,.T.);
#419 = EDGE_CURVE('',#396,#197,#420,.T.);
#420 = SURFACE_CURVE('',#421,(#425,#432),.PCURVE_S1.);
#421 = LINE('',#422,#423);
#422 = CARTESIAN_POINT('',(-16.,19.,-3.5));
#423 = VECTOR('',#424,1.);
#424 = DIRECTION('',(0.,0.,1.));
#425 = PCURVE('',#126,#426);
#426 = DEFINITIONAL_REPRESENTATION('',(#427),#431);
#427 = LINE('',#428,#429);
#428 = CARTESIAN_POINT('',(1.570796326795,0.));
#429 = VECTOR('',#430,1.);
#430 = DIRECTION('',(0.,1.));
#431 = ( GEOMETRIC_REPRESENTATION_CONTEXT(2) 
PARAMETRIC_REPRESENTATION_CONTEXT() REPRESENTATION_CONTEXT('2D SPACE',''
  ) );
#432 = PCURVE('',#236,#433);
#433 = DEFINITIONAL_REPRESENTATION('',(#434),#438);
#434 = LINE('',#435,#436);
#435 = CARTESIAN_POINT('',(0.,1.));
#436 = VECTOR('',#437,1.);
#437 = DIRECTION('',(1.,0.));
#438 = ( GEOMETRIC_REPRESENTATION_CONTEXT(2) 
PARAMETRIC_REPRESENTATION_CONTEXT() REPRESENTATION_CONTEXT('2D SPACE',''
  ) );
#439 = ORIENTED_EDGE('',*,*,#196,.F.);
#440 = ORIENTED_EDGE('',*,*,#110,.F.);
#441 = ADVANCED_FACE('',(#442),#180,.T.);
#442 = FACE_BOUND('',#443,.F.);
#443 = EDGE_LOOP('',(#444,#472,#493,#494));
#444 = ORIENTED_EDGE('',*,*,#445,.T.);
#445 = EDGE_CURVE('',#139,#446,#448,.T.);
#446 = VERTEX_POINT('',#447);
#447 = CARTESIAN_POINT('',(-16.,71.,-3.5));
#448 = SURFACE_CURVE('',#449,(#454,#461),.PCURVE_S1.);
#449 = CIRCLE('',#450,1.);
#450 = AXIS2_PLACEMENT_3D('',#451,#452,#453);
#451 = CARTESIAN_POINT('',(-16.,70.,-3.5));
#452 = DIRECTION('',(-0.,-0.,-1.));
#453 = DIRECTION('',(0.,-1.,0.));
#454 = PCURVE('',#180,#455);
#455 = DEFINITIONAL_REPRESENTATION('',(#456),#460);
#456 = LINE('',#457,#458);
#457 = CARTESIAN_POINT('',(1.570796326795,-0.));
#458 = VECTOR('',#459,1.);
#459 = DIRECTION('',(-1.,0.));
#460 = ( GEOMETRIC_REPRESENTATION_CONTEXT(2) 
PARAMETRIC_REPRESENTATION_CONTEXT() REPRESENTATION_CONTEXT('2D SPACE',''
  ) );
#461 = PCURVE('',#154,#462);
#462 = DEFINITIONAL_REPRESENTATION('',(#463),#471);
#463 = ( BOUNDED_CURVE() B_SPLINE_CURVE(2,(#464,#465,#466,#467,#468,#469
,#470),.UNSPECIFIED.,.T.,.F.) B_SPLINE_CURVE_WITH_KNOTS((1,2,2,2,2,1),(
    -2.094395102393,0.,2.094395102393,4.188790204786,6.28318530718,
8.377580409573),.UNSPECIFIED.) CURVE() GEOMETRIC_REPRESENTATION_ITEM() 
RATIONAL_B_SPLINE_CURVE((1.,0.5,1.,0.5,1.,0.5,1.)) REPRESENTATION_ITEM(
  '') );
#464 = CARTESIAN_POINT('',(1.,50.));
#465 = CARTESIAN_POINT('',(-0.732050807569,50.));
#466 = CARTESIAN_POINT('',(0.133974596216,51.5));
#467 = CARTESIAN_POINT('',(1.,53.));
#468 = CARTESIAN_POINT('',(1.866025403784,51.5));
#469 = CARTESIAN_POINT('',(2.732050807569,50.));
#470 = CARTESIAN_POINT('',(1.,50.));
#471 = ( GEOMETRIC_REPRESENTATION_CONTEXT(2) 
PARAMETRIC_REPRESENTATION_CONTEXT() REPRESENTATION_CONTEXT('2D SPACE',''
  ) );
#472 = ORIENTED_EDGE('',*,*,#473,.T.);
#473 = EDGE_CURVE('',#446,#339,#474,.T.);
#474 = SURFACE_CURVE('',#475,(#479,#486),.PCURVE_S1.);
#475 = LINE('',#476,#477);
#476 = CARTESIAN_POINT('',(-16.,71.,-3.5));
#477 = VECTOR('',#478,1.);
#478 = DIRECTION('',(0.,0.,1.));
#479 = PCURVE('',#180,#480);
#480 = DEFINITIONAL_REPRESENTATION('',(#481),#485);
#481 = LINE('',#482,#483);
#482 = CARTESIAN_POINT('',(-1.570796326795,0.));
#483 = VECTOR('',#484,1.);
#484 = DIRECTION('',(-0.,1.));
#485 = ( GEOMETRIC_REPRESENTATION_CONTEXT(2) 
PARAMETRIC_REPRESENTATION_CONTEXT() REPRESENTATION_CONTEXT('2D SPACE',''
  ) );
#486 = PCURVE('',#354,#487);
#487 = DEFINITIONAL_REPRESENTATION('',(#488),#492);
#488 = LINE('',#489,#490);
#489 = CARTESIAN_POINT('',(0.,1.));
#490 = VECTOR('',#491,1.);
#491 = DIRECTION('',(1.,0.));
#492 = ( GEOMETRIC_REPRESENTATION_CONTEXT(2) 
PARAMETRIC_REPRESENTATION_CONTEXT() REPRESENTATION_CONTEXT('2D SPACE',''
  ) );
#493 = ORIENTED_EDGE('',*,*,#366,.F.);
#494 = ORIENTED_EDGE('',*,*,#166,.F.);
#495 = ADVANCED_FACE('',(#496),#154,.F.);
#496 = FACE_BOUND('',#497,.F.);
#497 = EDGE_LOOP('',(#498,#499,#500,#523,#551,#574,#598,#619));
#498 = ORIENTED_EDGE('',*,*,#138,.F.);
#499 = ORIENTED_EDGE('',*,*,#395,.T.);
#500 = ORIENTED_EDGE('',*,*,#501,.T.);
#501 = EDGE_CURVE('',#396,#502,#504,.T.);
#502 = VERTEX_POINT('',#503);
#503 = CARTESIAN_POINT('',(16.,19.,-3.5));
#504 = SURFACE_CURVE('',#505,(#509,#516),.PCURVE_S1.);
#505 = LINE('',#506,#507);
#506 = CARTESIAN_POINT('',(-17.,19.,-3.5));
#507 = VECTOR('',#508,1.);
#508 = DIRECTION('',(1.,0.,0.));
#509 = PCURVE('',#154,#510);
#510 = DEFINITIONAL_REPRESENTATION('',(#511),#515);
#511 = LINE('',#512,#513);
#512 = CARTESIAN_POINT('',(0.,0.));
#513 = VECTOR('',#514,1.);
#514 = DIRECTION('',(1.,0.));
#515 = ( GEOMETRIC_REPRESENTATION_CONTEXT(2) 
PARAMETRIC_REPRESENTATION_CONTEXT() REPRESENTATION_CONTEXT('2D SPACE',''
  ) );
#516 = PCURVE('',#236,#517);
#517 = DEFINITIONAL_REPRESENTATION('',(#518),#522);
#518 = LINE('',#519,#520);
#519 = CARTESIAN_POINT('',(0.,0.));
#520 = VECTOR('',#521,1.);
#521 = DIRECTION('',(0.,1.));
#522 = ( GEOMETRIC_REPRESENTATION_CONTEXT(2) 
PARAMETRIC_REPRESENTATION_CONTEXT() REPRESENTATION_CONTEXT('2D SPACE',''
  ) );
#523 = ORIENTED_EDGE('',*,*,#524,.F.);
#524 = EDGE_CURVE('',#525,#502,#527,.T.);
#525 = VERTEX_POINT('',#526);
#526 = CARTESIAN_POINT('',(17.,20.,-3.5));
#527 = SURFACE_CURVE('',#528,(#533,#544),.PCURVE_S1.);
#528 = CIRCLE('',#529,1.);
#529 = AXIS2_PLACEMENT_3D('',#530,#531,#532);
#530 = CARTESIAN_POINT('',(16.,20.,-3.5));
#531 = DIRECTION('',(-0.,-0.,-1.));
#532 = DIRECTION('',(0.,-1.,0.));
#533 = PCURVE('',#154,#534);
#534 = DEFINITIONAL_REPRESENTATION('',(#535),#543);
#535 = ( BOUNDED_CURVE() B_SPLINE_CURVE(2,(#536,#537,#538,#539,#540,#541
,#542),.UNSPECIFIED.,.T.,.F.) B_SPLINE_CURVE_WITH_KNOTS((1,2,2,2,2,1),(
    -2.094395102393,0.,2.094395102393,4.188790204786,6.28318530718,
8.377580409573),.UNSPECIFIED.) CURVE() GEOMETRIC_REPRESENTATION_ITEM() 
RATIONAL_B_SPLINE_CURVE((1.,0.5,1.,0.5,1.,0.5,1.)) REPRESENTATION_ITEM(
  '') );
#536 = CARTESIAN_POINT('',(33.,0.));
#537 = CARTESIAN_POINT('',(31.267949192431,0.));
#538 = CARTESIAN_POINT('',(32.133974596216,1.5));
#539 = CARTESIAN_POINT('',(33.,3.));
#540 = CARTESIAN_POINT('',(33.866025403784,1.5));
#541 = CARTESIAN_POINT('',(34.732050807569,1.554312234475E-15));
#542 = CARTESIAN_POINT('',(33.,0.));
#543 = ( GEOMETRIC_REPRESENTATION_CONTEXT(2) 
PARAMETRIC_REPRESENTATION_CONTEXT() REPRESENTATION_CONTEXT('2D SPACE',''
  ) );
#544 = PCURVE('',#269,#545);
#545 = DEFINITIONAL_REPRESENTATION('',(#546),#550);
#546 = LINE('',#547,#548);
#547 = CARTESIAN_POINT('',(4.712388980385,-0.));
#548 = VECTOR('',#549,1.);
#549 = DIRECTION('',(-1.,0.));
#550 = ( GEOMETRIC_REPRESENTATION_CONTEXT(2) 
PARAMETRIC_REPRESENTATION_CONTEXT() REPRESENTATION_CONTEXT('2D SPACE',''
  ) );
#551 = ORIENTED_EDGE('',*,*,#552,.T.);
#552 = EDGE_CURVE('',#525,#553,#555,.T.);
#553 = VERTEX_POINT('',#554);
#554 = CARTESIAN_POINT('',(17.,70.,-3.5));
#555 = SURFACE_CURVE('',#556,(#560,#567),.PCURVE_S1.);
#556 = LINE('',#557,#558);
#557 = CARTESIAN_POINT('',(17.,19.,-3.5));
#558 = VECTOR('',#559,1.);
#559 = DIRECTION('',(0.,1.,0.));
#560 = PCURVE('',#154,#561);
#561 = DEFINITIONAL_REPRESENTATION('',(#562),#566);
#562 = LINE('',#563,#564);
#563 = CARTESIAN_POINT('',(34.,0.));
#564 = VECTOR('',#565,1.);
#565 = DIRECTION('',(0.,1.));
#566 = ( GEOMETRIC_REPRESENTATION_CONTEXT(2) 
PARAMETRIC_REPRESENTATION_CONTEXT() REPRESENTATION_CONTEXT('2D SPACE',''
  ) );
#567 = PCURVE('',#297,#568);
#568 = DEFINITIONAL_REPRESENTATION('',(#569),#573);
#569 = LINE('',#570,#571);
#570 = CARTESIAN_POINT('',(0.,0.));
#571 = VECTOR('',#572,1.);
#572 = DIRECTION('',(0.,-1.));
#573 = ( GEOMETRIC_REPRESENTATION_CONTEXT(2) 
PARAMETRIC_REPRESENTATION_CONTEXT() REPRESENTATION_CONTEXT('2D SPACE',''
  ) );
#574 = ORIENTED_EDGE('',*,*,#575,.T.);
#575 = EDGE_CURVE('',#553,#576,#578,.T.);
#576 = VERTEX_POINT('',#577);
#577 = CARTESIAN_POINT('',(16.,71.,-3.5));
#578 = SURFACE_CURVE('',#579,(#584,#591),.PCURVE_S1.);
#579 = CIRCLE('',#580,1.);
#580 = AXIS2_PLACEMENT_3D('',#581,#582,#583);
#581 = CARTESIAN_POINT('',(16.,70.,-3.5));
#582 = DIRECTION('',(0.,0.,1.));
#583 = DIRECTION('',(0.,-1.,0.));
#584 = PCURVE('',#154,#585);
#585 = DEFINITIONAL_REPRESENTATION('',(#586),#590);
#586 = CIRCLE('',#587,1.);
#587 = AXIS2_PLACEMENT_2D('',#588,#589);
#588 = CARTESIAN_POINT('',(33.,51.));
#589 = DIRECTION('',(0.,-1.));
#590 = ( GEOMETRIC_REPRESENTATION_CONTEXT(2) 
PARAMETRIC_REPRESENTATION_CONTEXT() REPRESENTATION_CONTEXT('2D SPACE',''
  ) );
#591 = PCURVE('',#326,#592);
#592 = DEFINITIONAL_REPRESENTATION('',(#593),#597);
#593 = LINE('',#594,#595);
#594 = CARTESIAN_POINT('',(-1.570796326795,0.));
#595 = VECTOR('',#596,1.);
#596 = DIRECTION('',(1.,0.));
#597 = ( GEOMETRIC_REPRESENTATION_CONTEXT(2) 
PARAMETRIC_REPRESENTATION_CONTEXT() REPRESENTATION_CONTEXT('2D SPACE',''
  ) );
#598 = ORIENTED_EDGE('',*,*,#599,.F.);
#599 = EDGE_CURVE('',#446,#576,#600,.T.);
#600 = SURFACE_CURVE('',#601,(#605,#612),.PCURVE_S1.);
#601 = LINE('',#602,#603);
#602 = CARTESIAN_POINT('',(-17.,71.,-3.5));
#603 = VECTOR('',#604,1.);
#604 = DIRECTION('',(1.,0.,0.));
#605 = PCURVE('',#154,#606);
#606 = DEFINITIONAL_REPRESENTATION('',(#607),#611);
#607 = LINE('',#608,#609);
#608 = CARTESIAN_POINT('',(0.,52.));
#609 = VECTOR('',#610,1.);
#610 = DIRECTION('',(1.,0.));
#611 = ( GEOMETRIC_REPRESENTATION_CONTEXT(2) 
PARAMETRIC_REPRESENTATION_CONTEXT() REPRESENTATION_CONTEXT('2D SPACE',''
  ) );
#612 = PCURVE('',#354,#613);
#613 = DEFINITIONAL_REPRESENTATION('',(#614),#618);
#614 = LINE('',#615,#616);
#615 = CARTESIAN_POINT('',(0.,0.));
#616 = VECTOR('',#617,1.);
#617 = DIRECTION('',(0.,1.));
#618 = ( GEOMETRIC_REPRESENTATION_CONTEXT(2) 
PARAMETRIC_REPRESENTATION_CONTEXT() REPRESENTATION_CONTEXT('2D SPACE',''
  ) );
#619 = ORIENTED_EDGE('',*,*,#445,.F.);
#620 = ADVANCED_FACE('',(#621),#236,.F.);
#621 = FACE_BOUND('',#622,.F.);
#622 = EDGE_LOOP('',(#623,#624,#625,#626));
#623 = ORIENTED_EDGE('',*,*,#501,.F.);
#624 = ORIENTED_EDGE('',*,*,#419,.T.);
#625 = ORIENTED_EDGE('',*,*,#220,.T.);
#626 = ORIENTED_EDGE('',*,*,#627,.F.);
#627 = EDGE_CURVE('',#502,#221,#628,.T.);
#628 = SURFACE_CURVE('',#629,(#633,#640),.PCURVE_S1.);
#629 = LINE('',#630,#631);
#630 = CARTESIAN_POINT('',(16.,19.,-3.5));
#631 = VECTOR('',#632,1.);
#632 = DIRECTION('',(0.,0.,1.));
#633 = PCURVE('',#236,#634);
#634 = DEFINITIONAL_REPRESENTATION('',(#635),#639);
#635 = LINE('',#636,#637);
#636 = CARTESIAN_POINT('',(0.,33.));
#637 = VECTOR('',#638,1.);
#638 = DIRECTION('',(1.,0.));
#639 = ( GEOMETRIC_REPRESENTATION_CONTEXT(2) 
PARAMETRIC_REPRESENTATION_CONTEXT() REPRESENTATION_CONTEXT('2D SPACE',''
  ) );
#640 = PCURVE('',#269,#641);
#641 = DEFINITIONAL_REPRESENTATION('',(#642),#646);
#642 = LINE('',#643,#644);
#643 = CARTESIAN_POINT('',(-1.570796326795,0.));
#644 = VECTOR('',#645,1.);
#645 = DIRECTION('',(-0.,1.));
#646 = ( GEOMETRIC_REPRESENTATION_CONTEXT(2) 
PARAMETRIC_REPRESENTATION_CONTEXT() REPRESENTATION_CONTEXT('2D SPACE',''
  ) );
#647 = ADVANCED_FACE('',(#648),#354,.T.);
#648 = FACE_BOUND('',#649,.T.);
#649 = EDGE_LOOP('',(#650,#651,#652,#653));
#650 = ORIENTED_EDGE('',*,*,#599,.F.);
#651 = ORIENTED_EDGE('',*,*,#473,.T.);
#652 = ORIENTED_EDGE('',*,*,#338,.T.);
#653 = ORIENTED_EDGE('',*,*,#654,.F.);
#654 = EDGE_CURVE('',#576,#310,#655,.T.);
#655 = SURFACE_CURVE('',#656,(#660,#667),.PCURVE_S1.);
#656 = LINE('',#657,#658);
#657 = CARTESIAN_POINT('',(16.,71.,-3.5));
#658 = VECTOR('',#659,1.);
#659 = DIRECTION('',(0.,0.,1.));
#660 = PCURVE('',#354,#661);
#661 = DEFINITIONAL_REPRESENTATION('',(#662),#666);
#662 = LINE('',#663,#664);
#663 = CARTESIAN_POINT('',(0.,33.));
#664 = VECTOR('',#665,1.);
#665 = DIRECTION('',(1.,0.));
#666 = ( GEOMETRIC_REPRESENTATION_CONTEXT(2) 
PARAMETRIC_REPRESENTATION_CONTEXT() REPRESENTATION_CONTEXT('2D SPACE',''
  ) );
#667 = PCURVE('',#326,#668);
#668 = DEFINITIONAL_REPRESENTATION('',(#669),#673);
#669 = LINE('',#670,#671);
#670 = CARTESIAN_POINT('',(1.570796326795,0.));
#671 = VECTOR('',#672,1.);
#672 = DIRECTION('',(0.,1.));
#673 = ( GEOMETRIC_REPRESENTATION_CONTEXT(2) 
PARAMETRIC_REPRESENTATION_CONTEXT() REPRESENTATION_CONTEXT('2D SPACE',''
  ) );
#674 = ADVANCED_FACE('',(#675),#269,.T.);
#675 = FACE_BOUND('',#676,.F.);
#676 = EDGE_LOOP('',(#677,#678,#679,#680));
#677 = ORIENTED_EDGE('',*,*,#524,.T.);
#678 = ORIENTED_EDGE('',*,*,#627,.T.);
#679 = ORIENTED_EDGE('',*,*,#248,.F.);
#680 = ORIENTED_EDGE('',*,*,#681,.F.);
#681 = EDGE_CURVE('',#525,#249,#682,.T.);
#682 = SURFACE_CURVE('',#683,(#687,#694),.PCURVE_S1.);
#683 = LINE('',#684,#685);
#684 = CARTESIAN_POINT('',(17.,20.,-3.5));
#685 = VECTOR('',#686,1.);
#686 = DIRECTION('',(0.,0.,1.));
#687 = PCURVE('',#269,#688);
#688 = DEFINITIONAL_REPRESENTATION('',(#689),#693);
#689 = LINE('',#690,#691);
#690 = CARTESIAN_POINT('',(-0.,0.));
#691 = VECTOR('',#692,1.);
#692 = DIRECTION('',(-0.,1.));
#693 = ( GEOMETRIC_REPRESENTATION_CONTEXT(2) 
PARAMETRIC_REPRESENTATION_CONTEXT() REPRESENTATION_CONTEXT('2D SPACE',''
  ) );
#694 = PCURVE('',#297,#695);
#695 = DEFINITIONAL_REPRESENTATION('',(#696),#700);
#696 = LINE('',#697,#698);
#697 = CARTESIAN_POINT('',(0.,-1.));
#698 = VECTOR('',#699,1.);
#699 = DIRECTION('',(1.,0.));
#700 = ( GEOMETRIC_REPRESENTATION_CONTEXT(2) 
PARAMETRIC_REPRESENTATION_CONTEXT() REPRESENTATION_CONTEXT('2D SPACE',''
  ) );
#701 = ADVANCED_FACE('',(#702),#326,.T.);
#702 = FACE_BOUND('',#703,.T.);
#703 = EDGE_LOOP('',(#704,#705,#706,#707));
#704 = ORIENTED_EDGE('',*,*,#575,.T.);
#705 = ORIENTED_EDGE('',*,*,#654,.T.);
#706 = ORIENTED_EDGE('',*,*,#309,.F.);
#707 = ORIENTED_EDGE('',*,*,#708,.F.);
#708 = EDGE_CURVE('',#553,#282,#709,.T.);
#709 = SURFACE_CURVE('',#710,(#714,#721),.PCURVE_S1.);
#710 = LINE('',#711,#712);
#711 = CARTESIAN_POINT('',(17.,70.,-3.5));
#712 = VECTOR('',#713,1.);
#713 = DIRECTION('',(0.,0.,1.));
#714 = PCURVE('',#326,#715);
#715 = DEFINITIONAL_REPRESENTATION('',(#716),#720);
#716 = LINE('',#717,#718);
#717 = CARTESIAN_POINT('',(0.,0.));
#718 = VECTOR('',#719,1.);
#719 = DIRECTION('',(0.,1.));
#720 = ( GEOMETRIC_REPRESENTATION_CONTEXT(2) 
PARAMETRIC_REPRESENTATION_CONTEXT() REPRESENTATION_CONTEXT('2D SPACE',''
  ) );
#721 = PCURVE('',#297,#722);
#722 = DEFINITIONAL_REPRESENTATION('',(#723),#727);
#723 = LINE('',#724,#725);
#724 = CARTESIAN_POINT('',(0.,-51.));
#725 = VECTOR('',#726,1.);
#726 = DIRECTION('',(1.,0.));
#727 = ( GEOMETRIC_REPRESENTATION_CONTEXT(2) 
PARAMETRIC_REPRESENTATION_CONTEXT() REPRESENTATION_CONTEXT('2D SPACE',''
  ) );
#728 = ADVANCED_FACE('',(#729),#297,.T.);
#729 = FACE_BOUND('',#730,.T.);
#730 = EDGE_LOOP('',(#731,#732,#733,#734));
#731 = ORIENTED_EDGE('',*,*,#281,.F.);
#732 = ORIENTED_EDGE('',*,*,#681,.F.);
#733 = ORIENTED_EDGE('',*,*,#552,.T.);
#734 = ORIENTED_EDGE('',*,*,#708,.T.);
#735 = ( GEOMETRIC_REPRESENTATION_CONTEXT(3) 
GLOBAL_UNCERTAINTY_ASSIGNED_CONTEXT((#739)) GLOBAL_UNIT_ASSIGNED_CONTEXT
((#736,#737,#738)) REPRESENTATION_CONTEXT('Context #1',
  '3D Context with UNIT and UNCERTAINTY') );
#736 = ( LENGTH_UNIT() NAMED_UNIT(*) SI_UNIT(.MILLI.,.METRE.) );
#737 = ( NAMED_UNIT(*) PLANE_ANGLE_UNIT() SI_UNIT($,.RADIAN.) );
#738 = ( NAMED_UNIT(*) SI_UNIT($,.STERADIAN.) SOLID_ANGLE_UNIT() );
#739 = UNCERTAINTY_MEASURE_WITH_UNIT(LENGTH_MEASURE(1.E-07),#736,
  'distance_accuracy_value','confusion accuracy');
#740 = CONTEXT_DEPENDENT_SHAPE_REPRESENTATION(#741,#743);
#741 = ( REPRESENTATION_RELATIONSHIP('','',#68,#10) 
REPRESENTATION_RELATIONSHIP_WITH_TRANSFORMATION(#742) 
SHAPE_REPRESENTATION_RELATIONSHIP() );
#742 = ITEM_DEFINED_TRANSFORMATION('','',#11,#15);
#743 = PRODUCT_DEFINITION_SHAPE('Placement','Placement of an item',#744
  );
#744 = NEXT_ASSEMBLY_USAGE_OCCURRENCE('27',
  'LIPO_703450_CLASS_ENVELOPE_34_52_7_0_IN_BOARD_WINDOW','',#5,#63,$);
#745 = PRODUCT_RELATED_PRODUCT_CATEGORY('part',$,(#65));
#746 = SHAPE_DEFINITION_REPRESENTATION(#747,#753);
#747 = PRODUCT_DEFINITION_SHAPE('','',#748);
#748 = PRODUCT_DEFINITION('design','',#749,#752);
#749 = PRODUCT_DEFINITION_FORMATION('','',#750);
#750 = PRODUCT('BATTERY_FOAM_PAD_0_20','BATTERY_FOAM_PAD_0_20','',(#751)
  );
#751 = PRODUCT_CONTEXT('',#2,'mechanical');
#752 = PRODUCT_DEFINITION_CONTEXT('part definition',#2,'design');
#753 = ADVANCED_BREP_SHAPE_REPRESENTATION('',(#11,#754),#1420);
#754 = MANIFOLD_SOLID_BREP('',#755);
#755 = CLOSED_SHELL('',(#756,#876,#1076,#1126,#1180,#1305,#1332,#1359,
    #1386,#1413));
#756 = ADVANCED_FACE('',(#757),#771,.F.);
#757 = FACE_BOUND('',#758,.F.);
#758 = EDGE_LOOP('',(#759,#794,#822,#850));
#759 = ORIENTED_EDGE('',*,*,#760,.F.);
#760 = EDGE_CURVE('',#761,#763,#765,.T.);
#761 = VERTEX_POINT('',#762);
#762 = CARTESIAN_POINT('',(-17.,20.,-3.5));
#763 = VERTEX_POINT('',#764);
#764 = CARTESIAN_POINT('',(-17.,70.,-3.5));
#765 = SURFACE_CURVE('',#766,(#770,#782),.PCURVE_S1.);
#766 = LINE('',#767,#768);
#767 = CARTESIAN_POINT('',(-17.,19.,-3.5));
#768 = VECTOR('',#769,1.);
#769 = DIRECTION('',(0.,1.,0.));
#770 = PCURVE('',#771,#776);
#771 = PLANE('',#772);
#772 = AXIS2_PLACEMENT_3D('',#773,#774,#775);
#773 = CARTESIAN_POINT('',(-17.,19.,-3.7));
#774 = DIRECTION('',(1.,0.,0.));
#775 = DIRECTION('',(0.,0.,1.));
#776 = DEFINITIONAL_REPRESENTATION('',(#777),#781);
#777 = LINE('',#778,#779);
#778 = CARTESIAN_POINT('',(0.2,0.));
#779 = VECTOR('',#780,1.);
#780 = DIRECTION('',(0.,-1.));
#781 = ( GEOMETRIC_REPRESENTATION_CONTEXT(2) 
PARAMETRIC_REPRESENTATION_CONTEXT() REPRESENTATION_CONTEXT('2D SPACE',''
  ) );
#782 = PCURVE('',#783,#788);
#783 = PLANE('',#784);
#784 = AXIS2_PLACEMENT_3D('',#785,#786,#787);
#785 = CARTESIAN_POINT('',(-17.,19.,-3.5));
#786 = DIRECTION('',(0.,0.,1.));
#787 = DIRECTION('',(1.,0.,0.));
#788 = DEFINITIONAL_REPRESENTATION('',(#789),#793);
#789 = LINE('',#790,#791);
#790 = CARTESIAN_POINT('',(0.,0.));
#791 = VECTOR('',#792,1.);
#792 = DIRECTION('',(0.,1.));
#793 = ( GEOMETRIC_REPRESENTATION_CONTEXT(2) 
PARAMETRIC_REPRESENTATION_CONTEXT() REPRESENTATION_CONTEXT('2D SPACE',''
  ) );
#794 = ORIENTED_EDGE('',*,*,#795,.F.);
#795 = EDGE_CURVE('',#796,#761,#798,.T.);
#796 = VERTEX_POINT('',#797);
#797 = CARTESIAN_POINT('',(-17.,20.,-3.7));
#798 = SURFACE_CURVE('',#799,(#803,#810),.PCURVE_S1.);
#799 = LINE('',#800,#801);
#800 = CARTESIAN_POINT('',(-17.,20.,-3.7));
#801 = VECTOR('',#802,1.);
#802 = DIRECTION('',(0.,0.,1.));
#803 = PCURVE('',#771,#804);
#804 = DEFINITIONAL_REPRESENTATION('',(#805),#809);
#805 = LINE('',#806,#807);
#806 = CARTESIAN_POINT('',(0.,-1.));
#807 = VECTOR('',#808,1.);
#808 = DIRECTION('',(1.,0.));
#809 = ( GEOMETRIC_REPRESENTATION_CONTEXT(2) 
PARAMETRIC_REPRESENTATION_CONTEXT() REPRESENTATION_CONTEXT('2D SPACE',''
  ) );
#810 = PCURVE('',#811,#816);
#811 = CYLINDRICAL_SURFACE('',#812,1.);
#812 = AXIS2_PLACEMENT_3D('',#813,#814,#815);
#813 = CARTESIAN_POINT('',(-16.,20.,-3.7));
#814 = DIRECTION('',(0.,0.,1.));
#815 = DIRECTION('',(-1.,-0.,0.));
#816 = DEFINITIONAL_REPRESENTATION('',(#817),#821);
#817 = LINE('',#818,#819);
#818 = CARTESIAN_POINT('',(0.,0.));
#819 = VECTOR('',#820,1.);
#820 = DIRECTION('',(0.,1.));
#821 = ( GEOMETRIC_REPRESENTATION_CONTEXT(2) 
PARAMETRIC_REPRESENTATION_CONTEXT() REPRESENTATION_CONTEXT('2D SPACE',''
  ) );
#822 = ORIENTED_EDGE('',*,*,#823,.T.);
#823 = EDGE_CURVE('',#796,#824,#826,.T.);
#824 = VERTEX_POINT('',#825);
#825 = CARTESIAN_POINT('',(-17.,70.,-3.7));
#826 = SURFACE_CURVE('',#827,(#831,#838),.PCURVE_S1.);
#827 = LINE('',#828,#829);
#828 = CARTESIAN_POINT('',(-17.,19.,-3.7));
#829 = VECTOR('',#830,1.);
#830 = DIRECTION('',(0.,1.,0.));
#831 = PCURVE('',#771,#832);
#832 = DEFINITIONAL_REPRESENTATION('',(#833),#837);
#833 = LINE('',#834,#835);
#834 = CARTESIAN_POINT('',(0.,0.));
#835 = VECTOR('',#836,1.);
#836 = DIRECTION('',(0.,-1.));
#837 = ( GEOMETRIC_REPRESENTATION_CONTEXT(2) 
PARAMETRIC_REPRESENTATION_CONTEXT() REPRESENTATION_CONTEXT('2D SPACE',''
  ) );
#838 = PCURVE('',#839,#844);
#839 = PLANE('',#840);
#840 = AXIS2_PLACEMENT_3D('',#841,#842,#843);
#841 = CARTESIAN_POINT('',(-17.,19.,-3.7));
#842 = DIRECTION('',(0.,0.,1.));
#843 = DIRECTION('',(1.,0.,0.));
#844 = DEFINITIONAL_REPRESENTATION('',(#845),#849);
#845 = LINE('',#846,#847);
#846 = CARTESIAN_POINT('',(0.,0.));
#847 = VECTOR('',#848,1.);
#848 = DIRECTION('',(0.,1.));
#849 = ( GEOMETRIC_REPRESENTATION_CONTEXT(2) 
PARAMETRIC_REPRESENTATION_CONTEXT() REPRESENTATION_CONTEXT('2D SPACE',''
  ) );
#850 = ORIENTED_EDGE('',*,*,#851,.T.);
#851 = EDGE_CURVE('',#824,#763,#852,.T.);
#852 = SURFACE_CURVE('',#853,(#857,#864),.PCURVE_S1.);
#853 = LINE('',#854,#855);
#854 = CARTESIAN_POINT('',(-17.,70.,-3.7));
#855 = VECTOR('',#856,1.);
#856 = DIRECTION('',(0.,0.,1.));
#857 = PCURVE('',#771,#858);
#858 = DEFINITIONAL_REPRESENTATION('',(#859),#863);
#859 = LINE('',#860,#861);
#860 = CARTESIAN_POINT('',(0.,-51.));
#861 = VECTOR('',#862,1.);
#862 = DIRECTION('',(1.,0.));
#863 = ( GEOMETRIC_REPRESENTATION_CONTEXT(2) 
PARAMETRIC_REPRESENTATION_CONTEXT() REPRESENTATION_CONTEXT('2D SPACE',''
  ) );
#864 = PCURVE('',#865,#870);
#865 = CYLINDRICAL_SURFACE('',#866,1.);
#866 = AXIS2_PLACEMENT_3D('',#867,#868,#869);
#867 = CARTESIAN_POINT('',(-16.,70.,-3.7));
#868 = DIRECTION('',(0.,0.,1.));
#869 = DIRECTION('',(-1.,-0.,0.));
#870 = DEFINITIONAL_REPRESENTATION('',(#871),#875);
#871 = LINE('',#872,#873);
#872 = CARTESIAN_POINT('',(-0.,0.));
#873 = VECTOR('',#874,1.);
#874 = DIRECTION('',(-0.,1.));
#875 = ( GEOMETRIC_REPRESENTATION_CONTEXT(2) 
PARAMETRIC_REPRESENTATION_CONTEXT() REPRESENTATION_CONTEXT('2D SPACE',''
  ) );
#876 = ADVANCED_FACE('',(#877),#783,.T.);
#877 = FACE_BOUND('',#878,.T.);
#878 = EDGE_LOOP('',(#879,#880,#904,#932,#965,#993,#1022,#1050));
#879 = ORIENTED_EDGE('',*,*,#760,.F.);
#880 = ORIENTED_EDGE('',*,*,#881,.T.);
#881 = EDGE_CURVE('',#761,#882,#884,.T.);
#882 = VERTEX_POINT('',#883);
#883 = CARTESIAN_POINT('',(-16.,19.,-3.5));
#884 = SURFACE_CURVE('',#885,(#890,#897),.PCURVE_S1.);
#885 = CIRCLE('',#886,1.);
#886 = AXIS2_PLACEMENT_3D('',#887,#888,#889);
#887 = CARTESIAN_POINT('',(-16.,20.,-3.5));
#888 = DIRECTION('',(0.,0.,1.));
#889 = DIRECTION('',(0.,-1.,0.));
#890 = PCURVE('',#783,#891);
#891 = DEFINITIONAL_REPRESENTATION('',(#892),#896);
#892 = CIRCLE('',#893,1.);
#893 = AXIS2_PLACEMENT_2D('',#894,#895);
#894 = CARTESIAN_POINT('',(1.,1.));
#895 = DIRECTION('',(0.,-1.));
#896 = ( GEOMETRIC_REPRESENTATION_CONTEXT(2) 
PARAMETRIC_REPRESENTATION_CONTEXT() REPRESENTATION_CONTEXT('2D SPACE',''
  ) );
#897 = PCURVE('',#811,#898);
#898 = DEFINITIONAL_REPRESENTATION('',(#899),#903);
#899 = LINE('',#900,#901);
#900 = CARTESIAN_POINT('',(-4.712388980385,0.2));
#901 = VECTOR('',#902,1.);
#902 = DIRECTION('',(1.,0.));
#903 = ( GEOMETRIC_REPRESENTATION_CONTEXT(2) 
PARAMETRIC_REPRESENTATION_CONTEXT() REPRESENTATION_CONTEXT('2D SPACE',''
  ) );
#904 = ORIENTED_EDGE('',*,*,#905,.T.);
#905 = EDGE_CURVE('',#882,#906,#908,.T.);
#906 = VERTEX_POINT('',#907);
#907 = CARTESIAN_POINT('',(16.,19.,-3.5));
#908 = SURFACE_CURVE('',#909,(#913,#920),.PCURVE_S1.);
#909 = LINE('',#910,#911);
#910 = CARTESIAN_POINT('',(-17.,19.,-3.5));
#911 = VECTOR('',#912,1.);
#912 = DIRECTION('',(1.,0.,0.));
#913 = PCURVE('',#783,#914);
#914 = DEFINITIONAL_REPRESENTATION('',(#915),#919);
#915 = LINE('',#916,#917);
#916 = CARTESIAN_POINT('',(0.,0.));
#917 = VECTOR('',#918,1.);
#918 = DIRECTION('',(1.,0.));
#919 = ( GEOMETRIC_REPRESENTATION_CONTEXT(2) 
PARAMETRIC_REPRESENTATION_CONTEXT() REPRESENTATION_CONTEXT('2D SPACE',''
  ) );
#920 = PCURVE('',#921,#926);
#921 = PLANE('',#922);
#922 = AXIS2_PLACEMENT_3D('',#923,#924,#925);
#923 = CARTESIAN_POINT('',(-17.,19.,-3.7));
#924 = DIRECTION('',(0.,1.,0.));
#925 = DIRECTION('',(0.,0.,1.));
#926 = DEFINITIONAL_REPRESENTATION('',(#927),#931);
#927 = LINE('',#928,#929);
#928 = CARTESIAN_POINT('',(0.2,0.));
#929 = VECTOR('',#930,1.);
#930 = DIRECTION('',(0.,1.));
#931 = ( GEOMETRIC_REPRESENTATION_CONTEXT(2) 
PARAMETRIC_REPRESENTATION_CONTEXT() REPRESENTATION_CONTEXT('2D SPACE',''
  ) );
#932 = ORIENTED_EDGE('',*,*,#933,.F.);
#933 = EDGE_CURVE('',#934,#906,#936,.T.);
#934 = VERTEX_POINT('',#935);
#935 = CARTESIAN_POINT('',(17.,20.,-3.5));
#936 = SURFACE_CURVE('',#937,(#942,#953),.PCURVE_S1.);
#937 = CIRCLE('',#938,1.);
#938 = AXIS2_PLACEMENT_3D('',#939,#940,#941);
#939 = CARTESIAN_POINT('',(16.,20.,-3.5));
#940 = DIRECTION('',(-0.,-0.,-1.));
#941 = DIRECTION('',(0.,-1.,0.));
#942 = PCURVE('',#783,#943);
#943 = DEFINITIONAL_REPRESENTATION('',(#944),#952);
#944 = ( BOUNDED_CURVE() B_SPLINE_CURVE(2,(#945,#946,#947,#948,#949,#950
,#951),.UNSPECIFIED.,.T.,.F.) B_SPLINE_CURVE_WITH_KNOTS((1,2,2,2,2,1),(
    -2.094395102393,0.,2.094395102393,4.188790204786,6.28318530718,
8.377580409573),.UNSPECIFIED.) CURVE() GEOMETRIC_REPRESENTATION_ITEM() 
RATIONAL_B_SPLINE_CURVE((1.,0.5,1.,0.5,1.,0.5,1.)) REPRESENTATION_ITEM(
  '') );
#945 = CARTESIAN_POINT('',(33.,0.));
#946 = CARTESIAN_POINT('',(31.267949192431,0.));
#947 = CARTESIAN_POINT('',(32.133974596216,1.5));
#948 = CARTESIAN_POINT('',(33.,3.));
#949 = CARTESIAN_POINT('',(33.866025403784,1.5));
#950 = CARTESIAN_POINT('',(34.732050807569,1.554312234475E-15));
#951 = CARTESIAN_POINT('',(33.,0.));
#952 = ( GEOMETRIC_REPRESENTATION_CONTEXT(2) 
PARAMETRIC_REPRESENTATION_CONTEXT() REPRESENTATION_CONTEXT('2D SPACE',''
  ) );
#953 = PCURVE('',#954,#959);
#954 = CYLINDRICAL_SURFACE('',#955,1.);
#955 = AXIS2_PLACEMENT_3D('',#956,#957,#958);
#956 = CARTESIAN_POINT('',(16.,20.,-3.7));
#957 = DIRECTION('',(0.,0.,1.));
#958 = DIRECTION('',(1.,0.,-0.));
#959 = DEFINITIONAL_REPRESENTATION('',(#960),#964);
#960 = LINE('',#961,#962);
#961 = CARTESIAN_POINT('',(4.712388980385,0.2));
#962 = VECTOR('',#963,1.);
#963 = DIRECTION('',(-1.,0.));
#964 = ( GEOMETRIC_REPRESENTATION_CONTEXT(2) 
PARAMETRIC_REPRESENTATION_CONTEXT() REPRESENTATION_CONTEXT('2D SPACE',''
  ) );
#965 = ORIENTED_EDGE('',*,*,#966,.T.);
#966 = EDGE_CURVE('',#934,#967,#969,.T.);
#967 = VERTEX_POINT('',#968);
#968 = CARTESIAN_POINT('',(17.,70.,-3.5));
#969 = SURFACE_CURVE('',#970,(#974,#981),.PCURVE_S1.);
#970 = LINE('',#971,#972);
#971 = CARTESIAN_POINT('',(17.,19.,-3.5));
#972 = VECTOR('',#973,1.);
#973 = DIRECTION('',(0.,1.,0.));
#974 = PCURVE('',#783,#975);
#975 = DEFINITIONAL_REPRESENTATION('',(#976),#980);
#976 = LINE('',#977,#978);
#977 = CARTESIAN_POINT('',(34.,0.));
#978 = VECTOR('',#979,1.);
#979 = DIRECTION('',(0.,1.));
#980 = ( GEOMETRIC_REPRESENTATION_CONTEXT(2) 
PARAMETRIC_REPRESENTATION_CONTEXT() REPRESENTATION_CONTEXT('2D SPACE',''
  ) );
#981 = PCURVE('',#982,#987);
#982 = PLANE('',#983);
#983 = AXIS2_PLACEMENT_3D('',#984,#985,#986);
#984 = CARTESIAN_POINT('',(17.,19.,-3.7));
#985 = DIRECTION('',(1.,0.,0.));
#986 = DIRECTION('',(0.,0.,1.));
#987 = DEFINITIONAL_REPRESENTATION('',(#988),#992);
#988 = LINE('',#989,#990);
#989 = CARTESIAN_POINT('',(0.2,0.));
#990 = VECTOR('',#991,1.);
#991 = DIRECTION('',(0.,-1.));
#992 = ( GEOMETRIC_REPRESENTATION_CONTEXT(2) 
PARAMETRIC_REPRESENTATION_CONTEXT() REPRESENTATION_CONTEXT('2D SPACE',''
  ) );
#993 = ORIENTED_EDGE('',*,*,#994,.T.);
#994 = EDGE_CURVE('',#967,#995,#997,.T.);
#995 = VERTEX_POINT('',#996);
#996 = CARTESIAN_POINT('',(16.,71.,-3.5));
#997 = SURFACE_CURVE('',#998,(#1003,#1010),.PCURVE_S1.);
#998 = CIRCLE('',#999,1.);
#999 = AXIS2_PLACEMENT_3D('',#1000,#1001,#1002);
#1000 = CARTESIAN_POINT('',(16.,70.,-3.5));
#1001 = DIRECTION('',(0.,0.,1.));
#1002 = DIRECTION('',(0.,-1.,0.));
#1003 = PCURVE('',#783,#1004);
#1004 = DEFINITIONAL_REPRESENTATION('',(#1005),#1009);
#1005 = CIRCLE('',#1006,1.);
#1006 = AXIS2_PLACEMENT_2D('',#1007,#1008);
#1007 = CARTESIAN_POINT('',(33.,51.));
#1008 = DIRECTION('',(0.,-1.));
#1009 = ( GEOMETRIC_REPRESENTATION_CONTEXT(2) 
PARAMETRIC_REPRESENTATION_CONTEXT() REPRESENTATION_CONTEXT('2D SPACE',''
  ) );
#1010 = PCURVE('',#1011,#1016);
#1011 = CYLINDRICAL_SURFACE('',#1012,1.);
#1012 = AXIS2_PLACEMENT_3D('',#1013,#1014,#1015);
#1013 = CARTESIAN_POINT('',(16.,70.,-3.7));
#1014 = DIRECTION('',(0.,0.,1.));
#1015 = DIRECTION('',(1.,0.,-0.));
#1016 = DEFINITIONAL_REPRESENTATION('',(#1017),#1021);
#1017 = LINE('',#1018,#1019);
#1018 = CARTESIAN_POINT('',(-1.570796326795,0.2));
#1019 = VECTOR('',#1020,1.);
#1020 = DIRECTION('',(1.,0.));
#1021 = ( GEOMETRIC_REPRESENTATION_CONTEXT(2) 
PARAMETRIC_REPRESENTATION_CONTEXT() REPRESENTATION_CONTEXT('2D SPACE',''
  ) );
#1022 = ORIENTED_EDGE('',*,*,#1023,.F.);
#1023 = EDGE_CURVE('',#1024,#995,#1026,.T.);
#1024 = VERTEX_POINT('',#1025);
#1025 = CARTESIAN_POINT('',(-16.,71.,-3.5));
#1026 = SURFACE_CURVE('',#1027,(#1031,#1038),.PCURVE_S1.);
#1027 = LINE('',#1028,#1029);
#1028 = CARTESIAN_POINT('',(-17.,71.,-3.5));
#1029 = VECTOR('',#1030,1.);
#1030 = DIRECTION('',(1.,0.,0.));
#1031 = PCURVE('',#783,#1032);
#1032 = DEFINITIONAL_REPRESENTATION('',(#1033),#1037);
#1033 = LINE('',#1034,#1035);
#1034 = CARTESIAN_POINT('',(0.,52.));
#1035 = VECTOR('',#1036,1.);
#1036 = DIRECTION('',(1.,0.));
#1037 = ( GEOMETRIC_REPRESENTATION_CONTEXT(2) 
PARAMETRIC_REPRESENTATION_CONTEXT() REPRESENTATION_CONTEXT('2D SPACE',''
  ) );
#1038 = PCURVE('',#1039,#1044);
#1039 = PLANE('',#1040);
#1040 = AXIS2_PLACEMENT_3D('',#1041,#1042,#1043);
#1041 = CARTESIAN_POINT('',(-17.,71.,-3.7));
#1042 = DIRECTION('',(0.,1.,0.));
#1043 = DIRECTION('',(0.,0.,1.));
#1044 = DEFINITIONAL_REPRESENTATION('',(#1045),#1049);
#1045 = LINE('',#1046,#1047);
#1046 = CARTESIAN_POINT('',(0.2,0.));
#1047 = VECTOR('',#1048,1.);
#1048 = DIRECTION('',(0.,1.));
#1049 = ( GEOMETRIC_REPRESENTATION_CONTEXT(2) 
PARAMETRIC_REPRESENTATION_CONTEXT() REPRESENTATION_CONTEXT('2D SPACE',''
  ) );
#1050 = ORIENTED_EDGE('',*,*,#1051,.F.);
#1051 = EDGE_CURVE('',#763,#1024,#1052,.T.);
#1052 = SURFACE_CURVE('',#1053,(#1058,#1069),.PCURVE_S1.);
#1053 = CIRCLE('',#1054,1.);
#1054 = AXIS2_PLACEMENT_3D('',#1055,#1056,#1057);
#1055 = CARTESIAN_POINT('',(-16.,70.,-3.5));
#1056 = DIRECTION('',(-0.,-0.,-1.));
#1057 = DIRECTION('',(0.,-1.,0.));
#1058 = PCURVE('',#783,#1059);
#1059 = DEFINITIONAL_REPRESENTATION('',(#1060),#1068);
#1060 = ( BOUNDED_CURVE() B_SPLINE_CURVE(2,(#1061,#1062,#1063,#1064,
#1065,#1066,#1067),.UNSPECIFIED.,.T.,.F.) B_SPLINE_CURVE_WITH_KNOTS((1,2
    ,2,2,2,1),(-2.094395102393,0.,2.094395102393,4.188790204786,
6.28318530718,8.377580409573),.UNSPECIFIED.) CURVE() 
GEOMETRIC_REPRESENTATION_ITEM() RATIONAL_B_SPLINE_CURVE((1.,0.5,1.,0.5,
1.,0.5,1.)) REPRESENTATION_ITEM('') );
#1061 = CARTESIAN_POINT('',(1.,50.));
#1062 = CARTESIAN_POINT('',(-0.732050807569,50.));
#1063 = CARTESIAN_POINT('',(0.133974596216,51.5));
#1064 = CARTESIAN_POINT('',(1.,53.));
#1065 = CARTESIAN_POINT('',(1.866025403784,51.5));
#1066 = CARTESIAN_POINT('',(2.732050807569,50.));
#1067 = CARTESIAN_POINT('',(1.,50.));
#1068 = ( GEOMETRIC_REPRESENTATION_CONTEXT(2) 
PARAMETRIC_REPRESENTATION_CONTEXT() REPRESENTATION_CONTEXT('2D SPACE',''
  ) );
#1069 = PCURVE('',#865,#1070);
#1070 = DEFINITIONAL_REPRESENTATION('',(#1071),#1075);
#1071 = LINE('',#1072,#1073);
#1072 = CARTESIAN_POINT('',(1.570796326795,0.2));
#1073 = VECTOR('',#1074,1.);
#1074 = DIRECTION('',(-1.,0.));
#1075 = ( GEOMETRIC_REPRESENTATION_CONTEXT(2) 
PARAMETRIC_REPRESENTATION_CONTEXT() REPRESENTATION_CONTEXT('2D SPACE',''
  ) );
#1076 = ADVANCED_FACE('',(#1077),#811,.T.);
#1077 = FACE_BOUND('',#1078,.T.);
#1078 = EDGE_LOOP('',(#1079,#1103,#1124,#1125));
#1079 = ORIENTED_EDGE('',*,*,#1080,.T.);
#1080 = EDGE_CURVE('',#796,#1081,#1083,.T.);
#1081 = VERTEX_POINT('',#1082);
#1082 = CARTESIAN_POINT('',(-16.,19.,-3.7));
#1083 = SURFACE_CURVE('',#1084,(#1089,#1096),.PCURVE_S1.);
#1084 = CIRCLE('',#1085,1.);
#1085 = AXIS2_PLACEMENT_3D('',#1086,#1087,#1088);
#1086 = CARTESIAN_POINT('',(-16.,20.,-3.7));
#1087 = DIRECTION('',(0.,0.,1.));
#1088 = DIRECTION('',(0.,-1.,0.));
#1089 = PCURVE('',#811,#1090);
#1090 = DEFINITIONAL_REPRESENTATION('',(#1091),#1095);
#1091 = LINE('',#1092,#1093);
#1092 = CARTESIAN_POINT('',(-4.712388980385,0.));
#1093 = VECTOR('',#1094,1.);
#1094 = DIRECTION('',(1.,0.));
#1095 = ( GEOMETRIC_REPRESENTATION_CONTEXT(2) 
PARAMETRIC_REPRESENTATION_CONTEXT() REPRESENTATION_CONTEXT('2D SPACE',''
  ) );
#1096 = PCURVE('',#839,#1097);
#1097 = DEFINITIONAL_REPRESENTATION('',(#1098),#1102);
#1098 = CIRCLE('',#1099,1.);
#1099 = AXIS2_PLACEMENT_2D('',#1100,#1101);
#1100 = CARTESIAN_POINT('',(1.,1.));
#1101 = DIRECTION('',(0.,-1.));
#1102 = ( GEOMETRIC_REPRESENTATION_CONTEXT(2) 
PARAMETRIC_REPRESENTATION_CONTEXT() REPRESENTATION_CONTEXT('2D SPACE',''
  ) );
#1103 = ORIENTED_EDGE('',*,*,#1104,.T.);
#1104 = EDGE_CURVE('',#1081,#882,#1105,.T.);
#1105 = SURFACE_CURVE('',#1106,(#1110,#1117),.PCURVE_S1.);
#1106 = LINE('',#1107,#1108);
#1107 = CARTESIAN_POINT('',(-16.,19.,-3.7));
#1108 = VECTOR('',#1109,1.);
#1109 = DIRECTION('',(0.,0.,1.));
#1110 = PCURVE('',#811,#1111);
#1111 = DEFINITIONAL_REPRESENTATION('',(#1112),#1116);
#1112 = LINE('',#1113,#1114);
#1113 = CARTESIAN_POINT('',(1.570796326795,0.));
#1114 = VECTOR('',#1115,1.);
#1115 = DIRECTION('',(0.,1.));
#1116 = ( GEOMETRIC_REPRESENTATION_CONTEXT(2) 
PARAMETRIC_REPRESENTATION_CONTEXT() REPRESENTATION_CONTEXT('2D SPACE',''
  ) );
#1117 = PCURVE('',#921,#1118);
#1118 = DEFINITIONAL_REPRESENTATION('',(#1119),#1123);
#1119 = LINE('',#1120,#1121);
#1120 = CARTESIAN_POINT('',(0.,1.));
#1121 = VECTOR('',#1122,1.);
#1122 = DIRECTION('',(1.,0.));
#1123 = ( GEOMETRIC_REPRESENTATION_CONTEXT(2) 
PARAMETRIC_REPRESENTATION_CONTEXT() REPRESENTATION_CONTEXT('2D SPACE',''
  ) );
#1124 = ORIENTED_EDGE('',*,*,#881,.F.);
#1125 = ORIENTED_EDGE('',*,*,#795,.F.);
#1126 = ADVANCED_FACE('',(#1127),#865,.T.);
#1127 = FACE_BOUND('',#1128,.F.);
#1128 = EDGE_LOOP('',(#1129,#1157,#1178,#1179));
#1129 = ORIENTED_EDGE('',*,*,#1130,.T.);
#1130 = EDGE_CURVE('',#824,#1131,#1133,.T.);
#1131 = VERTEX_POINT('',#1132);
#1132 = CARTESIAN_POINT('',(-16.,71.,-3.7));
#1133 = SURFACE_CURVE('',#1134,(#1139,#1146),.PCURVE_S1.);
#1134 = CIRCLE('',#1135,1.);
#1135 = AXIS2_PLACEMENT_3D('',#1136,#1137,#1138);
#1136 = CARTESIAN_POINT('',(-16.,70.,-3.7));
#1137 = DIRECTION('',(-0.,-0.,-1.));
#1138 = DIRECTION('',(0.,-1.,0.));
#1139 = PCURVE('',#865,#1140);
#1140 = DEFINITIONAL_REPRESENTATION('',(#1141),#1145);
#1141 = LINE('',#1142,#1143);
#1142 = CARTESIAN_POINT('',(1.570796326795,-0.));
#1143 = VECTOR('',#1144,1.);
#1144 = DIRECTION('',(-1.,0.));
#1145 = ( GEOMETRIC_REPRESENTATION_CONTEXT(2) 
PARAMETRIC_REPRESENTATION_CONTEXT() REPRESENTATION_CONTEXT('2D SPACE',''
  ) );
#1146 = PCURVE('',#839,#1147);
#1147 = DEFINITIONAL_REPRESENTATION('',(#1148),#1156);
#1148 = ( BOUNDED_CURVE() B_SPLINE_CURVE(2,(#1149,#1150,#1151,#1152,
#1153,#1154,#1155),.UNSPECIFIED.,.T.,.F.) B_SPLINE_CURVE_WITH_KNOTS((1,2
    ,2,2,2,1),(-2.094395102393,0.,2.094395102393,4.188790204786,
6.28318530718,8.377580409573),.UNSPECIFIED.) CURVE() 
GEOMETRIC_REPRESENTATION_ITEM() RATIONAL_B_SPLINE_CURVE((1.,0.5,1.,0.5,
1.,0.5,1.)) REPRESENTATION_ITEM('') );
#1149 = CARTESIAN_POINT('',(1.,50.));
#1150 = CARTESIAN_POINT('',(-0.732050807569,50.));
#1151 = CARTESIAN_POINT('',(0.133974596216,51.5));
#1152 = CARTESIAN_POINT('',(1.,53.));
#1153 = CARTESIAN_POINT('',(1.866025403784,51.5));
#1154 = CARTESIAN_POINT('',(2.732050807569,50.));
#1155 = CARTESIAN_POINT('',(1.,50.));
#1156 = ( GEOMETRIC_REPRESENTATION_CONTEXT(2) 
PARAMETRIC_REPRESENTATION_CONTEXT() REPRESENTATION_CONTEXT('2D SPACE',''
  ) );
#1157 = ORIENTED_EDGE('',*,*,#1158,.T.);
#1158 = EDGE_CURVE('',#1131,#1024,#1159,.T.);
#1159 = SURFACE_CURVE('',#1160,(#1164,#1171),.PCURVE_S1.);
#1160 = LINE('',#1161,#1162);
#1161 = CARTESIAN_POINT('',(-16.,71.,-3.7));
#1162 = VECTOR('',#1163,1.);
#1163 = DIRECTION('',(0.,0.,1.));
#1164 = PCURVE('',#865,#1165);
#1165 = DEFINITIONAL_REPRESENTATION('',(#1166),#1170);
#1166 = LINE('',#1167,#1168);
#1167 = CARTESIAN_POINT('',(-1.570796326795,0.));
#1168 = VECTOR('',#1169,1.);
#1169 = DIRECTION('',(-0.,1.));
#1170 = ( GEOMETRIC_REPRESENTATION_CONTEXT(2) 
PARAMETRIC_REPRESENTATION_CONTEXT() REPRESENTATION_CONTEXT('2D SPACE',''
  ) );
#1171 = PCURVE('',#1039,#1172);
#1172 = DEFINITIONAL_REPRESENTATION('',(#1173),#1177);
#1173 = LINE('',#1174,#1175);
#1174 = CARTESIAN_POINT('',(0.,1.));
#1175 = VECTOR('',#1176,1.);
#1176 = DIRECTION('',(1.,0.));
#1177 = ( GEOMETRIC_REPRESENTATION_CONTEXT(2) 
PARAMETRIC_REPRESENTATION_CONTEXT() REPRESENTATION_CONTEXT('2D SPACE',''
  ) );
#1178 = ORIENTED_EDGE('',*,*,#1051,.F.);
#1179 = ORIENTED_EDGE('',*,*,#851,.F.);
#1180 = ADVANCED_FACE('',(#1181),#839,.F.);
#1181 = FACE_BOUND('',#1182,.F.);
#1182 = EDGE_LOOP('',(#1183,#1184,#1185,#1208,#1236,#1259,#1283,#1304));
#1183 = ORIENTED_EDGE('',*,*,#823,.F.);
#1184 = ORIENTED_EDGE('',*,*,#1080,.T.);
#1185 = ORIENTED_EDGE('',*,*,#1186,.T.);
#1186 = EDGE_CURVE('',#1081,#1187,#1189,.T.);
#1187 = VERTEX_POINT('',#1188);
#1188 = CARTESIAN_POINT('',(16.,19.,-3.7));
#1189 = SURFACE_CURVE('',#1190,(#1194,#1201),.PCURVE_S1.);
#1190 = LINE('',#1191,#1192);
#1191 = CARTESIAN_POINT('',(-17.,19.,-3.7));
#1192 = VECTOR('',#1193,1.);
#1193 = DIRECTION('',(1.,0.,0.));
#1194 = PCURVE('',#839,#1195);
#1195 = DEFINITIONAL_REPRESENTATION('',(#1196),#1200);
#1196 = LINE('',#1197,#1198);
#1197 = CARTESIAN_POINT('',(0.,0.));
#1198 = VECTOR('',#1199,1.);
#1199 = DIRECTION('',(1.,0.));
#1200 = ( GEOMETRIC_REPRESENTATION_CONTEXT(2) 
PARAMETRIC_REPRESENTATION_CONTEXT() REPRESENTATION_CONTEXT('2D SPACE',''
  ) );
#1201 = PCURVE('',#921,#1202);
#1202 = DEFINITIONAL_REPRESENTATION('',(#1203),#1207);
#1203 = LINE('',#1204,#1205);
#1204 = CARTESIAN_POINT('',(0.,0.));
#1205 = VECTOR('',#1206,1.);
#1206 = DIRECTION('',(0.,1.));
#1207 = ( GEOMETRIC_REPRESENTATION_CONTEXT(2) 
PARAMETRIC_REPRESENTATION_CONTEXT() REPRESENTATION_CONTEXT('2D SPACE',''
  ) );
#1208 = ORIENTED_EDGE('',*,*,#1209,.F.);
#1209 = EDGE_CURVE('',#1210,#1187,#1212,.T.);
#1210 = VERTEX_POINT('',#1211);
#1211 = CARTESIAN_POINT('',(17.,20.,-3.7));
#1212 = SURFACE_CURVE('',#1213,(#1218,#1229),.PCURVE_S1.);
#1213 = CIRCLE('',#1214,1.);
#1214 = AXIS2_PLACEMENT_3D('',#1215,#1216,#1217);
#1215 = CARTESIAN_POINT('',(16.,20.,-3.7));
#1216 = DIRECTION('',(-0.,-0.,-1.));
#1217 = DIRECTION('',(0.,-1.,0.));
#1218 = PCURVE('',#839,#1219);
#1219 = DEFINITIONAL_REPRESENTATION('',(#1220),#1228);
#1220 = ( BOUNDED_CURVE() B_SPLINE_CURVE(2,(#1221,#1222,#1223,#1224,
#1225,#1226,#1227),.UNSPECIFIED.,.T.,.F.) B_SPLINE_CURVE_WITH_KNOTS((1,2
    ,2,2,2,1),(-2.094395102393,0.,2.094395102393,4.188790204786,
6.28318530718,8.377580409573),.UNSPECIFIED.) CURVE() 
GEOMETRIC_REPRESENTATION_ITEM() RATIONAL_B_SPLINE_CURVE((1.,0.5,1.,0.5,
1.,0.5,1.)) REPRESENTATION_ITEM('') );
#1221 = CARTESIAN_POINT('',(33.,0.));
#1222 = CARTESIAN_POINT('',(31.267949192431,0.));
#1223 = CARTESIAN_POINT('',(32.133974596216,1.5));
#1224 = CARTESIAN_POINT('',(33.,3.));
#1225 = CARTESIAN_POINT('',(33.866025403784,1.5));
#1226 = CARTESIAN_POINT('',(34.732050807569,1.554312234475E-15));
#1227 = CARTESIAN_POINT('',(33.,0.));
#1228 = ( GEOMETRIC_REPRESENTATION_CONTEXT(2) 
PARAMETRIC_REPRESENTATION_CONTEXT() REPRESENTATION_CONTEXT('2D SPACE',''
  ) );
#1229 = PCURVE('',#954,#1230);
#1230 = DEFINITIONAL_REPRESENTATION('',(#1231),#1235);
#1231 = LINE('',#1232,#1233);
#1232 = CARTESIAN_POINT('',(4.712388980385,-0.));
#1233 = VECTOR('',#1234,1.);
#1234 = DIRECTION('',(-1.,0.));
#1235 = ( GEOMETRIC_REPRESENTATION_CONTEXT(2) 
PARAMETRIC_REPRESENTATION_CONTEXT() REPRESENTATION_CONTEXT('2D SPACE',''
  ) );
#1236 = ORIENTED_EDGE('',*,*,#1237,.T.);
#1237 = EDGE_CURVE('',#1210,#1238,#1240,.T.);
#1238 = VERTEX_POINT('',#1239);
#1239 = CARTESIAN_POINT('',(17.,70.,-3.7));
#1240 = SURFACE_CURVE('',#1241,(#1245,#1252),.PCURVE_S1.);
#1241 = LINE('',#1242,#1243);
#1242 = CARTESIAN_POINT('',(17.,19.,-3.7));
#1243 = VECTOR('',#1244,1.);
#1244 = DIRECTION('',(0.,1.,0.));
#1245 = PCURVE('',#839,#1246);
#1246 = DEFINITIONAL_REPRESENTATION('',(#1247),#1251);
#1247 = LINE('',#1248,#1249);
#1248 = CARTESIAN_POINT('',(34.,0.));
#1249 = VECTOR('',#1250,1.);
#1250 = DIRECTION('',(0.,1.));
#1251 = ( GEOMETRIC_REPRESENTATION_CONTEXT(2) 
PARAMETRIC_REPRESENTATION_CONTEXT() REPRESENTATION_CONTEXT('2D SPACE',''
  ) );
#1252 = PCURVE('',#982,#1253);
#1253 = DEFINITIONAL_REPRESENTATION('',(#1254),#1258);
#1254 = LINE('',#1255,#1256);
#1255 = CARTESIAN_POINT('',(0.,0.));
#1256 = VECTOR('',#1257,1.);
#1257 = DIRECTION('',(0.,-1.));
#1258 = ( GEOMETRIC_REPRESENTATION_CONTEXT(2) 
PARAMETRIC_REPRESENTATION_CONTEXT() REPRESENTATION_CONTEXT('2D SPACE',''
  ) );
#1259 = ORIENTED_EDGE('',*,*,#1260,.T.);
#1260 = EDGE_CURVE('',#1238,#1261,#1263,.T.);
#1261 = VERTEX_POINT('',#1262);
#1262 = CARTESIAN_POINT('',(16.,71.,-3.7));
#1263 = SURFACE_CURVE('',#1264,(#1269,#1276),.PCURVE_S1.);
#1264 = CIRCLE('',#1265,1.);
#1265 = AXIS2_PLACEMENT_3D('',#1266,#1267,#1268);
#1266 = CARTESIAN_POINT('',(16.,70.,-3.7));
#1267 = DIRECTION('',(0.,0.,1.));
#1268 = DIRECTION('',(0.,-1.,0.));
#1269 = PCURVE('',#839,#1270);
#1270 = DEFINITIONAL_REPRESENTATION('',(#1271),#1275);
#1271 = CIRCLE('',#1272,1.);
#1272 = AXIS2_PLACEMENT_2D('',#1273,#1274);
#1273 = CARTESIAN_POINT('',(33.,51.));
#1274 = DIRECTION('',(0.,-1.));
#1275 = ( GEOMETRIC_REPRESENTATION_CONTEXT(2) 
PARAMETRIC_REPRESENTATION_CONTEXT() REPRESENTATION_CONTEXT('2D SPACE',''
  ) );
#1276 = PCURVE('',#1011,#1277);
#1277 = DEFINITIONAL_REPRESENTATION('',(#1278),#1282);
#1278 = LINE('',#1279,#1280);
#1279 = CARTESIAN_POINT('',(-1.570796326795,0.));
#1280 = VECTOR('',#1281,1.);
#1281 = DIRECTION('',(1.,0.));
#1282 = ( GEOMETRIC_REPRESENTATION_CONTEXT(2) 
PARAMETRIC_REPRESENTATION_CONTEXT() REPRESENTATION_CONTEXT('2D SPACE',''
  ) );
#1283 = ORIENTED_EDGE('',*,*,#1284,.F.);
#1284 = EDGE_CURVE('',#1131,#1261,#1285,.T.);
#1285 = SURFACE_CURVE('',#1286,(#1290,#1297),.PCURVE_S1.);
#1286 = LINE('',#1287,#1288);
#1287 = CARTESIAN_POINT('',(-17.,71.,-3.7));
#1288 = VECTOR('',#1289,1.);
#1289 = DIRECTION('',(1.,0.,0.));
#1290 = PCURVE('',#839,#1291);
#1291 = DEFINITIONAL_REPRESENTATION('',(#1292),#1296);
#1292 = LINE('',#1293,#1294);
#1293 = CARTESIAN_POINT('',(0.,52.));
#1294 = VECTOR('',#1295,1.);
#1295 = DIRECTION('',(1.,0.));
#1296 = ( GEOMETRIC_REPRESENTATION_CONTEXT(2) 
PARAMETRIC_REPRESENTATION_CONTEXT() REPRESENTATION_CONTEXT('2D SPACE',''
  ) );
#1297 = PCURVE('',#1039,#1298);
#1298 = DEFINITIONAL_REPRESENTATION('',(#1299),#1303);
#1299 = LINE('',#1300,#1301);
#1300 = CARTESIAN_POINT('',(0.,0.));
#1301 = VECTOR('',#1302,1.);
#1302 = DIRECTION('',(0.,1.));
#1303 = ( GEOMETRIC_REPRESENTATION_CONTEXT(2) 
PARAMETRIC_REPRESENTATION_CONTEXT() REPRESENTATION_CONTEXT('2D SPACE',''
  ) );
#1304 = ORIENTED_EDGE('',*,*,#1130,.F.);
#1305 = ADVANCED_FACE('',(#1306),#921,.F.);
#1306 = FACE_BOUND('',#1307,.F.);
#1307 = EDGE_LOOP('',(#1308,#1309,#1310,#1311));
#1308 = ORIENTED_EDGE('',*,*,#1186,.F.);
#1309 = ORIENTED_EDGE('',*,*,#1104,.T.);
#1310 = ORIENTED_EDGE('',*,*,#905,.T.);
#1311 = ORIENTED_EDGE('',*,*,#1312,.F.);
#1312 = EDGE_CURVE('',#1187,#906,#1313,.T.);
#1313 = SURFACE_CURVE('',#1314,(#1318,#1325),.PCURVE_S1.);
#1314 = LINE('',#1315,#1316);
#1315 = CARTESIAN_POINT('',(16.,19.,-3.7));
#1316 = VECTOR('',#1317,1.);
#1317 = DIRECTION('',(0.,0.,1.));
#1318 = PCURVE('',#921,#1319);
#1319 = DEFINITIONAL_REPRESENTATION('',(#1320),#1324);
#1320 = LINE('',#1321,#1322);
#1321 = CARTESIAN_POINT('',(0.,33.));
#1322 = VECTOR('',#1323,1.);
#1323 = DIRECTION('',(1.,0.));
#1324 = ( GEOMETRIC_REPRESENTATION_CONTEXT(2) 
PARAMETRIC_REPRESENTATION_CONTEXT() REPRESENTATION_CONTEXT('2D SPACE',''
  ) );
#1325 = PCURVE('',#954,#1326);
#1326 = DEFINITIONAL_REPRESENTATION('',(#1327),#1331);
#1327 = LINE('',#1328,#1329);
#1328 = CARTESIAN_POINT('',(-1.570796326795,0.));
#1329 = VECTOR('',#1330,1.);
#1330 = DIRECTION('',(-0.,1.));
#1331 = ( GEOMETRIC_REPRESENTATION_CONTEXT(2) 
PARAMETRIC_REPRESENTATION_CONTEXT() REPRESENTATION_CONTEXT('2D SPACE',''
  ) );
#1332 = ADVANCED_FACE('',(#1333),#1039,.T.);
#1333 = FACE_BOUND('',#1334,.T.);
#1334 = EDGE_LOOP('',(#1335,#1336,#1337,#1338));
#1335 = ORIENTED_EDGE('',*,*,#1284,.F.);
#1336 = ORIENTED_EDGE('',*,*,#1158,.T.);
#1337 = ORIENTED_EDGE('',*,*,#1023,.T.);
#1338 = ORIENTED_EDGE('',*,*,#1339,.F.);
#1339 = EDGE_CURVE('',#1261,#995,#1340,.T.);
#1340 = SURFACE_CURVE('',#1341,(#1345,#1352),.PCURVE_S1.);
#1341 = LINE('',#1342,#1343);
#1342 = CARTESIAN_POINT('',(16.,71.,-3.7));
#1343 = VECTOR('',#1344,1.);
#1344 = DIRECTION('',(0.,0.,1.));
#1345 = PCURVE('',#1039,#1346);
#1346 = DEFINITIONAL_REPRESENTATION('',(#1347),#1351);
#1347 = LINE('',#1348,#1349);
#1348 = CARTESIAN_POINT('',(0.,33.));
#1349 = VECTOR('',#1350,1.);
#1350 = DIRECTION('',(1.,0.));
#1351 = ( GEOMETRIC_REPRESENTATION_CONTEXT(2) 
PARAMETRIC_REPRESENTATION_CONTEXT() REPRESENTATION_CONTEXT('2D SPACE',''
  ) );
#1352 = PCURVE('',#1011,#1353);
#1353 = DEFINITIONAL_REPRESENTATION('',(#1354),#1358);
#1354 = LINE('',#1355,#1356);
#1355 = CARTESIAN_POINT('',(1.570796326795,0.));
#1356 = VECTOR('',#1357,1.);
#1357 = DIRECTION('',(0.,1.));
#1358 = ( GEOMETRIC_REPRESENTATION_CONTEXT(2) 
PARAMETRIC_REPRESENTATION_CONTEXT() REPRESENTATION_CONTEXT('2D SPACE',''
  ) );
#1359 = ADVANCED_FACE('',(#1360),#954,.T.);
#1360 = FACE_BOUND('',#1361,.F.);
#1361 = EDGE_LOOP('',(#1362,#1363,#1364,#1365));
#1362 = ORIENTED_EDGE('',*,*,#1209,.T.);
#1363 = ORIENTED_EDGE('',*,*,#1312,.T.);
#1364 = ORIENTED_EDGE('',*,*,#933,.F.);
#1365 = ORIENTED_EDGE('',*,*,#1366,.F.);
#1366 = EDGE_CURVE('',#1210,#934,#1367,.T.);
#1367 = SURFACE_CURVE('',#1368,(#1372,#1379),.PCURVE_S1.);
#1368 = LINE('',#1369,#1370);
#1369 = CARTESIAN_POINT('',(17.,20.,-3.7));
#1370 = VECTOR('',#1371,1.);
#1371 = DIRECTION('',(0.,0.,1.));
#1372 = PCURVE('',#954,#1373);
#1373 = DEFINITIONAL_REPRESENTATION('',(#1374),#1378);
#1374 = LINE('',#1375,#1376);
#1375 = CARTESIAN_POINT('',(-0.,0.));
#1376 = VECTOR('',#1377,1.);
#1377 = DIRECTION('',(-0.,1.));
#1378 = ( GEOMETRIC_REPRESENTATION_CONTEXT(2) 
PARAMETRIC_REPRESENTATION_CONTEXT() REPRESENTATION_CONTEXT('2D SPACE',''
  ) );
#1379 = PCURVE('',#982,#1380);
#1380 = DEFINITIONAL_REPRESENTATION('',(#1381),#1385);
#1381 = LINE('',#1382,#1383);
#1382 = CARTESIAN_POINT('',(0.,-1.));
#1383 = VECTOR('',#1384,1.);
#1384 = DIRECTION('',(1.,0.));
#1385 = ( GEOMETRIC_REPRESENTATION_CONTEXT(2) 
PARAMETRIC_REPRESENTATION_CONTEXT() REPRESENTATION_CONTEXT('2D SPACE',''
  ) );
#1386 = ADVANCED_FACE('',(#1387),#1011,.T.);
#1387 = FACE_BOUND('',#1388,.T.);
#1388 = EDGE_LOOP('',(#1389,#1390,#1391,#1392));
#1389 = ORIENTED_EDGE('',*,*,#1260,.T.);
#1390 = ORIENTED_EDGE('',*,*,#1339,.T.);
#1391 = ORIENTED_EDGE('',*,*,#994,.F.);
#1392 = ORIENTED_EDGE('',*,*,#1393,.F.);
#1393 = EDGE_CURVE('',#1238,#967,#1394,.T.);
#1394 = SURFACE_CURVE('',#1395,(#1399,#1406),.PCURVE_S1.);
#1395 = LINE('',#1396,#1397);
#1396 = CARTESIAN_POINT('',(17.,70.,-3.7));
#1397 = VECTOR('',#1398,1.);
#1398 = DIRECTION('',(0.,0.,1.));
#1399 = PCURVE('',#1011,#1400);
#1400 = DEFINITIONAL_REPRESENTATION('',(#1401),#1405);
#1401 = LINE('',#1402,#1403);
#1402 = CARTESIAN_POINT('',(0.,0.));
#1403 = VECTOR('',#1404,1.);
#1404 = DIRECTION('',(0.,1.));
#1405 = ( GEOMETRIC_REPRESENTATION_CONTEXT(2) 
PARAMETRIC_REPRESENTATION_CONTEXT() REPRESENTATION_CONTEXT('2D SPACE',''
  ) );
#1406 = PCURVE('',#982,#1407);
#1407 = DEFINITIONAL_REPRESENTATION('',(#1408),#1412);
#1408 = LINE('',#1409,#1410);
#1409 = CARTESIAN_POINT('',(0.,-51.));
#1410 = VECTOR('',#1411,1.);
#1411 = DIRECTION('',(1.,0.));
#1412 = ( GEOMETRIC_REPRESENTATION_CONTEXT(2) 
PARAMETRIC_REPRESENTATION_CONTEXT() REPRESENTATION_CONTEXT('2D SPACE',''
  ) );
#1413 = ADVANCED_FACE('',(#1414),#982,.T.);
#1414 = FACE_BOUND('',#1415,.T.);
#1415 = EDGE_LOOP('',(#1416,#1417,#1418,#1419));
#1416 = ORIENTED_EDGE('',*,*,#966,.F.);
#1417 = ORIENTED_EDGE('',*,*,#1366,.F.);
#1418 = ORIENTED_EDGE('',*,*,#1237,.T.);
#1419 = ORIENTED_EDGE('',*,*,#1393,.T.);
#1420 = ( GEOMETRIC_REPRESENTATION_CONTEXT(3) 
GLOBAL_UNCERTAINTY_ASSIGNED_CONTEXT((#1424)) 
GLOBAL_UNIT_ASSIGNED_CONTEXT((#1421,#1422,#1423)) REPRESENTATION_CONTEXT
('Context #1','3D Context with UNIT and UNCERTAINTY') );
#1421 = ( LENGTH_UNIT() NAMED_UNIT(*) SI_UNIT(.MILLI.,.METRE.) );
#1422 = ( NAMED_UNIT(*) PLANE_ANGLE_UNIT() SI_UNIT($,.RADIAN.) );
#1423 = ( NAMED_UNIT(*) SI_UNIT($,.STERADIAN.) SOLID_ANGLE_UNIT() );
#1424 = UNCERTAINTY_MEASURE_WITH_UNIT(LENGTH_MEASURE(1.E-07),#1421,
  'distance_accuracy_value','confusion accuracy');
#1425 = CONTEXT_DEPENDENT_SHAPE_REPRESENTATION(#1426,#1428);
#1426 = ( REPRESENTATION_RELATIONSHIP('','',#753,#10) 
REPRESENTATION_RELATIONSHIP_WITH_TRANSFORMATION(#1427) 
SHAPE_REPRESENTATION_RELATIONSHIP() );
#1427 = ITEM_DEFINED_TRANSFORMATION('','',#11,#19);
#1428 = PRODUCT_DEFINITION_SHAPE('Placement','Placement of an item',
  #1429);
#1429 = NEXT_ASSEMBLY_USAGE_OCCURRENCE('28','BATTERY_FOAM_PAD_0_20','',
  #5,#748,$);
#1430 = PRODUCT_RELATED_PRODUCT_CATEGORY('part',$,(#750));
#1431 = SHAPE_DEFINITION_REPRESENTATION(#1432,#1438);
#1432 = PRODUCT_DEFINITION_SHAPE('','',#1433);
#1433 = PRODUCT_DEFINITION('design','',#1434,#1437);
#1434 = PRODUCT_DEFINITION_FORMATION('','',#1435);
#1435 = PRODUCT('SPEAKER_L_SAME_SKY_CMS_18138A_SP_18_13_2_5',
  'SPEAKER_L_SAME_SKY_CMS_18138A_SP_18_13_2_5','',(#1436));
#1436 = PRODUCT_CONTEXT('',#2,'mechanical');
#1437 = PRODUCT_DEFINITION_CONTEXT('part definition',#2,'design');
#1438 = ADVANCED_BREP_SHAPE_REPRESENTATION('',(#11,#1439),#2105);
#1439 = MANIFOLD_SOLID_BREP('',#1440);
#1440 = CLOSED_SHELL('',(#1441,#1561,#1761,#1811,#1865,#1990,#2017,#2044
    ,#2071,#2098));
#1441 = ADVANCED_FACE('',(#1442),#1456,.F.);
#1442 = FACE_BOUND('',#1443,.F.);
#1443 = EDGE_LOOP('',(#1444,#1479,#1507,#1535));
#1444 = ORIENTED_EDGE('',*,*,#1445,.F.);
#1445 = EDGE_CURVE('',#1446,#1448,#1450,.T.);
#1446 = VERTEX_POINT('',#1447);
#1447 = CARTESIAN_POINT('',(-47.3,120.6,5.4));
#1448 = VERTEX_POINT('',#1449);
#1449 = CARTESIAN_POINT('',(-47.3,130.6,5.4));
#1450 = SURFACE_CURVE('',#1451,(#1455,#1467),.PCURVE_S1.);
#1451 = LINE('',#1452,#1453);
#1452 = CARTESIAN_POINT('',(-47.3,119.1,5.4));
#1453 = VECTOR('',#1454,1.);
#1454 = DIRECTION('',(0.,1.,0.));
#1455 = PCURVE('',#1456,#1461);
#1456 = PLANE('',#1457);
#1457 = AXIS2_PLACEMENT_3D('',#1458,#1459,#1460);
#1458 = CARTESIAN_POINT('',(-47.3,119.1,2.9));
#1459 = DIRECTION('',(1.,0.,0.));
#1460 = DIRECTION('',(0.,0.,1.));
#1461 = DEFINITIONAL_REPRESENTATION('',(#1462),#1466);
#1462 = LINE('',#1463,#1464);
#1463 = CARTESIAN_POINT('',(2.5,0.));
#1464 = VECTOR('',#1465,1.);
#1465 = DIRECTION('',(0.,-1.));
#1466 = ( GEOMETRIC_REPRESENTATION_CONTEXT(2) 
PARAMETRIC_REPRESENTATION_CONTEXT() REPRESENTATION_CONTEXT('2D SPACE',''
  ) );
#1467 = PCURVE('',#1468,#1473);
#1468 = PLANE('',#1469);
#1469 = AXIS2_PLACEMENT_3D('',#1470,#1471,#1472);
#1470 = CARTESIAN_POINT('',(-47.3,119.1,5.4));
#1471 = DIRECTION('',(0.,0.,1.));
#1472 = DIRECTION('',(1.,0.,0.));
#1473 = DEFINITIONAL_REPRESENTATION('',(#1474),#1478);
#1474 = LINE('',#1475,#1476);
#1475 = CARTESIAN_POINT('',(0.,0.));
#1476 = VECTOR('',#1477,1.);
#1477 = DIRECTION('',(0.,1.));
#1478 = ( GEOMETRIC_REPRESENTATION_CONTEXT(2) 
PARAMETRIC_REPRESENTATION_CONTEXT() REPRESENTATION_CONTEXT('2D SPACE',''
  ) );
#1479 = ORIENTED_EDGE('',*,*,#1480,.F.);
#1480 = EDGE_CURVE('',#1481,#1446,#1483,.T.);
#1481 = VERTEX_POINT('',#1482);
#1482 = CARTESIAN_POINT('',(-47.3,120.6,2.9));
#1483 = SURFACE_CURVE('',#1484,(#1488,#1495),.PCURVE_S1.);
#1484 = LINE('',#1485,#1486);
#1485 = CARTESIAN_POINT('',(-47.3,120.6,2.9));
#1486 = VECTOR('',#1487,1.);
#1487 = DIRECTION('',(0.,0.,1.));
#1488 = PCURVE('',#1456,#1489);
#1489 = DEFINITIONAL_REPRESENTATION('',(#1490),#1494);
#1490 = LINE('',#1491,#1492);
#1491 = CARTESIAN_POINT('',(0.,-1.5));
#1492 = VECTOR('',#1493,1.);
#1493 = DIRECTION('',(1.,0.));
#1494 = ( GEOMETRIC_REPRESENTATION_CONTEXT(2) 
PARAMETRIC_REPRESENTATION_CONTEXT() REPRESENTATION_CONTEXT('2D SPACE',''
  ) );
#1495 = PCURVE('',#1496,#1501);
#1496 = CYLINDRICAL_SURFACE('',#1497,1.5);
#1497 = AXIS2_PLACEMENT_3D('',#1498,#1499,#1500);
#1498 = CARTESIAN_POINT('',(-45.8,120.6,2.9));
#1499 = DIRECTION('',(0.,0.,1.));
#1500 = DIRECTION('',(-1.,-0.,0.));
#1501 = DEFINITIONAL_REPRESENTATION('',(#1502),#1506);
#1502 = LINE('',#1503,#1504);
#1503 = CARTESIAN_POINT('',(0.,0.));
#1504 = VECTOR('',#1505,1.);
#1505 = DIRECTION('',(0.,1.));
#1506 = ( GEOMETRIC_REPRESENTATION_CONTEXT(2) 
PARAMETRIC_REPRESENTATION_CONTEXT() REPRESENTATION_CONTEXT('2D SPACE',''
  ) );
#1507 = ORIENTED_EDGE('',*,*,#1508,.T.);
#1508 = EDGE_CURVE('',#1481,#1509,#1511,.T.);
#1509 = VERTEX_POINT('',#1510);
#1510 = CARTESIAN_POINT('',(-47.3,130.6,2.9));
#1511 = SURFACE_CURVE('',#1512,(#1516,#1523),.PCURVE_S1.);
#1512 = LINE('',#1513,#1514);
#1513 = CARTESIAN_POINT('',(-47.3,119.1,2.9));
#1514 = VECTOR('',#1515,1.);
#1515 = DIRECTION('',(0.,1.,0.));
#1516 = PCURVE('',#1456,#1517);
#1517 = DEFINITIONAL_REPRESENTATION('',(#1518),#1522);
#1518 = LINE('',#1519,#1520);
#1519 = CARTESIAN_POINT('',(0.,0.));
#1520 = VECTOR('',#1521,1.);
#1521 = DIRECTION('',(0.,-1.));
#1522 = ( GEOMETRIC_REPRESENTATION_CONTEXT(2) 
PARAMETRIC_REPRESENTATION_CONTEXT() REPRESENTATION_CONTEXT('2D SPACE',''
  ) );
#1523 = PCURVE('',#1524,#1529);
#1524 = PLANE('',#1525);
#1525 = AXIS2_PLACEMENT_3D('',#1526,#1527,#1528);
#1526 = CARTESIAN_POINT('',(-47.3,119.1,2.9));
#1527 = DIRECTION('',(0.,0.,1.));
#1528 = DIRECTION('',(1.,0.,0.));
#1529 = DEFINITIONAL_REPRESENTATION('',(#1530),#1534);
#1530 = LINE('',#1531,#1532);
#1531 = CARTESIAN_POINT('',(0.,0.));
#1532 = VECTOR('',#1533,1.);
#1533 = DIRECTION('',(0.,1.));
#1534 = ( GEOMETRIC_REPRESENTATION_CONTEXT(2) 
PARAMETRIC_REPRESENTATION_CONTEXT() REPRESENTATION_CONTEXT('2D SPACE',''
  ) );
#1535 = ORIENTED_EDGE('',*,*,#1536,.T.);
#1536 = EDGE_CURVE('',#1509,#1448,#1537,.T.);
#1537 = SURFACE_CURVE('',#1538,(#1542,#1549),.PCURVE_S1.);
#1538 = LINE('',#1539,#1540);
#1539 = CARTESIAN_POINT('',(-47.3,130.6,2.9));
#1540 = VECTOR('',#1541,1.);
#1541 = DIRECTION('',(0.,0.,1.));
#1542 = PCURVE('',#1456,#1543);
#1543 = DEFINITIONAL_REPRESENTATION('',(#1544),#1548);
#1544 = LINE('',#1545,#1546);
#1545 = CARTESIAN_POINT('',(0.,-11.5));
#1546 = VECTOR('',#1547,1.);
#1547 = DIRECTION('',(1.,0.));
#1548 = ( GEOMETRIC_REPRESENTATION_CONTEXT(2) 
PARAMETRIC_REPRESENTATION_CONTEXT() REPRESENTATION_CONTEXT('2D SPACE',''
  ) );
#1549 = PCURVE('',#1550,#1555);
#1550 = CYLINDRICAL_SURFACE('',#1551,1.5);
#1551 = AXIS2_PLACEMENT_3D('',#1552,#1553,#1554);
#1552 = CARTESIAN_POINT('',(-45.8,130.6,2.9));
#1553 = DIRECTION('',(0.,0.,1.));
#1554 = DIRECTION('',(-1.,-0.,0.));
#1555 = DEFINITIONAL_REPRESENTATION('',(#1556),#1560);
#1556 = LINE('',#1557,#1558);
#1557 = CARTESIAN_POINT('',(-0.,0.));
#1558 = VECTOR('',#1559,1.);
#1559 = DIRECTION('',(-0.,1.));
#1560 = ( GEOMETRIC_REPRESENTATION_CONTEXT(2) 
PARAMETRIC_REPRESENTATION_CONTEXT() REPRESENTATION_CONTEXT('2D SPACE',''
  ) );
#1561 = ADVANCED_FACE('',(#1562),#1468,.T.);
#1562 = FACE_BOUND('',#1563,.T.);
#1563 = EDGE_LOOP('',(#1564,#1565,#1589,#1617,#1650,#1678,#1707,#1735));
#1564 = ORIENTED_EDGE('',*,*,#1445,.F.);
#1565 = ORIENTED_EDGE('',*,*,#1566,.T.);
#1566 = EDGE_CURVE('',#1446,#1567,#1569,.T.);
#1567 = VERTEX_POINT('',#1568);
#1568 = CARTESIAN_POINT('',(-45.8,119.1,5.4));
#1569 = SURFACE_CURVE('',#1570,(#1575,#1582),.PCURVE_S1.);
#1570 = CIRCLE('',#1571,1.5);
#1571 = AXIS2_PLACEMENT_3D('',#1572,#1573,#1574);
#1572 = CARTESIAN_POINT('',(-45.8,120.6,5.4));
#1573 = DIRECTION('',(0.,0.,1.));
#1574 = DIRECTION('',(0.,-1.,0.));
#1575 = PCURVE('',#1468,#1576);
#1576 = DEFINITIONAL_REPRESENTATION('',(#1577),#1581);
#1577 = CIRCLE('',#1578,1.5);
#1578 = AXIS2_PLACEMENT_2D('',#1579,#1580);
#1579 = CARTESIAN_POINT('',(1.5,1.5));
#1580 = DIRECTION('',(0.,-1.));
#1581 = ( GEOMETRIC_REPRESENTATION_CONTEXT(2) 
PARAMETRIC_REPRESENTATION_CONTEXT() REPRESENTATION_CONTEXT('2D SPACE',''
  ) );
#1582 = PCURVE('',#1496,#1583);
#1583 = DEFINITIONAL_REPRESENTATION('',(#1584),#1588);
#1584 = LINE('',#1585,#1586);
#1585 = CARTESIAN_POINT('',(-4.712388980385,2.5));
#1586 = VECTOR('',#1587,1.);
#1587 = DIRECTION('',(1.,0.));
#1588 = ( GEOMETRIC_REPRESENTATION_CONTEXT(2) 
PARAMETRIC_REPRESENTATION_CONTEXT() REPRESENTATION_CONTEXT('2D SPACE',''
  ) );
#1589 = ORIENTED_EDGE('',*,*,#1590,.T.);
#1590 = EDGE_CURVE('',#1567,#1591,#1593,.T.);
#1591 = VERTEX_POINT('',#1592);
#1592 = CARTESIAN_POINT('',(-30.8,119.1,5.4));
#1593 = SURFACE_CURVE('',#1594,(#1598,#1605),.PCURVE_S1.);
#1594 = LINE('',#1595,#1596);
#1595 = CARTESIAN_POINT('',(-47.3,119.1,5.4));
#1596 = VECTOR('',#1597,1.);
#1597 = DIRECTION('',(1.,0.,0.));
#1598 = PCURVE('',#1468,#1599);
#1599 = DEFINITIONAL_REPRESENTATION('',(#1600),#1604);
#1600 = LINE('',#1601,#1602);
#1601 = CARTESIAN_POINT('',(0.,0.));
#1602 = VECTOR('',#1603,1.);
#1603 = DIRECTION('',(1.,0.));
#1604 = ( GEOMETRIC_REPRESENTATION_CONTEXT(2) 
PARAMETRIC_REPRESENTATION_CONTEXT() REPRESENTATION_CONTEXT('2D SPACE',''
  ) );
#1605 = PCURVE('',#1606,#1611);
#1606 = PLANE('',#1607);
#1607 = AXIS2_PLACEMENT_3D('',#1608,#1609,#1610);
#1608 = CARTESIAN_POINT('',(-47.3,119.1,2.9));
#1609 = DIRECTION('',(0.,1.,0.));
#1610 = DIRECTION('',(0.,0.,1.));
#1611 = DEFINITIONAL_REPRESENTATION('',(#1612),#1616);
#1612 = LINE('',#1613,#1614);
#1613 = CARTESIAN_POINT('',(2.5,0.));
#1614 = VECTOR('',#1615,1.);
#1615 = DIRECTION('',(0.,1.));
#1616 = ( GEOMETRIC_REPRESENTATION_CONTEXT(2) 
PARAMETRIC_REPRESENTATION_CONTEXT() REPRESENTATION_CONTEXT('2D SPACE',''
  ) );
#1617 = ORIENTED_EDGE('',*,*,#1618,.F.);
#1618 = EDGE_CURVE('',#1619,#1591,#1621,.T.);
#1619 = VERTEX_POINT('',#1620);
#1620 = CARTESIAN_POINT('',(-29.3,120.6,5.4));
#1621 = SURFACE_CURVE('',#1622,(#1627,#1638),.PCURVE_S1.);
#1622 = CIRCLE('',#1623,1.5);
#1623 = AXIS2_PLACEMENT_3D('',#1624,#1625,#1626);
#1624 = CARTESIAN_POINT('',(-30.8,120.6,5.4));
#1625 = DIRECTION('',(-0.,-0.,-1.));
#1626 = DIRECTION('',(0.,-1.,0.));
#1627 = PCURVE('',#1468,#1628);
#1628 = DEFINITIONAL_REPRESENTATION('',(#1629),#1637);
#1629 = ( BOUNDED_CURVE() B_SPLINE_CURVE(2,(#1630,#1631,#1632,#1633,
#1634,#1635,#1636),.UNSPECIFIED.,.T.,.F.) B_SPLINE_CURVE_WITH_KNOTS((1,2
    ,2,2,2,1),(-2.094395102393,0.,2.094395102393,4.188790204786,
6.28318530718,8.377580409573),.UNSPECIFIED.) CURVE() 
GEOMETRIC_REPRESENTATION_ITEM() RATIONAL_B_SPLINE_CURVE((1.,0.5,1.,0.5,
1.,0.5,1.)) REPRESENTATION_ITEM('') );
#1630 = CARTESIAN_POINT('',(16.5,0.));
#1631 = CARTESIAN_POINT('',(13.901923788647,0.));
#1632 = CARTESIAN_POINT('',(15.200961894323,2.25));
#1633 = CARTESIAN_POINT('',(16.5,4.5));
#1634 = CARTESIAN_POINT('',(17.799038105677,2.25));
#1635 = CARTESIAN_POINT('',(19.098076211353,2.22044604925E-15));
#1636 = CARTESIAN_POINT('',(16.5,0.));
#1637 = ( GEOMETRIC_REPRESENTATION_CONTEXT(2) 
PARAMETRIC_REPRESENTATION_CONTEXT() REPRESENTATION_CONTEXT('2D SPACE',''
  ) );
#1638 = PCURVE('',#1639,#1644);
#1639 = CYLINDRICAL_SURFACE('',#1640,1.5);
#1640 = AXIS2_PLACEMENT_3D('',#1641,#1642,#1643);
#1641 = CARTESIAN_POINT('',(-30.8,120.6,2.9));
#1642 = DIRECTION('',(0.,0.,1.));
#1643 = DIRECTION('',(1.,0.,-0.));
#1644 = DEFINITIONAL_REPRESENTATION('',(#1645),#1649);
#1645 = LINE('',#1646,#1647);
#1646 = CARTESIAN_POINT('',(4.712388980385,2.5));
#1647 = VECTOR('',#1648,1.);
#1648 = DIRECTION('',(-1.,0.));
#1649 = ( GEOMETRIC_REPRESENTATION_CONTEXT(2) 
PARAMETRIC_REPRESENTATION_CONTEXT() REPRESENTATION_CONTEXT('2D SPACE',''
  ) );
#1650 = ORIENTED_EDGE('',*,*,#1651,.T.);
#1651 = EDGE_CURVE('',#1619,#1652,#1654,.T.);
#1652 = VERTEX_POINT('',#1653);
#1653 = CARTESIAN_POINT('',(-29.3,130.6,5.4));
#1654 = SURFACE_CURVE('',#1655,(#1659,#1666),.PCURVE_S1.);
#1655 = LINE('',#1656,#1657);
#1656 = CARTESIAN_POINT('',(-29.3,119.1,5.4));
#1657 = VECTOR('',#1658,1.);
#1658 = DIRECTION('',(0.,1.,0.));
#1659 = PCURVE('',#1468,#1660);
#1660 = DEFINITIONAL_REPRESENTATION('',(#1661),#1665);
#1661 = LINE('',#1662,#1663);
#1662 = CARTESIAN_POINT('',(18.,0.));
#1663 = VECTOR('',#1664,1.);
#1664 = DIRECTION('',(0.,1.));
#1665 = ( GEOMETRIC_REPRESENTATION_CONTEXT(2) 
PARAMETRIC_REPRESENTATION_CONTEXT() REPRESENTATION_CONTEXT('2D SPACE',''
  ) );
#1666 = PCURVE('',#1667,#1672);
#1667 = PLANE('',#1668);
#1668 = AXIS2_PLACEMENT_3D('',#1669,#1670,#1671);
#1669 = CARTESIAN_POINT('',(-29.3,119.1,2.9));
#1670 = DIRECTION('',(1.,0.,0.));
#1671 = DIRECTION('',(0.,0.,1.));
#1672 = DEFINITIONAL_REPRESENTATION('',(#1673),#1677);
#1673 = LINE('',#1674,#1675);
#1674 = CARTESIAN_POINT('',(2.5,0.));
#1675 = VECTOR('',#1676,1.);
#1676 = DIRECTION('',(0.,-1.));
#1677 = ( GEOMETRIC_REPRESENTATION_CONTEXT(2) 
PARAMETRIC_REPRESENTATION_CONTEXT() REPRESENTATION_CONTEXT('2D SPACE',''
  ) );
#1678 = ORIENTED_EDGE('',*,*,#1679,.T.);
#1679 = EDGE_CURVE('',#1652,#1680,#1682,.T.);
#1680 = VERTEX_POINT('',#1681);
#1681 = CARTESIAN_POINT('',(-30.8,132.1,5.4));
#1682 = SURFACE_CURVE('',#1683,(#1688,#1695),.PCURVE_S1.);
#1683 = CIRCLE('',#1684,1.5);
#1684 = AXIS2_PLACEMENT_3D('',#1685,#1686,#1687);
#1685 = CARTESIAN_POINT('',(-30.8,130.6,5.4));
#1686 = DIRECTION('',(0.,0.,1.));
#1687 = DIRECTION('',(0.,-1.,0.));
#1688 = PCURVE('',#1468,#1689);
#1689 = DEFINITIONAL_REPRESENTATION('',(#1690),#1694);
#1690 = CIRCLE('',#1691,1.5);
#1691 = AXIS2_PLACEMENT_2D('',#1692,#1693);
#1692 = CARTESIAN_POINT('',(16.5,11.5));
#1693 = DIRECTION('',(0.,-1.));
#1694 = ( GEOMETRIC_REPRESENTATION_CONTEXT(2) 
PARAMETRIC_REPRESENTATION_CONTEXT() REPRESENTATION_CONTEXT('2D SPACE',''
  ) );
#1695 = PCURVE('',#1696,#1701);
#1696 = CYLINDRICAL_SURFACE('',#1697,1.5);
#1697 = AXIS2_PLACEMENT_3D('',#1698,#1699,#1700);
#1698 = CARTESIAN_POINT('',(-30.8,130.6,2.9));
#1699 = DIRECTION('',(0.,0.,1.));
#1700 = DIRECTION('',(1.,0.,-0.));
#1701 = DEFINITIONAL_REPRESENTATION('',(#1702),#1706);
#1702 = LINE('',#1703,#1704);
#1703 = CARTESIAN_POINT('',(-1.570796326795,2.5));
#1704 = VECTOR('',#1705,1.);
#1705 = DIRECTION('',(1.,0.));
#1706 = ( GEOMETRIC_REPRESENTATION_CONTEXT(2) 
PARAMETRIC_REPRESENTATION_CONTEXT() REPRESENTATION_CONTEXT('2D SPACE',''
  ) );
#1707 = ORIENTED_EDGE('',*,*,#1708,.F.);
#1708 = EDGE_CURVE('',#1709,#1680,#1711,.T.);
#1709 = VERTEX_POINT('',#1710);
#1710 = CARTESIAN_POINT('',(-45.8,132.1,5.4));
#1711 = SURFACE_CURVE('',#1712,(#1716,#1723),.PCURVE_S1.);
#1712 = LINE('',#1713,#1714);
#1713 = CARTESIAN_POINT('',(-47.3,132.1,5.4));
#1714 = VECTOR('',#1715,1.);
#1715 = DIRECTION('',(1.,0.,0.));
#1716 = PCURVE('',#1468,#1717);
#1717 = DEFINITIONAL_REPRESENTATION('',(#1718),#1722);
#1718 = LINE('',#1719,#1720);
#1719 = CARTESIAN_POINT('',(0.,13.));
#1720 = VECTOR('',#1721,1.);
#1721 = DIRECTION('',(1.,0.));
#1722 = ( GEOMETRIC_REPRESENTATION_CONTEXT(2) 
PARAMETRIC_REPRESENTATION_CONTEXT() REPRESENTATION_CONTEXT('2D SPACE',''
  ) );
#1723 = PCURVE('',#1724,#1729);
#1724 = PLANE('',#1725);
#1725 = AXIS2_PLACEMENT_3D('',#1726,#1727,#1728);
#1726 = CARTESIAN_POINT('',(-47.3,132.1,2.9));
#1727 = DIRECTION('',(0.,1.,0.));
#1728 = DIRECTION('',(0.,0.,1.));
#1729 = DEFINITIONAL_REPRESENTATION('',(#1730),#1734);
#1730 = LINE('',#1731,#1732);
#1731 = CARTESIAN_POINT('',(2.5,0.));
#1732 = VECTOR('',#1733,1.);
#1733 = DIRECTION('',(0.,1.));
#1734 = ( GEOMETRIC_REPRESENTATION_CONTEXT(2) 
PARAMETRIC_REPRESENTATION_CONTEXT() REPRESENTATION_CONTEXT('2D SPACE',''
  ) );
#1735 = ORIENTED_EDGE('',*,*,#1736,.F.);
#1736 = EDGE_CURVE('',#1448,#1709,#1737,.T.);
#1737 = SURFACE_CURVE('',#1738,(#1743,#1754),.PCURVE_S1.);
#1738 = CIRCLE('',#1739,1.5);
#1739 = AXIS2_PLACEMENT_3D('',#1740,#1741,#1742);
#1740 = CARTESIAN_POINT('',(-45.8,130.6,5.4));
#1741 = DIRECTION('',(-0.,-0.,-1.));
#1742 = DIRECTION('',(0.,-1.,0.));
#1743 = PCURVE('',#1468,#1744);
#1744 = DEFINITIONAL_REPRESENTATION('',(#1745),#1753);
#1745 = ( BOUNDED_CURVE() B_SPLINE_CURVE(2,(#1746,#1747,#1748,#1749,
#1750,#1751,#1752),.UNSPECIFIED.,.T.,.F.) B_SPLINE_CURVE_WITH_KNOTS((1,2
    ,2,2,2,1),(-2.094395102393,0.,2.094395102393,4.188790204786,
6.28318530718,8.377580409573),.UNSPECIFIED.) CURVE() 
GEOMETRIC_REPRESENTATION_ITEM() RATIONAL_B_SPLINE_CURVE((1.,0.5,1.,0.5,
1.,0.5,1.)) REPRESENTATION_ITEM('') );
#1746 = CARTESIAN_POINT('',(1.5,10.));
#1747 = CARTESIAN_POINT('',(-1.098076211353,10.));
#1748 = CARTESIAN_POINT('',(0.200961894323,12.25));
#1749 = CARTESIAN_POINT('',(1.5,14.5));
#1750 = CARTESIAN_POINT('',(2.799038105677,12.25));
#1751 = CARTESIAN_POINT('',(4.098076211353,10.));
#1752 = CARTESIAN_POINT('',(1.5,10.));
#1753 = ( GEOMETRIC_REPRESENTATION_CONTEXT(2) 
PARAMETRIC_REPRESENTATION_CONTEXT() REPRESENTATION_CONTEXT('2D SPACE',''
  ) );
#1754 = PCURVE('',#1550,#1755);
#1755 = DEFINITIONAL_REPRESENTATION('',(#1756),#1760);
#1756 = LINE('',#1757,#1758);
#1757 = CARTESIAN_POINT('',(1.570796326795,2.5));
#1758 = VECTOR('',#1759,1.);
#1759 = DIRECTION('',(-1.,0.));
#1760 = ( GEOMETRIC_REPRESENTATION_CONTEXT(2) 
PARAMETRIC_REPRESENTATION_CONTEXT() REPRESENTATION_CONTEXT('2D SPACE',''
  ) );
#1761 = ADVANCED_FACE('',(#1762),#1496,.T.);
#1762 = FACE_BOUND('',#1763,.T.);
#1763 = EDGE_LOOP('',(#1764,#1788,#1809,#1810));
#1764 = ORIENTED_EDGE('',*,*,#1765,.T.);
#1765 = EDGE_CURVE('',#1481,#1766,#1768,.T.);
#1766 = VERTEX_POINT('',#1767);
#1767 = CARTESIAN_POINT('',(-45.8,119.1,2.9));
#1768 = SURFACE_CURVE('',#1769,(#1774,#1781),.PCURVE_S1.);
#1769 = CIRCLE('',#1770,1.5);
#1770 = AXIS2_PLACEMENT_3D('',#1771,#1772,#1773);
#1771 = CARTESIAN_POINT('',(-45.8,120.6,2.9));
#1772 = DIRECTION('',(0.,0.,1.));
#1773 = DIRECTION('',(0.,-1.,0.));
#1774 = PCURVE('',#1496,#1775);
#1775 = DEFINITIONAL_REPRESENTATION('',(#1776),#1780);
#1776 = LINE('',#1777,#1778);
#1777 = CARTESIAN_POINT('',(-4.712388980385,0.));
#1778 = VECTOR('',#1779,1.);
#1779 = DIRECTION('',(1.,0.));
#1780 = ( GEOMETRIC_REPRESENTATION_CONTEXT(2) 
PARAMETRIC_REPRESENTATION_CONTEXT() REPRESENTATION_CONTEXT('2D SPACE',''
  ) );
#1781 = PCURVE('',#1524,#1782);
#1782 = DEFINITIONAL_REPRESENTATION('',(#1783),#1787);
#1783 = CIRCLE('',#1784,1.5);
#1784 = AXIS2_PLACEMENT_2D('',#1785,#1786);
#1785 = CARTESIAN_POINT('',(1.5,1.5));
#1786 = DIRECTION('',(0.,-1.));
#1787 = ( GEOMETRIC_REPRESENTATION_CONTEXT(2) 
PARAMETRIC_REPRESENTATION_CONTEXT() REPRESENTATION_CONTEXT('2D SPACE',''
  ) );
#1788 = ORIENTED_EDGE('',*,*,#1789,.T.);
#1789 = EDGE_CURVE('',#1766,#1567,#1790,.T.);
#1790 = SURFACE_CURVE('',#1791,(#1795,#1802),.PCURVE_S1.);
#1791 = LINE('',#1792,#1793);
#1792 = CARTESIAN_POINT('',(-45.8,119.1,2.9));
#1793 = VECTOR('',#1794,1.);
#1794 = DIRECTION('',(0.,0.,1.));
#1795 = PCURVE('',#1496,#1796);
#1796 = DEFINITIONAL_REPRESENTATION('',(#1797),#1801);
#1797 = LINE('',#1798,#1799);
#1798 = CARTESIAN_POINT('',(1.570796326795,0.));
#1799 = VECTOR('',#1800,1.);
#1800 = DIRECTION('',(0.,1.));
#1801 = ( GEOMETRIC_REPRESENTATION_CONTEXT(2) 
PARAMETRIC_REPRESENTATION_CONTEXT() REPRESENTATION_CONTEXT('2D SPACE',''
  ) );
#1802 = PCURVE('',#1606,#1803);
#1803 = DEFINITIONAL_REPRESENTATION('',(#1804),#1808);
#1804 = LINE('',#1805,#1806);
#1805 = CARTESIAN_POINT('',(0.,1.5));
#1806 = VECTOR('',#1807,1.);
#1807 = DIRECTION('',(1.,0.));
#1808 = ( GEOMETRIC_REPRESENTATION_CONTEXT(2) 
PARAMETRIC_REPRESENTATION_CONTEXT() REPRESENTATION_CONTEXT('2D SPACE',''
  ) );
#1809 = ORIENTED_EDGE('',*,*,#1566,.F.);
#1810 = ORIENTED_EDGE('',*,*,#1480,.F.);
#1811 = ADVANCED_FACE('',(#1812),#1550,.T.);
#1812 = FACE_BOUND('',#1813,.F.);
#1813 = EDGE_LOOP('',(#1814,#1842,#1863,#1864));
#1814 = ORIENTED_EDGE('',*,*,#1815,.T.);
#1815 = EDGE_CURVE('',#1509,#1816,#1818,.T.);
#1816 = VERTEX_POINT('',#1817);
#1817 = CARTESIAN_POINT('',(-45.8,132.1,2.9));
#1818 = SURFACE_CURVE('',#1819,(#1824,#1831),.PCURVE_S1.);
#1819 = CIRCLE('',#1820,1.5);
#1820 = AXIS2_PLACEMENT_3D('',#1821,#1822,#1823);
#1821 = CARTESIAN_POINT('',(-45.8,130.6,2.9));
#1822 = DIRECTION('',(-0.,-0.,-1.));
#1823 = DIRECTION('',(0.,-1.,0.));
#1824 = PCURVE('',#1550,#1825);
#1825 = DEFINITIONAL_REPRESENTATION('',(#1826),#1830);
#1826 = LINE('',#1827,#1828);
#1827 = CARTESIAN_POINT('',(1.570796326795,-0.));
#1828 = VECTOR('',#1829,1.);
#1829 = DIRECTION('',(-1.,0.));
#1830 = ( GEOMETRIC_REPRESENTATION_CONTEXT(2) 
PARAMETRIC_REPRESENTATION_CONTEXT() REPRESENTATION_CONTEXT('2D SPACE',''
  ) );
#1831 = PCURVE('',#1524,#1832);
#1832 = DEFINITIONAL_REPRESENTATION('',(#1833),#1841);
#1833 = ( BOUNDED_CURVE() B_SPLINE_CURVE(2,(#1834,#1835,#1836,#1837,
#1838,#1839,#1840),.UNSPECIFIED.,.T.,.F.) B_SPLINE_CURVE_WITH_KNOTS((1,2
    ,2,2,2,1),(-2.094395102393,0.,2.094395102393,4.188790204786,
6.28318530718,8.377580409573),.UNSPECIFIED.) CURVE() 
GEOMETRIC_REPRESENTATION_ITEM() RATIONAL_B_SPLINE_CURVE((1.,0.5,1.,0.5,
1.,0.5,1.)) REPRESENTATION_ITEM('') );
#1834 = CARTESIAN_POINT('',(1.5,10.));
#1835 = CARTESIAN_POINT('',(-1.098076211353,10.));
#1836 = CARTESIAN_POINT('',(0.200961894323,12.25));
#1837 = CARTESIAN_POINT('',(1.5,14.5));
#1838 = CARTESIAN_POINT('',(2.799038105677,12.25));
#1839 = CARTESIAN_POINT('',(4.098076211353,10.));
#1840 = CARTESIAN_POINT('',(1.5,10.));
#1841 = ( GEOMETRIC_REPRESENTATION_CONTEXT(2) 
PARAMETRIC_REPRESENTATION_CONTEXT() REPRESENTATION_CONTEXT('2D SPACE',''
  ) );
#1842 = ORIENTED_EDGE('',*,*,#1843,.T.);
#1843 = EDGE_CURVE('',#1816,#1709,#1844,.T.);
#1844 = SURFACE_CURVE('',#1845,(#1849,#1856),.PCURVE_S1.);
#1845 = LINE('',#1846,#1847);
#1846 = CARTESIAN_POINT('',(-45.8,132.1,2.9));
#1847 = VECTOR('',#1848,1.);
#1848 = DIRECTION('',(0.,0.,1.));
#1849 = PCURVE('',#1550,#1850);
#1850 = DEFINITIONAL_REPRESENTATION('',(#1851),#1855);
#1851 = LINE('',#1852,#1853);
#1852 = CARTESIAN_POINT('',(-1.570796326795,0.));
#1853 = VECTOR('',#1854,1.);
#1854 = DIRECTION('',(-0.,1.));
#1855 = ( GEOMETRIC_REPRESENTATION_CONTEXT(2) 
PARAMETRIC_REPRESENTATION_CONTEXT() REPRESENTATION_CONTEXT('2D SPACE',''
  ) );
#1856 = PCURVE('',#1724,#1857);
#1857 = DEFINITIONAL_REPRESENTATION('',(#1858),#1862);
#1858 = LINE('',#1859,#1860);
#1859 = CARTESIAN_POINT('',(0.,1.5));
#1860 = VECTOR('',#1861,1.);
#1861 = DIRECTION('',(1.,0.));
#1862 = ( GEOMETRIC_REPRESENTATION_CONTEXT(2) 
PARAMETRIC_REPRESENTATION_CONTEXT() REPRESENTATION_CONTEXT('2D SPACE',''
  ) );
#1863 = ORIENTED_EDGE('',*,*,#1736,.F.);
#1864 = ORIENTED_EDGE('',*,*,#1536,.F.);
#1865 = ADVANCED_FACE('',(#1866),#1524,.F.);
#1866 = FACE_BOUND('',#1867,.F.);
#1867 = EDGE_LOOP('',(#1868,#1869,#1870,#1893,#1921,#1944,#1968,#1989));
#1868 = ORIENTED_EDGE('',*,*,#1508,.F.);
#1869 = ORIENTED_EDGE('',*,*,#1765,.T.);
#1870 = ORIENTED_EDGE('',*,*,#1871,.T.);
#1871 = EDGE_CURVE('',#1766,#1872,#1874,.T.);
#1872 = VERTEX_POINT('',#1873);
#1873 = CARTESIAN_POINT('',(-30.8,119.1,2.9));
#1874 = SURFACE_CURVE('',#1875,(#1879,#1886),.PCURVE_S1.);
#1875 = LINE('',#1876,#1877);
#1876 = CARTESIAN_POINT('',(-47.3,119.1,2.9));
#1877 = VECTOR('',#1878,1.);
#1878 = DIRECTION('',(1.,0.,0.));
#1879 = PCURVE('',#1524,#1880);
#1880 = DEFINITIONAL_REPRESENTATION('',(#1881),#1885);
#1881 = LINE('',#1882,#1883);
#1882 = CARTESIAN_POINT('',(0.,0.));
#1883 = VECTOR('',#1884,1.);
#1884 = DIRECTION('',(1.,0.));
#1885 = ( GEOMETRIC_REPRESENTATION_CONTEXT(2) 
PARAMETRIC_REPRESENTATION_CONTEXT() REPRESENTATION_CONTEXT('2D SPACE',''
  ) );
#1886 = PCURVE('',#1606,#1887);
#1887 = DEFINITIONAL_REPRESENTATION('',(#1888),#1892);
#1888 = LINE('',#1889,#1890);
#1889 = CARTESIAN_POINT('',(0.,0.));
#1890 = VECTOR('',#1891,1.);
#1891 = DIRECTION('',(0.,1.));
#1892 = ( GEOMETRIC_REPRESENTATION_CONTEXT(2) 
PARAMETRIC_REPRESENTATION_CONTEXT() REPRESENTATION_CONTEXT('2D SPACE',''
  ) );
#1893 = ORIENTED_EDGE('',*,*,#1894,.F.);
#1894 = EDGE_CURVE('',#1895,#1872,#1897,.T.);
#1895 = VERTEX_POINT('',#1896);
#1896 = CARTESIAN_POINT('',(-29.3,120.6,2.9));
#1897 = SURFACE_CURVE('',#1898,(#1903,#1914),.PCURVE_S1.);
#1898 = CIRCLE('',#1899,1.5);
#1899 = AXIS2_PLACEMENT_3D('',#1900,#1901,#1902);
#1900 = CARTESIAN_POINT('',(-30.8,120.6,2.9));
#1901 = DIRECTION('',(-0.,-0.,-1.));
#1902 = DIRECTION('',(0.,-1.,0.));
#1903 = PCURVE('',#1524,#1904);
#1904 = DEFINITIONAL_REPRESENTATION('',(#1905),#1913);
#1905 = ( BOUNDED_CURVE() B_SPLINE_CURVE(2,(#1906,#1907,#1908,#1909,
#1910,#1911,#1912),.UNSPECIFIED.,.T.,.F.) B_SPLINE_CURVE_WITH_KNOTS((1,2
    ,2,2,2,1),(-2.094395102393,0.,2.094395102393,4.188790204786,
6.28318530718,8.377580409573),.UNSPECIFIED.) CURVE() 
GEOMETRIC_REPRESENTATION_ITEM() RATIONAL_B_SPLINE_CURVE((1.,0.5,1.,0.5,
1.,0.5,1.)) REPRESENTATION_ITEM('') );
#1906 = CARTESIAN_POINT('',(16.5,0.));
#1907 = CARTESIAN_POINT('',(13.901923788647,0.));
#1908 = CARTESIAN_POINT('',(15.200961894323,2.25));
#1909 = CARTESIAN_POINT('',(16.5,4.5));
#1910 = CARTESIAN_POINT('',(17.799038105677,2.25));
#1911 = CARTESIAN_POINT('',(19.098076211353,2.22044604925E-15));
#1912 = CARTESIAN_POINT('',(16.5,0.));
#1913 = ( GEOMETRIC_REPRESENTATION_CONTEXT(2) 
PARAMETRIC_REPRESENTATION_CONTEXT() REPRESENTATION_CONTEXT('2D SPACE',''
  ) );
#1914 = PCURVE('',#1639,#1915);
#1915 = DEFINITIONAL_REPRESENTATION('',(#1916),#1920);
#1916 = LINE('',#1917,#1918);
#1917 = CARTESIAN_POINT('',(4.712388980385,-0.));
#1918 = VECTOR('',#1919,1.);
#1919 = DIRECTION('',(-1.,0.));
#1920 = ( GEOMETRIC_REPRESENTATION_CONTEXT(2) 
PARAMETRIC_REPRESENTATION_CONTEXT() REPRESENTATION_CONTEXT('2D SPACE',''
  ) );
#1921 = ORIENTED_EDGE('',*,*,#1922,.T.);
#1922 = EDGE_CURVE('',#1895,#1923,#1925,.T.);
#1923 = VERTEX_POINT('',#1924);
#1924 = CARTESIAN_POINT('',(-29.3,130.6,2.9));
#1925 = SURFACE_CURVE('',#1926,(#1930,#1937),.PCURVE_S1.);
#1926 = LINE('',#1927,#1928);
#1927 = CARTESIAN_POINT('',(-29.3,119.1,2.9));
#1928 = VECTOR('',#1929,1.);
#1929 = DIRECTION('',(0.,1.,0.));
#1930 = PCURVE('',#1524,#1931);
#1931 = DEFINITIONAL_REPRESENTATION('',(#1932),#1936);
#1932 = LINE('',#1933,#1934);
#1933 = CARTESIAN_POINT('',(18.,0.));
#1934 = VECTOR('',#1935,1.);
#1935 = DIRECTION('',(0.,1.));
#1936 = ( GEOMETRIC_REPRESENTATION_CONTEXT(2) 
PARAMETRIC_REPRESENTATION_CONTEXT() REPRESENTATION_CONTEXT('2D SPACE',''
  ) );
#1937 = PCURVE('',#1667,#1938);
#1938 = DEFINITIONAL_REPRESENTATION('',(#1939),#1943);
#1939 = LINE('',#1940,#1941);
#1940 = CARTESIAN_POINT('',(0.,0.));
#1941 = VECTOR('',#1942,1.);
#1942 = DIRECTION('',(0.,-1.));
#1943 = ( GEOMETRIC_REPRESENTATION_CONTEXT(2) 
PARAMETRIC_REPRESENTATION_CONTEXT() REPRESENTATION_CONTEXT('2D SPACE',''
  ) );
#1944 = ORIENTED_EDGE('',*,*,#1945,.T.);
#1945 = EDGE_CURVE('',#1923,#1946,#1948,.T.);
#1946 = VERTEX_POINT('',#1947);
#1947 = CARTESIAN_POINT('',(-30.8,132.1,2.9));
#1948 = SURFACE_CURVE('',#1949,(#1954,#1961),.PCURVE_S1.);
#1949 = CIRCLE('',#1950,1.5);
#1950 = AXIS2_PLACEMENT_3D('',#1951,#1952,#1953);
#1951 = CARTESIAN_POINT('',(-30.8,130.6,2.9));
#1952 = DIRECTION('',(0.,0.,1.));
#1953 = DIRECTION('',(0.,-1.,0.));
#1954 = PCURVE('',#1524,#1955);
#1955 = DEFINITIONAL_REPRESENTATION('',(#1956),#1960);
#1956 = CIRCLE('',#1957,1.5);
#1957 = AXIS2_PLACEMENT_2D('',#1958,#1959);
#1958 = CARTESIAN_POINT('',(16.5,11.5));
#1959 = DIRECTION('',(0.,-1.));
#1960 = ( GEOMETRIC_REPRESENTATION_CONTEXT(2) 
PARAMETRIC_REPRESENTATION_CONTEXT() REPRESENTATION_CONTEXT('2D SPACE',''
  ) );
#1961 = PCURVE('',#1696,#1962);
#1962 = DEFINITIONAL_REPRESENTATION('',(#1963),#1967);
#1963 = LINE('',#1964,#1965);
#1964 = CARTESIAN_POINT('',(-1.570796326795,0.));
#1965 = VECTOR('',#1966,1.);
#1966 = DIRECTION('',(1.,0.));
#1967 = ( GEOMETRIC_REPRESENTATION_CONTEXT(2) 
PARAMETRIC_REPRESENTATION_CONTEXT() REPRESENTATION_CONTEXT('2D SPACE',''
  ) );
#1968 = ORIENTED_EDGE('',*,*,#1969,.F.);
#1969 = EDGE_CURVE('',#1816,#1946,#1970,.T.);
#1970 = SURFACE_CURVE('',#1971,(#1975,#1982),.PCURVE_S1.);
#1971 = LINE('',#1972,#1973);
#1972 = CARTESIAN_POINT('',(-47.3,132.1,2.9));
#1973 = VECTOR('',#1974,1.);
#1974 = DIRECTION('',(1.,0.,0.));
#1975 = PCURVE('',#1524,#1976);
#1976 = DEFINITIONAL_REPRESENTATION('',(#1977),#1981);
#1977 = LINE('',#1978,#1979);
#1978 = CARTESIAN_POINT('',(0.,13.));
#1979 = VECTOR('',#1980,1.);
#1980 = DIRECTION('',(1.,0.));
#1981 = ( GEOMETRIC_REPRESENTATION_CONTEXT(2) 
PARAMETRIC_REPRESENTATION_CONTEXT() REPRESENTATION_CONTEXT('2D SPACE',''
  ) );
#1982 = PCURVE('',#1724,#1983);
#1983 = DEFINITIONAL_REPRESENTATION('',(#1984),#1988);
#1984 = LINE('',#1985,#1986);
#1985 = CARTESIAN_POINT('',(0.,0.));
#1986 = VECTOR('',#1987,1.);
#1987 = DIRECTION('',(0.,1.));
#1988 = ( GEOMETRIC_REPRESENTATION_CONTEXT(2) 
PARAMETRIC_REPRESENTATION_CONTEXT() REPRESENTATION_CONTEXT('2D SPACE',''
  ) );
#1989 = ORIENTED_EDGE('',*,*,#1815,.F.);
#1990 = ADVANCED_FACE('',(#1991),#1606,.F.);
#1991 = FACE_BOUND('',#1992,.F.);
#1992 = EDGE_LOOP('',(#1993,#1994,#1995,#1996));
#1993 = ORIENTED_EDGE('',*,*,#1871,.F.);
#1994 = ORIENTED_EDGE('',*,*,#1789,.T.);
#1995 = ORIENTED_EDGE('',*,*,#1590,.T.);
#1996 = ORIENTED_EDGE('',*,*,#1997,.F.);
#1997 = EDGE_CURVE('',#1872,#1591,#1998,.T.);
#1998 = SURFACE_CURVE('',#1999,(#2003,#2010),.PCURVE_S1.);
#1999 = LINE('',#2000,#2001);
#2000 = CARTESIAN_POINT('',(-30.8,119.1,2.9));
#2001 = VECTOR('',#2002,1.);
#2002 = DIRECTION('',(0.,0.,1.));
#2003 = PCURVE('',#1606,#2004);
#2004 = DEFINITIONAL_REPRESENTATION('',(#2005),#2009);
#2005 = LINE('',#2006,#2007);
#2006 = CARTESIAN_POINT('',(0.,16.5));
#2007 = VECTOR('',#2008,1.);
#2008 = DIRECTION('',(1.,0.));
#2009 = ( GEOMETRIC_REPRESENTATION_CONTEXT(2) 
PARAMETRIC_REPRESENTATION_CONTEXT() REPRESENTATION_CONTEXT('2D SPACE',''
  ) );
#2010 = PCURVE('',#1639,#2011);
#2011 = DEFINITIONAL_REPRESENTATION('',(#2012),#2016);
#2012 = LINE('',#2013,#2014);
#2013 = CARTESIAN_POINT('',(-1.570796326795,0.));
#2014 = VECTOR('',#2015,1.);
#2015 = DIRECTION('',(-0.,1.));
#2016 = ( GEOMETRIC_REPRESENTATION_CONTEXT(2) 
PARAMETRIC_REPRESENTATION_CONTEXT() REPRESENTATION_CONTEXT('2D SPACE',''
  ) );
#2017 = ADVANCED_FACE('',(#2018),#1724,.T.);
#2018 = FACE_BOUND('',#2019,.T.);
#2019 = EDGE_LOOP('',(#2020,#2021,#2022,#2023));
#2020 = ORIENTED_EDGE('',*,*,#1969,.F.);
#2021 = ORIENTED_EDGE('',*,*,#1843,.T.);
#2022 = ORIENTED_EDGE('',*,*,#1708,.T.);
#2023 = ORIENTED_EDGE('',*,*,#2024,.F.);
#2024 = EDGE_CURVE('',#1946,#1680,#2025,.T.);
#2025 = SURFACE_CURVE('',#2026,(#2030,#2037),.PCURVE_S1.);
#2026 = LINE('',#2027,#2028);
#2027 = CARTESIAN_POINT('',(-30.8,132.1,2.9));
#2028 = VECTOR('',#2029,1.);
#2029 = DIRECTION('',(0.,0.,1.));
#2030 = PCURVE('',#1724,#2031);
#2031 = DEFINITIONAL_REPRESENTATION('',(#2032),#2036);
#2032 = LINE('',#2033,#2034);
#2033 = CARTESIAN_POINT('',(0.,16.5));
#2034 = VECTOR('',#2035,1.);
#2035 = DIRECTION('',(1.,0.));
#2036 = ( GEOMETRIC_REPRESENTATION_CONTEXT(2) 
PARAMETRIC_REPRESENTATION_CONTEXT() REPRESENTATION_CONTEXT('2D SPACE',''
  ) );
#2037 = PCURVE('',#1696,#2038);
#2038 = DEFINITIONAL_REPRESENTATION('',(#2039),#2043);
#2039 = LINE('',#2040,#2041);
#2040 = CARTESIAN_POINT('',(1.570796326795,0.));
#2041 = VECTOR('',#2042,1.);
#2042 = DIRECTION('',(0.,1.));
#2043 = ( GEOMETRIC_REPRESENTATION_CONTEXT(2) 
PARAMETRIC_REPRESENTATION_CONTEXT() REPRESENTATION_CONTEXT('2D SPACE',''
  ) );
#2044 = ADVANCED_FACE('',(#2045),#1639,.T.);
#2045 = FACE_BOUND('',#2046,.F.);
#2046 = EDGE_LOOP('',(#2047,#2048,#2049,#2050));
#2047 = ORIENTED_EDGE('',*,*,#1894,.T.);
#2048 = ORIENTED_EDGE('',*,*,#1997,.T.);
#2049 = ORIENTED_EDGE('',*,*,#1618,.F.);
#2050 = ORIENTED_EDGE('',*,*,#2051,.F.);
#2051 = EDGE_CURVE('',#1895,#1619,#2052,.T.);
#2052 = SURFACE_CURVE('',#2053,(#2057,#2064),.PCURVE_S1.);
#2053 = LINE('',#2054,#2055);
#2054 = CARTESIAN_POINT('',(-29.3,120.6,2.9));
#2055 = VECTOR('',#2056,1.);
#2056 = DIRECTION('',(0.,0.,1.));
#2057 = PCURVE('',#1639,#2058);
#2058 = DEFINITIONAL_REPRESENTATION('',(#2059),#2063);
#2059 = LINE('',#2060,#2061);
#2060 = CARTESIAN_POINT('',(-0.,0.));
#2061 = VECTOR('',#2062,1.);
#2062 = DIRECTION('',(-0.,1.));
#2063 = ( GEOMETRIC_REPRESENTATION_CONTEXT(2) 
PARAMETRIC_REPRESENTATION_CONTEXT() REPRESENTATION_CONTEXT('2D SPACE',''
  ) );
#2064 = PCURVE('',#1667,#2065);
#2065 = DEFINITIONAL_REPRESENTATION('',(#2066),#2070);
#2066 = LINE('',#2067,#2068);
#2067 = CARTESIAN_POINT('',(0.,-1.5));
#2068 = VECTOR('',#2069,1.);
#2069 = DIRECTION('',(1.,0.));
#2070 = ( GEOMETRIC_REPRESENTATION_CONTEXT(2) 
PARAMETRIC_REPRESENTATION_CONTEXT() REPRESENTATION_CONTEXT('2D SPACE',''
  ) );
#2071 = ADVANCED_FACE('',(#2072),#1696,.T.);
#2072 = FACE_BOUND('',#2073,.T.);
#2073 = EDGE_LOOP('',(#2074,#2075,#2076,#2077));
#2074 = ORIENTED_EDGE('',*,*,#1945,.T.);
#2075 = ORIENTED_EDGE('',*,*,#2024,.T.);
#2076 = ORIENTED_EDGE('',*,*,#1679,.F.);
#2077 = ORIENTED_EDGE('',*,*,#2078,.F.);
#2078 = EDGE_CURVE('',#1923,#1652,#2079,.T.);
#2079 = SURFACE_CURVE('',#2080,(#2084,#2091),.PCURVE_S1.);
#2080 = LINE('',#2081,#2082);
#2081 = CARTESIAN_POINT('',(-29.3,130.6,2.9));
#2082 = VECTOR('',#2083,1.);
#2083 = DIRECTION('',(0.,0.,1.));
#2084 = PCURVE('',#1696,#2085);
#2085 = DEFINITIONAL_REPRESENTATION('',(#2086),#2090);
#2086 = LINE('',#2087,#2088);
#2087 = CARTESIAN_POINT('',(0.,0.));
#2088 = VECTOR('',#2089,1.);
#2089 = DIRECTION('',(0.,1.));
#2090 = ( GEOMETRIC_REPRESENTATION_CONTEXT(2) 
PARAMETRIC_REPRESENTATION_CONTEXT() REPRESENTATION_CONTEXT('2D SPACE',''
  ) );
#2091 = PCURVE('',#1667,#2092);
#2092 = DEFINITIONAL_REPRESENTATION('',(#2093),#2097);
#2093 = LINE('',#2094,#2095);
#2094 = CARTESIAN_POINT('',(0.,-11.5));
#2095 = VECTOR('',#2096,1.);
#2096 = DIRECTION('',(1.,0.));
#2097 = ( GEOMETRIC_REPRESENTATION_CONTEXT(2) 
PARAMETRIC_REPRESENTATION_CONTEXT() REPRESENTATION_CONTEXT('2D SPACE',''
  ) );
#2098 = ADVANCED_FACE('',(#2099),#1667,.T.);
#2099 = FACE_BOUND('',#2100,.T.);
#2100 = EDGE_LOOP('',(#2101,#2102,#2103,#2104));
#2101 = ORIENTED_EDGE('',*,*,#1651,.F.);
#2102 = ORIENTED_EDGE('',*,*,#2051,.F.);
#2103 = ORIENTED_EDGE('',*,*,#1922,.T.);
#2104 = ORIENTED_EDGE('',*,*,#2078,.T.);
#2105 = ( GEOMETRIC_REPRESENTATION_CONTEXT(3) 
GLOBAL_UNCERTAINTY_ASSIGNED_CONTEXT((#2109)) 
GLOBAL_UNIT_ASSIGNED_CONTEXT((#2106,#2107,#2108)) REPRESENTATION_CONTEXT
('Context #1','3D Context with UNIT and UNCERTAINTY') );
#2106 = ( LENGTH_UNIT() NAMED_UNIT(*) SI_UNIT(.MILLI.,.METRE.) );
#2107 = ( NAMED_UNIT(*) PLANE_ANGLE_UNIT() SI_UNIT($,.RADIAN.) );
#2108 = ( NAMED_UNIT(*) SI_UNIT($,.STERADIAN.) SOLID_ANGLE_UNIT() );
#2109 = UNCERTAINTY_MEASURE_WITH_UNIT(LENGTH_MEASURE(1.E-07),#2106,
  'distance_accuracy_value','confusion accuracy');
#2110 = CONTEXT_DEPENDENT_SHAPE_REPRESENTATION(#2111,#2113);
#2111 = ( REPRESENTATION_RELATIONSHIP('','',#1438,#10) 
REPRESENTATION_RELATIONSHIP_WITH_TRANSFORMATION(#2112) 
SHAPE_REPRESENTATION_RELATIONSHIP() );
#2112 = ITEM_DEFINED_TRANSFORMATION('','',#11,#23);
#2113 = PRODUCT_DEFINITION_SHAPE('Placement','Placement of an item',
  #2114);
#2114 = NEXT_ASSEMBLY_USAGE_OCCURRENCE('29',
  'SPEAKER_L_SAME_SKY_CMS_18138A_SP_18_13_2_5','',#5,#1433,$);
#2115 = PRODUCT_RELATED_PRODUCT_CATEGORY('part',$,(#1435));
#2116 = SHAPE_DEFINITION_REPRESENTATION(#2117,#2123);
#2117 = PRODUCT_DEFINITION_SHAPE('','',#2118);
#2118 = PRODUCT_DEFINITION('design','',#2119,#2122);
#2119 = PRODUCT_DEFINITION_FORMATION('','',#2120);
#2120 = PRODUCT('SPEAKER_L_FRONT_GASKET_0_25',
  'SPEAKER_L_FRONT_GASKET_0_25','',(#2121));
#2121 = PRODUCT_CONTEXT('',#2,'mechanical');
#2122 = PRODUCT_DEFINITION_CONTEXT('part definition',#2,'design');
#2123 = ADVANCED_BREP_SHAPE_REPRESENTATION('',(#11,#2124),#3410);
#2124 = MANIFOLD_SOLID_BREP('',#2125);
#2125 = CLOSED_SHELL('',(#2126,#2246,#2668,#2718,#2772,#3079,#3106,#3133
    ,#3160,#3187,#3194,#3241,#3268,#3295,#3322,#3349,#3376,#3403));
#2126 = ADVANCED_FACE('',(#2127),#2141,.F.);
#2127 = FACE_BOUND('',#2128,.F.);
#2128 = EDGE_LOOP('',(#2129,#2164,#2192,#2220));
#2129 = ORIENTED_EDGE('',*,*,#2130,.F.);
#2130 = EDGE_CURVE('',#2131,#2133,#2135,.T.);
#2131 = VERTEX_POINT('',#2132);
#2132 = CARTESIAN_POINT('',(-47.3,120.6,5.65));
#2133 = VERTEX_POINT('',#2134);
#2134 = CARTESIAN_POINT('',(-47.3,130.6,5.65));
#2135 = SURFACE_CURVE('',#2136,(#2140,#2152),.PCURVE_S1.);
#2136 = LINE('',#2137,#2138);
#2137 = CARTESIAN_POINT('',(-47.3,119.1,5.65));
#2138 = VECTOR('',#2139,1.);
#2139 = DIRECTION('',(0.,1.,0.));
#2140 = PCURVE('',#2141,#2146);
#2141 = PLANE('',#2142);
#2142 = AXIS2_PLACEMENT_3D('',#2143,#2144,#2145);
#2143 = CARTESIAN_POINT('',(-47.3,119.1,5.4));
#2144 = DIRECTION('',(1.,0.,0.));
#2145 = DIRECTION('',(0.,0.,1.));
#2146 = DEFINITIONAL_REPRESENTATION('',(#2147),#2151);
#2147 = LINE('',#2148,#2149);
#2148 = CARTESIAN_POINT('',(0.25,0.));
#2149 = VECTOR('',#2150,1.);
#2150 = DIRECTION('',(0.,-1.));
#2151 = ( GEOMETRIC_REPRESENTATION_CONTEXT(2) 
PARAMETRIC_REPRESENTATION_CONTEXT() REPRESENTATION_CONTEXT('2D SPACE',''
  ) );
#2152 = PCURVE('',#2153,#2158);
#2153 = PLANE('',#2154);
#2154 = AXIS2_PLACEMENT_3D('',#2155,#2156,#2157);
#2155 = CARTESIAN_POINT('',(-47.3,119.1,5.65));
#2156 = DIRECTION('',(0.,0.,1.));
#2157 = DIRECTION('',(1.,0.,0.));
#2158 = DEFINITIONAL_REPRESENTATION('',(#2159),#2163);
#2159 = LINE('',#2160,#2161);
#2160 = CARTESIAN_POINT('',(0.,0.));
#2161 = VECTOR('',#2162,1.);
#2162 = DIRECTION('',(0.,1.));
#2163 = ( GEOMETRIC_REPRESENTATION_CONTEXT(2) 
PARAMETRIC_REPRESENTATION_CONTEXT() REPRESENTATION_CONTEXT('2D SPACE',''
  ) );
#2164 = ORIENTED_EDGE('',*,*,#2165,.F.);
#2165 = EDGE_CURVE('',#2166,#2131,#2168,.T.);
#2166 = VERTEX_POINT('',#2167);
#2167 = CARTESIAN_POINT('',(-47.3,120.6,5.4));
#2168 = SURFACE_CURVE('',#2169,(#2173,#2180),.PCURVE_S1.);
#2169 = LINE('',#2170,#2171);
#2170 = CARTESIAN_POINT('',(-47.3,120.6,5.4));
#2171 = VECTOR('',#2172,1.);
#2172 = DIRECTION('',(0.,0.,1.));
#2173 = PCURVE('',#2141,#2174);
#2174 = DEFINITIONAL_REPRESENTATION('',(#2175),#2179);
#2175 = LINE('',#2176,#2177);
#2176 = CARTESIAN_POINT('',(0.,-1.5));
#2177 = VECTOR('',#2178,1.);
#2178 = DIRECTION('',(1.,0.));
#2179 = ( GEOMETRIC_REPRESENTATION_CONTEXT(2) 
PARAMETRIC_REPRESENTATION_CONTEXT() REPRESENTATION_CONTEXT('2D SPACE',''
  ) );
#2180 = PCURVE('',#2181,#2186);
#2181 = CYLINDRICAL_SURFACE('',#2182,1.5);
#2182 = AXIS2_PLACEMENT_3D('',#2183,#2184,#2185);
#2183 = CARTESIAN_POINT('',(-45.8,120.6,5.4));
#2184 = DIRECTION('',(0.,0.,1.));
#2185 = DIRECTION('',(-1.,-0.,0.));
#2186 = DEFINITIONAL_REPRESENTATION('',(#2187),#2191);
#2187 = LINE('',#2188,#2189);
#2188 = CARTESIAN_POINT('',(0.,0.));
#2189 = VECTOR('',#2190,1.);
#2190 = DIRECTION('',(0.,1.));
#2191 = ( GEOMETRIC_REPRESENTATION_CONTEXT(2) 
PARAMETRIC_REPRESENTATION_CONTEXT() REPRESENTATION_CONTEXT('2D SPACE',''
  ) );
#2192 = ORIENTED_EDGE('',*,*,#2193,.T.);
#2193 = EDGE_CURVE('',#2166,#2194,#2196,.T.);
#2194 = VERTEX_POINT('',#2195);
#2195 = CARTESIAN_POINT('',(-47.3,130.6,5.4));
#2196 = SURFACE_CURVE('',#2197,(#2201,#2208),.PCURVE_S1.);
#2197 = LINE('',#2198,#2199);
#2198 = CARTESIAN_POINT('',(-47.3,119.1,5.4));
#2199 = VECTOR('',#2200,1.);
#2200 = DIRECTION('',(0.,1.,0.));
#2201 = PCURVE('',#2141,#2202);
#2202 = DEFINITIONAL_REPRESENTATION('',(#2203),#2207);
#2203 = LINE('',#2204,#2205);
#2204 = CARTESIAN_POINT('',(0.,0.));
#2205 = VECTOR('',#2206,1.);
#2206 = DIRECTION('',(0.,-1.));
#2207 = ( GEOMETRIC_REPRESENTATION_CONTEXT(2) 
PARAMETRIC_REPRESENTATION_CONTEXT() REPRESENTATION_CONTEXT('2D SPACE',''
  ) );
#2208 = PCURVE('',#2209,#2214);
#2209 = PLANE('',#2210);
#2210 = AXIS2_PLACEMENT_3D('',#2211,#2212,#2213);
#2211 = CARTESIAN_POINT('',(-47.3,119.1,5.4));
#2212 = DIRECTION('',(0.,0.,1.));
#2213 = DIRECTION('',(1.,0.,0.));
#2214 = DEFINITIONAL_REPRESENTATION('',(#2215),#2219);
#2215 = LINE('',#2216,#2217);
#2216 = CARTESIAN_POINT('',(0.,0.));
#2217 = VECTOR('',#2218,1.);
#2218 = DIRECTION('',(0.,1.));
#2219 = ( GEOMETRIC_REPRESENTATION_CONTEXT(2) 
PARAMETRIC_REPRESENTATION_CONTEXT() REPRESENTATION_CONTEXT('2D SPACE',''
  ) );
#2220 = ORIENTED_EDGE('',*,*,#2221,.T.);
#2221 = EDGE_CURVE('',#2194,#2133,#2222,.T.);
#2222 = SURFACE_CURVE('',#2223,(#2227,#2234),.PCURVE_S1.);
#2223 = LINE('',#2224,#2225);
#2224 = CARTESIAN_POINT('',(-47.3,130.6,5.4));
#2225 = VECTOR('',#2226,1.);
#2226 = DIRECTION('',(0.,0.,1.));
#2227 = PCURVE('',#2141,#2228);
#2228 = DEFINITIONAL_REPRESENTATION('',(#2229),#2233);
#2229 = LINE('',#2230,#2231);
#2230 = CARTESIAN_POINT('',(0.,-11.5));
#2231 = VECTOR('',#2232,1.);
#2232 = DIRECTION('',(1.,0.));
#2233 = ( GEOMETRIC_REPRESENTATION_CONTEXT(2) 
PARAMETRIC_REPRESENTATION_CONTEXT() REPRESENTATION_CONTEXT('2D SPACE',''
  ) );
#2234 = PCURVE('',#2235,#2240);
#2235 = CYLINDRICAL_SURFACE('',#2236,1.5);
#2236 = AXIS2_PLACEMENT_3D('',#2237,#2238,#2239);
#2237 = CARTESIAN_POINT('',(-45.8,130.6,5.4));
#2238 = DIRECTION('',(0.,0.,1.));
#2239 = DIRECTION('',(-1.,-0.,0.));
#2240 = DEFINITIONAL_REPRESENTATION('',(#2241),#2245);
#2241 = LINE('',#2242,#2243);
#2242 = CARTESIAN_POINT('',(-0.,0.));
#2243 = VECTOR('',#2244,1.);
#2244 = DIRECTION('',(-0.,1.));
#2245 = ( GEOMETRIC_REPRESENTATION_CONTEXT(2) 
PARAMETRIC_REPRESENTATION_CONTEXT() REPRESENTATION_CONTEXT('2D SPACE',''
  ) );
#2246 = ADVANCED_FACE('',(#2247,#2446),#2153,.T.);
#2247 = FACE_BOUND('',#2248,.T.);
#2248 = EDGE_LOOP('',(#2249,#2250,#2274,#2302,#2335,#2363,#2392,#2420));
#2249 = ORIENTED_EDGE('',*,*,#2130,.F.);
#2250 = ORIENTED_EDGE('',*,*,#2251,.T.);
#2251 = EDGE_CURVE('',#2131,#2252,#2254,.T.);
#2252 = VERTEX_POINT('',#2253);
#2253 = CARTESIAN_POINT('',(-45.8,119.1,5.65));
#2254 = SURFACE_CURVE('',#2255,(#2260,#2267),.PCURVE_S1.);
#2255 = CIRCLE('',#2256,1.5);
#2256 = AXIS2_PLACEMENT_3D('',#2257,#2258,#2259);
#2257 = CARTESIAN_POINT('',(-45.8,120.6,5.65));
#2258 = DIRECTION('',(0.,0.,1.));
#2259 = DIRECTION('',(0.,-1.,0.));
#2260 = PCURVE('',#2153,#2261);
#2261 = DEFINITIONAL_REPRESENTATION('',(#2262),#2266);
#2262 = CIRCLE('',#2263,1.5);
#2263 = AXIS2_PLACEMENT_2D('',#2264,#2265);
#2264 = CARTESIAN_POINT('',(1.5,1.5));
#2265 = DIRECTION('',(0.,-1.));
#2266 = ( GEOMETRIC_REPRESENTATION_CONTEXT(2) 
PARAMETRIC_REPRESENTATION_CONTEXT() REPRESENTATION_CONTEXT('2D SPACE',''
  ) );
#2267 = PCURVE('',#2181,#2268);
#2268 = DEFINITIONAL_REPRESENTATION('',(#2269),#2273);
#2269 = LINE('',#2270,#2271);
#2270 = CARTESIAN_POINT('',(-4.712388980385,0.25));
#2271 = VECTOR('',#2272,1.);
#2272 = DIRECTION('',(1.,0.));
#2273 = ( GEOMETRIC_REPRESENTATION_CONTEXT(2) 
PARAMETRIC_REPRESENTATION_CONTEXT() REPRESENTATION_CONTEXT('2D SPACE',''
  ) );
#2274 = ORIENTED_EDGE('',*,*,#2275,.T.);
#2275 = EDGE_CURVE('',#2252,#2276,#2278,.T.);
#2276 = VERTEX_POINT('',#2277);
#2277 = CARTESIAN_POINT('',(-30.8,119.1,5.65));
#2278 = SURFACE_CURVE('',#2279,(#2283,#2290),.PCURVE_S1.);
#2279 = LINE('',#2280,#2281);
#2280 = CARTESIAN_POINT('',(-47.3,119.1,5.65));
#2281 = VECTOR('',#2282,1.);
#2282 = DIRECTION('',(1.,0.,0.));
#2283 = PCURVE('',#2153,#2284);
#2284 = DEFINITIONAL_REPRESENTATION('',(#2285),#2289);
#2285 = LINE('',#2286,#2287);
#2286 = CARTESIAN_POINT('',(0.,0.));
#2287 = VECTOR('',#2288,1.);
#2288 = DIRECTION('',(1.,0.));
#2289 = ( GEOMETRIC_REPRESENTATION_CONTEXT(2) 
PARAMETRIC_REPRESENTATION_CONTEXT() REPRESENTATION_CONTEXT('2D SPACE',''
  ) );
#2290 = PCURVE('',#2291,#2296);
#2291 = PLANE('',#2292);
#2292 = AXIS2_PLACEMENT_3D('',#2293,#2294,#2295);
#2293 = CARTESIAN_POINT('',(-47.3,119.1,5.4));
#2294 = DIRECTION('',(0.,1.,0.));
#2295 = DIRECTION('',(0.,0.,1.));
#2296 = DEFINITIONAL_REPRESENTATION('',(#2297),#2301);
#2297 = LINE('',#2298,#2299);
#2298 = CARTESIAN_POINT('',(0.25,0.));
#2299 = VECTOR('',#2300,1.);
#2300 = DIRECTION('',(0.,1.));
#2301 = ( GEOMETRIC_REPRESENTATION_CONTEXT(2) 
PARAMETRIC_REPRESENTATION_CONTEXT() REPRESENTATION_CONTEXT('2D SPACE',''
  ) );
#2302 = ORIENTED_EDGE('',*,*,#2303,.F.);
#2303 = EDGE_CURVE('',#2304,#2276,#2306,.T.);
#2304 = VERTEX_POINT('',#2305);
#2305 = CARTESIAN_POINT('',(-29.3,120.6,5.65));
#2306 = SURFACE_CURVE('',#2307,(#2312,#2323),.PCURVE_S1.);
#2307 = CIRCLE('',#2308,1.5);
#2308 = AXIS2_PLACEMENT_3D('',#2309,#2310,#2311);
#2309 = CARTESIAN_POINT('',(-30.8,120.6,5.65));
#2310 = DIRECTION('',(-0.,-0.,-1.));
#2311 = DIRECTION('',(0.,-1.,0.));
#2312 = PCURVE('',#2153,#2313);
#2313 = DEFINITIONAL_REPRESENTATION('',(#2314),#2322);
#2314 = ( BOUNDED_CURVE() B_SPLINE_CURVE(2,(#2315,#2316,#2317,#2318,
#2319,#2320,#2321),.UNSPECIFIED.,.T.,.F.) B_SPLINE_CURVE_WITH_KNOTS((1,2
    ,2,2,2,1),(-2.094395102393,0.,2.094395102393,4.188790204786,
6.28318530718,8.377580409573),.UNSPECIFIED.) CURVE() 
GEOMETRIC_REPRESENTATION_ITEM() RATIONAL_B_SPLINE_CURVE((1.,0.5,1.,0.5,
1.,0.5,1.)) REPRESENTATION_ITEM('') );
#2315 = CARTESIAN_POINT('',(16.5,0.));
#2316 = CARTESIAN_POINT('',(13.901923788647,0.));
#2317 = CARTESIAN_POINT('',(15.200961894323,2.25));
#2318 = CARTESIAN_POINT('',(16.5,4.5));
#2319 = CARTESIAN_POINT('',(17.799038105677,2.25));
#2320 = CARTESIAN_POINT('',(19.098076211353,2.22044604925E-15));
#2321 = CARTESIAN_POINT('',(16.5,0.));
#2322 = ( GEOMETRIC_REPRESENTATION_CONTEXT(2) 
PARAMETRIC_REPRESENTATION_CONTEXT() REPRESENTATION_CONTEXT('2D SPACE',''
  ) );
#2323 = PCURVE('',#2324,#2329);
#2324 = CYLINDRICAL_SURFACE('',#2325,1.5);
#2325 = AXIS2_PLACEMENT_3D('',#2326,#2327,#2328);
#2326 = CARTESIAN_POINT('',(-30.8,120.6,5.4));
#2327 = DIRECTION('',(0.,0.,1.));
#2328 = DIRECTION('',(1.,0.,-0.));
#2329 = DEFINITIONAL_REPRESENTATION('',(#2330),#2334);
#2330 = LINE('',#2331,#2332);
#2331 = CARTESIAN_POINT('',(4.712388980385,0.25));
#2332 = VECTOR('',#2333,1.);
#2333 = DIRECTION('',(-1.,0.));
#2334 = ( GEOMETRIC_REPRESENTATION_CONTEXT(2) 
PARAMETRIC_REPRESENTATION_CONTEXT() REPRESENTATION_CONTEXT('2D SPACE',''
  ) );
#2335 = ORIENTED_EDGE('',*,*,#2336,.T.);
#2336 = EDGE_CURVE('',#2304,#2337,#2339,.T.);
#2337 = VERTEX_POINT('',#2338);
#2338 = CARTESIAN_POINT('',(-29.3,130.6,5.65));
#2339 = SURFACE_CURVE('',#2340,(#2344,#2351),.PCURVE_S1.);
#2340 = LINE('',#2341,#2342);
#2341 = CARTESIAN_POINT('',(-29.3,119.1,5.65));
#2342 = VECTOR('',#2343,1.);
#2343 = DIRECTION('',(0.,1.,0.));
#2344 = PCURVE('',#2153,#2345);
#2345 = DEFINITIONAL_REPRESENTATION('',(#2346),#2350);
#2346 = LINE('',#2347,#2348);
#2347 = CARTESIAN_POINT('',(18.,0.));
#2348 = VECTOR('',#2349,1.);
#2349 = DIRECTION('',(0.,1.));
#2350 = ( GEOMETRIC_REPRESENTATION_CONTEXT(2) 
PARAMETRIC_REPRESENTATION_CONTEXT() REPRESENTATION_CONTEXT('2D SPACE',''
  ) );
#2351 = PCURVE('',#2352,#2357);
#2352 = PLANE('',#2353);
#2353 = AXIS2_PLACEMENT_3D('',#2354,#2355,#2356);
#2354 = CARTESIAN_POINT('',(-29.3,119.1,5.4));
#2355 = DIRECTION('',(1.,0.,0.));
#2356 = DIRECTION('',(0.,0.,1.));
#2357 = DEFINITIONAL_REPRESENTATION('',(#2358),#2362);
#2358 = LINE('',#2359,#2360);
#2359 = CARTESIAN_POINT('',(0.25,0.));
#2360 = VECTOR('',#2361,1.);
#2361 = DIRECTION('',(0.,-1.));
#2362 = ( GEOMETRIC_REPRESENTATION_CONTEXT(2) 
PARAMETRIC_REPRESENTATION_CONTEXT() REPRESENTATION_CONTEXT('2D SPACE',''
  ) );
#2363 = ORIENTED_EDGE('',*,*,#2364,.T.);
#2364 = EDGE_CURVE('',#2337,#2365,#2367,.T.);
#2365 = VERTEX_POINT('',#2366);
#2366 = CARTESIAN_POINT('',(-30.8,132.1,5.65));
#2367 = SURFACE_CURVE('',#2368,(#2373,#2380),.PCURVE_S1.);
#2368 = CIRCLE('',#2369,1.5);
#2369 = AXIS2_PLACEMENT_3D('',#2370,#2371,#2372);
#2370 = CARTESIAN_POINT('',(-30.8,130.6,5.65));
#2371 = DIRECTION('',(0.,0.,1.));
#2372 = DIRECTION('',(0.,-1.,0.));
#2373 = PCURVE('',#2153,#2374);
#2374 = DEFINITIONAL_REPRESENTATION('',(#2375),#2379);
#2375 = CIRCLE('',#2376,1.5);
#2376 = AXIS2_PLACEMENT_2D('',#2377,#2378);
#2377 = CARTESIAN_POINT('',(16.5,11.5));
#2378 = DIRECTION('',(0.,-1.));
#2379 = ( GEOMETRIC_REPRESENTATION_CONTEXT(2) 
PARAMETRIC_REPRESENTATION_CONTEXT() REPRESENTATION_CONTEXT('2D SPACE',''
  ) );
#2380 = PCURVE('',#2381,#2386);
#2381 = CYLINDRICAL_SURFACE('',#2382,1.5);
#2382 = AXIS2_PLACEMENT_3D('',#2383,#2384,#2385);
#2383 = CARTESIAN_POINT('',(-30.8,130.6,5.4));
#2384 = DIRECTION('',(0.,0.,1.));
#2385 = DIRECTION('',(1.,0.,-0.));
#2386 = DEFINITIONAL_REPRESENTATION('',(#2387),#2391);
#2387 = LINE('',#2388,#2389);
#2388 = CARTESIAN_POINT('',(-1.570796326795,0.25));
#2389 = VECTOR('',#2390,1.);
#2390 = DIRECTION('',(1.,0.));
#2391 = ( GEOMETRIC_REPRESENTATION_CONTEXT(2) 
PARAMETRIC_REPRESENTATION_CONTEXT() REPRESENTATION_CONTEXT('2D SPACE',''
  ) );
#2392 = ORIENTED_EDGE('',*,*,#2393,.F.);
#2393 = EDGE_CURVE('',#2394,#2365,#2396,.T.);
#2394 = VERTEX_POINT('',#2395);
#2395 = CARTESIAN_POINT('',(-45.8,132.1,5.65));
#2396 = SURFACE_CURVE('',#2397,(#2401,#2408),.PCURVE_S1.);
#2397 = LINE('',#2398,#2399);
#2398 = CARTESIAN_POINT('',(-47.3,132.1,5.65));
#2399 = VECTOR('',#2400,1.);
#2400 = DIRECTION('',(1.,0.,0.));
#2401 = PCURVE('',#2153,#2402);
#2402 = DEFINITIONAL_REPRESENTATION('',(#2403),#2407);
#2403 = LINE('',#2404,#2405);
#2404 = CARTESIAN_POINT('',(0.,13.));
#2405 = VECTOR('',#2406,1.);
#2406 = DIRECTION('',(1.,0.));
#2407 = ( GEOMETRIC_REPRESENTATION_CONTEXT(2) 
PARAMETRIC_REPRESENTATION_CONTEXT() REPRESENTATION_CONTEXT('2D SPACE',''
  ) );
#2408 = PCURVE('',#2409,#2414);
#2409 = PLANE('',#2410);
#2410 = AXIS2_PLACEMENT_3D('',#2411,#2412,#2413);
#2411 = CARTESIAN_POINT('',(-47.3,132.1,5.4));
#2412 = DIRECTION('',(0.,1.,0.));
#2413 = DIRECTION('',(0.,0.,1.));
#2414 = DEFINITIONAL_REPRESENTATION('',(#2415),#2419);
#2415 = LINE('',#2416,#2417);
#2416 = CARTESIAN_POINT('',(0.25,0.));
#2417 = VECTOR('',#2418,1.);
#2418 = DIRECTION('',(0.,1.));
#2419 = ( GEOMETRIC_REPRESENTATION_CONTEXT(2) 
PARAMETRIC_REPRESENTATION_CONTEXT() REPRESENTATION_CONTEXT('2D SPACE',''
  ) );
#2420 = ORIENTED_EDGE('',*,*,#2421,.F.);
#2421 = EDGE_CURVE('',#2133,#2394,#2422,.T.);
#2422 = SURFACE_CURVE('',#2423,(#2428,#2439),.PCURVE_S1.);
#2423 = CIRCLE('',#2424,1.5);
#2424 = AXIS2_PLACEMENT_3D('',#2425,#2426,#2427);
#2425 = CARTESIAN_POINT('',(-45.8,130.6,5.65));
#2426 = DIRECTION('',(-0.,-0.,-1.));
#2427 = DIRECTION('',(0.,-1.,0.));
#2428 = PCURVE('',#2153,#2429);
#2429 = DEFINITIONAL_REPRESENTATION('',(#2430),#2438);
#2430 = ( BOUNDED_CURVE() B_SPLINE_CURVE(2,(#2431,#2432,#2433,#2434,
#2435,#2436,#2437),.UNSPECIFIED.,.T.,.F.) B_SPLINE_CURVE_WITH_KNOTS((1,2
    ,2,2,2,1),(-2.094395102393,0.,2.094395102393,4.188790204786,
6.28318530718,8.377580409573),.UNSPECIFIED.) CURVE() 
GEOMETRIC_REPRESENTATION_ITEM() RATIONAL_B_SPLINE_CURVE((1.,0.5,1.,0.5,
1.,0.5,1.)) REPRESENTATION_ITEM('') );
#2431 = CARTESIAN_POINT('',(1.5,10.));
#2432 = CARTESIAN_POINT('',(-1.098076211353,10.));
#2433 = CARTESIAN_POINT('',(0.200961894323,12.25));
#2434 = CARTESIAN_POINT('',(1.5,14.5));
#2435 = CARTESIAN_POINT('',(2.799038105677,12.25));
#2436 = CARTESIAN_POINT('',(4.098076211353,10.));
#2437 = CARTESIAN_POINT('',(1.5,10.));
#2438 = ( GEOMETRIC_REPRESENTATION_CONTEXT(2) 
PARAMETRIC_REPRESENTATION_CONTEXT() REPRESENTATION_CONTEXT('2D SPACE',''
  ) );
#2439 = PCURVE('',#2235,#2440);
#2440 = DEFINITIONAL_REPRESENTATION('',(#2441),#2445);
#2441 = LINE('',#2442,#2443);
#2442 = CARTESIAN_POINT('',(1.570796326795,0.25));
#2443 = VECTOR('',#2444,1.);
#2444 = DIRECTION('',(-1.,0.));
#2445 = ( GEOMETRIC_REPRESENTATION_CONTEXT(2) 
PARAMETRIC_REPRESENTATION_CONTEXT() REPRESENTATION_CONTEXT('2D SPACE',''
  ) );
#2446 = FACE_BOUND('',#2447,.T.);
#2447 = EDGE_LOOP('',(#2448,#2479,#2505,#2534,#2560,#2589,#2615,#2644));
#2448 = ORIENTED_EDGE('',*,*,#2449,.F.);
#2449 = EDGE_CURVE('',#2450,#2452,#2454,.T.);
#2450 = VERTEX_POINT('',#2451);
#2451 = CARTESIAN_POINT('',(-45.8,121.4,5.65));
#2452 = VERTEX_POINT('',#2453);
#2453 = CARTESIAN_POINT('',(-45.,120.6,5.65));
#2454 = SURFACE_CURVE('',#2455,(#2460,#2467),.PCURVE_S1.);
#2455 = CIRCLE('',#2456,0.8);
#2456 = AXIS2_PLACEMENT_3D('',#2457,#2458,#2459);
#2457 = CARTESIAN_POINT('',(-45.,121.4,5.65));
#2458 = DIRECTION('',(0.,0.,1.));
#2459 = DIRECTION('',(-1.,-0.,0.));
#2460 = PCURVE('',#2153,#2461);
#2461 = DEFINITIONAL_REPRESENTATION('',(#2462),#2466);
#2462 = CIRCLE('',#2463,0.8);
#2463 = AXIS2_PLACEMENT_2D('',#2464,#2465);
#2464 = CARTESIAN_POINT('',(2.3,2.3));
#2465 = DIRECTION('',(-1.,0.));
#2466 = ( GEOMETRIC_REPRESENTATION_CONTEXT(2) 
PARAMETRIC_REPRESENTATION_CONTEXT() REPRESENTATION_CONTEXT('2D SPACE',''
  ) );
#2467 = PCURVE('',#2468,#2473);
#2468 = CYLINDRICAL_SURFACE('',#2469,0.8);
#2469 = AXIS2_PLACEMENT_3D('',#2470,#2471,#2472);
#2470 = CARTESIAN_POINT('',(-45.,121.4,5.3));
#2471 = DIRECTION('',(0.,0.,1.));
#2472 = DIRECTION('',(-1.,-0.,0.));
#2473 = DEFINITIONAL_REPRESENTATION('',(#2474),#2478);
#2474 = LINE('',#2475,#2476);
#2475 = CARTESIAN_POINT('',(0.,0.35));
#2476 = VECTOR('',#2477,1.);
#2477 = DIRECTION('',(1.,0.));
#2478 = ( GEOMETRIC_REPRESENTATION_CONTEXT(2) 
PARAMETRIC_REPRESENTATION_CONTEXT() REPRESENTATION_CONTEXT('2D SPACE',''
  ) );
#2479 = ORIENTED_EDGE('',*,*,#2480,.T.);
#2480 = EDGE_CURVE('',#2450,#2481,#2483,.T.);
#2481 = VERTEX_POINT('',#2482);
#2482 = CARTESIAN_POINT('',(-45.8,129.8,5.65));
#2483 = SURFACE_CURVE('',#2484,(#2488,#2494),.PCURVE_S1.);
#2484 = LINE('',#2485,#2486);
#2485 = CARTESIAN_POINT('',(-45.8,119.85,5.65));
#2486 = VECTOR('',#2487,1.);
#2487 = DIRECTION('',(0.,1.,0.));
#2488 = PCURVE('',#2153,#2489);
#2489 = DEFINITIONAL_REPRESENTATION('',(#2490),#2493);
#2490 = B_SPLINE_CURVE_WITH_KNOTS('',1,(#2491,#2492),.UNSPECIFIED.,.F.,
  .F.,(2,2),(1.55,9.95),.PIECEWISE_BEZIER_KNOTS.);
#2491 = CARTESIAN_POINT('',(1.5,2.3));
#2492 = CARTESIAN_POINT('',(1.5,10.7));
#2493 = ( GEOMETRIC_REPRESENTATION_CONTEXT(2) 
PARAMETRIC_REPRESENTATION_CONTEXT() REPRESENTATION_CONTEXT('2D SPACE',''
  ) );
#2494 = PCURVE('',#2495,#2500);
#2495 = PLANE('',#2496);
#2496 = AXIS2_PLACEMENT_3D('',#2497,#2498,#2499);
#2497 = CARTESIAN_POINT('',(-45.8,120.6,5.3));
#2498 = DIRECTION('',(1.,0.,0.));
#2499 = DIRECTION('',(0.,0.,1.));
#2500 = DEFINITIONAL_REPRESENTATION('',(#2501),#2504);
#2501 = B_SPLINE_CURVE_WITH_KNOTS('',1,(#2502,#2503),.UNSPECIFIED.,.F.,
  .F.,(2,2),(1.55,9.95),.PIECEWISE_BEZIER_KNOTS.);
#2502 = CARTESIAN_POINT('',(0.35,-0.8));
#2503 = CARTESIAN_POINT('',(0.35,-9.2));
#2504 = ( GEOMETRIC_REPRESENTATION_CONTEXT(2) 
PARAMETRIC_REPRESENTATION_CONTEXT() REPRESENTATION_CONTEXT('2D SPACE',''
  ) );
#2505 = ORIENTED_EDGE('',*,*,#2506,.F.);
#2506 = EDGE_CURVE('',#2507,#2481,#2509,.T.);
#2507 = VERTEX_POINT('',#2508);
#2508 = CARTESIAN_POINT('',(-45.,130.6,5.65));
#2509 = SURFACE_CURVE('',#2510,(#2515,#2522),.PCURVE_S1.);
#2510 = CIRCLE('',#2511,0.8);
#2511 = AXIS2_PLACEMENT_3D('',#2512,#2513,#2514);
#2512 = CARTESIAN_POINT('',(-45.,129.8,5.65));
#2513 = DIRECTION('',(0.,0.,1.));
#2514 = DIRECTION('',(-1.,-0.,0.));
#2515 = PCURVE('',#2153,#2516);
#2516 = DEFINITIONAL_REPRESENTATION('',(#2517),#2521);
#2517 = CIRCLE('',#2518,0.8);
#2518 = AXIS2_PLACEMENT_2D('',#2519,#2520);
#2519 = CARTESIAN_POINT('',(2.3,10.7));
#2520 = DIRECTION('',(-1.,0.));
#2521 = ( GEOMETRIC_REPRESENTATION_CONTEXT(2) 
PARAMETRIC_REPRESENTATION_CONTEXT() REPRESENTATION_CONTEXT('2D SPACE',''
  ) );
#2522 = PCURVE('',#2523,#2528);
#2523 = CYLINDRICAL_SURFACE('',#2524,0.8);
#2524 = AXIS2_PLACEMENT_3D('',#2525,#2526,#2527);
#2525 = CARTESIAN_POINT('',(-45.,129.8,5.3));
#2526 = DIRECTION('',(0.,0.,1.));
#2527 = DIRECTION('',(-1.,-0.,0.));
#2528 = DEFINITIONAL_REPRESENTATION('',(#2529),#2533);
#2529 = LINE('',#2530,#2531);
#2530 = CARTESIAN_POINT('',(-6.28318530718,0.35));
#2531 = VECTOR('',#2532,1.);
#2532 = DIRECTION('',(1.,-0.));
#2533 = ( GEOMETRIC_REPRESENTATION_CONTEXT(2) 
PARAMETRIC_REPRESENTATION_CONTEXT() REPRESENTATION_CONTEXT('2D SPACE',''
  ) );
#2534 = ORIENTED_EDGE('',*,*,#2535,.F.);
#2535 = EDGE_CURVE('',#2536,#2507,#2538,.T.);
#2536 = VERTEX_POINT('',#2537);
#2537 = CARTESIAN_POINT('',(-31.6,130.6,5.65));
#2538 = SURFACE_CURVE('',#2539,(#2543,#2549),.PCURVE_S1.);
#2539 = LINE('',#2540,#2541);
#2540 = CARTESIAN_POINT('',(-46.55,130.6,5.65));
#2541 = VECTOR('',#2542,1.);
#2542 = DIRECTION('',(-1.,0.,0.));
#2543 = PCURVE('',#2153,#2544);
#2544 = DEFINITIONAL_REPRESENTATION('',(#2545),#2548);
#2545 = B_SPLINE_CURVE_WITH_KNOTS('',1,(#2546,#2547),.UNSPECIFIED.,.F.,
  .F.,(2,2),(-14.95,-1.55),.PIECEWISE_BEZIER_KNOTS.);
#2546 = CARTESIAN_POINT('',(15.7,11.5));
#2547 = CARTESIAN_POINT('',(2.3,11.5));
#2548 = ( GEOMETRIC_REPRESENTATION_CONTEXT(2) 
PARAMETRIC_REPRESENTATION_CONTEXT() REPRESENTATION_CONTEXT('2D SPACE',''
  ) );
#2549 = PCURVE('',#2550,#2555);
#2550 = PLANE('',#2551);
#2551 = AXIS2_PLACEMENT_3D('',#2552,#2553,#2554);
#2552 = CARTESIAN_POINT('',(-45.8,130.6,5.3));
#2553 = DIRECTION('',(0.,1.,0.));
#2554 = DIRECTION('',(0.,0.,1.));
#2555 = DEFINITIONAL_REPRESENTATION('',(#2556),#2559);
#2556 = B_SPLINE_CURVE_WITH_KNOTS('',1,(#2557,#2558),.UNSPECIFIED.,.F.,
  .F.,(2,2),(-14.95,-1.55),.PIECEWISE_BEZIER_KNOTS.);
#2557 = CARTESIAN_POINT('',(0.35,14.2));
#2558 = CARTESIAN_POINT('',(0.35,0.8));
#2559 = ( GEOMETRIC_REPRESENTATION_CONTEXT(2) 
PARAMETRIC_REPRESENTATION_CONTEXT() REPRESENTATION_CONTEXT('2D SPACE',''
  ) );
#2560 = ORIENTED_EDGE('',*,*,#2561,.F.);
#2561 = EDGE_CURVE('',#2562,#2536,#2564,.T.);
#2562 = VERTEX_POINT('',#2563);
#2563 = CARTESIAN_POINT('',(-30.8,129.8,5.65));
#2564 = SURFACE_CURVE('',#2565,(#2570,#2577),.PCURVE_S1.);
#2565 = CIRCLE('',#2566,0.8);
#2566 = AXIS2_PLACEMENT_3D('',#2567,#2568,#2569);
#2567 = CARTESIAN_POINT('',(-31.6,129.8,5.65));
#2568 = DIRECTION('',(0.,0.,1.));
#2569 = DIRECTION('',(1.,0.,-0.));
#2570 = PCURVE('',#2153,#2571);
#2571 = DEFINITIONAL_REPRESENTATION('',(#2572),#2576);
#2572 = CIRCLE('',#2573,0.8);
#2573 = AXIS2_PLACEMENT_2D('',#2574,#2575);
#2574 = CARTESIAN_POINT('',(15.7,10.7));
#2575 = DIRECTION('',(1.,0.));
#2576 = ( GEOMETRIC_REPRESENTATION_CONTEXT(2) 
PARAMETRIC_REPRESENTATION_CONTEXT() REPRESENTATION_CONTEXT('2D SPACE',''
  ) );
#2577 = PCURVE('',#2578,#2583);
#2578 = CYLINDRICAL_SURFACE('',#2579,0.8);
#2579 = AXIS2_PLACEMENT_3D('',#2580,#2581,#2582);
#2580 = CARTESIAN_POINT('',(-31.6,129.8,5.3));
#2581 = DIRECTION('',(0.,0.,1.));
#2582 = DIRECTION('',(1.,0.,-0.));
#2583 = DEFINITIONAL_REPRESENTATION('',(#2584),#2588);
#2584 = LINE('',#2585,#2586);
#2585 = CARTESIAN_POINT('',(0.,0.35));
#2586 = VECTOR('',#2587,1.);
#2587 = DIRECTION('',(1.,0.));
#2588 = ( GEOMETRIC_REPRESENTATION_CONTEXT(2) 
PARAMETRIC_REPRESENTATION_CONTEXT() REPRESENTATION_CONTEXT('2D SPACE',''
  ) );
#2589 = ORIENTED_EDGE('',*,*,#2590,.F.);
#2590 = EDGE_CURVE('',#2591,#2562,#2593,.T.);
#2591 = VERTEX_POINT('',#2592);
#2592 = CARTESIAN_POINT('',(-30.8,121.4,5.65));
#2593 = SURFACE_CURVE('',#2594,(#2598,#2604),.PCURVE_S1.);
#2594 = LINE('',#2595,#2596);
#2595 = CARTESIAN_POINT('',(-30.8,119.85,5.65));
#2596 = VECTOR('',#2597,1.);
#2597 = DIRECTION('',(0.,1.,0.));
#2598 = PCURVE('',#2153,#2599);
#2599 = DEFINITIONAL_REPRESENTATION('',(#2600),#2603);
#2600 = B_SPLINE_CURVE_WITH_KNOTS('',1,(#2601,#2602),.UNSPECIFIED.,.F.,
  .F.,(2,2),(1.55,9.95),.PIECEWISE_BEZIER_KNOTS.);
#2601 = CARTESIAN_POINT('',(16.5,2.3));
#2602 = CARTESIAN_POINT('',(16.5,10.7));
#2603 = ( GEOMETRIC_REPRESENTATION_CONTEXT(2) 
PARAMETRIC_REPRESENTATION_CONTEXT() REPRESENTATION_CONTEXT('2D SPACE',''
  ) );
#2604 = PCURVE('',#2605,#2610);
#2605 = PLANE('',#2606);
#2606 = AXIS2_PLACEMENT_3D('',#2607,#2608,#2609);
#2607 = CARTESIAN_POINT('',(-30.8,120.6,5.3));
#2608 = DIRECTION('',(1.,0.,0.));
#2609 = DIRECTION('',(0.,0.,1.));
#2610 = DEFINITIONAL_REPRESENTATION('',(#2611),#2614);
#2611 = B_SPLINE_CURVE_WITH_KNOTS('',1,(#2612,#2613),.UNSPECIFIED.,.F.,
  .F.,(2,2),(1.55,9.95),.PIECEWISE_BEZIER_KNOTS.);
#2612 = CARTESIAN_POINT('',(0.35,-0.8));
#2613 = CARTESIAN_POINT('',(0.35,-9.2));
#2614 = ( GEOMETRIC_REPRESENTATION_CONTEXT(2) 
PARAMETRIC_REPRESENTATION_CONTEXT() REPRESENTATION_CONTEXT('2D SPACE',''
  ) );
#2615 = ORIENTED_EDGE('',*,*,#2616,.F.);
#2616 = EDGE_CURVE('',#2617,#2591,#2619,.T.);
#2617 = VERTEX_POINT('',#2618);
#2618 = CARTESIAN_POINT('',(-31.6,120.6,5.65));
#2619 = SURFACE_CURVE('',#2620,(#2625,#2632),.PCURVE_S1.);
#2620 = CIRCLE('',#2621,0.8);
#2621 = AXIS2_PLACEMENT_3D('',#2622,#2623,#2624);
#2622 = CARTESIAN_POINT('',(-31.6,121.4,5.65));
#2623 = DIRECTION('',(0.,0.,1.));
#2624 = DIRECTION('',(1.,0.,-0.));
#2625 = PCURVE('',#2153,#2626);
#2626 = DEFINITIONAL_REPRESENTATION('',(#2627),#2631);
#2627 = CIRCLE('',#2628,0.8);
#2628 = AXIS2_PLACEMENT_2D('',#2629,#2630);
#2629 = CARTESIAN_POINT('',(15.7,2.3));
#2630 = DIRECTION('',(1.,0.));
#2631 = ( GEOMETRIC_REPRESENTATION_CONTEXT(2) 
PARAMETRIC_REPRESENTATION_CONTEXT() REPRESENTATION_CONTEXT('2D SPACE',''
  ) );
#2632 = PCURVE('',#2633,#2638);
#2633 = CYLINDRICAL_SURFACE('',#2634,0.8);
#2634 = AXIS2_PLACEMENT_3D('',#2635,#2636,#2637);
#2635 = CARTESIAN_POINT('',(-31.6,121.4,5.3));
#2636 = DIRECTION('',(0.,0.,1.));
#2637 = DIRECTION('',(1.,0.,-0.));
#2638 = DEFINITIONAL_REPRESENTATION('',(#2639),#2643);
#2639 = LINE('',#2640,#2641);
#2640 = CARTESIAN_POINT('',(-6.28318530718,0.35));
#2641 = VECTOR('',#2642,1.);
#2642 = DIRECTION('',(1.,-0.));
#2643 = ( GEOMETRIC_REPRESENTATION_CONTEXT(2) 
PARAMETRIC_REPRESENTATION_CONTEXT() REPRESENTATION_CONTEXT('2D SPACE',''
  ) );
#2644 = ORIENTED_EDGE('',*,*,#2645,.T.);
#2645 = EDGE_CURVE('',#2617,#2452,#2646,.T.);
#2646 = SURFACE_CURVE('',#2647,(#2651,#2657),.PCURVE_S1.);
#2647 = LINE('',#2648,#2649);
#2648 = CARTESIAN_POINT('',(-46.55,120.6,5.65));
#2649 = VECTOR('',#2650,1.);
#2650 = DIRECTION('',(-1.,0.,0.));
#2651 = PCURVE('',#2153,#2652);
#2652 = DEFINITIONAL_REPRESENTATION('',(#2653),#2656);
#2653 = B_SPLINE_CURVE_WITH_KNOTS('',1,(#2654,#2655),.UNSPECIFIED.,.F.,
  .F.,(2,2),(-14.95,-1.55),.PIECEWISE_BEZIER_KNOTS.);
#2654 = CARTESIAN_POINT('',(15.7,1.5));
#2655 = CARTESIAN_POINT('',(2.3,1.5));
#2656 = ( GEOMETRIC_REPRESENTATION_CONTEXT(2) 
PARAMETRIC_REPRESENTATION_CONTEXT() REPRESENTATION_CONTEXT('2D SPACE',''
  ) );
#2657 = PCURVE('',#2658,#2663);
#2658 = PLANE('',#2659);
#2659 = AXIS2_PLACEMENT_3D('',#2660,#2661,#2662);
#2660 = CARTESIAN_POINT('',(-45.8,120.6,5.3));
#2661 = DIRECTION('',(0.,1.,0.));
#2662 = DIRECTION('',(0.,0.,1.));
#2663 = DEFINITIONAL_REPRESENTATION('',(#2664),#2667);
#2664 = B_SPLINE_CURVE_WITH_KNOTS('',1,(#2665,#2666),.UNSPECIFIED.,.F.,
  .F.,(2,2),(-14.95,-1.55),.PIECEWISE_BEZIER_KNOTS.);
#2665 = CARTESIAN_POINT('',(0.35,14.2));
#2666 = CARTESIAN_POINT('',(0.35,0.8));
#2667 = ( GEOMETRIC_REPRESENTATION_CONTEXT(2) 
PARAMETRIC_REPRESENTATION_CONTEXT() REPRESENTATION_CONTEXT('2D SPACE',''
  ) );
#2668 = ADVANCED_FACE('',(#2669),#2181,.T.);
#2669 = FACE_BOUND('',#2670,.T.);
#2670 = EDGE_LOOP('',(#2671,#2695,#2716,#2717));
#2671 = ORIENTED_EDGE('',*,*,#2672,.T.);
#2672 = EDGE_CURVE('',#2166,#2673,#2675,.T.);
#2673 = VERTEX_POINT('',#2674);
#2674 = CARTESIAN_POINT('',(-45.8,119.1,5.4));
#2675 = SURFACE_CURVE('',#2676,(#2681,#2688),.PCURVE_S1.);
#2676 = CIRCLE('',#2677,1.5);
#2677 = AXIS2_PLACEMENT_3D('',#2678,#2679,#2680);
#2678 = CARTESIAN_POINT('',(-45.8,120.6,5.4));
#2679 = DIRECTION('',(0.,0.,1.));
#2680 = DIRECTION('',(0.,-1.,0.));
#2681 = PCURVE('',#2181,#2682);
#2682 = DEFINITIONAL_REPRESENTATION('',(#2683),#2687);
#2683 = LINE('',#2684,#2685);
#2684 = CARTESIAN_POINT('',(-4.712388980385,0.));
#2685 = VECTOR('',#2686,1.);
#2686 = DIRECTION('',(1.,0.));
#2687 = ( GEOMETRIC_REPRESENTATION_CONTEXT(2) 
PARAMETRIC_REPRESENTATION_CONTEXT() REPRESENTATION_CONTEXT('2D SPACE',''
  ) );
#2688 = PCURVE('',#2209,#2689);
#2689 = DEFINITIONAL_REPRESENTATION('',(#2690),#2694);
#2690 = CIRCLE('',#2691,1.5);
#2691 = AXIS2_PLACEMENT_2D('',#2692,#2693);
#2692 = CARTESIAN_POINT('',(1.5,1.5));
#2693 = DIRECTION('',(0.,-1.));
#2694 = ( GEOMETRIC_REPRESENTATION_CONTEXT(2) 
PARAMETRIC_REPRESENTATION_CONTEXT() REPRESENTATION_CONTEXT('2D SPACE',''
  ) );
#2695 = ORIENTED_EDGE('',*,*,#2696,.T.);
#2696 = EDGE_CURVE('',#2673,#2252,#2697,.T.);
#2697 = SURFACE_CURVE('',#2698,(#2702,#2709),.PCURVE_S1.);
#2698 = LINE('',#2699,#2700);
#2699 = CARTESIAN_POINT('',(-45.8,119.1,5.4));
#2700 = VECTOR('',#2701,1.);
#2701 = DIRECTION('',(0.,0.,1.));
#2702 = PCURVE('',#2181,#2703);
#2703 = DEFINITIONAL_REPRESENTATION('',(#2704),#2708);
#2704 = LINE('',#2705,#2706);
#2705 = CARTESIAN_POINT('',(1.570796326795,0.));
#2706 = VECTOR('',#2707,1.);
#2707 = DIRECTION('',(0.,1.));
#2708 = ( GEOMETRIC_REPRESENTATION_CONTEXT(2) 
PARAMETRIC_REPRESENTATION_CONTEXT() REPRESENTATION_CONTEXT('2D SPACE',''
  ) );
#2709 = PCURVE('',#2291,#2710);
#2710 = DEFINITIONAL_REPRESENTATION('',(#2711),#2715);
#2711 = LINE('',#2712,#2713);
#2712 = CARTESIAN_POINT('',(0.,1.5));
#2713 = VECTOR('',#2714,1.);
#2714 = DIRECTION('',(1.,0.));
#2715 = ( GEOMETRIC_REPRESENTATION_CONTEXT(2) 
PARAMETRIC_REPRESENTATION_CONTEXT() REPRESENTATION_CONTEXT('2D SPACE',''
  ) );
#2716 = ORIENTED_EDGE('',*,*,#2251,.F.);
#2717 = ORIENTED_EDGE('',*,*,#2165,.F.);
#2718 = ADVANCED_FACE('',(#2719),#2235,.T.);
#2719 = FACE_BOUND('',#2720,.F.);
#2720 = EDGE_LOOP('',(#2721,#2749,#2770,#2771));
#2721 = ORIENTED_EDGE('',*,*,#2722,.T.);
#2722 = EDGE_CURVE('',#2194,#2723,#2725,.T.);
#2723 = VERTEX_POINT('',#2724);
#2724 = CARTESIAN_POINT('',(-45.8,132.1,5.4));
#2725 = SURFACE_CURVE('',#2726,(#2731,#2738),.PCURVE_S1.);
#2726 = CIRCLE('',#2727,1.5);
#2727 = AXIS2_PLACEMENT_3D('',#2728,#2729,#2730);
#2728 = CARTESIAN_POINT('',(-45.8,130.6,5.4));
#2729 = DIRECTION('',(-0.,-0.,-1.));
#2730 = DIRECTION('',(0.,-1.,0.));
#2731 = PCURVE('',#2235,#2732);
#2732 = DEFINITIONAL_REPRESENTATION('',(#2733),#2737);
#2733 = LINE('',#2734,#2735);
#2734 = CARTESIAN_POINT('',(1.570796326795,-0.));
#2735 = VECTOR('',#2736,1.);
#2736 = DIRECTION('',(-1.,0.));
#2737 = ( GEOMETRIC_REPRESENTATION_CONTEXT(2) 
PARAMETRIC_REPRESENTATION_CONTEXT() REPRESENTATION_CONTEXT('2D SPACE',''
  ) );
#2738 = PCURVE('',#2209,#2739);
#2739 = DEFINITIONAL_REPRESENTATION('',(#2740),#2748);
#2740 = ( BOUNDED_CURVE() B_SPLINE_CURVE(2,(#2741,#2742,#2743,#2744,
#2745,#2746,#2747),.UNSPECIFIED.,.T.,.F.) B_SPLINE_CURVE_WITH_KNOTS((1,2
    ,2,2,2,1),(-2.094395102393,0.,2.094395102393,4.188790204786,
6.28318530718,8.377580409573),.UNSPECIFIED.) CURVE() 
GEOMETRIC_REPRESENTATION_ITEM() RATIONAL_B_SPLINE_CURVE((1.,0.5,1.,0.5,
1.,0.5,1.)) REPRESENTATION_ITEM('') );
#2741 = CARTESIAN_POINT('',(1.5,10.));
#2742 = CARTESIAN_POINT('',(-1.098076211353,10.));
#2743 = CARTESIAN_POINT('',(0.200961894323,12.25));
#2744 = CARTESIAN_POINT('',(1.5,14.5));
#2745 = CARTESIAN_POINT('',(2.799038105677,12.25));
#2746 = CARTESIAN_POINT('',(4.098076211353,10.));
#2747 = CARTESIAN_POINT('',(1.5,10.));
#2748 = ( GEOMETRIC_REPRESENTATION_CONTEXT(2) 
PARAMETRIC_REPRESENTATION_CONTEXT() REPRESENTATION_CONTEXT('2D SPACE',''
  ) );
#2749 = ORIENTED_EDGE('',*,*,#2750,.T.);
#2750 = EDGE_CURVE('',#2723,#2394,#2751,.T.);
#2751 = SURFACE_CURVE('',#2752,(#2756,#2763),.PCURVE_S1.);
#2752 = LINE('',#2753,#2754);
#2753 = CARTESIAN_POINT('',(-45.8,132.1,5.4));
#2754 = VECTOR('',#2755,1.);
#2755 = DIRECTION('',(0.,0.,1.));
#2756 = PCURVE('',#2235,#2757);
#2757 = DEFINITIONAL_REPRESENTATION('',(#2758),#2762);
#2758 = LINE('',#2759,#2760);
#2759 = CARTESIAN_POINT('',(-1.570796326795,0.));
#2760 = VECTOR('',#2761,1.);
#2761 = DIRECTION('',(-0.,1.));
#2762 = ( GEOMETRIC_REPRESENTATION_CONTEXT(2) 
PARAMETRIC_REPRESENTATION_CONTEXT() REPRESENTATION_CONTEXT('2D SPACE',''
  ) );
#2763 = PCURVE('',#2409,#2764);
#2764 = DEFINITIONAL_REPRESENTATION('',(#2765),#2769);
#2765 = LINE('',#2766,#2767);
#2766 = CARTESIAN_POINT('',(0.,1.5));
#2767 = VECTOR('',#2768,1.);
#2768 = DIRECTION('',(1.,0.));
#2769 = ( GEOMETRIC_REPRESENTATION_CONTEXT(2) 
PARAMETRIC_REPRESENTATION_CONTEXT() REPRESENTATION_CONTEXT('2D SPACE',''
  ) );
#2770 = ORIENTED_EDGE('',*,*,#2421,.F.);
#2771 = ORIENTED_EDGE('',*,*,#2221,.F.);
#2772 = ADVANCED_FACE('',(#2773,#2897),#2209,.F.);
#2773 = FACE_BOUND('',#2774,.F.);
#2774 = EDGE_LOOP('',(#2775,#2776,#2777,#2800,#2828,#2851,#2875,#2896));
#2775 = ORIENTED_EDGE('',*,*,#2193,.F.);
#2776 = ORIENTED_EDGE('',*,*,#2672,.T.);
#2777 = ORIENTED_EDGE('',*,*,#2778,.T.);
#2778 = EDGE_CURVE('',#2673,#2779,#2781,.T.);
#2779 = VERTEX_POINT('',#2780);
#2780 = CARTESIAN_POINT('',(-30.8,119.1,5.4));
#2781 = SURFACE_CURVE('',#2782,(#2786,#2793),.PCURVE_S1.);
#2782 = LINE('',#2783,#2784);
#2783 = CARTESIAN_POINT('',(-47.3,119.1,5.4));
#2784 = VECTOR('',#2785,1.);
#2785 = DIRECTION('',(1.,0.,0.));
#2786 = PCURVE('',#2209,#2787);
#2787 = DEFINITIONAL_REPRESENTATION('',(#2788),#2792);
#2788 = LINE('',#2789,#2790);
#2789 = CARTESIAN_POINT('',(0.,0.));
#2790 = VECTOR('',#2791,1.);
#2791 = DIRECTION('',(1.,0.));
#2792 = ( GEOMETRIC_REPRESENTATION_CONTEXT(2) 
PARAMETRIC_REPRESENTATION_CONTEXT() REPRESENTATION_CONTEXT('2D SPACE',''
  ) );
#2793 = PCURVE('',#2291,#2794);
#2794 = DEFINITIONAL_REPRESENTATION('',(#2795),#2799);
#2795 = LINE('',#2796,#2797);
#2796 = CARTESIAN_POINT('',(0.,0.));
#2797 = VECTOR('',#2798,1.);
#2798 = DIRECTION('',(0.,1.));
#2799 = ( GEOMETRIC_REPRESENTATION_CONTEXT(2) 
PARAMETRIC_REPRESENTATION_CONTEXT() REPRESENTATION_CONTEXT('2D SPACE',''
  ) );
#2800 = ORIENTED_EDGE('',*,*,#2801,.F.);
#2801 = EDGE_CURVE('',#2802,#2779,#2804,.T.);
#2802 = VERTEX_POINT('',#2803);
#2803 = CARTESIAN_POINT('',(-29.3,120.6,5.4));
#2804 = SURFACE_CURVE('',#2805,(#2810,#2821),.PCURVE_S1.);
#2805 = CIRCLE('',#2806,1.5);
#2806 = AXIS2_PLACEMENT_3D('',#2807,#2808,#2809);
#2807 = CARTESIAN_POINT('',(-30.8,120.6,5.4));
#2808 = DIRECTION('',(-0.,-0.,-1.));
#2809 = DIRECTION('',(0.,-1.,0.));
#2810 = PCURVE('',#2209,#2811);
#2811 = DEFINITIONAL_REPRESENTATION('',(#2812),#2820);
#2812 = ( BOUNDED_CURVE() B_SPLINE_CURVE(2,(#2813,#2814,#2815,#2816,
#2817,#2818,#2819),.UNSPECIFIED.,.T.,.F.) B_SPLINE_CURVE_WITH_KNOTS((1,2
    ,2,2,2,1),(-2.094395102393,0.,2.094395102393,4.188790204786,
6.28318530718,8.377580409573),.UNSPECIFIED.) CURVE() 
GEOMETRIC_REPRESENTATION_ITEM() RATIONAL_B_SPLINE_CURVE((1.,0.5,1.,0.5,
1.,0.5,1.)) REPRESENTATION_ITEM('') );
#2813 = CARTESIAN_POINT('',(16.5,0.));
#2814 = CARTESIAN_POINT('',(13.901923788647,0.));
#2815 = CARTESIAN_POINT('',(15.200961894323,2.25));
#2816 = CARTESIAN_POINT('',(16.5,4.5));
#2817 = CARTESIAN_POINT('',(17.799038105677,2.25));
#2818 = CARTESIAN_POINT('',(19.098076211353,2.22044604925E-15));
#2819 = CARTESIAN_POINT('',(16.5,0.));
#2820 = ( GEOMETRIC_REPRESENTATION_CONTEXT(2) 
PARAMETRIC_REPRESENTATION_CONTEXT() REPRESENTATION_CONTEXT('2D SPACE',''
  ) );
#2821 = PCURVE('',#2324,#2822);
#2822 = DEFINITIONAL_REPRESENTATION('',(#2823),#2827);
#2823 = LINE('',#2824,#2825);
#2824 = CARTESIAN_POINT('',(4.712388980385,-0.));
#2825 = VECTOR('',#2826,1.);
#2826 = DIRECTION('',(-1.,0.));
#2827 = ( GEOMETRIC_REPRESENTATION_CONTEXT(2) 
PARAMETRIC_REPRESENTATION_CONTEXT() REPRESENTATION_CONTEXT('2D SPACE',''
  ) );
#2828 = ORIENTED_EDGE('',*,*,#2829,.T.);
#2829 = EDGE_CURVE('',#2802,#2830,#2832,.T.);
#2830 = VERTEX_POINT('',#2831);
#2831 = CARTESIAN_POINT('',(-29.3,130.6,5.4));
#2832 = SURFACE_CURVE('',#2833,(#2837,#2844),.PCURVE_S1.);
#2833 = LINE('',#2834,#2835);
#2834 = CARTESIAN_POINT('',(-29.3,119.1,5.4));
#2835 = VECTOR('',#2836,1.);
#2836 = DIRECTION('',(0.,1.,0.));
#2837 = PCURVE('',#2209,#2838);
#2838 = DEFINITIONAL_REPRESENTATION('',(#2839),#2843);
#2839 = LINE('',#2840,#2841);
#2840 = CARTESIAN_POINT('',(18.,0.));
#2841 = VECTOR('',#2842,1.);
#2842 = DIRECTION('',(0.,1.));
#2843 = ( GEOMETRIC_REPRESENTATION_CONTEXT(2) 
PARAMETRIC_REPRESENTATION_CONTEXT() REPRESENTATION_CONTEXT('2D SPACE',''
  ) );
#2844 = PCURVE('',#2352,#2845);
#2845 = DEFINITIONAL_REPRESENTATION('',(#2846),#2850);
#2846 = LINE('',#2847,#2848);
#2847 = CARTESIAN_POINT('',(0.,0.));
#2848 = VECTOR('',#2849,1.);
#2849 = DIRECTION('',(0.,-1.));
#2850 = ( GEOMETRIC_REPRESENTATION_CONTEXT(2) 
PARAMETRIC_REPRESENTATION_CONTEXT() REPRESENTATION_CONTEXT('2D SPACE',''
  ) );
#2851 = ORIENTED_EDGE('',*,*,#2852,.T.);
#2852 = EDGE_CURVE('',#2830,#2853,#2855,.T.);
#2853 = VERTEX_POINT('',#2854);
#2854 = CARTESIAN_POINT('',(-30.8,132.1,5.4));
#2855 = SURFACE_CURVE('',#2856,(#2861,#2868),.PCURVE_S1.);
#2856 = CIRCLE('',#2857,1.5);
#2857 = AXIS2_PLACEMENT_3D('',#2858,#2859,#2860);
#2858 = CARTESIAN_POINT('',(-30.8,130.6,5.4));
#2859 = DIRECTION('',(0.,0.,1.));
#2860 = DIRECTION('',(0.,-1.,0.));
#2861 = PCURVE('',#2209,#2862);
#2862 = DEFINITIONAL_REPRESENTATION('',(#2863),#2867);
#2863 = CIRCLE('',#2864,1.5);
#2864 = AXIS2_PLACEMENT_2D('',#2865,#2866);
#2865 = CARTESIAN_POINT('',(16.5,11.5));
#2866 = DIRECTION('',(0.,-1.));
#2867 = ( GEOMETRIC_REPRESENTATION_CONTEXT(2) 
PARAMETRIC_REPRESENTATION_CONTEXT() REPRESENTATION_CONTEXT('2D SPACE',''
  ) );
#2868 = PCURVE('',#2381,#2869);
#2869 = DEFINITIONAL_REPRESENTATION('',(#2870),#2874);
#2870 = LINE('',#2871,#2872);
#2871 = CARTESIAN_POINT('',(-1.570796326795,0.));
#2872 = VECTOR('',#2873,1.);
#2873 = DIRECTION('',(1.,0.));
#2874 = ( GEOMETRIC_REPRESENTATION_CONTEXT(2) 
PARAMETRIC_REPRESENTATION_CONTEXT() REPRESENTATION_CONTEXT('2D SPACE',''
  ) );
#2875 = ORIENTED_EDGE('',*,*,#2876,.F.);
#2876 = EDGE_CURVE('',#2723,#2853,#2877,.T.);
#2877 = SURFACE_CURVE('',#2878,(#2882,#2889),.PCURVE_S1.);
#2878 = LINE('',#2879,#2880);
#2879 = CARTESIAN_POINT('',(-47.3,132.1,5.4));
#2880 = VECTOR('',#2881,1.);
#2881 = DIRECTION('',(1.,0.,0.));
#2882 = PCURVE('',#2209,#2883);
#2883 = DEFINITIONAL_REPRESENTATION('',(#2884),#2888);
#2884 = LINE('',#2885,#2886);
#2885 = CARTESIAN_POINT('',(0.,13.));
#2886 = VECTOR('',#2887,1.);
#2887 = DIRECTION('',(1.,0.));
#2888 = ( GEOMETRIC_REPRESENTATION_CONTEXT(2) 
PARAMETRIC_REPRESENTATION_CONTEXT() REPRESENTATION_CONTEXT('2D SPACE',''
  ) );
#2889 = PCURVE('',#2409,#2890);
#2890 = DEFINITIONAL_REPRESENTATION('',(#2891),#2895);
#2891 = LINE('',#2892,#2893);
#2892 = CARTESIAN_POINT('',(0.,0.));
#2893 = VECTOR('',#2894,1.);
#2894 = DIRECTION('',(0.,1.));
#2895 = ( GEOMETRIC_REPRESENTATION_CONTEXT(2) 
PARAMETRIC_REPRESENTATION_CONTEXT() REPRESENTATION_CONTEXT('2D SPACE',''
  ) );
#2896 = ORIENTED_EDGE('',*,*,#2722,.F.);
#2897 = FACE_BOUND('',#2898,.F.);
#2898 = EDGE_LOOP('',(#2899,#2925,#2946,#2970,#2991,#3015,#3036,#3060));
#2899 = ORIENTED_EDGE('',*,*,#2900,.F.);
#2900 = EDGE_CURVE('',#2901,#2903,#2905,.T.);
#2901 = VERTEX_POINT('',#2902);
#2902 = CARTESIAN_POINT('',(-45.8,121.4,5.4));
#2903 = VERTEX_POINT('',#2904);
#2904 = CARTESIAN_POINT('',(-45.,120.6,5.4));
#2905 = SURFACE_CURVE('',#2906,(#2911,#2918),.PCURVE_S1.);
#2906 = CIRCLE('',#2907,0.8);
#2907 = AXIS2_PLACEMENT_3D('',#2908,#2909,#2910);
#2908 = CARTESIAN_POINT('',(-45.,121.4,5.4));
#2909 = DIRECTION('',(0.,0.,1.));
#2910 = DIRECTION('',(-1.,-0.,0.));
#2911 = PCURVE('',#2209,#2912);
#2912 = DEFINITIONAL_REPRESENTATION('',(#2913),#2917);
#2913 = CIRCLE('',#2914,0.8);
#2914 = AXIS2_PLACEMENT_2D('',#2915,#2916);
#2915 = CARTESIAN_POINT('',(2.3,2.3));
#2916 = DIRECTION('',(-1.,0.));
#2917 = ( GEOMETRIC_REPRESENTATION_CONTEXT(2) 
PARAMETRIC_REPRESENTATION_CONTEXT() REPRESENTATION_CONTEXT('2D SPACE',''
  ) );
#2918 = PCURVE('',#2468,#2919);
#2919 = DEFINITIONAL_REPRESENTATION('',(#2920),#2924);
#2920 = LINE('',#2921,#2922);
#2921 = CARTESIAN_POINT('',(0.,1.E-01));
#2922 = VECTOR('',#2923,1.);
#2923 = DIRECTION('',(1.,0.));
#2924 = ( GEOMETRIC_REPRESENTATION_CONTEXT(2) 
PARAMETRIC_REPRESENTATION_CONTEXT() REPRESENTATION_CONTEXT('2D SPACE',''
  ) );
#2925 = ORIENTED_EDGE('',*,*,#2926,.T.);
#2926 = EDGE_CURVE('',#2901,#2927,#2929,.T.);
#2927 = VERTEX_POINT('',#2928);
#2928 = CARTESIAN_POINT('',(-45.8,129.8,5.4));
#2929 = SURFACE_CURVE('',#2930,(#2934,#2940),.PCURVE_S1.);
#2930 = LINE('',#2931,#2932);
#2931 = CARTESIAN_POINT('',(-45.8,119.85,5.4));
#2932 = VECTOR('',#2933,1.);
#2933 = DIRECTION('',(0.,1.,0.));
#2934 = PCURVE('',#2209,#2935);
#2935 = DEFINITIONAL_REPRESENTATION('',(#2936),#2939);
#2936 = B_SPLINE_CURVE_WITH_KNOTS('',1,(#2937,#2938),.UNSPECIFIED.,.F.,
  .F.,(2,2),(1.55,9.95),.PIECEWISE_BEZIER_KNOTS.);
#2937 = CARTESIAN_POINT('',(1.5,2.3));
#2938 = CARTESIAN_POINT('',(1.5,10.7));
#2939 = ( GEOMETRIC_REPRESENTATION_CONTEXT(2) 
PARAMETRIC_REPRESENTATION_CONTEXT() REPRESENTATION_CONTEXT('2D SPACE',''
  ) );
#2940 = PCURVE('',#2495,#2941);
#2941 = DEFINITIONAL_REPRESENTATION('',(#2942),#2945);
#2942 = B_SPLINE_CURVE_WITH_KNOTS('',1,(#2943,#2944),.UNSPECIFIED.,.F.,
  .F.,(2,2),(1.55,9.95),.PIECEWISE_BEZIER_KNOTS.);
#2943 = CARTESIAN_POINT('',(1.E-01,-0.8));
#2944 = CARTESIAN_POINT('',(1.E-01,-9.2));
#2945 = ( GEOMETRIC_REPRESENTATION_CONTEXT(2) 
PARAMETRIC_REPRESENTATION_CONTEXT() REPRESENTATION_CONTEXT('2D SPACE',''
  ) );
#2946 = ORIENTED_EDGE('',*,*,#2947,.F.);
#2947 = EDGE_CURVE('',#2948,#2927,#2950,.T.);
#2948 = VERTEX_POINT('',#2949);
#2949 = CARTESIAN_POINT('',(-45.,130.6,5.4));
#2950 = SURFACE_CURVE('',#2951,(#2956,#2963),.PCURVE_S1.);
#2951 = CIRCLE('',#2952,0.8);
#2952 = AXIS2_PLACEMENT_3D('',#2953,#2954,#2955);
#2953 = CARTESIAN_POINT('',(-45.,129.8,5.4));
#2954 = DIRECTION('',(0.,0.,1.));
#2955 = DIRECTION('',(-1.,-0.,0.));
#2956 = PCURVE('',#2209,#2957);
#2957 = DEFINITIONAL_REPRESENTATION('',(#2958),#2962);
#2958 = CIRCLE('',#2959,0.8);
#2959 = AXIS2_PLACEMENT_2D('',#2960,#2961);
#2960 = CARTESIAN_POINT('',(2.3,10.7));
#2961 = DIRECTION('',(-1.,0.));
#2962 = ( GEOMETRIC_REPRESENTATION_CONTEXT(2) 
PARAMETRIC_REPRESENTATION_CONTEXT() REPRESENTATION_CONTEXT('2D SPACE',''
  ) );
#2963 = PCURVE('',#2523,#2964);
#2964 = DEFINITIONAL_REPRESENTATION('',(#2965),#2969);
#2965 = LINE('',#2966,#2967);
#2966 = CARTESIAN_POINT('',(-6.28318530718,1.E-01));
#2967 = VECTOR('',#2968,1.);
#2968 = DIRECTION('',(1.,-0.));
#2969 = ( GEOMETRIC_REPRESENTATION_CONTEXT(2) 
PARAMETRIC_REPRESENTATION_CONTEXT() REPRESENTATION_CONTEXT('2D SPACE',''
  ) );
#2970 = ORIENTED_EDGE('',*,*,#2971,.F.);
#2971 = EDGE_CURVE('',#2972,#2948,#2974,.T.);
#2972 = VERTEX_POINT('',#2973);
#2973 = CARTESIAN_POINT('',(-31.6,130.6,5.4));
#2974 = SURFACE_CURVE('',#2975,(#2979,#2985),.PCURVE_S1.);
#2975 = LINE('',#2976,#2977);
#2976 = CARTESIAN_POINT('',(-46.55,130.6,5.4));
#2977 = VECTOR('',#2978,1.);
#2978 = DIRECTION('',(-1.,0.,0.));
#2979 = PCURVE('',#2209,#2980);
#2980 = DEFINITIONAL_REPRESENTATION('',(#2981),#2984);
#2981 = B_SPLINE_CURVE_WITH_KNOTS('',1,(#2982,#2983),.UNSPECIFIED.,.F.,
  .F.,(2,2),(-14.95,-1.55),.PIECEWISE_BEZIER_KNOTS.);
#2982 = CARTESIAN_POINT('',(15.7,11.5));
#2983 = CARTESIAN_POINT('',(2.3,11.5));
#2984 = ( GEOMETRIC_REPRESENTATION_CONTEXT(2) 
PARAMETRIC_REPRESENTATION_CONTEXT() REPRESENTATION_CONTEXT('2D SPACE',''
  ) );
#2985 = PCURVE('',#2550,#2986);
#2986 = DEFINITIONAL_REPRESENTATION('',(#2987),#2990);
#2987 = B_SPLINE_CURVE_WITH_KNOTS('',1,(#2988,#2989),.UNSPECIFIED.,.F.,
  .F.,(2,2),(-14.95,-1.55),.PIECEWISE_BEZIER_KNOTS.);
#2988 = CARTESIAN_POINT('',(1.E-01,14.2));
#2989 = CARTESIAN_POINT('',(1.E-01,0.8));
#2990 = ( GEOMETRIC_REPRESENTATION_CONTEXT(2) 
PARAMETRIC_REPRESENTATION_CONTEXT() REPRESENTATION_CONTEXT('2D SPACE',''
  ) );
#2991 = ORIENTED_EDGE('',*,*,#2992,.F.);
#2992 = EDGE_CURVE('',#2993,#2972,#2995,.T.);
#2993 = VERTEX_POINT('',#2994);
#2994 = CARTESIAN_POINT('',(-30.8,129.8,5.4));
#2995 = SURFACE_CURVE('',#2996,(#3001,#3008),.PCURVE_S1.);
#2996 = CIRCLE('',#2997,0.8);
#2997 = AXIS2_PLACEMENT_3D('',#2998,#2999,#3000);
#2998 = CARTESIAN_POINT('',(-31.6,129.8,5.4));
#2999 = DIRECTION('',(0.,0.,1.));
#3000 = DIRECTION('',(1.,0.,-0.));
#3001 = PCURVE('',#2209,#3002);
#3002 = DEFINITIONAL_REPRESENTATION('',(#3003),#3007);
#3003 = CIRCLE('',#3004,0.8);
#3004 = AXIS2_PLACEMENT_2D('',#3005,#3006);
#3005 = CARTESIAN_POINT('',(15.7,10.7));
#3006 = DIRECTION('',(1.,0.));
#3007 = ( GEOMETRIC_REPRESENTATION_CONTEXT(2) 
PARAMETRIC_REPRESENTATION_CONTEXT() REPRESENTATION_CONTEXT('2D SPACE',''
  ) );
#3008 = PCURVE('',#2578,#3009);
#3009 = DEFINITIONAL_REPRESENTATION('',(#3010),#3014);
#3010 = LINE('',#3011,#3012);
#3011 = CARTESIAN_POINT('',(0.,1.E-01));
#3012 = VECTOR('',#3013,1.);
#3013 = DIRECTION('',(1.,0.));
#3014 = ( GEOMETRIC_REPRESENTATION_CONTEXT(2) 
PARAMETRIC_REPRESENTATION_CONTEXT() REPRESENTATION_CONTEXT('2D SPACE',''
  ) );
#3015 = ORIENTED_EDGE('',*,*,#3016,.F.);
#3016 = EDGE_CURVE('',#3017,#2993,#3019,.T.);
#3017 = VERTEX_POINT('',#3018);
#3018 = CARTESIAN_POINT('',(-30.8,121.4,5.4));
#3019 = SURFACE_CURVE('',#3020,(#3024,#3030),.PCURVE_S1.);
#3020 = LINE('',#3021,#3022);
#3021 = CARTESIAN_POINT('',(-30.8,119.85,5.4));
#3022 = VECTOR('',#3023,1.);
#3023 = DIRECTION('',(0.,1.,0.));
#3024 = PCURVE('',#2209,#3025);
#3025 = DEFINITIONAL_REPRESENTATION('',(#3026),#3029);
#3026 = B_SPLINE_CURVE_WITH_KNOTS('',1,(#3027,#3028),.UNSPECIFIED.,.F.,
  .F.,(2,2),(1.55,9.95),.PIECEWISE_BEZIER_KNOTS.);
#3027 = CARTESIAN_POINT('',(16.5,2.3));
#3028 = CARTESIAN_POINT('',(16.5,10.7));
#3029 = ( GEOMETRIC_REPRESENTATION_CONTEXT(2) 
PARAMETRIC_REPRESENTATION_CONTEXT() REPRESENTATION_CONTEXT('2D SPACE',''
  ) );
#3030 = PCURVE('',#2605,#3031);
#3031 = DEFINITIONAL_REPRESENTATION('',(#3032),#3035);
#3032 = B_SPLINE_CURVE_WITH_KNOTS('',1,(#3033,#3034),.UNSPECIFIED.,.F.,
  .F.,(2,2),(1.55,9.95),.PIECEWISE_BEZIER_KNOTS.);
#3033 = CARTESIAN_POINT('',(1.E-01,-0.8));
#3034 = CARTESIAN_POINT('',(1.E-01,-9.2));
#3035 = ( GEOMETRIC_REPRESENTATION_CONTEXT(2) 
PARAMETRIC_REPRESENTATION_CONTEXT() REPRESENTATION_CONTEXT('2D SPACE',''
  ) );
#3036 = ORIENTED_EDGE('',*,*,#3037,.F.);
#3037 = EDGE_CURVE('',#3038,#3017,#3040,.T.);
#3038 = VERTEX_POINT('',#3039);
#3039 = CARTESIAN_POINT('',(-31.6,120.6,5.4));
#3040 = SURFACE_CURVE('',#3041,(#3046,#3053),.PCURVE_S1.);
#3041 = CIRCLE('',#3042,0.8);
#3042 = AXIS2_PLACEMENT_3D('',#3043,#3044,#3045);
#3043 = CARTESIAN_POINT('',(-31.6,121.4,5.4));
#3044 = DIRECTION('',(0.,0.,1.));
#3045 = DIRECTION('',(1.,0.,-0.));
#3046 = PCURVE('',#2209,#3047);
#3047 = DEFINITIONAL_REPRESENTATION('',(#3048),#3052);
#3048 = CIRCLE('',#3049,0.8);
#3049 = AXIS2_PLACEMENT_2D('',#3050,#3051);
#3050 = CARTESIAN_POINT('',(15.7,2.3));
#3051 = DIRECTION('',(1.,0.));
#3052 = ( GEOMETRIC_REPRESENTATION_CONTEXT(2) 
PARAMETRIC_REPRESENTATION_CONTEXT() REPRESENTATION_CONTEXT('2D SPACE',''
  ) );
#3053 = PCURVE('',#2633,#3054);
#3054 = DEFINITIONAL_REPRESENTATION('',(#3055),#3059);
#3055 = LINE('',#3056,#3057);
#3056 = CARTESIAN_POINT('',(-6.28318530718,1.E-01));
#3057 = VECTOR('',#3058,1.);
#3058 = DIRECTION('',(1.,-0.));
#3059 = ( GEOMETRIC_REPRESENTATION_CONTEXT(2) 
PARAMETRIC_REPRESENTATION_CONTEXT() REPRESENTATION_CONTEXT('2D SPACE',''
  ) );
#3060 = ORIENTED_EDGE('',*,*,#3061,.T.);
#3061 = EDGE_CURVE('',#3038,#2903,#3062,.T.);
#3062 = SURFACE_CURVE('',#3063,(#3067,#3073),.PCURVE_S1.);
#3063 = LINE('',#3064,#3065);
#3064 = CARTESIAN_POINT('',(-46.55,120.6,5.4));
#3065 = VECTOR('',#3066,1.);
#3066 = DIRECTION('',(-1.,0.,0.));
#3067 = PCURVE('',#2209,#3068);
#3068 = DEFINITIONAL_REPRESENTATION('',(#3069),#3072);
#3069 = B_SPLINE_CURVE_WITH_KNOTS('',1,(#3070,#3071),.UNSPECIFIED.,.F.,
  .F.,(2,2),(-14.95,-1.55),.PIECEWISE_BEZIER_KNOTS.);
#3070 = CARTESIAN_POINT('',(15.7,1.5));
#3071 = CARTESIAN_POINT('',(2.3,1.5));
#3072 = ( GEOMETRIC_REPRESENTATION_CONTEXT(2) 
PARAMETRIC_REPRESENTATION_CONTEXT() REPRESENTATION_CONTEXT('2D SPACE',''
  ) );
#3073 = PCURVE('',#2658,#3074);
#3074 = DEFINITIONAL_REPRESENTATION('',(#3075),#3078);
#3075 = B_SPLINE_CURVE_WITH_KNOTS('',1,(#3076,#3077),.UNSPECIFIED.,.F.,
  .F.,(2,2),(-14.95,-1.55),.PIECEWISE_BEZIER_KNOTS.);
#3076 = CARTESIAN_POINT('',(1.E-01,14.2));
#3077 = CARTESIAN_POINT('',(1.E-01,0.8));
#3078 = ( GEOMETRIC_REPRESENTATION_CONTEXT(2) 
PARAMETRIC_REPRESENTATION_CONTEXT() REPRESENTATION_CONTEXT('2D SPACE',''
  ) );
#3079 = ADVANCED_FACE('',(#3080),#2291,.F.);
#3080 = FACE_BOUND('',#3081,.F.);
#3081 = EDGE_LOOP('',(#3082,#3083,#3084,#3085));
#3082 = ORIENTED_EDGE('',*,*,#2778,.F.);
#3083 = ORIENTED_EDGE('',*,*,#2696,.T.);
#3084 = ORIENTED_EDGE('',*,*,#2275,.T.);
#3085 = ORIENTED_EDGE('',*,*,#3086,.F.);
#3086 = EDGE_CURVE('',#2779,#2276,#3087,.T.);
#3087 = SURFACE_CURVE('',#3088,(#3092,#3099),.PCURVE_S1.);
#3088 = LINE('',#3089,#3090);
#3089 = CARTESIAN_POINT('',(-30.8,119.1,5.4));
#3090 = VECTOR('',#3091,1.);
#3091 = DIRECTION('',(0.,0.,1.));
#3092 = PCURVE('',#2291,#3093);
#3093 = DEFINITIONAL_REPRESENTATION('',(#3094),#3098);
#3094 = LINE('',#3095,#3096);
#3095 = CARTESIAN_POINT('',(0.,16.5));
#3096 = VECTOR('',#3097,1.);
#3097 = DIRECTION('',(1.,0.));
#3098 = ( GEOMETRIC_REPRESENTATION_CONTEXT(2) 
PARAMETRIC_REPRESENTATION_CONTEXT() REPRESENTATION_CONTEXT('2D SPACE',''
  ) );
#3099 = PCURVE('',#2324,#3100);
#3100 = DEFINITIONAL_REPRESENTATION('',(#3101),#3105);
#3101 = LINE('',#3102,#3103);
#3102 = CARTESIAN_POINT('',(-1.570796326795,0.));
#3103 = VECTOR('',#3104,1.);
#3104 = DIRECTION('',(-0.,1.));
#3105 = ( GEOMETRIC_REPRESENTATION_CONTEXT(2) 
PARAMETRIC_REPRESENTATION_CONTEXT() REPRESENTATION_CONTEXT('2D SPACE',''
  ) );
#3106 = ADVANCED_FACE('',(#3107),#2409,.T.);
#3107 = FACE_BOUND('',#3108,.T.);
#3108 = EDGE_LOOP('',(#3109,#3110,#3111,#3112));
#3109 = ORIENTED_EDGE('',*,*,#2876,.F.);
#3110 = ORIENTED_EDGE('',*,*,#2750,.T.);
#3111 = ORIENTED_EDGE('',*,*,#2393,.T.);
#3112 = ORIENTED_EDGE('',*,*,#3113,.F.);
#3113 = EDGE_CURVE('',#2853,#2365,#3114,.T.);
#3114 = SURFACE_CURVE('',#3115,(#3119,#3126),.PCURVE_S1.);
#3115 = LINE('',#3116,#3117);
#3116 = CARTESIAN_POINT('',(-30.8,132.1,5.4));
#3117 = VECTOR('',#3118,1.);
#3118 = DIRECTION('',(0.,0.,1.));
#3119 = PCURVE('',#2409,#3120);
#3120 = DEFINITIONAL_REPRESENTATION('',(#3121),#3125);
#3121 = LINE('',#3122,#3123);
#3122 = CARTESIAN_POINT('',(0.,16.5));
#3123 = VECTOR('',#3124,1.);
#3124 = DIRECTION('',(1.,0.));
#3125 = ( GEOMETRIC_REPRESENTATION_CONTEXT(2) 
PARAMETRIC_REPRESENTATION_CONTEXT() REPRESENTATION_CONTEXT('2D SPACE',''
  ) );
#3126 = PCURVE('',#2381,#3127);
#3127 = DEFINITIONAL_REPRESENTATION('',(#3128),#3132);
#3128 = LINE('',#3129,#3130);
#3129 = CARTESIAN_POINT('',(1.570796326795,0.));
#3130 = VECTOR('',#3131,1.);
#3131 = DIRECTION('',(0.,1.));
#3132 = ( GEOMETRIC_REPRESENTATION_CONTEXT(2) 
PARAMETRIC_REPRESENTATION_CONTEXT() REPRESENTATION_CONTEXT('2D SPACE',''
  ) );
#3133 = ADVANCED_FACE('',(#3134),#2324,.T.);
#3134 = FACE_BOUND('',#3135,.F.);
#3135 = EDGE_LOOP('',(#3136,#3137,#3138,#3139));
#3136 = ORIENTED_EDGE('',*,*,#2801,.T.);
#3137 = ORIENTED_EDGE('',*,*,#3086,.T.);
#3138 = ORIENTED_EDGE('',*,*,#2303,.F.);
#3139 = ORIENTED_EDGE('',*,*,#3140,.F.);
#3140 = EDGE_CURVE('',#2802,#2304,#3141,.T.);
#3141 = SURFACE_CURVE('',#3142,(#3146,#3153),.PCURVE_S1.);
#3142 = LINE('',#3143,#3144);
#3143 = CARTESIAN_POINT('',(-29.3,120.6,5.4));
#3144 = VECTOR('',#3145,1.);
#3145 = DIRECTION('',(0.,0.,1.));
#3146 = PCURVE('',#2324,#3147);
#3147 = DEFINITIONAL_REPRESENTATION('',(#3148),#3152);
#3148 = LINE('',#3149,#3150);
#3149 = CARTESIAN_POINT('',(-0.,0.));
#3150 = VECTOR('',#3151,1.);
#3151 = DIRECTION('',(-0.,1.));
#3152 = ( GEOMETRIC_REPRESENTATION_CONTEXT(2) 
PARAMETRIC_REPRESENTATION_CONTEXT() REPRESENTATION_CONTEXT('2D SPACE',''
  ) );
#3153 = PCURVE('',#2352,#3154);
#3154 = DEFINITIONAL_REPRESENTATION('',(#3155),#3159);
#3155 = LINE('',#3156,#3157);
#3156 = CARTESIAN_POINT('',(0.,-1.5));
#3157 = VECTOR('',#3158,1.);
#3158 = DIRECTION('',(1.,0.));
#3159 = ( GEOMETRIC_REPRESENTATION_CONTEXT(2) 
PARAMETRIC_REPRESENTATION_CONTEXT() REPRESENTATION_CONTEXT('2D SPACE',''
  ) );
#3160 = ADVANCED_FACE('',(#3161),#2381,.T.);
#3161 = FACE_BOUND('',#3162,.T.);
#3162 = EDGE_LOOP('',(#3163,#3164,#3165,#3166));
#3163 = ORIENTED_EDGE('',*,*,#2852,.T.);
#3164 = ORIENTED_EDGE('',*,*,#3113,.T.);
#3165 = ORIENTED_EDGE('',*,*,#2364,.F.);
#3166 = ORIENTED_EDGE('',*,*,#3167,.F.);
#3167 = EDGE_CURVE('',#2830,#2337,#3168,.T.);
#3168 = SURFACE_CURVE('',#3169,(#3173,#3180),.PCURVE_S1.);
#3169 = LINE('',#3170,#3171);
#3170 = CARTESIAN_POINT('',(-29.3,130.6,5.4));
#3171 = VECTOR('',#3172,1.);
#3172 = DIRECTION('',(0.,0.,1.));
#3173 = PCURVE('',#2381,#3174);
#3174 = DEFINITIONAL_REPRESENTATION('',(#3175),#3179);
#3175 = LINE('',#3176,#3177);
#3176 = CARTESIAN_POINT('',(0.,0.));
#3177 = VECTOR('',#3178,1.);
#3178 = DIRECTION('',(0.,1.));
#3179 = ( GEOMETRIC_REPRESENTATION_CONTEXT(2) 
PARAMETRIC_REPRESENTATION_CONTEXT() REPRESENTATION_CONTEXT('2D SPACE',''
  ) );
#3180 = PCURVE('',#2352,#3181);
#3181 = DEFINITIONAL_REPRESENTATION('',(#3182),#3186);
#3182 = LINE('',#3183,#3184);
#3183 = CARTESIAN_POINT('',(0.,-11.5));
#3184 = VECTOR('',#3185,1.);
#3185 = DIRECTION('',(1.,0.));
#3186 = ( GEOMETRIC_REPRESENTATION_CONTEXT(2) 
PARAMETRIC_REPRESENTATION_CONTEXT() REPRESENTATION_CONTEXT('2D SPACE',''
  ) );
#3187 = ADVANCED_FACE('',(#3188),#2352,.T.);
#3188 = FACE_BOUND('',#3189,.T.);
#3189 = EDGE_LOOP('',(#3190,#3191,#3192,#3193));
#3190 = ORIENTED_EDGE('',*,*,#2336,.F.);
#3191 = ORIENTED_EDGE('',*,*,#3140,.F.);
#3192 = ORIENTED_EDGE('',*,*,#2829,.T.);
#3193 = ORIENTED_EDGE('',*,*,#3167,.T.);
#3194 = ADVANCED_FACE('',(#3195),#2468,.F.);
#3195 = FACE_BOUND('',#3196,.F.);
#3196 = EDGE_LOOP('',(#3197,#3218,#3219,#3240));
#3197 = ORIENTED_EDGE('',*,*,#3198,.F.);
#3198 = EDGE_CURVE('',#2901,#2450,#3199,.T.);
#3199 = SURFACE_CURVE('',#3200,(#3204,#3211),.PCURVE_S1.);
#3200 = LINE('',#3201,#3202);
#3201 = CARTESIAN_POINT('',(-45.8,121.4,5.3));
#3202 = VECTOR('',#3203,1.);
#3203 = DIRECTION('',(0.,0.,1.));
#3204 = PCURVE('',#2468,#3205);
#3205 = DEFINITIONAL_REPRESENTATION('',(#3206),#3210);
#3206 = LINE('',#3207,#3208);
#3207 = CARTESIAN_POINT('',(0.,0.));
#3208 = VECTOR('',#3209,1.);
#3209 = DIRECTION('',(0.,1.));
#3210 = ( GEOMETRIC_REPRESENTATION_CONTEXT(2) 
PARAMETRIC_REPRESENTATION_CONTEXT() REPRESENTATION_CONTEXT('2D SPACE',''
  ) );
#3211 = PCURVE('',#2495,#3212);
#3212 = DEFINITIONAL_REPRESENTATION('',(#3213),#3217);
#3213 = LINE('',#3214,#3215);
#3214 = CARTESIAN_POINT('',(0.,-0.8));
#3215 = VECTOR('',#3216,1.);
#3216 = DIRECTION('',(1.,0.));
#3217 = ( GEOMETRIC_REPRESENTATION_CONTEXT(2) 
PARAMETRIC_REPRESENTATION_CONTEXT() REPRESENTATION_CONTEXT('2D SPACE',''
  ) );
#3218 = ORIENTED_EDGE('',*,*,#2900,.T.);
#3219 = ORIENTED_EDGE('',*,*,#3220,.T.);
#3220 = EDGE_CURVE('',#2903,#2452,#3221,.T.);
#3221 = SURFACE_CURVE('',#3222,(#3226,#3233),.PCURVE_S1.);
#3222 = LINE('',#3223,#3224);
#3223 = CARTESIAN_POINT('',(-45.,120.6,5.3));
#3224 = VECTOR('',#3225,1.);
#3225 = DIRECTION('',(0.,0.,1.));
#3226 = PCURVE('',#2468,#3227);
#3227 = DEFINITIONAL_REPRESENTATION('',(#3228),#3232);
#3228 = LINE('',#3229,#3230);
#3229 = CARTESIAN_POINT('',(1.570796326795,0.));
#3230 = VECTOR('',#3231,1.);
#3231 = DIRECTION('',(0.,1.));
#3232 = ( GEOMETRIC_REPRESENTATION_CONTEXT(2) 
PARAMETRIC_REPRESENTATION_CONTEXT() REPRESENTATION_CONTEXT('2D SPACE',''
  ) );
#3233 = PCURVE('',#2658,#3234);
#3234 = DEFINITIONAL_REPRESENTATION('',(#3235),#3239);
#3235 = LINE('',#3236,#3237);
#3236 = CARTESIAN_POINT('',(0.,0.8));
#3237 = VECTOR('',#3238,1.);
#3238 = DIRECTION('',(1.,0.));
#3239 = ( GEOMETRIC_REPRESENTATION_CONTEXT(2) 
PARAMETRIC_REPRESENTATION_CONTEXT() REPRESENTATION_CONTEXT('2D SPACE',''
  ) );
#3240 = ORIENTED_EDGE('',*,*,#2449,.F.);
#3241 = ADVANCED_FACE('',(#3242),#2658,.T.);
#3242 = FACE_BOUND('',#3243,.T.);
#3243 = EDGE_LOOP('',(#3244,#3245,#3246,#3247));
#3244 = ORIENTED_EDGE('',*,*,#3061,.T.);
#3245 = ORIENTED_EDGE('',*,*,#3220,.T.);
#3246 = ORIENTED_EDGE('',*,*,#2645,.F.);
#3247 = ORIENTED_EDGE('',*,*,#3248,.F.);
#3248 = EDGE_CURVE('',#3038,#2617,#3249,.T.);
#3249 = SURFACE_CURVE('',#3250,(#3254,#3261),.PCURVE_S1.);
#3250 = LINE('',#3251,#3252);
#3251 = CARTESIAN_POINT('',(-31.6,120.6,5.3));
#3252 = VECTOR('',#3253,1.);
#3253 = DIRECTION('',(0.,0.,1.));
#3254 = PCURVE('',#2658,#3255);
#3255 = DEFINITIONAL_REPRESENTATION('',(#3256),#3260);
#3256 = LINE('',#3257,#3258);
#3257 = CARTESIAN_POINT('',(0.,14.2));
#3258 = VECTOR('',#3259,1.);
#3259 = DIRECTION('',(1.,0.));
#3260 = ( GEOMETRIC_REPRESENTATION_CONTEXT(2) 
PARAMETRIC_REPRESENTATION_CONTEXT() REPRESENTATION_CONTEXT('2D SPACE',''
  ) );
#3261 = PCURVE('',#2633,#3262);
#3262 = DEFINITIONAL_REPRESENTATION('',(#3263),#3267);
#3263 = LINE('',#3264,#3265);
#3264 = CARTESIAN_POINT('',(-1.570796326795,0.));
#3265 = VECTOR('',#3266,1.);
#3266 = DIRECTION('',(-0.,1.));
#3267 = ( GEOMETRIC_REPRESENTATION_CONTEXT(2) 
PARAMETRIC_REPRESENTATION_CONTEXT() REPRESENTATION_CONTEXT('2D SPACE',''
  ) );
#3268 = ADVANCED_FACE('',(#3269),#2633,.F.);
#3269 = FACE_BOUND('',#3270,.T.);
#3270 = EDGE_LOOP('',(#3271,#3292,#3293,#3294));
#3271 = ORIENTED_EDGE('',*,*,#3272,.F.);
#3272 = EDGE_CURVE('',#3017,#2591,#3273,.T.);
#3273 = SURFACE_CURVE('',#3274,(#3278,#3285),.PCURVE_S1.);
#3274 = LINE('',#3275,#3276);
#3275 = CARTESIAN_POINT('',(-30.8,121.4,5.3));
#3276 = VECTOR('',#3277,1.);
#3277 = DIRECTION('',(0.,0.,1.));
#3278 = PCURVE('',#2633,#3279);
#3279 = DEFINITIONAL_REPRESENTATION('',(#3280),#3284);
#3280 = LINE('',#3281,#3282);
#3281 = CARTESIAN_POINT('',(-0.,0.));
#3282 = VECTOR('',#3283,1.);
#3283 = DIRECTION('',(-0.,1.));
#3284 = ( GEOMETRIC_REPRESENTATION_CONTEXT(2) 
PARAMETRIC_REPRESENTATION_CONTEXT() REPRESENTATION_CONTEXT('2D SPACE',''
  ) );
#3285 = PCURVE('',#2605,#3286);
#3286 = DEFINITIONAL_REPRESENTATION('',(#3287),#3291);
#3287 = LINE('',#3288,#3289);
#3288 = CARTESIAN_POINT('',(0.,-0.8));
#3289 = VECTOR('',#3290,1.);
#3290 = DIRECTION('',(1.,0.));
#3291 = ( GEOMETRIC_REPRESENTATION_CONTEXT(2) 
PARAMETRIC_REPRESENTATION_CONTEXT() REPRESENTATION_CONTEXT('2D SPACE',''
  ) );
#3292 = ORIENTED_EDGE('',*,*,#3037,.F.);
#3293 = ORIENTED_EDGE('',*,*,#3248,.T.);
#3294 = ORIENTED_EDGE('',*,*,#2616,.T.);
#3295 = ADVANCED_FACE('',(#3296),#2605,.F.);
#3296 = FACE_BOUND('',#3297,.F.);
#3297 = EDGE_LOOP('',(#3298,#3299,#3300,#3301));
#3298 = ORIENTED_EDGE('',*,*,#2590,.F.);
#3299 = ORIENTED_EDGE('',*,*,#3272,.F.);
#3300 = ORIENTED_EDGE('',*,*,#3016,.T.);
#3301 = ORIENTED_EDGE('',*,*,#3302,.T.);
#3302 = EDGE_CURVE('',#2993,#2562,#3303,.T.);
#3303 = SURFACE_CURVE('',#3304,(#3308,#3315),.PCURVE_S1.);
#3304 = LINE('',#3305,#3306);
#3305 = CARTESIAN_POINT('',(-30.8,129.8,5.3));
#3306 = VECTOR('',#3307,1.);
#3307 = DIRECTION('',(0.,0.,1.));
#3308 = PCURVE('',#2605,#3309);
#3309 = DEFINITIONAL_REPRESENTATION('',(#3310),#3314);
#3310 = LINE('',#3311,#3312);
#3311 = CARTESIAN_POINT('',(0.,-9.2));
#3312 = VECTOR('',#3313,1.);
#3313 = DIRECTION('',(1.,0.));
#3314 = ( GEOMETRIC_REPRESENTATION_CONTEXT(2) 
PARAMETRIC_REPRESENTATION_CONTEXT() REPRESENTATION_CONTEXT('2D SPACE',''
  ) );
#3315 = PCURVE('',#2578,#3316);
#3316 = DEFINITIONAL_REPRESENTATION('',(#3317),#3321);
#3317 = LINE('',#3318,#3319);
#3318 = CARTESIAN_POINT('',(0.,0.));
#3319 = VECTOR('',#3320,1.);
#3320 = DIRECTION('',(0.,1.));
#3321 = ( GEOMETRIC_REPRESENTATION_CONTEXT(2) 
PARAMETRIC_REPRESENTATION_CONTEXT() REPRESENTATION_CONTEXT('2D SPACE',''
  ) );
#3322 = ADVANCED_FACE('',(#3323),#2578,.F.);
#3323 = FACE_BOUND('',#3324,.F.);
#3324 = EDGE_LOOP('',(#3325,#3326,#3327,#3348));
#3325 = ORIENTED_EDGE('',*,*,#3302,.F.);
#3326 = ORIENTED_EDGE('',*,*,#2992,.T.);
#3327 = ORIENTED_EDGE('',*,*,#3328,.T.);
#3328 = EDGE_CURVE('',#2972,#2536,#3329,.T.);
#3329 = SURFACE_CURVE('',#3330,(#3334,#3341),.PCURVE_S1.);
#3330 = LINE('',#3331,#3332);
#3331 = CARTESIAN_POINT('',(-31.6,130.6,5.3));
#3332 = VECTOR('',#3333,1.);
#3333 = DIRECTION('',(0.,0.,1.));
#3334 = PCURVE('',#2578,#3335);
#3335 = DEFINITIONAL_REPRESENTATION('',(#3336),#3340);
#3336 = LINE('',#3337,#3338);
#3337 = CARTESIAN_POINT('',(1.570796326795,0.));
#3338 = VECTOR('',#3339,1.);
#3339 = DIRECTION('',(0.,1.));
#3340 = ( GEOMETRIC_REPRESENTATION_CONTEXT(2) 
PARAMETRIC_REPRESENTATION_CONTEXT() REPRESENTATION_CONTEXT('2D SPACE',''
  ) );
#3341 = PCURVE('',#2550,#3342);
#3342 = DEFINITIONAL_REPRESENTATION('',(#3343),#3347);
#3343 = LINE('',#3344,#3345);
#3344 = CARTESIAN_POINT('',(0.,14.2));
#3345 = VECTOR('',#3346,1.);
#3346 = DIRECTION('',(1.,0.));
#3347 = ( GEOMETRIC_REPRESENTATION_CONTEXT(2) 
PARAMETRIC_REPRESENTATION_CONTEXT() REPRESENTATION_CONTEXT('2D SPACE',''
  ) );
#3348 = ORIENTED_EDGE('',*,*,#2561,.F.);
#3349 = ADVANCED_FACE('',(#3350),#2550,.F.);
#3350 = FACE_BOUND('',#3351,.F.);
#3351 = EDGE_LOOP('',(#3352,#3353,#3374,#3375));
#3352 = ORIENTED_EDGE('',*,*,#2971,.T.);
#3353 = ORIENTED_EDGE('',*,*,#3354,.T.);
#3354 = EDGE_CURVE('',#2948,#2507,#3355,.T.);
#3355 = SURFACE_CURVE('',#3356,(#3360,#3367),.PCURVE_S1.);
#3356 = LINE('',#3357,#3358);
#3357 = CARTESIAN_POINT('',(-45.,130.6,5.3));
#3358 = VECTOR('',#3359,1.);
#3359 = DIRECTION('',(0.,0.,1.));
#3360 = PCURVE('',#2550,#3361);
#3361 = DEFINITIONAL_REPRESENTATION('',(#3362),#3366);
#3362 = LINE('',#3363,#3364);
#3363 = CARTESIAN_POINT('',(0.,0.8));
#3364 = VECTOR('',#3365,1.);
#3365 = DIRECTION('',(1.,0.));
#3366 = ( GEOMETRIC_REPRESENTATION_CONTEXT(2) 
PARAMETRIC_REPRESENTATION_CONTEXT() REPRESENTATION_CONTEXT('2D SPACE',''
  ) );
#3367 = PCURVE('',#2523,#3368);
#3368 = DEFINITIONAL_REPRESENTATION('',(#3369),#3373);
#3369 = LINE('',#3370,#3371);
#3370 = CARTESIAN_POINT('',(-1.570796326795,0.));
#3371 = VECTOR('',#3372,1.);
#3372 = DIRECTION('',(-0.,1.));
#3373 = ( GEOMETRIC_REPRESENTATION_CONTEXT(2) 
PARAMETRIC_REPRESENTATION_CONTEXT() REPRESENTATION_CONTEXT('2D SPACE',''
  ) );
#3374 = ORIENTED_EDGE('',*,*,#2535,.F.);
#3375 = ORIENTED_EDGE('',*,*,#3328,.F.);
#3376 = ADVANCED_FACE('',(#3377),#2523,.F.);
#3377 = FACE_BOUND('',#3378,.T.);
#3378 = EDGE_LOOP('',(#3379,#3400,#3401,#3402));
#3379 = ORIENTED_EDGE('',*,*,#3380,.F.);
#3380 = EDGE_CURVE('',#2927,#2481,#3381,.T.);
#3381 = SURFACE_CURVE('',#3382,(#3386,#3393),.PCURVE_S1.);
#3382 = LINE('',#3383,#3384);
#3383 = CARTESIAN_POINT('',(-45.8,129.8,5.3));
#3384 = VECTOR('',#3385,1.);
#3385 = DIRECTION('',(0.,0.,1.));
#3386 = PCURVE('',#2523,#3387);
#3387 = DEFINITIONAL_REPRESENTATION('',(#3388),#3392);
#3388 = LINE('',#3389,#3390);
#3389 = CARTESIAN_POINT('',(-0.,0.));
#3390 = VECTOR('',#3391,1.);
#3391 = DIRECTION('',(-0.,1.));
#3392 = ( GEOMETRIC_REPRESENTATION_CONTEXT(2) 
PARAMETRIC_REPRESENTATION_CONTEXT() REPRESENTATION_CONTEXT('2D SPACE',''
  ) );
#3393 = PCURVE('',#2495,#3394);
#3394 = DEFINITIONAL_REPRESENTATION('',(#3395),#3399);
#3395 = LINE('',#3396,#3397);
#3396 = CARTESIAN_POINT('',(0.,-9.2));
#3397 = VECTOR('',#3398,1.);
#3398 = DIRECTION('',(1.,0.));
#3399 = ( GEOMETRIC_REPRESENTATION_CONTEXT(2) 
PARAMETRIC_REPRESENTATION_CONTEXT() REPRESENTATION_CONTEXT('2D SPACE',''
  ) );
#3400 = ORIENTED_EDGE('',*,*,#2947,.F.);
#3401 = ORIENTED_EDGE('',*,*,#3354,.T.);
#3402 = ORIENTED_EDGE('',*,*,#2506,.T.);
#3403 = ADVANCED_FACE('',(#3404),#2495,.T.);
#3404 = FACE_BOUND('',#3405,.T.);
#3405 = EDGE_LOOP('',(#3406,#3407,#3408,#3409));
#3406 = ORIENTED_EDGE('',*,*,#2480,.F.);
#3407 = ORIENTED_EDGE('',*,*,#3198,.F.);
#3408 = ORIENTED_EDGE('',*,*,#2926,.T.);
#3409 = ORIENTED_EDGE('',*,*,#3380,.T.);
#3410 = ( GEOMETRIC_REPRESENTATION_CONTEXT(3) 
GLOBAL_UNCERTAINTY_ASSIGNED_CONTEXT((#3414)) 
GLOBAL_UNIT_ASSIGNED_CONTEXT((#3411,#3412,#3413)) REPRESENTATION_CONTEXT
('Context #1','3D Context with UNIT and UNCERTAINTY') );
#3411 = ( LENGTH_UNIT() NAMED_UNIT(*) SI_UNIT(.MILLI.,.METRE.) );
#3412 = ( NAMED_UNIT(*) PLANE_ANGLE_UNIT() SI_UNIT($,.RADIAN.) );
#3413 = ( NAMED_UNIT(*) SI_UNIT($,.STERADIAN.) SOLID_ANGLE_UNIT() );
#3414 = UNCERTAINTY_MEASURE_WITH_UNIT(LENGTH_MEASURE(1.E-07),#3411,
  'distance_accuracy_value','confusion accuracy');
#3415 = CONTEXT_DEPENDENT_SHAPE_REPRESENTATION(#3416,#3418);
#3416 = ( REPRESENTATION_RELATIONSHIP('','',#2123,#10) 
REPRESENTATION_RELATIONSHIP_WITH_TRANSFORMATION(#3417) 
SHAPE_REPRESENTATION_RELATIONSHIP() );
#3417 = ITEM_DEFINED_TRANSFORMATION('','',#11,#27);
#3418 = PRODUCT_DEFINITION_SHAPE('Placement','Placement of an item',
  #3419);
#3419 = NEXT_ASSEMBLY_USAGE_OCCURRENCE('30',
  'SPEAKER_L_FRONT_GASKET_0_25','',#5,#2118,$);
#3420 = PRODUCT_RELATED_PRODUCT_CATEGORY('part',$,(#2120));
#3421 = SHAPE_DEFINITION_REPRESENTATION(#3422,#3428);
#3422 = PRODUCT_DEFINITION_SHAPE('','',#3423);
#3423 = PRODUCT_DEFINITION('design','',#3424,#3427);
#3424 = PRODUCT_DEFINITION_FORMATION('','',#3425);
#3425 = PRODUCT('SPEAKER_R_SAME_SKY_CMS_18138A_SP_18_13_2_5',
  'SPEAKER_R_SAME_SKY_CMS_18138A_SP_18_13_2_5','',(#3426));
#3426 = PRODUCT_CONTEXT('',#2,'mechanical');
#3427 = PRODUCT_DEFINITION_CONTEXT('part definition',#2,'design');
#3428 = ADVANCED_BREP_SHAPE_REPRESENTATION('',(#11,#3429),#4095);
#3429 = MANIFOLD_SOLID_BREP('',#3430);
#3430 = CLOSED_SHELL('',(#3431,#3551,#3751,#3801,#3855,#3980,#4007,#4034
    ,#4061,#4088));
#3431 = ADVANCED_FACE('',(#3432),#3446,.F.);
#3432 = FACE_BOUND('',#3433,.F.);
#3433 = EDGE_LOOP('',(#3434,#3469,#3497,#3525));
#3434 = ORIENTED_EDGE('',*,*,#3435,.F.);
#3435 = EDGE_CURVE('',#3436,#3438,#3440,.T.);
#3436 = VERTEX_POINT('',#3437);
#3437 = CARTESIAN_POINT('',(29.3,120.6,5.4));
#3438 = VERTEX_POINT('',#3439);
#3439 = CARTESIAN_POINT('',(29.3,130.6,5.4));
#3440 = SURFACE_CURVE('',#3441,(#3445,#3457),.PCURVE_S1.);
#3441 = LINE('',#3442,#3443);
#3442 = CARTESIAN_POINT('',(29.3,119.1,5.4));
#3443 = VECTOR('',#3444,1.);
#3444 = DIRECTION('',(0.,1.,0.));
#3445 = PCURVE('',#3446,#3451);
#3446 = PLANE('',#3447);
#3447 = AXIS2_PLACEMENT_3D('',#3448,#3449,#3450);
#3448 = CARTESIAN_POINT('',(29.3,119.1,2.9));
#3449 = DIRECTION('',(1.,0.,0.));
#3450 = DIRECTION('',(0.,0.,1.));
#3451 = DEFINITIONAL_REPRESENTATION('',(#3452),#3456);
#3452 = LINE('',#3453,#3454);
#3453 = CARTESIAN_POINT('',(2.5,0.));
#3454 = VECTOR('',#3455,1.);
#3455 = DIRECTION('',(0.,-1.));
#3456 = ( GEOMETRIC_REPRESENTATION_CONTEXT(2) 
PARAMETRIC_REPRESENTATION_CONTEXT() REPRESENTATION_CONTEXT('2D SPACE',''
  ) );
#3457 = PCURVE('',#3458,#3463);
#3458 = PLANE('',#3459);
#3459 = AXIS2_PLACEMENT_3D('',#3460,#3461,#3462);
#3460 = CARTESIAN_POINT('',(29.3,119.1,5.4));
#3461 = DIRECTION('',(0.,0.,1.));
#3462 = DIRECTION('',(1.,0.,0.));
#3463 = DEFINITIONAL_REPRESENTATION('',(#3464),#3468);
#3464 = LINE('',#3465,#3466);
#3465 = CARTESIAN_POINT('',(0.,0.));
#3466 = VECTOR('',#3467,1.);
#3467 = DIRECTION('',(0.,1.));
#3468 = ( GEOMETRIC_REPRESENTATION_CONTEXT(2) 
PARAMETRIC_REPRESENTATION_CONTEXT() REPRESENTATION_CONTEXT('2D SPACE',''
  ) );
#3469 = ORIENTED_EDGE('',*,*,#3470,.F.);
#3470 = EDGE_CURVE('',#3471,#3436,#3473,.T.);
#3471 = VERTEX_POINT('',#3472);
#3472 = CARTESIAN_POINT('',(29.3,120.6,2.9));
#3473 = SURFACE_CURVE('',#3474,(#3478,#3485),.PCURVE_S1.);
#3474 = LINE('',#3475,#3476);
#3475 = CARTESIAN_POINT('',(29.3,120.6,2.9));
#3476 = VECTOR('',#3477,1.);
#3477 = DIRECTION('',(0.,0.,1.));
#3478 = PCURVE('',#3446,#3479);
#3479 = DEFINITIONAL_REPRESENTATION('',(#3480),#3484);
#3480 = LINE('',#3481,#3482);
#3481 = CARTESIAN_POINT('',(0.,-1.5));
#3482 = VECTOR('',#3483,1.);
#3483 = DIRECTION('',(1.,0.));
#3484 = ( GEOMETRIC_REPRESENTATION_CONTEXT(2) 
PARAMETRIC_REPRESENTATION_CONTEXT() REPRESENTATION_CONTEXT('2D SPACE',''
  ) );
#3485 = PCURVE('',#3486,#3491);
#3486 = CYLINDRICAL_SURFACE('',#3487,1.5);
#3487 = AXIS2_PLACEMENT_3D('',#3488,#3489,#3490);
#3488 = CARTESIAN_POINT('',(30.8,120.6,2.9));
#3489 = DIRECTION('',(0.,0.,1.));
#3490 = DIRECTION('',(-1.,-0.,0.));
#3491 = DEFINITIONAL_REPRESENTATION('',(#3492),#3496);
#3492 = LINE('',#3493,#3494);
#3493 = CARTESIAN_POINT('',(0.,0.));
#3494 = VECTOR('',#3495,1.);
#3495 = DIRECTION('',(0.,1.));
#3496 = ( GEOMETRIC_REPRESENTATION_CONTEXT(2) 
PARAMETRIC_REPRESENTATION_CONTEXT() REPRESENTATION_CONTEXT('2D SPACE',''
  ) );
#3497 = ORIENTED_EDGE('',*,*,#3498,.T.);
#3498 = EDGE_CURVE('',#3471,#3499,#3501,.T.);
#3499 = VERTEX_POINT('',#3500);
#3500 = CARTESIAN_POINT('',(29.3,130.6,2.9));
#3501 = SURFACE_CURVE('',#3502,(#3506,#3513),.PCURVE_S1.);
#3502 = LINE('',#3503,#3504);
#3503 = CARTESIAN_POINT('',(29.3,119.1,2.9));
#3504 = VECTOR('',#3505,1.);
#3505 = DIRECTION('',(0.,1.,0.));
#3506 = PCURVE('',#3446,#3507);
#3507 = DEFINITIONAL_REPRESENTATION('',(#3508),#3512);
#3508 = LINE('',#3509,#3510);
#3509 = CARTESIAN_POINT('',(0.,0.));
#3510 = VECTOR('',#3511,1.);
#3511 = DIRECTION('',(0.,-1.));
#3512 = ( GEOMETRIC_REPRESENTATION_CONTEXT(2) 
PARAMETRIC_REPRESENTATION_CONTEXT() REPRESENTATION_CONTEXT('2D SPACE',''
  ) );
#3513 = PCURVE('',#3514,#3519);
#3514 = PLANE('',#3515);
#3515 = AXIS2_PLACEMENT_3D('',#3516,#3517,#3518);
#3516 = CARTESIAN_POINT('',(29.3,119.1,2.9));
#3517 = DIRECTION('',(0.,0.,1.));
#3518 = DIRECTION('',(1.,0.,0.));
#3519 = DEFINITIONAL_REPRESENTATION('',(#3520),#3524);
#3520 = LINE('',#3521,#3522);
#3521 = CARTESIAN_POINT('',(0.,0.));
#3522 = VECTOR('',#3523,1.);
#3523 = DIRECTION('',(0.,1.));
#3524 = ( GEOMETRIC_REPRESENTATION_CONTEXT(2) 
PARAMETRIC_REPRESENTATION_CONTEXT() REPRESENTATION_CONTEXT('2D SPACE',''
  ) );
#3525 = ORIENTED_EDGE('',*,*,#3526,.T.);
#3526 = EDGE_CURVE('',#3499,#3438,#3527,.T.);
#3527 = SURFACE_CURVE('',#3528,(#3532,#3539),.PCURVE_S1.);
#3528 = LINE('',#3529,#3530);
#3529 = CARTESIAN_POINT('',(29.3,130.6,2.9));
#3530 = VECTOR('',#3531,1.);
#3531 = DIRECTION('',(0.,0.,1.));
#3532 = PCURVE('',#3446,#3533);
#3533 = DEFINITIONAL_REPRESENTATION('',(#3534),#3538);
#3534 = LINE('',#3535,#3536);
#3535 = CARTESIAN_POINT('',(0.,-11.5));
#3536 = VECTOR('',#3537,1.);
#3537 = DIRECTION('',(1.,0.));
#3538 = ( GEOMETRIC_REPRESENTATION_CONTEXT(2) 
PARAMETRIC_REPRESENTATION_CONTEXT() REPRESENTATION_CONTEXT('2D SPACE',''
  ) );
#3539 = PCURVE('',#3540,#3545);
#3540 = CYLINDRICAL_SURFACE('',#3541,1.5);
#3541 = AXIS2_PLACEMENT_3D('',#3542,#3543,#3544);
#3542 = CARTESIAN_POINT('',(30.8,130.6,2.9));
#3543 = DIRECTION('',(0.,0.,1.));
#3544 = DIRECTION('',(-1.,-0.,0.));
#3545 = DEFINITIONAL_REPRESENTATION('',(#3546),#3550);
#3546 = LINE('',#3547,#3548);
#3547 = CARTESIAN_POINT('',(-0.,0.));
#3548 = VECTOR('',#3549,1.);
#3549 = DIRECTION('',(-0.,1.));
#3550 = ( GEOMETRIC_REPRESENTATION_CONTEXT(2) 
PARAMETRIC_REPRESENTATION_CONTEXT() REPRESENTATION_CONTEXT('2D SPACE',''
  ) );
#3551 = ADVANCED_FACE('',(#3552),#3458,.T.);
#3552 = FACE_BOUND('',#3553,.T.);
#3553 = EDGE_LOOP('',(#3554,#3555,#3579,#3607,#3640,#3668,#3697,#3725));
#3554 = ORIENTED_EDGE('',*,*,#3435,.F.);
#3555 = ORIENTED_EDGE('',*,*,#3556,.T.);
#3556 = EDGE_CURVE('',#3436,#3557,#3559,.T.);
#3557 = VERTEX_POINT('',#3558);
#3558 = CARTESIAN_POINT('',(30.8,119.1,5.4));
#3559 = SURFACE_CURVE('',#3560,(#3565,#3572),.PCURVE_S1.);
#3560 = CIRCLE('',#3561,1.5);
#3561 = AXIS2_PLACEMENT_3D('',#3562,#3563,#3564);
#3562 = CARTESIAN_POINT('',(30.8,120.6,5.4));
#3563 = DIRECTION('',(0.,0.,1.));
#3564 = DIRECTION('',(0.,-1.,0.));
#3565 = PCURVE('',#3458,#3566);
#3566 = DEFINITIONAL_REPRESENTATION('',(#3567),#3571);
#3567 = CIRCLE('',#3568,1.5);
#3568 = AXIS2_PLACEMENT_2D('',#3569,#3570);
#3569 = CARTESIAN_POINT('',(1.5,1.5));
#3570 = DIRECTION('',(0.,-1.));
#3571 = ( GEOMETRIC_REPRESENTATION_CONTEXT(2) 
PARAMETRIC_REPRESENTATION_CONTEXT() REPRESENTATION_CONTEXT('2D SPACE',''
  ) );
#3572 = PCURVE('',#3486,#3573);
#3573 = DEFINITIONAL_REPRESENTATION('',(#3574),#3578);
#3574 = LINE('',#3575,#3576);
#3575 = CARTESIAN_POINT('',(-4.712388980385,2.5));
#3576 = VECTOR('',#3577,1.);
#3577 = DIRECTION('',(1.,0.));
#3578 = ( GEOMETRIC_REPRESENTATION_CONTEXT(2) 
PARAMETRIC_REPRESENTATION_CONTEXT() REPRESENTATION_CONTEXT('2D SPACE',''
  ) );
#3579 = ORIENTED_EDGE('',*,*,#3580,.T.);
#3580 = EDGE_CURVE('',#3557,#3581,#3583,.T.);
#3581 = VERTEX_POINT('',#3582);
#3582 = CARTESIAN_POINT('',(45.8,119.1,5.4));
#3583 = SURFACE_CURVE('',#3584,(#3588,#3595),.PCURVE_S1.);
#3584 = LINE('',#3585,#3586);
#3585 = CARTESIAN_POINT('',(29.3,119.1,5.4));
#3586 = VECTOR('',#3587,1.);
#3587 = DIRECTION('',(1.,0.,0.));
#3588 = PCURVE('',#3458,#3589);
#3589 = DEFINITIONAL_REPRESENTATION('',(#3590),#3594);
#3590 = LINE('',#3591,#3592);
#3591 = CARTESIAN_POINT('',(0.,0.));
#3592 = VECTOR('',#3593,1.);
#3593 = DIRECTION('',(1.,0.));
#3594 = ( GEOMETRIC_REPRESENTATION_CONTEXT(2) 
PARAMETRIC_REPRESENTATION_CONTEXT() REPRESENTATION_CONTEXT('2D SPACE',''
  ) );
#3595 = PCURVE('',#3596,#3601);
#3596 = PLANE('',#3597);
#3597 = AXIS2_PLACEMENT_3D('',#3598,#3599,#3600);
#3598 = CARTESIAN_POINT('',(29.3,119.1,2.9));
#3599 = DIRECTION('',(0.,1.,0.));
#3600 = DIRECTION('',(0.,0.,1.));
#3601 = DEFINITIONAL_REPRESENTATION('',(#3602),#3606);
#3602 = LINE('',#3603,#3604);
#3603 = CARTESIAN_POINT('',(2.5,0.));
#3604 = VECTOR('',#3605,1.);
#3605 = DIRECTION('',(0.,1.));
#3606 = ( GEOMETRIC_REPRESENTATION_CONTEXT(2) 
PARAMETRIC_REPRESENTATION_CONTEXT() REPRESENTATION_CONTEXT('2D SPACE',''
  ) );
#3607 = ORIENTED_EDGE('',*,*,#3608,.F.);
#3608 = EDGE_CURVE('',#3609,#3581,#3611,.T.);
#3609 = VERTEX_POINT('',#3610);
#3610 = CARTESIAN_POINT('',(47.3,120.6,5.4));
#3611 = SURFACE_CURVE('',#3612,(#3617,#3628),.PCURVE_S1.);
#3612 = CIRCLE('',#3613,1.5);
#3613 = AXIS2_PLACEMENT_3D('',#3614,#3615,#3616);
#3614 = CARTESIAN_POINT('',(45.8,120.6,5.4));
#3615 = DIRECTION('',(-0.,-0.,-1.));
#3616 = DIRECTION('',(0.,-1.,0.));
#3617 = PCURVE('',#3458,#3618);
#3618 = DEFINITIONAL_REPRESENTATION('',(#3619),#3627);
#3619 = ( BOUNDED_CURVE() B_SPLINE_CURVE(2,(#3620,#3621,#3622,#3623,
#3624,#3625,#3626),.UNSPECIFIED.,.T.,.F.) B_SPLINE_CURVE_WITH_KNOTS((1,2
    ,2,2,2,1),(-2.094395102393,0.,2.094395102393,4.188790204786,
6.28318530718,8.377580409573),.UNSPECIFIED.) CURVE() 
GEOMETRIC_REPRESENTATION_ITEM() RATIONAL_B_SPLINE_CURVE((1.,0.5,1.,0.5,
1.,0.5,1.)) REPRESENTATION_ITEM('') );
#3620 = CARTESIAN_POINT('',(16.5,0.));
#3621 = CARTESIAN_POINT('',(13.901923788647,0.));
#3622 = CARTESIAN_POINT('',(15.200961894323,2.25));
#3623 = CARTESIAN_POINT('',(16.5,4.5));
#3624 = CARTESIAN_POINT('',(17.799038105677,2.25));
#3625 = CARTESIAN_POINT('',(19.098076211353,2.22044604925E-15));
#3626 = CARTESIAN_POINT('',(16.5,0.));
#3627 = ( GEOMETRIC_REPRESENTATION_CONTEXT(2) 
PARAMETRIC_REPRESENTATION_CONTEXT() REPRESENTATION_CONTEXT('2D SPACE',''
  ) );
#3628 = PCURVE('',#3629,#3634);
#3629 = CYLINDRICAL_SURFACE('',#3630,1.5);
#3630 = AXIS2_PLACEMENT_3D('',#3631,#3632,#3633);
#3631 = CARTESIAN_POINT('',(45.8,120.6,2.9));
#3632 = DIRECTION('',(0.,0.,1.));
#3633 = DIRECTION('',(1.,0.,-0.));
#3634 = DEFINITIONAL_REPRESENTATION('',(#3635),#3639);
#3635 = LINE('',#3636,#3637);
#3636 = CARTESIAN_POINT('',(4.712388980385,2.5));
#3637 = VECTOR('',#3638,1.);
#3638 = DIRECTION('',(-1.,0.));
#3639 = ( GEOMETRIC_REPRESENTATION_CONTEXT(2) 
PARAMETRIC_REPRESENTATION_CONTEXT() REPRESENTATION_CONTEXT('2D SPACE',''
  ) );
#3640 = ORIENTED_EDGE('',*,*,#3641,.T.);
#3641 = EDGE_CURVE('',#3609,#3642,#3644,.T.);
#3642 = VERTEX_POINT('',#3643);
#3643 = CARTESIAN_POINT('',(47.3,130.6,5.4));
#3644 = SURFACE_CURVE('',#3645,(#3649,#3656),.PCURVE_S1.);
#3645 = LINE('',#3646,#3647);
#3646 = CARTESIAN_POINT('',(47.3,119.1,5.4));
#3647 = VECTOR('',#3648,1.);
#3648 = DIRECTION('',(0.,1.,0.));
#3649 = PCURVE('',#3458,#3650);
#3650 = DEFINITIONAL_REPRESENTATION('',(#3651),#3655);
#3651 = LINE('',#3652,#3653);
#3652 = CARTESIAN_POINT('',(18.,0.));
#3653 = VECTOR('',#3654,1.);
#3654 = DIRECTION('',(0.,1.));
#3655 = ( GEOMETRIC_REPRESENTATION_CONTEXT(2) 
PARAMETRIC_REPRESENTATION_CONTEXT() REPRESENTATION_CONTEXT('2D SPACE',''
  ) );
#3656 = PCURVE('',#3657,#3662);
#3657 = PLANE('',#3658);
#3658 = AXIS2_PLACEMENT_3D('',#3659,#3660,#3661);
#3659 = CARTESIAN_POINT('',(47.3,119.1,2.9));
#3660 = DIRECTION('',(1.,0.,0.));
#3661 = DIRECTION('',(0.,0.,1.));
#3662 = DEFINITIONAL_REPRESENTATION('',(#3663),#3667);
#3663 = LINE('',#3664,#3665);
#3664 = CARTESIAN_POINT('',(2.5,0.));
#3665 = VECTOR('',#3666,1.);
#3666 = DIRECTION('',(0.,-1.));
#3667 = ( GEOMETRIC_REPRESENTATION_CONTEXT(2) 
PARAMETRIC_REPRESENTATION_CONTEXT() REPRESENTATION_CONTEXT('2D SPACE',''
  ) );
#3668 = ORIENTED_EDGE('',*,*,#3669,.T.);
#3669 = EDGE_CURVE('',#3642,#3670,#3672,.T.);
#3670 = VERTEX_POINT('',#3671);
#3671 = CARTESIAN_POINT('',(45.8,132.1,5.4));
#3672 = SURFACE_CURVE('',#3673,(#3678,#3685),.PCURVE_S1.);
#3673 = CIRCLE('',#3674,1.5);
#3674 = AXIS2_PLACEMENT_3D('',#3675,#3676,#3677);
#3675 = CARTESIAN_POINT('',(45.8,130.6,5.4));
#3676 = DIRECTION('',(0.,0.,1.));
#3677 = DIRECTION('',(0.,-1.,0.));
#3678 = PCURVE('',#3458,#3679);
#3679 = DEFINITIONAL_REPRESENTATION('',(#3680),#3684);
#3680 = CIRCLE('',#3681,1.5);
#3681 = AXIS2_PLACEMENT_2D('',#3682,#3683);
#3682 = CARTESIAN_POINT('',(16.5,11.5));
#3683 = DIRECTION('',(0.,-1.));
#3684 = ( GEOMETRIC_REPRESENTATION_CONTEXT(2) 
PARAMETRIC_REPRESENTATION_CONTEXT() REPRESENTATION_CONTEXT('2D SPACE',''
  ) );
#3685 = PCURVE('',#3686,#3691);
#3686 = CYLINDRICAL_SURFACE('',#3687,1.5);
#3687 = AXIS2_PLACEMENT_3D('',#3688,#3689,#3690);
#3688 = CARTESIAN_POINT('',(45.8,130.6,2.9));
#3689 = DIRECTION('',(0.,0.,1.));
#3690 = DIRECTION('',(1.,0.,-0.));
#3691 = DEFINITIONAL_REPRESENTATION('',(#3692),#3696);
#3692 = LINE('',#3693,#3694);
#3693 = CARTESIAN_POINT('',(-1.570796326795,2.5));
#3694 = VECTOR('',#3695,1.);
#3695 = DIRECTION('',(1.,0.));
#3696 = ( GEOMETRIC_REPRESENTATION_CONTEXT(2) 
PARAMETRIC_REPRESENTATION_CONTEXT() REPRESENTATION_CONTEXT('2D SPACE',''
  ) );
#3697 = ORIENTED_EDGE('',*,*,#3698,.F.);
#3698 = EDGE_CURVE('',#3699,#3670,#3701,.T.);
#3699 = VERTEX_POINT('',#3700);
#3700 = CARTESIAN_POINT('',(30.8,132.1,5.4));
#3701 = SURFACE_CURVE('',#3702,(#3706,#3713),.PCURVE_S1.);
#3702 = LINE('',#3703,#3704);
#3703 = CARTESIAN_POINT('',(29.3,132.1,5.4));
#3704 = VECTOR('',#3705,1.);
#3705 = DIRECTION('',(1.,0.,0.));
#3706 = PCURVE('',#3458,#3707);
#3707 = DEFINITIONAL_REPRESENTATION('',(#3708),#3712);
#3708 = LINE('',#3709,#3710);
#3709 = CARTESIAN_POINT('',(0.,13.));
#3710 = VECTOR('',#3711,1.);
#3711 = DIRECTION('',(1.,0.));
#3712 = ( GEOMETRIC_REPRESENTATION_CONTEXT(2) 
PARAMETRIC_REPRESENTATION_CONTEXT() REPRESENTATION_CONTEXT('2D SPACE',''
  ) );
#3713 = PCURVE('',#3714,#3719);
#3714 = PLANE('',#3715);
#3715 = AXIS2_PLACEMENT_3D('',#3716,#3717,#3718);
#3716 = CARTESIAN_POINT('',(29.3,132.1,2.9));
#3717 = DIRECTION('',(0.,1.,0.));
#3718 = DIRECTION('',(0.,0.,1.));
#3719 = DEFINITIONAL_REPRESENTATION('',(#3720),#3724);
#3720 = LINE('',#3721,#3722);
#3721 = CARTESIAN_POINT('',(2.5,0.));
#3722 = VECTOR('',#3723,1.);
#3723 = DIRECTION('',(0.,1.));
#3724 = ( GEOMETRIC_REPRESENTATION_CONTEXT(2) 
PARAMETRIC_REPRESENTATION_CONTEXT() REPRESENTATION_CONTEXT('2D SPACE',''
  ) );
#3725 = ORIENTED_EDGE('',*,*,#3726,.F.);
#3726 = EDGE_CURVE('',#3438,#3699,#3727,.T.);
#3727 = SURFACE_CURVE('',#3728,(#3733,#3744),.PCURVE_S1.);
#3728 = CIRCLE('',#3729,1.5);
#3729 = AXIS2_PLACEMENT_3D('',#3730,#3731,#3732);
#3730 = CARTESIAN_POINT('',(30.8,130.6,5.4));
#3731 = DIRECTION('',(-0.,-0.,-1.));
#3732 = DIRECTION('',(0.,-1.,0.));
#3733 = PCURVE('',#3458,#3734);
#3734 = DEFINITIONAL_REPRESENTATION('',(#3735),#3743);
#3735 = ( BOUNDED_CURVE() B_SPLINE_CURVE(2,(#3736,#3737,#3738,#3739,
#3740,#3741,#3742),.UNSPECIFIED.,.T.,.F.) B_SPLINE_CURVE_WITH_KNOTS((1,2
    ,2,2,2,1),(-2.094395102393,0.,2.094395102393,4.188790204786,
6.28318530718,8.377580409573),.UNSPECIFIED.) CURVE() 
GEOMETRIC_REPRESENTATION_ITEM() RATIONAL_B_SPLINE_CURVE((1.,0.5,1.,0.5,
1.,0.5,1.)) REPRESENTATION_ITEM('') );
#3736 = CARTESIAN_POINT('',(1.5,10.));
#3737 = CARTESIAN_POINT('',(-1.098076211353,10.));
#3738 = CARTESIAN_POINT('',(0.200961894323,12.25));
#3739 = CARTESIAN_POINT('',(1.5,14.5));
#3740 = CARTESIAN_POINT('',(2.799038105677,12.25));
#3741 = CARTESIAN_POINT('',(4.098076211353,10.));
#3742 = CARTESIAN_POINT('',(1.5,10.));
#3743 = ( GEOMETRIC_REPRESENTATION_CONTEXT(2) 
PARAMETRIC_REPRESENTATION_CONTEXT() REPRESENTATION_CONTEXT('2D SPACE',''
  ) );
#3744 = PCURVE('',#3540,#3745);
#3745 = DEFINITIONAL_REPRESENTATION('',(#3746),#3750);
#3746 = LINE('',#3747,#3748);
#3747 = CARTESIAN_POINT('',(1.570796326795,2.5));
#3748 = VECTOR('',#3749,1.);
#3749 = DIRECTION('',(-1.,0.));
#3750 = ( GEOMETRIC_REPRESENTATION_CONTEXT(2) 
PARAMETRIC_REPRESENTATION_CONTEXT() REPRESENTATION_CONTEXT('2D SPACE',''
  ) );
#3751 = ADVANCED_FACE('',(#3752),#3486,.T.);
#3752 = FACE_BOUND('',#3753,.T.);
#3753 = EDGE_LOOP('',(#3754,#3778,#3799,#3800));
#3754 = ORIENTED_EDGE('',*,*,#3755,.T.);
#3755 = EDGE_CURVE('',#3471,#3756,#3758,.T.);
#3756 = VERTEX_POINT('',#3757);
#3757 = CARTESIAN_POINT('',(30.8,119.1,2.9));
#3758 = SURFACE_CURVE('',#3759,(#3764,#3771),.PCURVE_S1.);
#3759 = CIRCLE('',#3760,1.5);
#3760 = AXIS2_PLACEMENT_3D('',#3761,#3762,#3763);
#3761 = CARTESIAN_POINT('',(30.8,120.6,2.9));
#3762 = DIRECTION('',(0.,0.,1.));
#3763 = DIRECTION('',(0.,-1.,0.));
#3764 = PCURVE('',#3486,#3765);
#3765 = DEFINITIONAL_REPRESENTATION('',(#3766),#3770);
#3766 = LINE('',#3767,#3768);
#3767 = CARTESIAN_POINT('',(-4.712388980385,0.));
#3768 = VECTOR('',#3769,1.);
#3769 = DIRECTION('',(1.,0.));
#3770 = ( GEOMETRIC_REPRESENTATION_CONTEXT(2) 
PARAMETRIC_REPRESENTATION_CONTEXT() REPRESENTATION_CONTEXT('2D SPACE',''
  ) );
#3771 = PCURVE('',#3514,#3772);
#3772 = DEFINITIONAL_REPRESENTATION('',(#3773),#3777);
#3773 = CIRCLE('',#3774,1.5);
#3774 = AXIS2_PLACEMENT_2D('',#3775,#3776);
#3775 = CARTESIAN_POINT('',(1.5,1.5));
#3776 = DIRECTION('',(0.,-1.));
#3777 = ( GEOMETRIC_REPRESENTATION_CONTEXT(2) 
PARAMETRIC_REPRESENTATION_CONTEXT() REPRESENTATION_CONTEXT('2D SPACE',''
  ) );
#3778 = ORIENTED_EDGE('',*,*,#3779,.T.);
#3779 = EDGE_CURVE('',#3756,#3557,#3780,.T.);
#3780 = SURFACE_CURVE('',#3781,(#3785,#3792),.PCURVE_S1.);
#3781 = LINE('',#3782,#3783);
#3782 = CARTESIAN_POINT('',(30.8,119.1,2.9));
#3783 = VECTOR('',#3784,1.);
#3784 = DIRECTION('',(0.,0.,1.));
#3785 = PCURVE('',#3486,#3786);
#3786 = DEFINITIONAL_REPRESENTATION('',(#3787),#3791);
#3787 = LINE('',#3788,#3789);
#3788 = CARTESIAN_POINT('',(1.570796326795,0.));
#3789 = VECTOR('',#3790,1.);
#3790 = DIRECTION('',(0.,1.));
#3791 = ( GEOMETRIC_REPRESENTATION_CONTEXT(2) 
PARAMETRIC_REPRESENTATION_CONTEXT() REPRESENTATION_CONTEXT('2D SPACE',''
  ) );
#3792 = PCURVE('',#3596,#3793);
#3793 = DEFINITIONAL_REPRESENTATION('',(#3794),#3798);
#3794 = LINE('',#3795,#3796);
#3795 = CARTESIAN_POINT('',(0.,1.5));
#3796 = VECTOR('',#3797,1.);
#3797 = DIRECTION('',(1.,0.));
#3798 = ( GEOMETRIC_REPRESENTATION_CONTEXT(2) 
PARAMETRIC_REPRESENTATION_CONTEXT() REPRESENTATION_CONTEXT('2D SPACE',''
  ) );
#3799 = ORIENTED_EDGE('',*,*,#3556,.F.);
#3800 = ORIENTED_EDGE('',*,*,#3470,.F.);
#3801 = ADVANCED_FACE('',(#3802),#3540,.T.);
#3802 = FACE_BOUND('',#3803,.F.);
#3803 = EDGE_LOOP('',(#3804,#3832,#3853,#3854));
#3804 = ORIENTED_EDGE('',*,*,#3805,.T.);
#3805 = EDGE_CURVE('',#3499,#3806,#3808,.T.);
#3806 = VERTEX_POINT('',#3807);
#3807 = CARTESIAN_POINT('',(30.8,132.1,2.9));
#3808 = SURFACE_CURVE('',#3809,(#3814,#3821),.PCURVE_S1.);
#3809 = CIRCLE('',#3810,1.5);
#3810 = AXIS2_PLACEMENT_3D('',#3811,#3812,#3813);
#3811 = CARTESIAN_POINT('',(30.8,130.6,2.9));
#3812 = DIRECTION('',(-0.,-0.,-1.));
#3813 = DIRECTION('',(0.,-1.,0.));
#3814 = PCURVE('',#3540,#3815);
#3815 = DEFINITIONAL_REPRESENTATION('',(#3816),#3820);
#3816 = LINE('',#3817,#3818);
#3817 = CARTESIAN_POINT('',(1.570796326795,-0.));
#3818 = VECTOR('',#3819,1.);
#3819 = DIRECTION('',(-1.,0.));
#3820 = ( GEOMETRIC_REPRESENTATION_CONTEXT(2) 
PARAMETRIC_REPRESENTATION_CONTEXT() REPRESENTATION_CONTEXT('2D SPACE',''
  ) );
#3821 = PCURVE('',#3514,#3822);
#3822 = DEFINITIONAL_REPRESENTATION('',(#3823),#3831);
#3823 = ( BOUNDED_CURVE() B_SPLINE_CURVE(2,(#3824,#3825,#3826,#3827,
#3828,#3829,#3830),.UNSPECIFIED.,.T.,.F.) B_SPLINE_CURVE_WITH_KNOTS((1,2
    ,2,2,2,1),(-2.094395102393,0.,2.094395102393,4.188790204786,
6.28318530718,8.377580409573),.UNSPECIFIED.) CURVE() 
GEOMETRIC_REPRESENTATION_ITEM() RATIONAL_B_SPLINE_CURVE((1.,0.5,1.,0.5,
1.,0.5,1.)) REPRESENTATION_ITEM('') );
#3824 = CARTESIAN_POINT('',(1.5,10.));
#3825 = CARTESIAN_POINT('',(-1.098076211353,10.));
#3826 = CARTESIAN_POINT('',(0.200961894323,12.25));
#3827 = CARTESIAN_POINT('',(1.5,14.5));
#3828 = CARTESIAN_POINT('',(2.799038105677,12.25));
#3829 = CARTESIAN_POINT('',(4.098076211353,10.));
#3830 = CARTESIAN_POINT('',(1.5,10.));
#3831 = ( GEOMETRIC_REPRESENTATION_CONTEXT(2) 
PARAMETRIC_REPRESENTATION_CONTEXT() REPRESENTATION_CONTEXT('2D SPACE',''
  ) );
#3832 = ORIENTED_EDGE('',*,*,#3833,.T.);
#3833 = EDGE_CURVE('',#3806,#3699,#3834,.T.);
#3834 = SURFACE_CURVE('',#3835,(#3839,#3846),.PCURVE_S1.);
#3835 = LINE('',#3836,#3837);
#3836 = CARTESIAN_POINT('',(30.8,132.1,2.9));
#3837 = VECTOR('',#3838,1.);
#3838 = DIRECTION('',(0.,0.,1.));
#3839 = PCURVE('',#3540,#3840);
#3840 = DEFINITIONAL_REPRESENTATION('',(#3841),#3845);
#3841 = LINE('',#3842,#3843);
#3842 = CARTESIAN_POINT('',(-1.570796326795,0.));
#3843 = VECTOR('',#3844,1.);
#3844 = DIRECTION('',(-0.,1.));
#3845 = ( GEOMETRIC_REPRESENTATION_CONTEXT(2) 
PARAMETRIC_REPRESENTATION_CONTEXT() REPRESENTATION_CONTEXT('2D SPACE',''
  ) );
#3846 = PCURVE('',#3714,#3847);
#3847 = DEFINITIONAL_REPRESENTATION('',(#3848),#3852);
#3848 = LINE('',#3849,#3850);
#3849 = CARTESIAN_POINT('',(0.,1.5));
#3850 = VECTOR('',#3851,1.);
#3851 = DIRECTION('',(1.,0.));
#3852 = ( GEOMETRIC_REPRESENTATION_CONTEXT(2) 
PARAMETRIC_REPRESENTATION_CONTEXT() REPRESENTATION_CONTEXT('2D SPACE',''
  ) );
#3853 = ORIENTED_EDGE('',*,*,#3726,.F.);
#3854 = ORIENTED_EDGE('',*,*,#3526,.F.);
#3855 = ADVANCED_FACE('',(#3856),#3514,.F.);
#3856 = FACE_BOUND('',#3857,.F.);
#3857 = EDGE_LOOP('',(#3858,#3859,#3860,#3883,#3911,#3934,#3958,#3979));
#3858 = ORIENTED_EDGE('',*,*,#3498,.F.);
#3859 = ORIENTED_EDGE('',*,*,#3755,.T.);
#3860 = ORIENTED_EDGE('',*,*,#3861,.T.);
#3861 = EDGE_CURVE('',#3756,#3862,#3864,.T.);
#3862 = VERTEX_POINT('',#3863);
#3863 = CARTESIAN_POINT('',(45.8,119.1,2.9));
#3864 = SURFACE_CURVE('',#3865,(#3869,#3876),.PCURVE_S1.);
#3865 = LINE('',#3866,#3867);
#3866 = CARTESIAN_POINT('',(29.3,119.1,2.9));
#3867 = VECTOR('',#3868,1.);
#3868 = DIRECTION('',(1.,0.,0.));
#3869 = PCURVE('',#3514,#3870);
#3870 = DEFINITIONAL_REPRESENTATION('',(#3871),#3875);
#3871 = LINE('',#3872,#3873);
#3872 = CARTESIAN_POINT('',(0.,0.));
#3873 = VECTOR('',#3874,1.);
#3874 = DIRECTION('',(1.,0.));
#3875 = ( GEOMETRIC_REPRESENTATION_CONTEXT(2) 
PARAMETRIC_REPRESENTATION_CONTEXT() REPRESENTATION_CONTEXT('2D SPACE',''
  ) );
#3876 = PCURVE('',#3596,#3877);
#3877 = DEFINITIONAL_REPRESENTATION('',(#3878),#3882);
#3878 = LINE('',#3879,#3880);
#3879 = CARTESIAN_POINT('',(0.,0.));
#3880 = VECTOR('',#3881,1.);
#3881 = DIRECTION('',(0.,1.));
#3882 = ( GEOMETRIC_REPRESENTATION_CONTEXT(2) 
PARAMETRIC_REPRESENTATION_CONTEXT() REPRESENTATION_CONTEXT('2D SPACE',''
  ) );
#3883 = ORIENTED_EDGE('',*,*,#3884,.F.);
#3884 = EDGE_CURVE('',#3885,#3862,#3887,.T.);
#3885 = VERTEX_POINT('',#3886);
#3886 = CARTESIAN_POINT('',(47.3,120.6,2.9));
#3887 = SURFACE_CURVE('',#3888,(#3893,#3904),.PCURVE_S1.);
#3888 = CIRCLE('',#3889,1.5);
#3889 = AXIS2_PLACEMENT_3D('',#3890,#3891,#3892);
#3890 = CARTESIAN_POINT('',(45.8,120.6,2.9));
#3891 = DIRECTION('',(-0.,-0.,-1.));
#3892 = DIRECTION('',(0.,-1.,0.));
#3893 = PCURVE('',#3514,#3894);
#3894 = DEFINITIONAL_REPRESENTATION('',(#3895),#3903);
#3895 = ( BOUNDED_CURVE() B_SPLINE_CURVE(2,(#3896,#3897,#3898,#3899,
#3900,#3901,#3902),.UNSPECIFIED.,.T.,.F.) B_SPLINE_CURVE_WITH_KNOTS((1,2
    ,2,2,2,1),(-2.094395102393,0.,2.094395102393,4.188790204786,
6.28318530718,8.377580409573),.UNSPECIFIED.) CURVE() 
GEOMETRIC_REPRESENTATION_ITEM() RATIONAL_B_SPLINE_CURVE((1.,0.5,1.,0.5,
1.,0.5,1.)) REPRESENTATION_ITEM('') );
#3896 = CARTESIAN_POINT('',(16.5,0.));
#3897 = CARTESIAN_POINT('',(13.901923788647,0.));
#3898 = CARTESIAN_POINT('',(15.200961894323,2.25));
#3899 = CARTESIAN_POINT('',(16.5,4.5));
#3900 = CARTESIAN_POINT('',(17.799038105677,2.25));
#3901 = CARTESIAN_POINT('',(19.098076211353,2.22044604925E-15));
#3902 = CARTESIAN_POINT('',(16.5,0.));
#3903 = ( GEOMETRIC_REPRESENTATION_CONTEXT(2) 
PARAMETRIC_REPRESENTATION_CONTEXT() REPRESENTATION_CONTEXT('2D SPACE',''
  ) );
#3904 = PCURVE('',#3629,#3905);
#3905 = DEFINITIONAL_REPRESENTATION('',(#3906),#3910);
#3906 = LINE('',#3907,#3908);
#3907 = CARTESIAN_POINT('',(4.712388980385,-0.));
#3908 = VECTOR('',#3909,1.);
#3909 = DIRECTION('',(-1.,0.));
#3910 = ( GEOMETRIC_REPRESENTATION_CONTEXT(2) 
PARAMETRIC_REPRESENTATION_CONTEXT() REPRESENTATION_CONTEXT('2D SPACE',''
  ) );
#3911 = ORIENTED_EDGE('',*,*,#3912,.T.);
#3912 = EDGE_CURVE('',#3885,#3913,#3915,.T.);
#3913 = VERTEX_POINT('',#3914);
#3914 = CARTESIAN_POINT('',(47.3,130.6,2.9));
#3915 = SURFACE_CURVE('',#3916,(#3920,#3927),.PCURVE_S1.);
#3916 = LINE('',#3917,#3918);
#3917 = CARTESIAN_POINT('',(47.3,119.1,2.9));
#3918 = VECTOR('',#3919,1.);
#3919 = DIRECTION('',(0.,1.,0.));
#3920 = PCURVE('',#3514,#3921);
#3921 = DEFINITIONAL_REPRESENTATION('',(#3922),#3926);
#3922 = LINE('',#3923,#3924);
#3923 = CARTESIAN_POINT('',(18.,0.));
#3924 = VECTOR('',#3925,1.);
#3925 = DIRECTION('',(0.,1.));
#3926 = ( GEOMETRIC_REPRESENTATION_CONTEXT(2) 
PARAMETRIC_REPRESENTATION_CONTEXT() REPRESENTATION_CONTEXT('2D SPACE',''
  ) );
#3927 = PCURVE('',#3657,#3928);
#3928 = DEFINITIONAL_REPRESENTATION('',(#3929),#3933);
#3929 = LINE('',#3930,#3931);
#3930 = CARTESIAN_POINT('',(0.,0.));
#3931 = VECTOR('',#3932,1.);
#3932 = DIRECTION('',(0.,-1.));
#3933 = ( GEOMETRIC_REPRESENTATION_CONTEXT(2) 
PARAMETRIC_REPRESENTATION_CONTEXT() REPRESENTATION_CONTEXT('2D SPACE',''
  ) );
#3934 = ORIENTED_EDGE('',*,*,#3935,.T.);
#3935 = EDGE_CURVE('',#3913,#3936,#3938,.T.);
#3936 = VERTEX_POINT('',#3937);
#3937 = CARTESIAN_POINT('',(45.8,132.1,2.9));
#3938 = SURFACE_CURVE('',#3939,(#3944,#3951),.PCURVE_S1.);
#3939 = CIRCLE('',#3940,1.5);
#3940 = AXIS2_PLACEMENT_3D('',#3941,#3942,#3943);
#3941 = CARTESIAN_POINT('',(45.8,130.6,2.9));
#3942 = DIRECTION('',(0.,0.,1.));
#3943 = DIRECTION('',(0.,-1.,0.));
#3944 = PCURVE('',#3514,#3945);
#3945 = DEFINITIONAL_REPRESENTATION('',(#3946),#3950);
#3946 = CIRCLE('',#3947,1.5);
#3947 = AXIS2_PLACEMENT_2D('',#3948,#3949);
#3948 = CARTESIAN_POINT('',(16.5,11.5));
#3949 = DIRECTION('',(0.,-1.));
#3950 = ( GEOMETRIC_REPRESENTATION_CONTEXT(2) 
PARAMETRIC_REPRESENTATION_CONTEXT() REPRESENTATION_CONTEXT('2D SPACE',''
  ) );
#3951 = PCURVE('',#3686,#3952);
#3952 = DEFINITIONAL_REPRESENTATION('',(#3953),#3957);
#3953 = LINE('',#3954,#3955);
#3954 = CARTESIAN_POINT('',(-1.570796326795,0.));
#3955 = VECTOR('',#3956,1.);
#3956 = DIRECTION('',(1.,0.));
#3957 = ( GEOMETRIC_REPRESENTATION_CONTEXT(2) 
PARAMETRIC_REPRESENTATION_CONTEXT() REPRESENTATION_CONTEXT('2D SPACE',''
  ) );
#3958 = ORIENTED_EDGE('',*,*,#3959,.F.);
#3959 = EDGE_CURVE('',#3806,#3936,#3960,.T.);
#3960 = SURFACE_CURVE('',#3961,(#3965,#3972),.PCURVE_S1.);
#3961 = LINE('',#3962,#3963);
#3962 = CARTESIAN_POINT('',(29.3,132.1,2.9));
#3963 = VECTOR('',#3964,1.);
#3964 = DIRECTION('',(1.,0.,0.));
#3965 = PCURVE('',#3514,#3966);
#3966 = DEFINITIONAL_REPRESENTATION('',(#3967),#3971);
#3967 = LINE('',#3968,#3969);
#3968 = CARTESIAN_POINT('',(0.,13.));
#3969 = VECTOR('',#3970,1.);
#3970 = DIRECTION('',(1.,0.));
#3971 = ( GEOMETRIC_REPRESENTATION_CONTEXT(2) 
PARAMETRIC_REPRESENTATION_CONTEXT() REPRESENTATION_CONTEXT('2D SPACE',''
  ) );
#3972 = PCURVE('',#3714,#3973);
#3973 = DEFINITIONAL_REPRESENTATION('',(#3974),#3978);
#3974 = LINE('',#3975,#3976);
#3975 = CARTESIAN_POINT('',(0.,0.));
#3976 = VECTOR('',#3977,1.);
#3977 = DIRECTION('',(0.,1.));
#3978 = ( GEOMETRIC_REPRESENTATION_CONTEXT(2) 
PARAMETRIC_REPRESENTATION_CONTEXT() REPRESENTATION_CONTEXT('2D SPACE',''
  ) );
#3979 = ORIENTED_EDGE('',*,*,#3805,.F.);
#3980 = ADVANCED_FACE('',(#3981),#3596,.F.);
#3981 = FACE_BOUND('',#3982,.F.);
#3982 = EDGE_LOOP('',(#3983,#3984,#3985,#3986));
#3983 = ORIENTED_EDGE('',*,*,#3861,.F.);
#3984 = ORIENTED_EDGE('',*,*,#3779,.T.);
#3985 = ORIENTED_EDGE('',*,*,#3580,.T.);
#3986 = ORIENTED_EDGE('',*,*,#3987,.F.);
#3987 = EDGE_CURVE('',#3862,#3581,#3988,.T.);
#3988 = SURFACE_CURVE('',#3989,(#3993,#4000),.PCURVE_S1.);
#3989 = LINE('',#3990,#3991);
#3990 = CARTESIAN_POINT('',(45.8,119.1,2.9));
#3991 = VECTOR('',#3992,1.);
#3992 = DIRECTION('',(0.,0.,1.));
#3993 = PCURVE('',#3596,#3994);
#3994 = DEFINITIONAL_REPRESENTATION('',(#3995),#3999);
#3995 = LINE('',#3996,#3997);
#3996 = CARTESIAN_POINT('',(0.,16.5));
#3997 = VECTOR('',#3998,1.);
#3998 = DIRECTION('',(1.,0.));
#3999 = ( GEOMETRIC_REPRESENTATION_CONTEXT(2) 
PARAMETRIC_REPRESENTATION_CONTEXT() REPRESENTATION_CONTEXT('2D SPACE',''
  ) );
#4000 = PCURVE('',#3629,#4001);
#4001 = DEFINITIONAL_REPRESENTATION('',(#4002),#4006);
#4002 = LINE('',#4003,#4004);
#4003 = CARTESIAN_POINT('',(-1.570796326795,0.));
#4004 = VECTOR('',#4005,1.);
#4005 = DIRECTION('',(-0.,1.));
#4006 = ( GEOMETRIC_REPRESENTATION_CONTEXT(2) 
PARAMETRIC_REPRESENTATION_CONTEXT() REPRESENTATION_CONTEXT('2D SPACE',''
  ) );
#4007 = ADVANCED_FACE('',(#4008),#3714,.T.);
#4008 = FACE_BOUND('',#4009,.T.);
#4009 = EDGE_LOOP('',(#4010,#4011,#4012,#4013));
#4010 = ORIENTED_EDGE('',*,*,#3959,.F.);
#4011 = ORIENTED_EDGE('',*,*,#3833,.T.);
#4012 = ORIENTED_EDGE('',*,*,#3698,.T.);
#4013 = ORIENTED_EDGE('',*,*,#4014,.F.);
#4014 = EDGE_CURVE('',#3936,#3670,#4015,.T.);
#4015 = SURFACE_CURVE('',#4016,(#4020,#4027),.PCURVE_S1.);
#4016 = LINE('',#4017,#4018);
#4017 = CARTESIAN_POINT('',(45.8,132.1,2.9));
#4018 = VECTOR('',#4019,1.);
#4019 = DIRECTION('',(0.,0.,1.));
#4020 = PCURVE('',#3714,#4021);
#4021 = DEFINITIONAL_REPRESENTATION('',(#4022),#4026);
#4022 = LINE('',#4023,#4024);
#4023 = CARTESIAN_POINT('',(0.,16.5));
#4024 = VECTOR('',#4025,1.);
#4025 = DIRECTION('',(1.,0.));
#4026 = ( GEOMETRIC_REPRESENTATION_CONTEXT(2) 
PARAMETRIC_REPRESENTATION_CONTEXT() REPRESENTATION_CONTEXT('2D SPACE',''
  ) );
#4027 = PCURVE('',#3686,#4028);
#4028 = DEFINITIONAL_REPRESENTATION('',(#4029),#4033);
#4029 = LINE('',#4030,#4031);
#4030 = CARTESIAN_POINT('',(1.570796326795,0.));
#4031 = VECTOR('',#4032,1.);
#4032 = DIRECTION('',(0.,1.));
#4033 = ( GEOMETRIC_REPRESENTATION_CONTEXT(2) 
PARAMETRIC_REPRESENTATION_CONTEXT() REPRESENTATION_CONTEXT('2D SPACE',''
  ) );
#4034 = ADVANCED_FACE('',(#4035),#3629,.T.);
#4035 = FACE_BOUND('',#4036,.F.);
#4036 = EDGE_LOOP('',(#4037,#4038,#4039,#4040));
#4037 = ORIENTED_EDGE('',*,*,#3884,.T.);
#4038 = ORIENTED_EDGE('',*,*,#3987,.T.);
#4039 = ORIENTED_EDGE('',*,*,#3608,.F.);
#4040 = ORIENTED_EDGE('',*,*,#4041,.F.);
#4041 = EDGE_CURVE('',#3885,#3609,#4042,.T.);
#4042 = SURFACE_CURVE('',#4043,(#4047,#4054),.PCURVE_S1.);
#4043 = LINE('',#4044,#4045);
#4044 = CARTESIAN_POINT('',(47.3,120.6,2.9));
#4045 = VECTOR('',#4046,1.);
#4046 = DIRECTION('',(0.,0.,1.));
#4047 = PCURVE('',#3629,#4048);
#4048 = DEFINITIONAL_REPRESENTATION('',(#4049),#4053);
#4049 = LINE('',#4050,#4051);
#4050 = CARTESIAN_POINT('',(-0.,0.));
#4051 = VECTOR('',#4052,1.);
#4052 = DIRECTION('',(-0.,1.));
#4053 = ( GEOMETRIC_REPRESENTATION_CONTEXT(2) 
PARAMETRIC_REPRESENTATION_CONTEXT() REPRESENTATION_CONTEXT('2D SPACE',''
  ) );
#4054 = PCURVE('',#3657,#4055);
#4055 = DEFINITIONAL_REPRESENTATION('',(#4056),#4060);
#4056 = LINE('',#4057,#4058);
#4057 = CARTESIAN_POINT('',(0.,-1.5));
#4058 = VECTOR('',#4059,1.);
#4059 = DIRECTION('',(1.,0.));
#4060 = ( GEOMETRIC_REPRESENTATION_CONTEXT(2) 
PARAMETRIC_REPRESENTATION_CONTEXT() REPRESENTATION_CONTEXT('2D SPACE',''
  ) );
#4061 = ADVANCED_FACE('',(#4062),#3686,.T.);
#4062 = FACE_BOUND('',#4063,.T.);
#4063 = EDGE_LOOP('',(#4064,#4065,#4066,#4067));
#4064 = ORIENTED_EDGE('',*,*,#3935,.T.);
#4065 = ORIENTED_EDGE('',*,*,#4014,.T.);
#4066 = ORIENTED_EDGE('',*,*,#3669,.F.);
#4067 = ORIENTED_EDGE('',*,*,#4068,.F.);
#4068 = EDGE_CURVE('',#3913,#3642,#4069,.T.);
#4069 = SURFACE_CURVE('',#4070,(#4074,#4081),.PCURVE_S1.);
#4070 = LINE('',#4071,#4072);
#4071 = CARTESIAN_POINT('',(47.3,130.6,2.9));
#4072 = VECTOR('',#4073,1.);
#4073 = DIRECTION('',(0.,0.,1.));
#4074 = PCURVE('',#3686,#4075);
#4075 = DEFINITIONAL_REPRESENTATION('',(#4076),#4080);
#4076 = LINE('',#4077,#4078);
#4077 = CARTESIAN_POINT('',(0.,0.));
#4078 = VECTOR('',#4079,1.);
#4079 = DIRECTION('',(0.,1.));
#4080 = ( GEOMETRIC_REPRESENTATION_CONTEXT(2) 
PARAMETRIC_REPRESENTATION_CONTEXT() REPRESENTATION_CONTEXT('2D SPACE',''
  ) );
#4081 = PCURVE('',#3657,#4082);
#4082 = DEFINITIONAL_REPRESENTATION('',(#4083),#4087);
#4083 = LINE('',#4084,#4085);
#4084 = CARTESIAN_POINT('',(0.,-11.5));
#4085 = VECTOR('',#4086,1.);
#4086 = DIRECTION('',(1.,0.));
#4087 = ( GEOMETRIC_REPRESENTATION_CONTEXT(2) 
PARAMETRIC_REPRESENTATION_CONTEXT() REPRESENTATION_CONTEXT('2D SPACE',''
  ) );
#4088 = ADVANCED_FACE('',(#4089),#3657,.T.);
#4089 = FACE_BOUND('',#4090,.T.);
#4090 = EDGE_LOOP('',(#4091,#4092,#4093,#4094));
#4091 = ORIENTED_EDGE('',*,*,#3641,.F.);
#4092 = ORIENTED_EDGE('',*,*,#4041,.F.);
#4093 = ORIENTED_EDGE('',*,*,#3912,.T.);
#4094 = ORIENTED_EDGE('',*,*,#4068,.T.);
#4095 = ( GEOMETRIC_REPRESENTATION_CONTEXT(3) 
GLOBAL_UNCERTAINTY_ASSIGNED_CONTEXT((#4099)) 
GLOBAL_UNIT_ASSIGNED_CONTEXT((#4096,#4097,#4098)) REPRESENTATION_CONTEXT
('Context #1','3D Context with UNIT and UNCERTAINTY') );
#4096 = ( LENGTH_UNIT() NAMED_UNIT(*) SI_UNIT(.MILLI.,.METRE.) );
#4097 = ( NAMED_UNIT(*) PLANE_ANGLE_UNIT() SI_UNIT($,.RADIAN.) );
#4098 = ( NAMED_UNIT(*) SI_UNIT($,.STERADIAN.) SOLID_ANGLE_UNIT() );
#4099 = UNCERTAINTY_MEASURE_WITH_UNIT(LENGTH_MEASURE(1.E-07),#4096,
  'distance_accuracy_value','confusion accuracy');
#4100 = CONTEXT_DEPENDENT_SHAPE_REPRESENTATION(#4101,#4103);
#4101 = ( REPRESENTATION_RELATIONSHIP('','',#3428,#10) 
REPRESENTATION_RELATIONSHIP_WITH_TRANSFORMATION(#4102) 
SHAPE_REPRESENTATION_RELATIONSHIP() );
#4102 = ITEM_DEFINED_TRANSFORMATION('','',#11,#31);
#4103 = PRODUCT_DEFINITION_SHAPE('Placement','Placement of an item',
  #4104);
#4104 = NEXT_ASSEMBLY_USAGE_OCCURRENCE('31',
  'SPEAKER_R_SAME_SKY_CMS_18138A_SP_18_13_2_5','',#5,#3423,$);
#4105 = PRODUCT_RELATED_PRODUCT_CATEGORY('part',$,(#3425));
#4106 = SHAPE_DEFINITION_REPRESENTATION(#4107,#4113);
#4107 = PRODUCT_DEFINITION_SHAPE('','',#4108);
#4108 = PRODUCT_DEFINITION('design','',#4109,#4112);
#4109 = PRODUCT_DEFINITION_FORMATION('','',#4110);
#4110 = PRODUCT('SPEAKER_R_FRONT_GASKET_0_25',
  'SPEAKER_R_FRONT_GASKET_0_25','',(#4111));
#4111 = PRODUCT_CONTEXT('',#2,'mechanical');
#4112 = PRODUCT_DEFINITION_CONTEXT('part definition',#2,'design');
#4113 = ADVANCED_BREP_SHAPE_REPRESENTATION('',(#11,#4114),#5400);
#4114 = MANIFOLD_SOLID_BREP('',#4115);
#4115 = CLOSED_SHELL('',(#4116,#4236,#4658,#4708,#4762,#5069,#5096,#5123
    ,#5150,#5177,#5184,#5231,#5258,#5285,#5312,#5339,#5366,#5393));
#4116 = ADVANCED_FACE('',(#4117),#4131,.F.);
#4117 = FACE_BOUND('',#4118,.F.);
#4118 = EDGE_LOOP('',(#4119,#4154,#4182,#4210));
#4119 = ORIENTED_EDGE('',*,*,#4120,.F.);
#4120 = EDGE_CURVE('',#4121,#4123,#4125,.T.);
#4121 = VERTEX_POINT('',#4122);
#4122 = CARTESIAN_POINT('',(29.3,120.6,5.65));
#4123 = VERTEX_POINT('',#4124);
#4124 = CARTESIAN_POINT('',(29.3,130.6,5.65));
#4125 = SURFACE_CURVE('',#4126,(#4130,#4142),.PCURVE_S1.);
#4126 = LINE('',#4127,#4128);
#4127 = CARTESIAN_POINT('',(29.3,119.1,5.65));
#4128 = VECTOR('',#4129,1.);
#4129 = DIRECTION('',(0.,1.,0.));
#4130 = PCURVE('',#4131,#4136);
#4131 = PLANE('',#4132);
#4132 = AXIS2_PLACEMENT_3D('',#4133,#4134,#4135);
#4133 = CARTESIAN_POINT('',(29.3,119.1,5.4));
#4134 = DIRECTION('',(1.,0.,0.));
#4135 = DIRECTION('',(0.,0.,1.));
#4136 = DEFINITIONAL_REPRESENTATION('',(#4137),#4141);
#4137 = LINE('',#4138,#4139);
#4138 = CARTESIAN_POINT('',(0.25,0.));
#4139 = VECTOR('',#4140,1.);
#4140 = DIRECTION('',(0.,-1.));
#4141 = ( GEOMETRIC_REPRESENTATION_CONTEXT(2) 
PARAMETRIC_REPRESENTATION_CONTEXT() REPRESENTATION_CONTEXT('2D SPACE',''
  ) );
#4142 = PCURVE('',#4143,#4148);
#4143 = PLANE('',#4144);
#4144 = AXIS2_PLACEMENT_3D('',#4145,#4146,#4147);
#4145 = CARTESIAN_POINT('',(29.3,119.1,5.65));
#4146 = DIRECTION('',(0.,0.,1.));
#4147 = DIRECTION('',(1.,0.,0.));
#4148 = DEFINITIONAL_REPRESENTATION('',(#4149),#4153);
#4149 = LINE('',#4150,#4151);
#4150 = CARTESIAN_POINT('',(0.,0.));
#4151 = VECTOR('',#4152,1.);
#4152 = DIRECTION('',(0.,1.));
#4153 = ( GEOMETRIC_REPRESENTATION_CONTEXT(2) 
PARAMETRIC_REPRESENTATION_CONTEXT() REPRESENTATION_CONTEXT('2D SPACE',''
  ) );
#4154 = ORIENTED_EDGE('',*,*,#4155,.F.);
#4155 = EDGE_CURVE('',#4156,#4121,#4158,.T.);
#4156 = VERTEX_POINT('',#4157);
#4157 = CARTESIAN_POINT('',(29.3,120.6,5.4));
#4158 = SURFACE_CURVE('',#4159,(#4163,#4170),.PCURVE_S1.);
#4159 = LINE('',#4160,#4161);
#4160 = CARTESIAN_POINT('',(29.3,120.6,5.4));
#4161 = VECTOR('',#4162,1.);
#4162 = DIRECTION('',(0.,0.,1.));
#4163 = PCURVE('',#4131,#4164);
#4164 = DEFINITIONAL_REPRESENTATION('',(#4165),#4169);
#4165 = LINE('',#4166,#4167);
#4166 = CARTESIAN_POINT('',(0.,-1.5));
#4167 = VECTOR('',#4168,1.);
#4168 = DIRECTION('',(1.,0.));
#4169 = ( GEOMETRIC_REPRESENTATION_CONTEXT(2) 
PARAMETRIC_REPRESENTATION_CONTEXT() REPRESENTATION_CONTEXT('2D SPACE',''
  ) );
#4170 = PCURVE('',#4171,#4176);
#4171 = CYLINDRICAL_SURFACE('',#4172,1.5);
#4172 = AXIS2_PLACEMENT_3D('',#4173,#4174,#4175);
#4173 = CARTESIAN_POINT('',(30.8,120.6,5.4));
#4174 = DIRECTION('',(0.,0.,1.));
#4175 = DIRECTION('',(-1.,-0.,0.));
#4176 = DEFINITIONAL_REPRESENTATION('',(#4177),#4181);
#4177 = LINE('',#4178,#4179);
#4178 = CARTESIAN_POINT('',(0.,0.));
#4179 = VECTOR('',#4180,1.);
#4180 = DIRECTION('',(0.,1.));
#4181 = ( GEOMETRIC_REPRESENTATION_CONTEXT(2) 
PARAMETRIC_REPRESENTATION_CONTEXT() REPRESENTATION_CONTEXT('2D SPACE',''
  ) );
#4182 = ORIENTED_EDGE('',*,*,#4183,.T.);
#4183 = EDGE_CURVE('',#4156,#4184,#4186,.T.);
#4184 = VERTEX_POINT('',#4185);
#4185 = CARTESIAN_POINT('',(29.3,130.6,5.4));
#4186 = SURFACE_CURVE('',#4187,(#4191,#4198),.PCURVE_S1.);
#4187 = LINE('',#4188,#4189);
#4188 = CARTESIAN_POINT('',(29.3,119.1,5.4));
#4189 = VECTOR('',#4190,1.);
#4190 = DIRECTION('',(0.,1.,0.));
#4191 = PCURVE('',#4131,#4192);
#4192 = DEFINITIONAL_REPRESENTATION('',(#4193),#4197);
#4193 = LINE('',#4194,#4195);
#4194 = CARTESIAN_POINT('',(0.,0.));
#4195 = VECTOR('',#4196,1.);
#4196 = DIRECTION('',(0.,-1.));
#4197 = ( GEOMETRIC_REPRESENTATION_CONTEXT(2) 
PARAMETRIC_REPRESENTATION_CONTEXT() REPRESENTATION_CONTEXT('2D SPACE',''
  ) );
#4198 = PCURVE('',#4199,#4204);
#4199 = PLANE('',#4200);
#4200 = AXIS2_PLACEMENT_3D('',#4201,#4202,#4203);
#4201 = CARTESIAN_POINT('',(29.3,119.1,5.4));
#4202 = DIRECTION('',(0.,0.,1.));
#4203 = DIRECTION('',(1.,0.,0.));
#4204 = DEFINITIONAL_REPRESENTATION('',(#4205),#4209);
#4205 = LINE('',#4206,#4207);
#4206 = CARTESIAN_POINT('',(0.,0.));
#4207 = VECTOR('',#4208,1.);
#4208 = DIRECTION('',(0.,1.));
#4209 = ( GEOMETRIC_REPRESENTATION_CONTEXT(2) 
PARAMETRIC_REPRESENTATION_CONTEXT() REPRESENTATION_CONTEXT('2D SPACE',''
  ) );
#4210 = ORIENTED_EDGE('',*,*,#4211,.T.);
#4211 = EDGE_CURVE('',#4184,#4123,#4212,.T.);
#4212 = SURFACE_CURVE('',#4213,(#4217,#4224),.PCURVE_S1.);
#4213 = LINE('',#4214,#4215);
#4214 = CARTESIAN_POINT('',(29.3,130.6,5.4));
#4215 = VECTOR('',#4216,1.);
#4216 = DIRECTION('',(0.,0.,1.));
#4217 = PCURVE('',#4131,#4218);
#4218 = DEFINITIONAL_REPRESENTATION('',(#4219),#4223);
#4219 = LINE('',#4220,#4221);
#4220 = CARTESIAN_POINT('',(0.,-11.5));
#4221 = VECTOR('',#4222,1.);
#4222 = DIRECTION('',(1.,0.));
#4223 = ( GEOMETRIC_REPRESENTATION_CONTEXT(2) 
PARAMETRIC_REPRESENTATION_CONTEXT() REPRESENTATION_CONTEXT('2D SPACE',''
  ) );
#4224 = PCURVE('',#4225,#4230);
#4225 = CYLINDRICAL_SURFACE('',#4226,1.5);
#4226 = AXIS2_PLACEMENT_3D('',#4227,#4228,#4229);
#4227 = CARTESIAN_POINT('',(30.8,130.6,5.4));
#4228 = DIRECTION('',(0.,0.,1.));
#4229 = DIRECTION('',(-1.,-0.,0.));
#4230 = DEFINITIONAL_REPRESENTATION('',(#4231),#4235);
#4231 = LINE('',#4232,#4233);
#4232 = CARTESIAN_POINT('',(-0.,0.));
#4233 = VECTOR('',#4234,1.);
#4234 = DIRECTION('',(-0.,1.));
#4235 = ( GEOMETRIC_REPRESENTATION_CONTEXT(2) 
PARAMETRIC_REPRESENTATION_CONTEXT() REPRESENTATION_CONTEXT('2D SPACE',''
  ) );
#4236 = ADVANCED_FACE('',(#4237,#4436),#4143,.T.);
#4237 = FACE_BOUND('',#4238,.T.);
#4238 = EDGE_LOOP('',(#4239,#4240,#4264,#4292,#4325,#4353,#4382,#4410));
#4239 = ORIENTED_EDGE('',*,*,#4120,.F.);
#4240 = ORIENTED_EDGE('',*,*,#4241,.T.);
#4241 = EDGE_CURVE('',#4121,#4242,#4244,.T.);
#4242 = VERTEX_POINT('',#4243);
#4243 = CARTESIAN_POINT('',(30.8,119.1,5.65));
#4244 = SURFACE_CURVE('',#4245,(#4250,#4257),.PCURVE_S1.);
#4245 = CIRCLE('',#4246,1.5);
#4246 = AXIS2_PLACEMENT_3D('',#4247,#4248,#4249);
#4247 = CARTESIAN_POINT('',(30.8,120.6,5.65));
#4248 = DIRECTION('',(0.,0.,1.));
#4249 = DIRECTION('',(0.,-1.,0.));
#4250 = PCURVE('',#4143,#4251);
#4251 = DEFINITIONAL_REPRESENTATION('',(#4252),#4256);
#4252 = CIRCLE('',#4253,1.5);
#4253 = AXIS2_PLACEMENT_2D('',#4254,#4255);
#4254 = CARTESIAN_POINT('',(1.5,1.5));
#4255 = DIRECTION('',(0.,-1.));
#4256 = ( GEOMETRIC_REPRESENTATION_CONTEXT(2) 
PARAMETRIC_REPRESENTATION_CONTEXT() REPRESENTATION_CONTEXT('2D SPACE',''
  ) );
#4257 = PCURVE('',#4171,#4258);
#4258 = DEFINITIONAL_REPRESENTATION('',(#4259),#4263);
#4259 = LINE('',#4260,#4261);
#4260 = CARTESIAN_POINT('',(-4.712388980385,0.25));
#4261 = VECTOR('',#4262,1.);
#4262 = DIRECTION('',(1.,0.));
#4263 = ( GEOMETRIC_REPRESENTATION_CONTEXT(2) 
PARAMETRIC_REPRESENTATION_CONTEXT() REPRESENTATION_CONTEXT('2D SPACE',''
  ) );
#4264 = ORIENTED_EDGE('',*,*,#4265,.T.);
#4265 = EDGE_CURVE('',#4242,#4266,#4268,.T.);
#4266 = VERTEX_POINT('',#4267);
#4267 = CARTESIAN_POINT('',(45.8,119.1,5.65));
#4268 = SURFACE_CURVE('',#4269,(#4273,#4280),.PCURVE_S1.);
#4269 = LINE('',#4270,#4271);
#4270 = CARTESIAN_POINT('',(29.3,119.1,5.65));
#4271 = VECTOR('',#4272,1.);
#4272 = DIRECTION('',(1.,0.,0.));
#4273 = PCURVE('',#4143,#4274);
#4274 = DEFINITIONAL_REPRESENTATION('',(#4275),#4279);
#4275 = LINE('',#4276,#4277);
#4276 = CARTESIAN_POINT('',(0.,0.));
#4277 = VECTOR('',#4278,1.);
#4278 = DIRECTION('',(1.,0.));
#4279 = ( GEOMETRIC_REPRESENTATION_CONTEXT(2) 
PARAMETRIC_REPRESENTATION_CONTEXT() REPRESENTATION_CONTEXT('2D SPACE',''
  ) );
#4280 = PCURVE('',#4281,#4286);
#4281 = PLANE('',#4282);
#4282 = AXIS2_PLACEMENT_3D('',#4283,#4284,#4285);
#4283 = CARTESIAN_POINT('',(29.3,119.1,5.4));
#4284 = DIRECTION('',(0.,1.,0.));
#4285 = DIRECTION('',(0.,0.,1.));
#4286 = DEFINITIONAL_REPRESENTATION('',(#4287),#4291);
#4287 = LINE('',#4288,#4289);
#4288 = CARTESIAN_POINT('',(0.25,0.));
#4289 = VECTOR('',#4290,1.);
#4290 = DIRECTION('',(0.,1.));
#4291 = ( GEOMETRIC_REPRESENTATION_CONTEXT(2) 
PARAMETRIC_REPRESENTATION_CONTEXT() REPRESENTATION_CONTEXT('2D SPACE',''
  ) );
#4292 = ORIENTED_EDGE('',*,*,#4293,.F.);
#4293 = EDGE_CURVE('',#4294,#4266,#4296,.T.);
#4294 = VERTEX_POINT('',#4295);
#4295 = CARTESIAN_POINT('',(47.3,120.6,5.65));
#4296 = SURFACE_CURVE('',#4297,(#4302,#4313),.PCURVE_S1.);
#4297 = CIRCLE('',#4298,1.5);
#4298 = AXIS2_PLACEMENT_3D('',#4299,#4300,#4301);
#4299 = CARTESIAN_POINT('',(45.8,120.6,5.65));
#4300 = DIRECTION('',(-0.,-0.,-1.));
#4301 = DIRECTION('',(0.,-1.,0.));
#4302 = PCURVE('',#4143,#4303);
#4303 = DEFINITIONAL_REPRESENTATION('',(#4304),#4312);
#4304 = ( BOUNDED_CURVE() B_SPLINE_CURVE(2,(#4305,#4306,#4307,#4308,
#4309,#4310,#4311),.UNSPECIFIED.,.T.,.F.) B_SPLINE_CURVE_WITH_KNOTS((1,2
    ,2,2,2,1),(-2.094395102393,0.,2.094395102393,4.188790204786,
6.28318530718,8.377580409573),.UNSPECIFIED.) CURVE() 
GEOMETRIC_REPRESENTATION_ITEM() RATIONAL_B_SPLINE_CURVE((1.,0.5,1.,0.5,
1.,0.5,1.)) REPRESENTATION_ITEM('') );
#4305 = CARTESIAN_POINT('',(16.5,0.));
#4306 = CARTESIAN_POINT('',(13.901923788647,0.));
#4307 = CARTESIAN_POINT('',(15.200961894323,2.25));
#4308 = CARTESIAN_POINT('',(16.5,4.5));
#4309 = CARTESIAN_POINT('',(17.799038105677,2.25));
#4310 = CARTESIAN_POINT('',(19.098076211353,2.22044604925E-15));
#4311 = CARTESIAN_POINT('',(16.5,0.));
#4312 = ( GEOMETRIC_REPRESENTATION_CONTEXT(2) 
PARAMETRIC_REPRESENTATION_CONTEXT() REPRESENTATION_CONTEXT('2D SPACE',''
  ) );
#4313 = PCURVE('',#4314,#4319);
#4314 = CYLINDRICAL_SURFACE('',#4315,1.5);
#4315 = AXIS2_PLACEMENT_3D('',#4316,#4317,#4318);
#4316 = CARTESIAN_POINT('',(45.8,120.6,5.4));
#4317 = DIRECTION('',(0.,0.,1.));
#4318 = DIRECTION('',(1.,0.,-0.));
#4319 = DEFINITIONAL_REPRESENTATION('',(#4320),#4324);
#4320 = LINE('',#4321,#4322);
#4321 = CARTESIAN_POINT('',(4.712388980385,0.25));
#4322 = VECTOR('',#4323,1.);
#4323 = DIRECTION('',(-1.,0.));
#4324 = ( GEOMETRIC_REPRESENTATION_CONTEXT(2) 
PARAMETRIC_REPRESENTATION_CONTEXT() REPRESENTATION_CONTEXT('2D SPACE',''
  ) );
#4325 = ORIENTED_EDGE('',*,*,#4326,.T.);
#4326 = EDGE_CURVE('',#4294,#4327,#4329,.T.);
#4327 = VERTEX_POINT('',#4328);
#4328 = CARTESIAN_POINT('',(47.3,130.6,5.65));
#4329 = SURFACE_CURVE('',#4330,(#4334,#4341),.PCURVE_S1.);
#4330 = LINE('',#4331,#4332);
#4331 = CARTESIAN_POINT('',(47.3,119.1,5.65));
#4332 = VECTOR('',#4333,1.);
#4333 = DIRECTION('',(0.,1.,0.));
#4334 = PCURVE('',#4143,#4335);
#4335 = DEFINITIONAL_REPRESENTATION('',(#4336),#4340);
#4336 = LINE('',#4337,#4338);
#4337 = CARTESIAN_POINT('',(18.,0.));
#4338 = VECTOR('',#4339,1.);
#4339 = DIRECTION('',(0.,1.));
#4340 = ( GEOMETRIC_REPRESENTATION_CONTEXT(2) 
PARAMETRIC_REPRESENTATION_CONTEXT() REPRESENTATION_CONTEXT('2D SPACE',''
  ) );
#4341 = PCURVE('',#4342,#4347);
#4342 = PLANE('',#4343);
#4343 = AXIS2_PLACEMENT_3D('',#4344,#4345,#4346);
#4344 = CARTESIAN_POINT('',(47.3,119.1,5.4));
#4345 = DIRECTION('',(1.,0.,0.));
#4346 = DIRECTION('',(0.,0.,1.));
#4347 = DEFINITIONAL_REPRESENTATION('',(#4348),#4352);
#4348 = LINE('',#4349,#4350);
#4349 = CARTESIAN_POINT('',(0.25,0.));
#4350 = VECTOR('',#4351,1.);
#4351 = DIRECTION('',(0.,-1.));
#4352 = ( GEOMETRIC_REPRESENTATION_CONTEXT(2) 
PARAMETRIC_REPRESENTATION_CONTEXT() REPRESENTATION_CONTEXT('2D SPACE',''
  ) );
#4353 = ORIENTED_EDGE('',*,*,#4354,.T.);
#4354 = EDGE_CURVE('',#4327,#4355,#4357,.T.);
#4355 = VERTEX_POINT('',#4356);
#4356 = CARTESIAN_POINT('',(45.8,132.1,5.65));
#4357 = SURFACE_CURVE('',#4358,(#4363,#4370),.PCURVE_S1.);
#4358 = CIRCLE('',#4359,1.5);
#4359 = AXIS2_PLACEMENT_3D('',#4360,#4361,#4362);
#4360 = CARTESIAN_POINT('',(45.8,130.6,5.65));
#4361 = DIRECTION('',(0.,0.,1.));
#4362 = DIRECTION('',(0.,-1.,0.));
#4363 = PCURVE('',#4143,#4364);
#4364 = DEFINITIONAL_REPRESENTATION('',(#4365),#4369);
#4365 = CIRCLE('',#4366,1.5);
#4366 = AXIS2_PLACEMENT_2D('',#4367,#4368);
#4367 = CARTESIAN_POINT('',(16.5,11.5));
#4368 = DIRECTION('',(0.,-1.));
#4369 = ( GEOMETRIC_REPRESENTATION_CONTEXT(2) 
PARAMETRIC_REPRESENTATION_CONTEXT() REPRESENTATION_CONTEXT('2D SPACE',''
  ) );
#4370 = PCURVE('',#4371,#4376);
#4371 = CYLINDRICAL_SURFACE('',#4372,1.5);
#4372 = AXIS2_PLACEMENT_3D('',#4373,#4374,#4375);
#4373 = CARTESIAN_POINT('',(45.8,130.6,5.4));
#4374 = DIRECTION('',(0.,0.,1.));
#4375 = DIRECTION('',(1.,0.,-0.));
#4376 = DEFINITIONAL_REPRESENTATION('',(#4377),#4381);
#4377 = LINE('',#4378,#4379);
#4378 = CARTESIAN_POINT('',(-1.570796326795,0.25));
#4379 = VECTOR('',#4380,1.);
#4380 = DIRECTION('',(1.,0.));
#4381 = ( GEOMETRIC_REPRESENTATION_CONTEXT(2) 
PARAMETRIC_REPRESENTATION_CONTEXT() REPRESENTATION_CONTEXT('2D SPACE',''
  ) );
#4382 = ORIENTED_EDGE('',*,*,#4383,.F.);
#4383 = EDGE_CURVE('',#4384,#4355,#4386,.T.);
#4384 = VERTEX_POINT('',#4385);
#4385 = CARTESIAN_POINT('',(30.8,132.1,5.65));
#4386 = SURFACE_CURVE('',#4387,(#4391,#4398),.PCURVE_S1.);
#4387 = LINE('',#4388,#4389);
#4388 = CARTESIAN_POINT('',(29.3,132.1,5.65));
#4389 = VECTOR('',#4390,1.);
#4390 = DIRECTION('',(1.,0.,0.));
#4391 = PCURVE('',#4143,#4392);
#4392 = DEFINITIONAL_REPRESENTATION('',(#4393),#4397);
#4393 = LINE('',#4394,#4395);
#4394 = CARTESIAN_POINT('',(0.,13.));
#4395 = VECTOR('',#4396,1.);
#4396 = DIRECTION('',(1.,0.));
#4397 = ( GEOMETRIC_REPRESENTATION_CONTEXT(2) 
PARAMETRIC_REPRESENTATION_CONTEXT() REPRESENTATION_CONTEXT('2D SPACE',''
  ) );
#4398 = PCURVE('',#4399,#4404);
#4399 = PLANE('',#4400);
#4400 = AXIS2_PLACEMENT_3D('',#4401,#4402,#4403);
#4401 = CARTESIAN_POINT('',(29.3,132.1,5.4));
#4402 = DIRECTION('',(0.,1.,0.));
#4403 = DIRECTION('',(0.,0.,1.));
#4404 = DEFINITIONAL_REPRESENTATION('',(#4405),#4409);
#4405 = LINE('',#4406,#4407);
#4406 = CARTESIAN_POINT('',(0.25,0.));
#4407 = VECTOR('',#4408,1.);
#4408 = DIRECTION('',(0.,1.));
#4409 = ( GEOMETRIC_REPRESENTATION_CONTEXT(2) 
PARAMETRIC_REPRESENTATION_CONTEXT() REPRESENTATION_CONTEXT('2D SPACE',''
  ) );
#4410 = ORIENTED_EDGE('',*,*,#4411,.F.);
#4411 = EDGE_CURVE('',#4123,#4384,#4412,.T.);
#4412 = SURFACE_CURVE('',#4413,(#4418,#4429),.PCURVE_S1.);
#4413 = CIRCLE('',#4414,1.5);
#4414 = AXIS2_PLACEMENT_3D('',#4415,#4416,#4417);
#4415 = CARTESIAN_POINT('',(30.8,130.6,5.65));
#4416 = DIRECTION('',(-0.,-0.,-1.));
#4417 = DIRECTION('',(0.,-1.,0.));
#4418 = PCURVE('',#4143,#4419);
#4419 = DEFINITIONAL_REPRESENTATION('',(#4420),#4428);
#4420 = ( BOUNDED_CURVE() B_SPLINE_CURVE(2,(#4421,#4422,#4423,#4424,
#4425,#4426,#4427),.UNSPECIFIED.,.T.,.F.) B_SPLINE_CURVE_WITH_KNOTS((1,2
    ,2,2,2,1),(-2.094395102393,0.,2.094395102393,4.188790204786,
6.28318530718,8.377580409573),.UNSPECIFIED.) CURVE() 
GEOMETRIC_REPRESENTATION_ITEM() RATIONAL_B_SPLINE_CURVE((1.,0.5,1.,0.5,
1.,0.5,1.)) REPRESENTATION_ITEM('') );
#4421 = CARTESIAN_POINT('',(1.5,10.));
#4422 = CARTESIAN_POINT('',(-1.098076211353,10.));
#4423 = CARTESIAN_POINT('',(0.200961894323,12.25));
#4424 = CARTESIAN_POINT('',(1.5,14.5));
#4425 = CARTESIAN_POINT('',(2.799038105677,12.25));
#4426 = CARTESIAN_POINT('',(4.098076211353,10.));
#4427 = CARTESIAN_POINT('',(1.5,10.));
#4428 = ( GEOMETRIC_REPRESENTATION_CONTEXT(2) 
PARAMETRIC_REPRESENTATION_CONTEXT() REPRESENTATION_CONTEXT('2D SPACE',''
  ) );
#4429 = PCURVE('',#4225,#4430);
#4430 = DEFINITIONAL_REPRESENTATION('',(#4431),#4435);
#4431 = LINE('',#4432,#4433);
#4432 = CARTESIAN_POINT('',(1.570796326795,0.25));
#4433 = VECTOR('',#4434,1.);
#4434 = DIRECTION('',(-1.,0.));
#4435 = ( GEOMETRIC_REPRESENTATION_CONTEXT(2) 
PARAMETRIC_REPRESENTATION_CONTEXT() REPRESENTATION_CONTEXT('2D SPACE',''
  ) );
#4436 = FACE_BOUND('',#4437,.T.);
#4437 = EDGE_LOOP('',(#4438,#4469,#4495,#4524,#4550,#4579,#4605,#4634));
#4438 = ORIENTED_EDGE('',*,*,#4439,.F.);
#4439 = EDGE_CURVE('',#4440,#4442,#4444,.T.);
#4440 = VERTEX_POINT('',#4441);
#4441 = CARTESIAN_POINT('',(30.8,121.4,5.65));
#4442 = VERTEX_POINT('',#4443);
#4443 = CARTESIAN_POINT('',(31.6,120.6,5.65));
#4444 = SURFACE_CURVE('',#4445,(#4450,#4457),.PCURVE_S1.);
#4445 = CIRCLE('',#4446,0.8);
#4446 = AXIS2_PLACEMENT_3D('',#4447,#4448,#4449);
#4447 = CARTESIAN_POINT('',(31.6,121.4,5.65));
#4448 = DIRECTION('',(0.,0.,1.));
#4449 = DIRECTION('',(-1.,-0.,0.));
#4450 = PCURVE('',#4143,#4451);
#4451 = DEFINITIONAL_REPRESENTATION('',(#4452),#4456);
#4452 = CIRCLE('',#4453,0.8);
#4453 = AXIS2_PLACEMENT_2D('',#4454,#4455);
#4454 = CARTESIAN_POINT('',(2.3,2.3));
#4455 = DIRECTION('',(-1.,0.));
#4456 = ( GEOMETRIC_REPRESENTATION_CONTEXT(2) 
PARAMETRIC_REPRESENTATION_CONTEXT() REPRESENTATION_CONTEXT('2D SPACE',''
  ) );
#4457 = PCURVE('',#4458,#4463);
#4458 = CYLINDRICAL_SURFACE('',#4459,0.8);
#4459 = AXIS2_PLACEMENT_3D('',#4460,#4461,#4462);
#4460 = CARTESIAN_POINT('',(31.6,121.4,5.3));
#4461 = DIRECTION('',(0.,0.,1.));
#4462 = DIRECTION('',(-1.,-0.,0.));
#4463 = DEFINITIONAL_REPRESENTATION('',(#4464),#4468);
#4464 = LINE('',#4465,#4466);
#4465 = CARTESIAN_POINT('',(0.,0.35));
#4466 = VECTOR('',#4467,1.);
#4467 = DIRECTION('',(1.,0.));
#4468 = ( GEOMETRIC_REPRESENTATION_CONTEXT(2) 
PARAMETRIC_REPRESENTATION_CONTEXT() REPRESENTATION_CONTEXT('2D SPACE',''
  ) );
#4469 = ORIENTED_EDGE('',*,*,#4470,.T.);
#4470 = EDGE_CURVE('',#4440,#4471,#4473,.T.);
#4471 = VERTEX_POINT('',#4472);
#4472 = CARTESIAN_POINT('',(30.8,129.8,5.65));
#4473 = SURFACE_CURVE('',#4474,(#4478,#4484),.PCURVE_S1.);
#4474 = LINE('',#4475,#4476);
#4475 = CARTESIAN_POINT('',(30.8,119.85,5.65));
#4476 = VECTOR('',#4477,1.);
#4477 = DIRECTION('',(0.,1.,0.));
#4478 = PCURVE('',#4143,#4479);
#4479 = DEFINITIONAL_REPRESENTATION('',(#4480),#4483);
#4480 = B_SPLINE_CURVE_WITH_KNOTS('',1,(#4481,#4482),.UNSPECIFIED.,.F.,
  .F.,(2,2),(1.55,9.95),.PIECEWISE_BEZIER_KNOTS.);
#4481 = CARTESIAN_POINT('',(1.5,2.3));
#4482 = CARTESIAN_POINT('',(1.5,10.7));
#4483 = ( GEOMETRIC_REPRESENTATION_CONTEXT(2) 
PARAMETRIC_REPRESENTATION_CONTEXT() REPRESENTATION_CONTEXT('2D SPACE',''
  ) );
#4484 = PCURVE('',#4485,#4490);
#4485 = PLANE('',#4486);
#4486 = AXIS2_PLACEMENT_3D('',#4487,#4488,#4489);
#4487 = CARTESIAN_POINT('',(30.8,120.6,5.3));
#4488 = DIRECTION('',(1.,0.,0.));
#4489 = DIRECTION('',(0.,0.,1.));
#4490 = DEFINITIONAL_REPRESENTATION('',(#4491),#4494);
#4491 = B_SPLINE_CURVE_WITH_KNOTS('',1,(#4492,#4493),.UNSPECIFIED.,.F.,
  .F.,(2,2),(1.55,9.95),.PIECEWISE_BEZIER_KNOTS.);
#4492 = CARTESIAN_POINT('',(0.35,-0.8));
#4493 = CARTESIAN_POINT('',(0.35,-9.2));
#4494 = ( GEOMETRIC_REPRESENTATION_CONTEXT(2) 
PARAMETRIC_REPRESENTATION_CONTEXT() REPRESENTATION_CONTEXT('2D SPACE',''
  ) );
#4495 = ORIENTED_EDGE('',*,*,#4496,.F.);
#4496 = EDGE_CURVE('',#4497,#4471,#4499,.T.);
#4497 = VERTEX_POINT('',#4498);
#4498 = CARTESIAN_POINT('',(31.6,130.6,5.65));
#4499 = SURFACE_CURVE('',#4500,(#4505,#4512),.PCURVE_S1.);
#4500 = CIRCLE('',#4501,0.8);
#4501 = AXIS2_PLACEMENT_3D('',#4502,#4503,#4504);
#4502 = CARTESIAN_POINT('',(31.6,129.8,5.65));
#4503 = DIRECTION('',(0.,0.,1.));
#4504 = DIRECTION('',(-1.,-0.,0.));
#4505 = PCURVE('',#4143,#4506);
#4506 = DEFINITIONAL_REPRESENTATION('',(#4507),#4511);
#4507 = CIRCLE('',#4508,0.8);
#4508 = AXIS2_PLACEMENT_2D('',#4509,#4510);
#4509 = CARTESIAN_POINT('',(2.3,10.7));
#4510 = DIRECTION('',(-1.,0.));
#4511 = ( GEOMETRIC_REPRESENTATION_CONTEXT(2) 
PARAMETRIC_REPRESENTATION_CONTEXT() REPRESENTATION_CONTEXT('2D SPACE',''
  ) );
#4512 = PCURVE('',#4513,#4518);
#4513 = CYLINDRICAL_SURFACE('',#4514,0.8);
#4514 = AXIS2_PLACEMENT_3D('',#4515,#4516,#4517);
#4515 = CARTESIAN_POINT('',(31.6,129.8,5.3));
#4516 = DIRECTION('',(0.,0.,1.));
#4517 = DIRECTION('',(-1.,-0.,0.));
#4518 = DEFINITIONAL_REPRESENTATION('',(#4519),#4523);
#4519 = LINE('',#4520,#4521);
#4520 = CARTESIAN_POINT('',(-6.28318530718,0.35));
#4521 = VECTOR('',#4522,1.);
#4522 = DIRECTION('',(1.,-0.));
#4523 = ( GEOMETRIC_REPRESENTATION_CONTEXT(2) 
PARAMETRIC_REPRESENTATION_CONTEXT() REPRESENTATION_CONTEXT('2D SPACE',''
  ) );
#4524 = ORIENTED_EDGE('',*,*,#4525,.F.);
#4525 = EDGE_CURVE('',#4526,#4497,#4528,.T.);
#4526 = VERTEX_POINT('',#4527);
#4527 = CARTESIAN_POINT('',(45.,130.6,5.65));
#4528 = SURFACE_CURVE('',#4529,(#4533,#4539),.PCURVE_S1.);
#4529 = LINE('',#4530,#4531);
#4530 = CARTESIAN_POINT('',(30.05,130.6,5.65));
#4531 = VECTOR('',#4532,1.);
#4532 = DIRECTION('',(-1.,0.,0.));
#4533 = PCURVE('',#4143,#4534);
#4534 = DEFINITIONAL_REPRESENTATION('',(#4535),#4538);
#4535 = B_SPLINE_CURVE_WITH_KNOTS('',1,(#4536,#4537),.UNSPECIFIED.,.F.,
  .F.,(2,2),(-14.95,-1.55),.PIECEWISE_BEZIER_KNOTS.);
#4536 = CARTESIAN_POINT('',(15.7,11.5));
#4537 = CARTESIAN_POINT('',(2.3,11.5));
#4538 = ( GEOMETRIC_REPRESENTATION_CONTEXT(2) 
PARAMETRIC_REPRESENTATION_CONTEXT() REPRESENTATION_CONTEXT('2D SPACE',''
  ) );
#4539 = PCURVE('',#4540,#4545);
#4540 = PLANE('',#4541);
#4541 = AXIS2_PLACEMENT_3D('',#4542,#4543,#4544);
#4542 = CARTESIAN_POINT('',(30.8,130.6,5.3));
#4543 = DIRECTION('',(0.,1.,0.));
#4544 = DIRECTION('',(0.,0.,1.));
#4545 = DEFINITIONAL_REPRESENTATION('',(#4546),#4549);
#4546 = B_SPLINE_CURVE_WITH_KNOTS('',1,(#4547,#4548),.UNSPECIFIED.,.F.,
  .F.,(2,2),(-14.95,-1.55),.PIECEWISE_BEZIER_KNOTS.);
#4547 = CARTESIAN_POINT('',(0.35,14.2));
#4548 = CARTESIAN_POINT('',(0.35,0.8));
#4549 = ( GEOMETRIC_REPRESENTATION_CONTEXT(2) 
PARAMETRIC_REPRESENTATION_CONTEXT() REPRESENTATION_CONTEXT('2D SPACE',''
  ) );
#4550 = ORIENTED_EDGE('',*,*,#4551,.F.);
#4551 = EDGE_CURVE('',#4552,#4526,#4554,.T.);
#4552 = VERTEX_POINT('',#4553);
#4553 = CARTESIAN_POINT('',(45.8,129.8,5.65));
#4554 = SURFACE_CURVE('',#4555,(#4560,#4567),.PCURVE_S1.);
#4555 = CIRCLE('',#4556,0.8);
#4556 = AXIS2_PLACEMENT_3D('',#4557,#4558,#4559);
#4557 = CARTESIAN_POINT('',(45.,129.8,5.65));
#4558 = DIRECTION('',(0.,0.,1.));
#4559 = DIRECTION('',(1.,0.,-0.));
#4560 = PCURVE('',#4143,#4561);
#4561 = DEFINITIONAL_REPRESENTATION('',(#4562),#4566);
#4562 = CIRCLE('',#4563,0.8);
#4563 = AXIS2_PLACEMENT_2D('',#4564,#4565);
#4564 = CARTESIAN_POINT('',(15.7,10.7));
#4565 = DIRECTION('',(1.,0.));
#4566 = ( GEOMETRIC_REPRESENTATION_CONTEXT(2) 
PARAMETRIC_REPRESENTATION_CONTEXT() REPRESENTATION_CONTEXT('2D SPACE',''
  ) );
#4567 = PCURVE('',#4568,#4573);
#4568 = CYLINDRICAL_SURFACE('',#4569,0.8);
#4569 = AXIS2_PLACEMENT_3D('',#4570,#4571,#4572);
#4570 = CARTESIAN_POINT('',(45.,129.8,5.3));
#4571 = DIRECTION('',(0.,0.,1.));
#4572 = DIRECTION('',(1.,0.,-0.));
#4573 = DEFINITIONAL_REPRESENTATION('',(#4574),#4578);
#4574 = LINE('',#4575,#4576);
#4575 = CARTESIAN_POINT('',(0.,0.35));
#4576 = VECTOR('',#4577,1.);
#4577 = DIRECTION('',(1.,0.));
#4578 = ( GEOMETRIC_REPRESENTATION_CONTEXT(2) 
PARAMETRIC_REPRESENTATION_CONTEXT() REPRESENTATION_CONTEXT('2D SPACE',''
  ) );
#4579 = ORIENTED_EDGE('',*,*,#4580,.F.);
#4580 = EDGE_CURVE('',#4581,#4552,#4583,.T.);
#4581 = VERTEX_POINT('',#4582);
#4582 = CARTESIAN_POINT('',(45.8,121.4,5.65));
#4583 = SURFACE_CURVE('',#4584,(#4588,#4594),.PCURVE_S1.);
#4584 = LINE('',#4585,#4586);
#4585 = CARTESIAN_POINT('',(45.8,119.85,5.65));
#4586 = VECTOR('',#4587,1.);
#4587 = DIRECTION('',(0.,1.,0.));
#4588 = PCURVE('',#4143,#4589);
#4589 = DEFINITIONAL_REPRESENTATION('',(#4590),#4593);
#4590 = B_SPLINE_CURVE_WITH_KNOTS('',1,(#4591,#4592),.UNSPECIFIED.,.F.,
  .F.,(2,2),(1.55,9.95),.PIECEWISE_BEZIER_KNOTS.);
#4591 = CARTESIAN_POINT('',(16.5,2.3));
#4592 = CARTESIAN_POINT('',(16.5,10.7));
#4593 = ( GEOMETRIC_REPRESENTATION_CONTEXT(2) 
PARAMETRIC_REPRESENTATION_CONTEXT() REPRESENTATION_CONTEXT('2D SPACE',''
  ) );
#4594 = PCURVE('',#4595,#4600);
#4595 = PLANE('',#4596);
#4596 = AXIS2_PLACEMENT_3D('',#4597,#4598,#4599);
#4597 = CARTESIAN_POINT('',(45.8,120.6,5.3));
#4598 = DIRECTION('',(1.,0.,0.));
#4599 = DIRECTION('',(0.,0.,1.));
#4600 = DEFINITIONAL_REPRESENTATION('',(#4601),#4604);
#4601 = B_SPLINE_CURVE_WITH_KNOTS('',1,(#4602,#4603),.UNSPECIFIED.,.F.,
  .F.,(2,2),(1.55,9.95),.PIECEWISE_BEZIER_KNOTS.);
#4602 = CARTESIAN_POINT('',(0.35,-0.8));
#4603 = CARTESIAN_POINT('',(0.35,-9.2));
#4604 = ( GEOMETRIC_REPRESENTATION_CONTEXT(2) 
PARAMETRIC_REPRESENTATION_CONTEXT() REPRESENTATION_CONTEXT('2D SPACE',''
  ) );
#4605 = ORIENTED_EDGE('',*,*,#4606,.F.);
#4606 = EDGE_CURVE('',#4607,#4581,#4609,.T.);
#4607 = VERTEX_POINT('',#4608);
#4608 = CARTESIAN_POINT('',(45.,120.6,5.65));
#4609 = SURFACE_CURVE('',#4610,(#4615,#4622),.PCURVE_S1.);
#4610 = CIRCLE('',#4611,0.8);
#4611 = AXIS2_PLACEMENT_3D('',#4612,#4613,#4614);
#4612 = CARTESIAN_POINT('',(45.,121.4,5.65));
#4613 = DIRECTION('',(0.,0.,1.));
#4614 = DIRECTION('',(1.,0.,-0.));
#4615 = PCURVE('',#4143,#4616);
#4616 = DEFINITIONAL_REPRESENTATION('',(#4617),#4621);
#4617 = CIRCLE('',#4618,0.8);
#4618 = AXIS2_PLACEMENT_2D('',#4619,#4620);
#4619 = CARTESIAN_POINT('',(15.7,2.3));
#4620 = DIRECTION('',(1.,0.));
#4621 = ( GEOMETRIC_REPRESENTATION_CONTEXT(2) 
PARAMETRIC_REPRESENTATION_CONTEXT() REPRESENTATION_CONTEXT('2D SPACE',''
  ) );
#4622 = PCURVE('',#4623,#4628);
#4623 = CYLINDRICAL_SURFACE('',#4624,0.8);
#4624 = AXIS2_PLACEMENT_3D('',#4625,#4626,#4627);
#4625 = CARTESIAN_POINT('',(45.,121.4,5.3));
#4626 = DIRECTION('',(0.,0.,1.));
#4627 = DIRECTION('',(1.,0.,-0.));
#4628 = DEFINITIONAL_REPRESENTATION('',(#4629),#4633);
#4629 = LINE('',#4630,#4631);
#4630 = CARTESIAN_POINT('',(-6.28318530718,0.35));
#4631 = VECTOR('',#4632,1.);
#4632 = DIRECTION('',(1.,-0.));
#4633 = ( GEOMETRIC_REPRESENTATION_CONTEXT(2) 
PARAMETRIC_REPRESENTATION_CONTEXT() REPRESENTATION_CONTEXT('2D SPACE',''
  ) );
#4634 = ORIENTED_EDGE('',*,*,#4635,.T.);
#4635 = EDGE_CURVE('',#4607,#4442,#4636,.T.);
#4636 = SURFACE_CURVE('',#4637,(#4641,#4647),.PCURVE_S1.);
#4637 = LINE('',#4638,#4639);
#4638 = CARTESIAN_POINT('',(30.05,120.6,5.65));
#4639 = VECTOR('',#4640,1.);
#4640 = DIRECTION('',(-1.,0.,0.));
#4641 = PCURVE('',#4143,#4642);
#4642 = DEFINITIONAL_REPRESENTATION('',(#4643),#4646);
#4643 = B_SPLINE_CURVE_WITH_KNOTS('',1,(#4644,#4645),.UNSPECIFIED.,.F.,
  .F.,(2,2),(-14.95,-1.55),.PIECEWISE_BEZIER_KNOTS.);
#4644 = CARTESIAN_POINT('',(15.7,1.5));
#4645 = CARTESIAN_POINT('',(2.3,1.5));
#4646 = ( GEOMETRIC_REPRESENTATION_CONTEXT(2) 
PARAMETRIC_REPRESENTATION_CONTEXT() REPRESENTATION_CONTEXT('2D SPACE',''
  ) );
#4647 = PCURVE('',#4648,#4653);
#4648 = PLANE('',#4649);
#4649 = AXIS2_PLACEMENT_3D('',#4650,#4651,#4652);
#4650 = CARTESIAN_POINT('',(30.8,120.6,5.3));
#4651 = DIRECTION('',(0.,1.,0.));
#4652 = DIRECTION('',(0.,0.,1.));
#4653 = DEFINITIONAL_REPRESENTATION('',(#4654),#4657);
#4654 = B_SPLINE_CURVE_WITH_KNOTS('',1,(#4655,#4656),.UNSPECIFIED.,.F.,
  .F.,(2,2),(-14.95,-1.55),.PIECEWISE_BEZIER_KNOTS.);
#4655 = CARTESIAN_POINT('',(0.35,14.2));
#4656 = CARTESIAN_POINT('',(0.35,0.8));
#4657 = ( GEOMETRIC_REPRESENTATION_CONTEXT(2) 
PARAMETRIC_REPRESENTATION_CONTEXT() REPRESENTATION_CONTEXT('2D SPACE',''
  ) );
#4658 = ADVANCED_FACE('',(#4659),#4171,.T.);
#4659 = FACE_BOUND('',#4660,.T.);
#4660 = EDGE_LOOP('',(#4661,#4685,#4706,#4707));
#4661 = ORIENTED_EDGE('',*,*,#4662,.T.);
#4662 = EDGE_CURVE('',#4156,#4663,#4665,.T.);
#4663 = VERTEX_POINT('',#4664);
#4664 = CARTESIAN_POINT('',(30.8,119.1,5.4));
#4665 = SURFACE_CURVE('',#4666,(#4671,#4678),.PCURVE_S1.);
#4666 = CIRCLE('',#4667,1.5);
#4667 = AXIS2_PLACEMENT_3D('',#4668,#4669,#4670);
#4668 = CARTESIAN_POINT('',(30.8,120.6,5.4));
#4669 = DIRECTION('',(0.,0.,1.));
#4670 = DIRECTION('',(0.,-1.,0.));
#4671 = PCURVE('',#4171,#4672);
#4672 = DEFINITIONAL_REPRESENTATION('',(#4673),#4677);
#4673 = LINE('',#4674,#4675);
#4674 = CARTESIAN_POINT('',(-4.712388980385,0.));
#4675 = VECTOR('',#4676,1.);
#4676 = DIRECTION('',(1.,0.));
#4677 = ( GEOMETRIC_REPRESENTATION_CONTEXT(2) 
PARAMETRIC_REPRESENTATION_CONTEXT() REPRESENTATION_CONTEXT('2D SPACE',''
  ) );
#4678 = PCURVE('',#4199,#4679);
#4679 = DEFINITIONAL_REPRESENTATION('',(#4680),#4684);
#4680 = CIRCLE('',#4681,1.5);
#4681 = AXIS2_PLACEMENT_2D('',#4682,#4683);
#4682 = CARTESIAN_POINT('',(1.5,1.5));
#4683 = DIRECTION('',(0.,-1.));
#4684 = ( GEOMETRIC_REPRESENTATION_CONTEXT(2) 
PARAMETRIC_REPRESENTATION_CONTEXT() REPRESENTATION_CONTEXT('2D SPACE',''
  ) );
#4685 = ORIENTED_EDGE('',*,*,#4686,.T.);
#4686 = EDGE_CURVE('',#4663,#4242,#4687,.T.);
#4687 = SURFACE_CURVE('',#4688,(#4692,#4699),.PCURVE_S1.);
#4688 = LINE('',#4689,#4690);
#4689 = CARTESIAN_POINT('',(30.8,119.1,5.4));
#4690 = VECTOR('',#4691,1.);
#4691 = DIRECTION('',(0.,0.,1.));
#4692 = PCURVE('',#4171,#4693);
#4693 = DEFINITIONAL_REPRESENTATION('',(#4694),#4698);
#4694 = LINE('',#4695,#4696);
#4695 = CARTESIAN_POINT('',(1.570796326795,0.));
#4696 = VECTOR('',#4697,1.);
#4697 = DIRECTION('',(0.,1.));
#4698 = ( GEOMETRIC_REPRESENTATION_CONTEXT(2) 
PARAMETRIC_REPRESENTATION_CONTEXT() REPRESENTATION_CONTEXT('2D SPACE',''
  ) );
#4699 = PCURVE('',#4281,#4700);
#4700 = DEFINITIONAL_REPRESENTATION('',(#4701),#4705);
#4701 = LINE('',#4702,#4703);
#4702 = CARTESIAN_POINT('',(0.,1.5));
#4703 = VECTOR('',#4704,1.);
#4704 = DIRECTION('',(1.,0.));
#4705 = ( GEOMETRIC_REPRESENTATION_CONTEXT(2) 
PARAMETRIC_REPRESENTATION_CONTEXT() REPRESENTATION_CONTEXT('2D SPACE',''
  ) );
#4706 = ORIENTED_EDGE('',*,*,#4241,.F.);
#4707 = ORIENTED_EDGE('',*,*,#4155,.F.);
#4708 = ADVANCED_FACE('',(#4709),#4225,.T.);
#4709 = FACE_BOUND('',#4710,.F.);
#4710 = EDGE_LOOP('',(#4711,#4739,#4760,#4761));
#4711 = ORIENTED_EDGE('',*,*,#4712,.T.);
#4712 = EDGE_CURVE('',#4184,#4713,#4715,.T.);
#4713 = VERTEX_POINT('',#4714);
#4714 = CARTESIAN_POINT('',(30.8,132.1,5.4));
#4715 = SURFACE_CURVE('',#4716,(#4721,#4728),.PCURVE_S1.);
#4716 = CIRCLE('',#4717,1.5);
#4717 = AXIS2_PLACEMENT_3D('',#4718,#4719,#4720);
#4718 = CARTESIAN_POINT('',(30.8,130.6,5.4));
#4719 = DIRECTION('',(-0.,-0.,-1.));
#4720 = DIRECTION('',(0.,-1.,0.));
#4721 = PCURVE('',#4225,#4722);
#4722 = DEFINITIONAL_REPRESENTATION('',(#4723),#4727);
#4723 = LINE('',#4724,#4725);
#4724 = CARTESIAN_POINT('',(1.570796326795,-0.));
#4725 = VECTOR('',#4726,1.);
#4726 = DIRECTION('',(-1.,0.));
#4727 = ( GEOMETRIC_REPRESENTATION_CONTEXT(2) 
PARAMETRIC_REPRESENTATION_CONTEXT() REPRESENTATION_CONTEXT('2D SPACE',''
  ) );
#4728 = PCURVE('',#4199,#4729);
#4729 = DEFINITIONAL_REPRESENTATION('',(#4730),#4738);
#4730 = ( BOUNDED_CURVE() B_SPLINE_CURVE(2,(#4731,#4732,#4733,#4734,
#4735,#4736,#4737),.UNSPECIFIED.,.T.,.F.) B_SPLINE_CURVE_WITH_KNOTS((1,2
    ,2,2,2,1),(-2.094395102393,0.,2.094395102393,4.188790204786,
6.28318530718,8.377580409573),.UNSPECIFIED.) CURVE() 
GEOMETRIC_REPRESENTATION_ITEM() RATIONAL_B_SPLINE_CURVE((1.,0.5,1.,0.5,
1.,0.5,1.)) REPRESENTATION_ITEM('') );
#4731 = CARTESIAN_POINT('',(1.5,10.));
#4732 = CARTESIAN_POINT('',(-1.098076211353,10.));
#4733 = CARTESIAN_POINT('',(0.200961894323,12.25));
#4734 = CARTESIAN_POINT('',(1.5,14.5));
#4735 = CARTESIAN_POINT('',(2.799038105677,12.25));
#4736 = CARTESIAN_POINT('',(4.098076211353,10.));
#4737 = CARTESIAN_POINT('',(1.5,10.));
#4738 = ( GEOMETRIC_REPRESENTATION_CONTEXT(2) 
PARAMETRIC_REPRESENTATION_CONTEXT() REPRESENTATION_CONTEXT('2D SPACE',''
  ) );
#4739 = ORIENTED_EDGE('',*,*,#4740,.T.);
#4740 = EDGE_CURVE('',#4713,#4384,#4741,.T.);
#4741 = SURFACE_CURVE('',#4742,(#4746,#4753),.PCURVE_S1.);
#4742 = LINE('',#4743,#4744);
#4743 = CARTESIAN_POINT('',(30.8,132.1,5.4));
#4744 = VECTOR('',#4745,1.);
#4745 = DIRECTION('',(0.,0.,1.));
#4746 = PCURVE('',#4225,#4747);
#4747 = DEFINITIONAL_REPRESENTATION('',(#4748),#4752);
#4748 = LINE('',#4749,#4750);
#4749 = CARTESIAN_POINT('',(-1.570796326795,0.));
#4750 = VECTOR('',#4751,1.);
#4751 = DIRECTION('',(-0.,1.));
#4752 = ( GEOMETRIC_REPRESENTATION_CONTEXT(2) 
PARAMETRIC_REPRESENTATION_CONTEXT() REPRESENTATION_CONTEXT('2D SPACE',''
  ) );
#4753 = PCURVE('',#4399,#4754);
#4754 = DEFINITIONAL_REPRESENTATION('',(#4755),#4759);
#4755 = LINE('',#4756,#4757);
#4756 = CARTESIAN_POINT('',(0.,1.5));
#4757 = VECTOR('',#4758,1.);
#4758 = DIRECTION('',(1.,0.));
#4759 = ( GEOMETRIC_REPRESENTATION_CONTEXT(2) 
PARAMETRIC_REPRESENTATION_CONTEXT() REPRESENTATION_CONTEXT('2D SPACE',''
  ) );
#4760 = ORIENTED_EDGE('',*,*,#4411,.F.);
#4761 = ORIENTED_EDGE('',*,*,#4211,.F.);
#4762 = ADVANCED_FACE('',(#4763,#4887),#4199,.F.);
#4763 = FACE_BOUND('',#4764,.F.);
#4764 = EDGE_LOOP('',(#4765,#4766,#4767,#4790,#4818,#4841,#4865,#4886));
#4765 = ORIENTED_EDGE('',*,*,#4183,.F.);
#4766 = ORIENTED_EDGE('',*,*,#4662,.T.);
#4767 = ORIENTED_EDGE('',*,*,#4768,.T.);
#4768 = EDGE_CURVE('',#4663,#4769,#4771,.T.);
#4769 = VERTEX_POINT('',#4770);
#4770 = CARTESIAN_POINT('',(45.8,119.1,5.4));
#4771 = SURFACE_CURVE('',#4772,(#4776,#4783),.PCURVE_S1.);
#4772 = LINE('',#4773,#4774);
#4773 = CARTESIAN_POINT('',(29.3,119.1,5.4));
#4774 = VECTOR('',#4775,1.);
#4775 = DIRECTION('',(1.,0.,0.));
#4776 = PCURVE('',#4199,#4777);
#4777 = DEFINITIONAL_REPRESENTATION('',(#4778),#4782);
#4778 = LINE('',#4779,#4780);
#4779 = CARTESIAN_POINT('',(0.,0.));
#4780 = VECTOR('',#4781,1.);
#4781 = DIRECTION('',(1.,0.));
#4782 = ( GEOMETRIC_REPRESENTATION_CONTEXT(2) 
PARAMETRIC_REPRESENTATION_CONTEXT() REPRESENTATION_CONTEXT('2D SPACE',''
  ) );
#4783 = PCURVE('',#4281,#4784);
#4784 = DEFINITIONAL_REPRESENTATION('',(#4785),#4789);
#4785 = LINE('',#4786,#4787);
#4786 = CARTESIAN_POINT('',(0.,0.));
#4787 = VECTOR('',#4788,1.);
#4788 = DIRECTION('',(0.,1.));
#4789 = ( GEOMETRIC_REPRESENTATION_CONTEXT(2) 
PARAMETRIC_REPRESENTATION_CONTEXT() REPRESENTATION_CONTEXT('2D SPACE',''
  ) );
#4790 = ORIENTED_EDGE('',*,*,#4791,.F.);
#4791 = EDGE_CURVE('',#4792,#4769,#4794,.T.);
#4792 = VERTEX_POINT('',#4793);
#4793 = CARTESIAN_POINT('',(47.3,120.6,5.4));
#4794 = SURFACE_CURVE('',#4795,(#4800,#4811),.PCURVE_S1.);
#4795 = CIRCLE('',#4796,1.5);
#4796 = AXIS2_PLACEMENT_3D('',#4797,#4798,#4799);
#4797 = CARTESIAN_POINT('',(45.8,120.6,5.4));
#4798 = DIRECTION('',(-0.,-0.,-1.));
#4799 = DIRECTION('',(0.,-1.,0.));
#4800 = PCURVE('',#4199,#4801);
#4801 = DEFINITIONAL_REPRESENTATION('',(#4802),#4810);
#4802 = ( BOUNDED_CURVE() B_SPLINE_CURVE(2,(#4803,#4804,#4805,#4806,
#4807,#4808,#4809),.UNSPECIFIED.,.T.,.F.) B_SPLINE_CURVE_WITH_KNOTS((1,2
    ,2,2,2,1),(-2.094395102393,0.,2.094395102393,4.188790204786,
6.28318530718,8.377580409573),.UNSPECIFIED.) CURVE() 
GEOMETRIC_REPRESENTATION_ITEM() RATIONAL_B_SPLINE_CURVE((1.,0.5,1.,0.5,
1.,0.5,1.)) REPRESENTATION_ITEM('') );
#4803 = CARTESIAN_POINT('',(16.5,0.));
#4804 = CARTESIAN_POINT('',(13.901923788647,0.));
#4805 = CARTESIAN_POINT('',(15.200961894323,2.25));
#4806 = CARTESIAN_POINT('',(16.5,4.5));
#4807 = CARTESIAN_POINT('',(17.799038105677,2.25));
#4808 = CARTESIAN_POINT('',(19.098076211353,2.22044604925E-15));
#4809 = CARTESIAN_POINT('',(16.5,0.));
#4810 = ( GEOMETRIC_REPRESENTATION_CONTEXT(2) 
PARAMETRIC_REPRESENTATION_CONTEXT() REPRESENTATION_CONTEXT('2D SPACE',''
  ) );
#4811 = PCURVE('',#4314,#4812);
#4812 = DEFINITIONAL_REPRESENTATION('',(#4813),#4817);
#4813 = LINE('',#4814,#4815);
#4814 = CARTESIAN_POINT('',(4.712388980385,-0.));
#4815 = VECTOR('',#4816,1.);
#4816 = DIRECTION('',(-1.,0.));
#4817 = ( GEOMETRIC_REPRESENTATION_CONTEXT(2) 
PARAMETRIC_REPRESENTATION_CONTEXT() REPRESENTATION_CONTEXT('2D SPACE',''
  ) );
#4818 = ORIENTED_EDGE('',*,*,#4819,.T.);
#4819 = EDGE_CURVE('',#4792,#4820,#4822,.T.);
#4820 = VERTEX_POINT('',#4821);
#4821 = CARTESIAN_POINT('',(47.3,130.6,5.4));
#4822 = SURFACE_CURVE('',#4823,(#4827,#4834),.PCURVE_S1.);
#4823 = LINE('',#4824,#4825);
#4824 = CARTESIAN_POINT('',(47.3,119.1,5.4));
#4825 = VECTOR('',#4826,1.);
#4826 = DIRECTION('',(0.,1.,0.));
#4827 = PCURVE('',#4199,#4828);
#4828 = DEFINITIONAL_REPRESENTATION('',(#4829),#4833);
#4829 = LINE('',#4830,#4831);
#4830 = CARTESIAN_POINT('',(18.,0.));
#4831 = VECTOR('',#4832,1.);
#4832 = DIRECTION('',(0.,1.));
#4833 = ( GEOMETRIC_REPRESENTATION_CONTEXT(2) 
PARAMETRIC_REPRESENTATION_CONTEXT() REPRESENTATION_CONTEXT('2D SPACE',''
  ) );
#4834 = PCURVE('',#4342,#4835);
#4835 = DEFINITIONAL_REPRESENTATION('',(#4836),#4840);
#4836 = LINE('',#4837,#4838);
#4837 = CARTESIAN_POINT('',(0.,0.));
#4838 = VECTOR('',#4839,1.);
#4839 = DIRECTION('',(0.,-1.));
#4840 = ( GEOMETRIC_REPRESENTATION_CONTEXT(2) 
PARAMETRIC_REPRESENTATION_CONTEXT() REPRESENTATION_CONTEXT('2D SPACE',''
  ) );
#4841 = ORIENTED_EDGE('',*,*,#4842,.T.);
#4842 = EDGE_CURVE('',#4820,#4843,#4845,.T.);
#4843 = VERTEX_POINT('',#4844);
#4844 = CARTESIAN_POINT('',(45.8,132.1,5.4));
#4845 = SURFACE_CURVE('',#4846,(#4851,#4858),.PCURVE_S1.);
#4846 = CIRCLE('',#4847,1.5);
#4847 = AXIS2_PLACEMENT_3D('',#4848,#4849,#4850);
#4848 = CARTESIAN_POINT('',(45.8,130.6,5.4));
#4849 = DIRECTION('',(0.,0.,1.));
#4850 = DIRECTION('',(0.,-1.,0.));
#4851 = PCURVE('',#4199,#4852);
#4852 = DEFINITIONAL_REPRESENTATION('',(#4853),#4857);
#4853 = CIRCLE('',#4854,1.5);
#4854 = AXIS2_PLACEMENT_2D('',#4855,#4856);
#4855 = CARTESIAN_POINT('',(16.5,11.5));
#4856 = DIRECTION('',(0.,-1.));
#4857 = ( GEOMETRIC_REPRESENTATION_CONTEXT(2) 
PARAMETRIC_REPRESENTATION_CONTEXT() REPRESENTATION_CONTEXT('2D SPACE',''
  ) );
#4858 = PCURVE('',#4371,#4859);
#4859 = DEFINITIONAL_REPRESENTATION('',(#4860),#4864);
#4860 = LINE('',#4861,#4862);
#4861 = CARTESIAN_POINT('',(-1.570796326795,0.));
#4862 = VECTOR('',#4863,1.);
#4863 = DIRECTION('',(1.,0.));
#4864 = ( GEOMETRIC_REPRESENTATION_CONTEXT(2) 
PARAMETRIC_REPRESENTATION_CONTEXT() REPRESENTATION_CONTEXT('2D SPACE',''
  ) );
#4865 = ORIENTED_EDGE('',*,*,#4866,.F.);
#4866 = EDGE_CURVE('',#4713,#4843,#4867,.T.);
#4867 = SURFACE_CURVE('',#4868,(#4872,#4879),.PCURVE_S1.);
#4868 = LINE('',#4869,#4870);
#4869 = CARTESIAN_POINT('',(29.3,132.1,5.4));
#4870 = VECTOR('',#4871,1.);
#4871 = DIRECTION('',(1.,0.,0.));
#4872 = PCURVE('',#4199,#4873);
#4873 = DEFINITIONAL_REPRESENTATION('',(#4874),#4878);
#4874 = LINE('',#4875,#4876);
#4875 = CARTESIAN_POINT('',(0.,13.));
#4876 = VECTOR('',#4877,1.);
#4877 = DIRECTION('',(1.,0.));
#4878 = ( GEOMETRIC_REPRESENTATION_CONTEXT(2) 
PARAMETRIC_REPRESENTATION_CONTEXT() REPRESENTATION_CONTEXT('2D SPACE',''
  ) );
#4879 = PCURVE('',#4399,#4880);
#4880 = DEFINITIONAL_REPRESENTATION('',(#4881),#4885);
#4881 = LINE('',#4882,#4883);
#4882 = CARTESIAN_POINT('',(0.,0.));
#4883 = VECTOR('',#4884,1.);
#4884 = DIRECTION('',(0.,1.));
#4885 = ( GEOMETRIC_REPRESENTATION_CONTEXT(2) 
PARAMETRIC_REPRESENTATION_CONTEXT() REPRESENTATION_CONTEXT('2D SPACE',''
  ) );
#4886 = ORIENTED_EDGE('',*,*,#4712,.F.);
#4887 = FACE_BOUND('',#4888,.F.);
#4888 = EDGE_LOOP('',(#4889,#4915,#4936,#4960,#4981,#5005,#5026,#5050));
#4889 = ORIENTED_EDGE('',*,*,#4890,.F.);
#4890 = EDGE_CURVE('',#4891,#4893,#4895,.T.);
#4891 = VERTEX_POINT('',#4892);
#4892 = CARTESIAN_POINT('',(30.8,121.4,5.4));
#4893 = VERTEX_POINT('',#4894);
#4894 = CARTESIAN_POINT('',(31.6,120.6,5.4));
#4895 = SURFACE_CURVE('',#4896,(#4901,#4908),.PCURVE_S1.);
#4896 = CIRCLE('',#4897,0.8);
#4897 = AXIS2_PLACEMENT_3D('',#4898,#4899,#4900);
#4898 = CARTESIAN_POINT('',(31.6,121.4,5.4));
#4899 = DIRECTION('',(0.,0.,1.));
#4900 = DIRECTION('',(-1.,-0.,0.));
#4901 = PCURVE('',#4199,#4902);
#4902 = DEFINITIONAL_REPRESENTATION('',(#4903),#4907);
#4903 = CIRCLE('',#4904,0.8);
#4904 = AXIS2_PLACEMENT_2D('',#4905,#4906);
#4905 = CARTESIAN_POINT('',(2.3,2.3));
#4906 = DIRECTION('',(-1.,0.));
#4907 = ( GEOMETRIC_REPRESENTATION_CONTEXT(2) 
PARAMETRIC_REPRESENTATION_CONTEXT() REPRESENTATION_CONTEXT('2D SPACE',''
  ) );
#4908 = PCURVE('',#4458,#4909);
#4909 = DEFINITIONAL_REPRESENTATION('',(#4910),#4914);
#4910 = LINE('',#4911,#4912);
#4911 = CARTESIAN_POINT('',(0.,1.E-01));
#4912 = VECTOR('',#4913,1.);
#4913 = DIRECTION('',(1.,0.));
#4914 = ( GEOMETRIC_REPRESENTATION_CONTEXT(2) 
PARAMETRIC_REPRESENTATION_CONTEXT() REPRESENTATION_CONTEXT('2D SPACE',''
  ) );
#4915 = ORIENTED_EDGE('',*,*,#4916,.T.);
#4916 = EDGE_CURVE('',#4891,#4917,#4919,.T.);
#4917 = VERTEX_POINT('',#4918);
#4918 = CARTESIAN_POINT('',(30.8,129.8,5.4));
#4919 = SURFACE_CURVE('',#4920,(#4924,#4930),.PCURVE_S1.);
#4920 = LINE('',#4921,#4922);
#4921 = CARTESIAN_POINT('',(30.8,119.85,5.4));
#4922 = VECTOR('',#4923,1.);
#4923 = DIRECTION('',(0.,1.,0.));
#4924 = PCURVE('',#4199,#4925);
#4925 = DEFINITIONAL_REPRESENTATION('',(#4926),#4929);
#4926 = B_SPLINE_CURVE_WITH_KNOTS('',1,(#4927,#4928),.UNSPECIFIED.,.F.,
  .F.,(2,2),(1.55,9.95),.PIECEWISE_BEZIER_KNOTS.);
#4927 = CARTESIAN_POINT('',(1.5,2.3));
#4928 = CARTESIAN_POINT('',(1.5,10.7));
#4929 = ( GEOMETRIC_REPRESENTATION_CONTEXT(2) 
PARAMETRIC_REPRESENTATION_CONTEXT() REPRESENTATION_CONTEXT('2D SPACE',''
  ) );
#4930 = PCURVE('',#4485,#4931);
#4931 = DEFINITIONAL_REPRESENTATION('',(#4932),#4935);
#4932 = B_SPLINE_CURVE_WITH_KNOTS('',1,(#4933,#4934),.UNSPECIFIED.,.F.,
  .F.,(2,2),(1.55,9.95),.PIECEWISE_BEZIER_KNOTS.);
#4933 = CARTESIAN_POINT('',(1.E-01,-0.8));
#4934 = CARTESIAN_POINT('',(1.E-01,-9.2));
#4935 = ( GEOMETRIC_REPRESENTATION_CONTEXT(2) 
PARAMETRIC_REPRESENTATION_CONTEXT() REPRESENTATION_CONTEXT('2D SPACE',''
  ) );
#4936 = ORIENTED_EDGE('',*,*,#4937,.F.);
#4937 = EDGE_CURVE('',#4938,#4917,#4940,.T.);
#4938 = VERTEX_POINT('',#4939);
#4939 = CARTESIAN_POINT('',(31.6,130.6,5.4));
#4940 = SURFACE_CURVE('',#4941,(#4946,#4953),.PCURVE_S1.);
#4941 = CIRCLE('',#4942,0.8);
#4942 = AXIS2_PLACEMENT_3D('',#4943,#4944,#4945);
#4943 = CARTESIAN_POINT('',(31.6,129.8,5.4));
#4944 = DIRECTION('',(0.,0.,1.));
#4945 = DIRECTION('',(-1.,-0.,0.));
#4946 = PCURVE('',#4199,#4947);
#4947 = DEFINITIONAL_REPRESENTATION('',(#4948),#4952);
#4948 = CIRCLE('',#4949,0.8);
#4949 = AXIS2_PLACEMENT_2D('',#4950,#4951);
#4950 = CARTESIAN_POINT('',(2.3,10.7));
#4951 = DIRECTION('',(-1.,0.));
#4952 = ( GEOMETRIC_REPRESENTATION_CONTEXT(2) 
PARAMETRIC_REPRESENTATION_CONTEXT() REPRESENTATION_CONTEXT('2D SPACE',''
  ) );
#4953 = PCURVE('',#4513,#4954);
#4954 = DEFINITIONAL_REPRESENTATION('',(#4955),#4959);
#4955 = LINE('',#4956,#4957);
#4956 = CARTESIAN_POINT('',(-6.28318530718,1.E-01));
#4957 = VECTOR('',#4958,1.);
#4958 = DIRECTION('',(1.,-0.));
#4959 = ( GEOMETRIC_REPRESENTATION_CONTEXT(2) 
PARAMETRIC_REPRESENTATION_CONTEXT() REPRESENTATION_CONTEXT('2D SPACE',''
  ) );
#4960 = ORIENTED_EDGE('',*,*,#4961,.F.);
#4961 = EDGE_CURVE('',#4962,#4938,#4964,.T.);
#4962 = VERTEX_POINT('',#4963);
#4963 = CARTESIAN_POINT('',(45.,130.6,5.4));
#4964 = SURFACE_CURVE('',#4965,(#4969,#4975),.PCURVE_S1.);
#4965 = LINE('',#4966,#4967);
#4966 = CARTESIAN_POINT('',(30.05,130.6,5.4));
#4967 = VECTOR('',#4968,1.);
#4968 = DIRECTION('',(-1.,0.,0.));
#4969 = PCURVE('',#4199,#4970);
#4970 = DEFINITIONAL_REPRESENTATION('',(#4971),#4974);
#4971 = B_SPLINE_CURVE_WITH_KNOTS('',1,(#4972,#4973),.UNSPECIFIED.,.F.,
  .F.,(2,2),(-14.95,-1.55),.PIECEWISE_BEZIER_KNOTS.);
#4972 = CARTESIAN_POINT('',(15.7,11.5));
#4973 = CARTESIAN_POINT('',(2.3,11.5));
#4974 = ( GEOMETRIC_REPRESENTATION_CONTEXT(2) 
PARAMETRIC_REPRESENTATION_CONTEXT() REPRESENTATION_CONTEXT('2D SPACE',''
  ) );
#4975 = PCURVE('',#4540,#4976);
#4976 = DEFINITIONAL_REPRESENTATION('',(#4977),#4980);
#4977 = B_SPLINE_CURVE_WITH_KNOTS('',1,(#4978,#4979),.UNSPECIFIED.,.F.,
  .F.,(2,2),(-14.95,-1.55),.PIECEWISE_BEZIER_KNOTS.);
#4978 = CARTESIAN_POINT('',(1.E-01,14.2));
#4979 = CARTESIAN_POINT('',(1.E-01,0.8));
#4980 = ( GEOMETRIC_REPRESENTATION_CONTEXT(2) 
PARAMETRIC_REPRESENTATION_CONTEXT() REPRESENTATION_CONTEXT('2D SPACE',''
  ) );
#4981 = ORIENTED_EDGE('',*,*,#4982,.F.);
#4982 = EDGE_CURVE('',#4983,#4962,#4985,.T.);
#4983 = VERTEX_POINT('',#4984);
#4984 = CARTESIAN_POINT('',(45.8,129.8,5.4));
#4985 = SURFACE_CURVE('',#4986,(#4991,#4998),.PCURVE_S1.);
#4986 = CIRCLE('',#4987,0.8);
#4987 = AXIS2_PLACEMENT_3D('',#4988,#4989,#4990);
#4988 = CARTESIAN_POINT('',(45.,129.8,5.4));
#4989 = DIRECTION('',(0.,0.,1.));
#4990 = DIRECTION('',(1.,0.,-0.));
#4991 = PCURVE('',#4199,#4992);
#4992 = DEFINITIONAL_REPRESENTATION('',(#4993),#4997);
#4993 = CIRCLE('',#4994,0.8);
#4994 = AXIS2_PLACEMENT_2D('',#4995,#4996);
#4995 = CARTESIAN_POINT('',(15.7,10.7));
#4996 = DIRECTION('',(1.,0.));
#4997 = ( GEOMETRIC_REPRESENTATION_CONTEXT(2) 
PARAMETRIC_REPRESENTATION_CONTEXT() REPRESENTATION_CONTEXT('2D SPACE',''
  ) );
#4998 = PCURVE('',#4568,#4999);
#4999 = DEFINITIONAL_REPRESENTATION('',(#5000),#5004);
#5000 = LINE('',#5001,#5002);
#5001 = CARTESIAN_POINT('',(0.,1.E-01));
#5002 = VECTOR('',#5003,1.);
#5003 = DIRECTION('',(1.,0.));
#5004 = ( GEOMETRIC_REPRESENTATION_CONTEXT(2) 
PARAMETRIC_REPRESENTATION_CONTEXT() REPRESENTATION_CONTEXT('2D SPACE',''
  ) );
#5005 = ORIENTED_EDGE('',*,*,#5006,.F.);
#5006 = EDGE_CURVE('',#5007,#4983,#5009,.T.);
#5007 = VERTEX_POINT('',#5008);
#5008 = CARTESIAN_POINT('',(45.8,121.4,5.4));
#5009 = SURFACE_CURVE('',#5010,(#5014,#5020),.PCURVE_S1.);
#5010 = LINE('',#5011,#5012);
#5011 = CARTESIAN_POINT('',(45.8,119.85,5.4));
#5012 = VECTOR('',#5013,1.);
#5013 = DIRECTION('',(0.,1.,0.));
#5014 = PCURVE('',#4199,#5015);
#5015 = DEFINITIONAL_REPRESENTATION('',(#5016),#5019);
#5016 = B_SPLINE_CURVE_WITH_KNOTS('',1,(#5017,#5018),.UNSPECIFIED.,.F.,
  .F.,(2,2),(1.55,9.95),.PIECEWISE_BEZIER_KNOTS.);
#5017 = CARTESIAN_POINT('',(16.5,2.3));
#5018 = CARTESIAN_POINT('',(16.5,10.7));
#5019 = ( GEOMETRIC_REPRESENTATION_CONTEXT(2) 
PARAMETRIC_REPRESENTATION_CONTEXT() REPRESENTATION_CONTEXT('2D SPACE',''
  ) );
#5020 = PCURVE('',#4595,#5021);
#5021 = DEFINITIONAL_REPRESENTATION('',(#5022),#5025);
#5022 = B_SPLINE_CURVE_WITH_KNOTS('',1,(#5023,#5024),.UNSPECIFIED.,.F.,
  .F.,(2,2),(1.55,9.95),.PIECEWISE_BEZIER_KNOTS.);
#5023 = CARTESIAN_POINT('',(1.E-01,-0.8));
#5024 = CARTESIAN_POINT('',(1.E-01,-9.2));
#5025 = ( GEOMETRIC_REPRESENTATION_CONTEXT(2) 
PARAMETRIC_REPRESENTATION_CONTEXT() REPRESENTATION_CONTEXT('2D SPACE',''
  ) );
#5026 = ORIENTED_EDGE('',*,*,#5027,.F.);
#5027 = EDGE_CURVE('',#5028,#5007,#5030,.T.);
#5028 = VERTEX_POINT('',#5029);
#5029 = CARTESIAN_POINT('',(45.,120.6,5.4));
#5030 = SURFACE_CURVE('',#5031,(#5036,#5043),.PCURVE_S1.);
#5031 = CIRCLE('',#5032,0.8);
#5032 = AXIS2_PLACEMENT_3D('',#5033,#5034,#5035);
#5033 = CARTESIAN_POINT('',(45.,121.4,5.4));
#5034 = DIRECTION('',(0.,0.,1.));
#5035 = DIRECTION('',(1.,0.,-0.));
#5036 = PCURVE('',#4199,#5037);
#5037 = DEFINITIONAL_REPRESENTATION('',(#5038),#5042);
#5038 = CIRCLE('',#5039,0.8);
#5039 = AXIS2_PLACEMENT_2D('',#5040,#5041);
#5040 = CARTESIAN_POINT('',(15.7,2.3));
#5041 = DIRECTION('',(1.,0.));
#5042 = ( GEOMETRIC_REPRESENTATION_CONTEXT(2) 
PARAMETRIC_REPRESENTATION_CONTEXT() REPRESENTATION_CONTEXT('2D SPACE',''
  ) );
#5043 = PCURVE('',#4623,#5044);
#5044 = DEFINITIONAL_REPRESENTATION('',(#5045),#5049);
#5045 = LINE('',#5046,#5047);
#5046 = CARTESIAN_POINT('',(-6.28318530718,1.E-01));
#5047 = VECTOR('',#5048,1.);
#5048 = DIRECTION('',(1.,-0.));
#5049 = ( GEOMETRIC_REPRESENTATION_CONTEXT(2) 
PARAMETRIC_REPRESENTATION_CONTEXT() REPRESENTATION_CONTEXT('2D SPACE',''
  ) );
#5050 = ORIENTED_EDGE('',*,*,#5051,.T.);
#5051 = EDGE_CURVE('',#5028,#4893,#5052,.T.);
#5052 = SURFACE_CURVE('',#5053,(#5057,#5063),.PCURVE_S1.);
#5053 = LINE('',#5054,#5055);
#5054 = CARTESIAN_POINT('',(30.05,120.6,5.4));
#5055 = VECTOR('',#5056,1.);
#5056 = DIRECTION('',(-1.,0.,0.));
#5057 = PCURVE('',#4199,#5058);
#5058 = DEFINITIONAL_REPRESENTATION('',(#5059),#5062);
#5059 = B_SPLINE_CURVE_WITH_KNOTS('',1,(#5060,#5061),.UNSPECIFIED.,.F.,
  .F.,(2,2),(-14.95,-1.55),.PIECEWISE_BEZIER_KNOTS.);
#5060 = CARTESIAN_POINT('',(15.7,1.5));
#5061 = CARTESIAN_POINT('',(2.3,1.5));
#5062 = ( GEOMETRIC_REPRESENTATION_CONTEXT(2) 
PARAMETRIC_REPRESENTATION_CONTEXT() REPRESENTATION_CONTEXT('2D SPACE',''
  ) );
#5063 = PCURVE('',#4648,#5064);
#5064 = DEFINITIONAL_REPRESENTATION('',(#5065),#5068);
#5065 = B_SPLINE_CURVE_WITH_KNOTS('',1,(#5066,#5067),.UNSPECIFIED.,.F.,
  .F.,(2,2),(-14.95,-1.55),.PIECEWISE_BEZIER_KNOTS.);
#5066 = CARTESIAN_POINT('',(1.E-01,14.2));
#5067 = CARTESIAN_POINT('',(1.E-01,0.8));
#5068 = ( GEOMETRIC_REPRESENTATION_CONTEXT(2) 
PARAMETRIC_REPRESENTATION_CONTEXT() REPRESENTATION_CONTEXT('2D SPACE',''
  ) );
#5069 = ADVANCED_FACE('',(#5070),#4281,.F.);
#5070 = FACE_BOUND('',#5071,.F.);
#5071 = EDGE_LOOP('',(#5072,#5073,#5074,#5075));
#5072 = ORIENTED_EDGE('',*,*,#4768,.F.);
#5073 = ORIENTED_EDGE('',*,*,#4686,.T.);
#5074 = ORIENTED_EDGE('',*,*,#4265,.T.);
#5075 = ORIENTED_EDGE('',*,*,#5076,.F.);
#5076 = EDGE_CURVE('',#4769,#4266,#5077,.T.);
#5077 = SURFACE_CURVE('',#5078,(#5082,#5089),.PCURVE_S1.);
#5078 = LINE('',#5079,#5080);
#5079 = CARTESIAN_POINT('',(45.8,119.1,5.4));
#5080 = VECTOR('',#5081,1.);
#5081 = DIRECTION('',(0.,0.,1.));
#5082 = PCURVE('',#4281,#5083);
#5083 = DEFINITIONAL_REPRESENTATION('',(#5084),#5088);
#5084 = LINE('',#5085,#5086);
#5085 = CARTESIAN_POINT('',(0.,16.5));
#5086 = VECTOR('',#5087,1.);
#5087 = DIRECTION('',(1.,0.));
#5088 = ( GEOMETRIC_REPRESENTATION_CONTEXT(2) 
PARAMETRIC_REPRESENTATION_CONTEXT() REPRESENTATION_CONTEXT('2D SPACE',''
  ) );
#5089 = PCURVE('',#4314,#5090);
#5090 = DEFINITIONAL_REPRESENTATION('',(#5091),#5095);
#5091 = LINE('',#5092,#5093);
#5092 = CARTESIAN_POINT('',(-1.570796326795,0.));
#5093 = VECTOR('',#5094,1.);
#5094 = DIRECTION('',(-0.,1.));
#5095 = ( GEOMETRIC_REPRESENTATION_CONTEXT(2) 
PARAMETRIC_REPRESENTATION_CONTEXT() REPRESENTATION_CONTEXT('2D SPACE',''
  ) );
#5096 = ADVANCED_FACE('',(#5097),#4399,.T.);
#5097 = FACE_BOUND('',#5098,.T.);
#5098 = EDGE_LOOP('',(#5099,#5100,#5101,#5102));
#5099 = ORIENTED_EDGE('',*,*,#4866,.F.);
#5100 = ORIENTED_EDGE('',*,*,#4740,.T.);
#5101 = ORIENTED_EDGE('',*,*,#4383,.T.);
#5102 = ORIENTED_EDGE('',*,*,#5103,.F.);
#5103 = EDGE_CURVE('',#4843,#4355,#5104,.T.);
#5104 = SURFACE_CURVE('',#5105,(#5109,#5116),.PCURVE_S1.);
#5105 = LINE('',#5106,#5107);
#5106 = CARTESIAN_POINT('',(45.8,132.1,5.4));
#5107 = VECTOR('',#5108,1.);
#5108 = DIRECTION('',(0.,0.,1.));
#5109 = PCURVE('',#4399,#5110);
#5110 = DEFINITIONAL_REPRESENTATION('',(#5111),#5115);
#5111 = LINE('',#5112,#5113);
#5112 = CARTESIAN_POINT('',(0.,16.5));
#5113 = VECTOR('',#5114,1.);
#5114 = DIRECTION('',(1.,0.));
#5115 = ( GEOMETRIC_REPRESENTATION_CONTEXT(2) 
PARAMETRIC_REPRESENTATION_CONTEXT() REPRESENTATION_CONTEXT('2D SPACE',''
  ) );
#5116 = PCURVE('',#4371,#5117);
#5117 = DEFINITIONAL_REPRESENTATION('',(#5118),#5122);
#5118 = LINE('',#5119,#5120);
#5119 = CARTESIAN_POINT('',(1.570796326795,0.));
#5120 = VECTOR('',#5121,1.);
#5121 = DIRECTION('',(0.,1.));
#5122 = ( GEOMETRIC_REPRESENTATION_CONTEXT(2) 
PARAMETRIC_REPRESENTATION_CONTEXT() REPRESENTATION_CONTEXT('2D SPACE',''
  ) );
#5123 = ADVANCED_FACE('',(#5124),#4314,.T.);
#5124 = FACE_BOUND('',#5125,.F.);
#5125 = EDGE_LOOP('',(#5126,#5127,#5128,#5129));
#5126 = ORIENTED_EDGE('',*,*,#4791,.T.);
#5127 = ORIENTED_EDGE('',*,*,#5076,.T.);
#5128 = ORIENTED_EDGE('',*,*,#4293,.F.);
#5129 = ORIENTED_EDGE('',*,*,#5130,.F.);
#5130 = EDGE_CURVE('',#4792,#4294,#5131,.T.);
#5131 = SURFACE_CURVE('',#5132,(#5136,#5143),.PCURVE_S1.);
#5132 = LINE('',#5133,#5134);
#5133 = CARTESIAN_POINT('',(47.3,120.6,5.4));
#5134 = VECTOR('',#5135,1.);
#5135 = DIRECTION('',(0.,0.,1.));
#5136 = PCURVE('',#4314,#5137);
#5137 = DEFINITIONAL_REPRESENTATION('',(#5138),#5142);
#5138 = LINE('',#5139,#5140);
#5139 = CARTESIAN_POINT('',(-0.,0.));
#5140 = VECTOR('',#5141,1.);
#5141 = DIRECTION('',(-0.,1.));
#5142 = ( GEOMETRIC_REPRESENTATION_CONTEXT(2) 
PARAMETRIC_REPRESENTATION_CONTEXT() REPRESENTATION_CONTEXT('2D SPACE',''
  ) );
#5143 = PCURVE('',#4342,#5144);
#5144 = DEFINITIONAL_REPRESENTATION('',(#5145),#5149);
#5145 = LINE('',#5146,#5147);
#5146 = CARTESIAN_POINT('',(0.,-1.5));
#5147 = VECTOR('',#5148,1.);
#5148 = DIRECTION('',(1.,0.));
#5149 = ( GEOMETRIC_REPRESENTATION_CONTEXT(2) 
PARAMETRIC_REPRESENTATION_CONTEXT() REPRESENTATION_CONTEXT('2D SPACE',''
  ) );
#5150 = ADVANCED_FACE('',(#5151),#4371,.T.);
#5151 = FACE_BOUND('',#5152,.T.);
#5152 = EDGE_LOOP('',(#5153,#5154,#5155,#5156));
#5153 = ORIENTED_EDGE('',*,*,#4842,.T.);
#5154 = ORIENTED_EDGE('',*,*,#5103,.T.);
#5155 = ORIENTED_EDGE('',*,*,#4354,.F.);
#5156 = ORIENTED_EDGE('',*,*,#5157,.F.);
#5157 = EDGE_CURVE('',#4820,#4327,#5158,.T.);
#5158 = SURFACE_CURVE('',#5159,(#5163,#5170),.PCURVE_S1.);
#5159 = LINE('',#5160,#5161);
#5160 = CARTESIAN_POINT('',(47.3,130.6,5.4));
#5161 = VECTOR('',#5162,1.);
#5162 = DIRECTION('',(0.,0.,1.));
#5163 = PCURVE('',#4371,#5164);
#5164 = DEFINITIONAL_REPRESENTATION('',(#5165),#5169);
#5165 = LINE('',#5166,#5167);
#5166 = CARTESIAN_POINT('',(0.,0.));
#5167 = VECTOR('',#5168,1.);
#5168 = DIRECTION('',(0.,1.));
#5169 = ( GEOMETRIC_REPRESENTATION_CONTEXT(2) 
PARAMETRIC_REPRESENTATION_CONTEXT() REPRESENTATION_CONTEXT('2D SPACE',''
  ) );
#5170 = PCURVE('',#4342,#5171);
#5171 = DEFINITIONAL_REPRESENTATION('',(#5172),#5176);
#5172 = LINE('',#5173,#5174);
#5173 = CARTESIAN_POINT('',(0.,-11.5));
#5174 = VECTOR('',#5175,1.);
#5175 = DIRECTION('',(1.,0.));
#5176 = ( GEOMETRIC_REPRESENTATION_CONTEXT(2) 
PARAMETRIC_REPRESENTATION_CONTEXT() REPRESENTATION_CONTEXT('2D SPACE',''
  ) );
#5177 = ADVANCED_FACE('',(#5178),#4342,.T.);
#5178 = FACE_BOUND('',#5179,.T.);
#5179 = EDGE_LOOP('',(#5180,#5181,#5182,#5183));
#5180 = ORIENTED_EDGE('',*,*,#4326,.F.);
#5181 = ORIENTED_EDGE('',*,*,#5130,.F.);
#5182 = ORIENTED_EDGE('',*,*,#4819,.T.);
#5183 = ORIENTED_EDGE('',*,*,#5157,.T.);
#5184 = ADVANCED_FACE('',(#5185),#4458,.F.);
#5185 = FACE_BOUND('',#5186,.F.);
#5186 = EDGE_LOOP('',(#5187,#5208,#5209,#5230));
#5187 = ORIENTED_EDGE('',*,*,#5188,.F.);
#5188 = EDGE_CURVE('',#4891,#4440,#5189,.T.);
#5189 = SURFACE_CURVE('',#5190,(#5194,#5201),.PCURVE_S1.);
#5190 = LINE('',#5191,#5192);
#5191 = CARTESIAN_POINT('',(30.8,121.4,5.3));
#5192 = VECTOR('',#5193,1.);
#5193 = DIRECTION('',(0.,0.,1.));
#5194 = PCURVE('',#4458,#5195);
#5195 = DEFINITIONAL_REPRESENTATION('',(#5196),#5200);
#5196 = LINE('',#5197,#5198);
#5197 = CARTESIAN_POINT('',(0.,0.));
#5198 = VECTOR('',#5199,1.);
#5199 = DIRECTION('',(0.,1.));
#5200 = ( GEOMETRIC_REPRESENTATION_CONTEXT(2) 
PARAMETRIC_REPRESENTATION_CONTEXT() REPRESENTATION_CONTEXT('2D SPACE',''
  ) );
#5201 = PCURVE('',#4485,#5202);
#5202 = DEFINITIONAL_REPRESENTATION('',(#5203),#5207);
#5203 = LINE('',#5204,#5205);
#5204 = CARTESIAN_POINT('',(0.,-0.8));
#5205 = VECTOR('',#5206,1.);
#5206 = DIRECTION('',(1.,0.));
#5207 = ( GEOMETRIC_REPRESENTATION_CONTEXT(2) 
PARAMETRIC_REPRESENTATION_CONTEXT() REPRESENTATION_CONTEXT('2D SPACE',''
  ) );
#5208 = ORIENTED_EDGE('',*,*,#4890,.T.);
#5209 = ORIENTED_EDGE('',*,*,#5210,.T.);
#5210 = EDGE_CURVE('',#4893,#4442,#5211,.T.);
#5211 = SURFACE_CURVE('',#5212,(#5216,#5223),.PCURVE_S1.);
#5212 = LINE('',#5213,#5214);
#5213 = CARTESIAN_POINT('',(31.6,120.6,5.3));
#5214 = VECTOR('',#5215,1.);
#5215 = DIRECTION('',(0.,0.,1.));
#5216 = PCURVE('',#4458,#5217);
#5217 = DEFINITIONAL_REPRESENTATION('',(#5218),#5222);
#5218 = LINE('',#5219,#5220);
#5219 = CARTESIAN_POINT('',(1.570796326795,0.));
#5220 = VECTOR('',#5221,1.);
#5221 = DIRECTION('',(0.,1.));
#5222 = ( GEOMETRIC_REPRESENTATION_CONTEXT(2) 
PARAMETRIC_REPRESENTATION_CONTEXT() REPRESENTATION_CONTEXT('2D SPACE',''
  ) );
#5223 = PCURVE('',#4648,#5224);
#5224 = DEFINITIONAL_REPRESENTATION('',(#5225),#5229);
#5225 = LINE('',#5226,#5227);
#5226 = CARTESIAN_POINT('',(0.,0.8));
#5227 = VECTOR('',#5228,1.);
#5228 = DIRECTION('',(1.,0.));
#5229 = ( GEOMETRIC_REPRESENTATION_CONTEXT(2) 
PARAMETRIC_REPRESENTATION_CONTEXT() REPRESENTATION_CONTEXT('2D SPACE',''
  ) );
#5230 = ORIENTED_EDGE('',*,*,#4439,.F.);
#5231 = ADVANCED_FACE('',(#5232),#4648,.T.);
#5232 = FACE_BOUND('',#5233,.T.);
#5233 = EDGE_LOOP('',(#5234,#5235,#5236,#5237));
#5234 = ORIENTED_EDGE('',*,*,#5051,.T.);
#5235 = ORIENTED_EDGE('',*,*,#5210,.T.);
#5236 = ORIENTED_EDGE('',*,*,#4635,.F.);
#5237 = ORIENTED_EDGE('',*,*,#5238,.F.);
#5238 = EDGE_CURVE('',#5028,#4607,#5239,.T.);
#5239 = SURFACE_CURVE('',#5240,(#5244,#5251),.PCURVE_S1.);
#5240 = LINE('',#5241,#5242);
#5241 = CARTESIAN_POINT('',(45.,120.6,5.3));
#5242 = VECTOR('',#5243,1.);
#5243 = DIRECTION('',(0.,0.,1.));
#5244 = PCURVE('',#4648,#5245);
#5245 = DEFINITIONAL_REPRESENTATION('',(#5246),#5250);
#5246 = LINE('',#5247,#5248);
#5247 = CARTESIAN_POINT('',(0.,14.2));
#5248 = VECTOR('',#5249,1.);
#5249 = DIRECTION('',(1.,0.));
#5250 = ( GEOMETRIC_REPRESENTATION_CONTEXT(2) 
PARAMETRIC_REPRESENTATION_CONTEXT() REPRESENTATION_CONTEXT('2D SPACE',''
  ) );
#5251 = PCURVE('',#4623,#5252);
#5252 = DEFINITIONAL_REPRESENTATION('',(#5253),#5257);
#5253 = LINE('',#5254,#5255);
#5254 = CARTESIAN_POINT('',(-1.570796326795,0.));
#5255 = VECTOR('',#5256,1.);
#5256 = DIRECTION('',(-0.,1.));
#5257 = ( GEOMETRIC_REPRESENTATION_CONTEXT(2) 
PARAMETRIC_REPRESENTATION_CONTEXT() REPRESENTATION_CONTEXT('2D SPACE',''
  ) );
#5258 = ADVANCED_FACE('',(#5259),#4623,.F.);
#5259 = FACE_BOUND('',#5260,.T.);
#5260 = EDGE_LOOP('',(#5261,#5282,#5283,#5284));
#5261 = ORIENTED_EDGE('',*,*,#5262,.F.);
#5262 = EDGE_CURVE('',#5007,#4581,#5263,.T.);
#5263 = SURFACE_CURVE('',#5264,(#5268,#5275),.PCURVE_S1.);
#5264 = LINE('',#5265,#5266);
#5265 = CARTESIAN_POINT('',(45.8,121.4,5.3));
#5266 = VECTOR('',#5267,1.);
#5267 = DIRECTION('',(0.,0.,1.));
#5268 = PCURVE('',#4623,#5269);
#5269 = DEFINITIONAL_REPRESENTATION('',(#5270),#5274);
#5270 = LINE('',#5271,#5272);
#5271 = CARTESIAN_POINT('',(-0.,0.));
#5272 = VECTOR('',#5273,1.);
#5273 = DIRECTION('',(-0.,1.));
#5274 = ( GEOMETRIC_REPRESENTATION_CONTEXT(2) 
PARAMETRIC_REPRESENTATION_CONTEXT() REPRESENTATION_CONTEXT('2D SPACE',''
  ) );
#5275 = PCURVE('',#4595,#5276);
#5276 = DEFINITIONAL_REPRESENTATION('',(#5277),#5281);
#5277 = LINE('',#5278,#5279);
#5278 = CARTESIAN_POINT('',(0.,-0.8));
#5279 = VECTOR('',#5280,1.);
#5280 = DIRECTION('',(1.,0.));
#5281 = ( GEOMETRIC_REPRESENTATION_CONTEXT(2) 
PARAMETRIC_REPRESENTATION_CONTEXT() REPRESENTATION_CONTEXT('2D SPACE',''
  ) );
#5282 = ORIENTED_EDGE('',*,*,#5027,.F.);
#5283 = ORIENTED_EDGE('',*,*,#5238,.T.);
#5284 = ORIENTED_EDGE('',*,*,#4606,.T.);
#5285 = ADVANCED_FACE('',(#5286),#4595,.F.);
#5286 = FACE_BOUND('',#5287,.F.);
#5287 = EDGE_LOOP('',(#5288,#5289,#5290,#5291));
#5288 = ORIENTED_EDGE('',*,*,#4580,.F.);
#5289 = ORIENTED_EDGE('',*,*,#5262,.F.);
#5290 = ORIENTED_EDGE('',*,*,#5006,.T.);
#5291 = ORIENTED_EDGE('',*,*,#5292,.T.);
#5292 = EDGE_CURVE('',#4983,#4552,#5293,.T.);
#5293 = SURFACE_CURVE('',#5294,(#5298,#5305),.PCURVE_S1.);
#5294 = LINE('',#5295,#5296);
#5295 = CARTESIAN_POINT('',(45.8,129.8,5.3));
#5296 = VECTOR('',#5297,1.);
#5297 = DIRECTION('',(0.,0.,1.));
#5298 = PCURVE('',#4595,#5299);
#5299 = DEFINITIONAL_REPRESENTATION('',(#5300),#5304);
#5300 = LINE('',#5301,#5302);
#5301 = CARTESIAN_POINT('',(0.,-9.2));
#5302 = VECTOR('',#5303,1.);
#5303 = DIRECTION('',(1.,0.));
#5304 = ( GEOMETRIC_REPRESENTATION_CONTEXT(2) 
PARAMETRIC_REPRESENTATION_CONTEXT() REPRESENTATION_CONTEXT('2D SPACE',''
  ) );
#5305 = PCURVE('',#4568,#5306);
#5306 = DEFINITIONAL_REPRESENTATION('',(#5307),#5311);
#5307 = LINE('',#5308,#5309);
#5308 = CARTESIAN_POINT('',(0.,0.));
#5309 = VECTOR('',#5310,1.);
#5310 = DIRECTION('',(0.,1.));
#5311 = ( GEOMETRIC_REPRESENTATION_CONTEXT(2) 
PARAMETRIC_REPRESENTATION_CONTEXT() REPRESENTATION_CONTEXT('2D SPACE',''
  ) );
#5312 = ADVANCED_FACE('',(#5313),#4568,.F.);
#5313 = FACE_BOUND('',#5314,.F.);
#5314 = EDGE_LOOP('',(#5315,#5316,#5317,#5338));
#5315 = ORIENTED_EDGE('',*,*,#5292,.F.);
#5316 = ORIENTED_EDGE('',*,*,#4982,.T.);
#5317 = ORIENTED_EDGE('',*,*,#5318,.T.);
#5318 = EDGE_CURVE('',#4962,#4526,#5319,.T.);
#5319 = SURFACE_CURVE('',#5320,(#5324,#5331),.PCURVE_S1.);
#5320 = LINE('',#5321,#5322);
#5321 = CARTESIAN_POINT('',(45.,130.6,5.3));
#5322 = VECTOR('',#5323,1.);
#5323 = DIRECTION('',(0.,0.,1.));
#5324 = PCURVE('',#4568,#5325);
#5325 = DEFINITIONAL_REPRESENTATION('',(#5326),#5330);
#5326 = LINE('',#5327,#5328);
#5327 = CARTESIAN_POINT('',(1.570796326795,0.));
#5328 = VECTOR('',#5329,1.);
#5329 = DIRECTION('',(0.,1.));
#5330 = ( GEOMETRIC_REPRESENTATION_CONTEXT(2) 
PARAMETRIC_REPRESENTATION_CONTEXT() REPRESENTATION_CONTEXT('2D SPACE',''
  ) );
#5331 = PCURVE('',#4540,#5332);
#5332 = DEFINITIONAL_REPRESENTATION('',(#5333),#5337);
#5333 = LINE('',#5334,#5335);
#5334 = CARTESIAN_POINT('',(0.,14.2));
#5335 = VECTOR('',#5336,1.);
#5336 = DIRECTION('',(1.,0.));
#5337 = ( GEOMETRIC_REPRESENTATION_CONTEXT(2) 
PARAMETRIC_REPRESENTATION_CONTEXT() REPRESENTATION_CONTEXT('2D SPACE',''
  ) );
#5338 = ORIENTED_EDGE('',*,*,#4551,.F.);
#5339 = ADVANCED_FACE('',(#5340),#4540,.F.);
#5340 = FACE_BOUND('',#5341,.F.);
#5341 = EDGE_LOOP('',(#5342,#5343,#5364,#5365));
#5342 = ORIENTED_EDGE('',*,*,#4961,.T.);
#5343 = ORIENTED_EDGE('',*,*,#5344,.T.);
#5344 = EDGE_CURVE('',#4938,#4497,#5345,.T.);
#5345 = SURFACE_CURVE('',#5346,(#5350,#5357),.PCURVE_S1.);
#5346 = LINE('',#5347,#5348);
#5347 = CARTESIAN_POINT('',(31.6,130.6,5.3));
#5348 = VECTOR('',#5349,1.);
#5349 = DIRECTION('',(0.,0.,1.));
#5350 = PCURVE('',#4540,#5351);
#5351 = DEFINITIONAL_REPRESENTATION('',(#5352),#5356);
#5352 = LINE('',#5353,#5354);
#5353 = CARTESIAN_POINT('',(0.,0.8));
#5354 = VECTOR('',#5355,1.);
#5355 = DIRECTION('',(1.,0.));
#5356 = ( GEOMETRIC_REPRESENTATION_CONTEXT(2) 
PARAMETRIC_REPRESENTATION_CONTEXT() REPRESENTATION_CONTEXT('2D SPACE',''
  ) );
#5357 = PCURVE('',#4513,#5358);
#5358 = DEFINITIONAL_REPRESENTATION('',(#5359),#5363);
#5359 = LINE('',#5360,#5361);
#5360 = CARTESIAN_POINT('',(-1.570796326795,0.));
#5361 = VECTOR('',#5362,1.);
#5362 = DIRECTION('',(-0.,1.));
#5363 = ( GEOMETRIC_REPRESENTATION_CONTEXT(2) 
PARAMETRIC_REPRESENTATION_CONTEXT() REPRESENTATION_CONTEXT('2D SPACE',''
  ) );
#5364 = ORIENTED_EDGE('',*,*,#4525,.F.);
#5365 = ORIENTED_EDGE('',*,*,#5318,.F.);
#5366 = ADVANCED_FACE('',(#5367),#4513,.F.);
#5367 = FACE_BOUND('',#5368,.T.);
#5368 = EDGE_LOOP('',(#5369,#5390,#5391,#5392));
#5369 = ORIENTED_EDGE('',*,*,#5370,.F.);
#5370 = EDGE_CURVE('',#4917,#4471,#5371,.T.);
#5371 = SURFACE_CURVE('',#5372,(#5376,#5383),.PCURVE_S1.);
#5372 = LINE('',#5373,#5374);
#5373 = CARTESIAN_POINT('',(30.8,129.8,5.3));
#5374 = VECTOR('',#5375,1.);
#5375 = DIRECTION('',(0.,0.,1.));
#5376 = PCURVE('',#4513,#5377);
#5377 = DEFINITIONAL_REPRESENTATION('',(#5378),#5382);
#5378 = LINE('',#5379,#5380);
#5379 = CARTESIAN_POINT('',(-0.,0.));
#5380 = VECTOR('',#5381,1.);
#5381 = DIRECTION('',(-0.,1.));
#5382 = ( GEOMETRIC_REPRESENTATION_CONTEXT(2) 
PARAMETRIC_REPRESENTATION_CONTEXT() REPRESENTATION_CONTEXT('2D SPACE',''
  ) );
#5383 = PCURVE('',#4485,#5384);
#5384 = DEFINITIONAL_REPRESENTATION('',(#5385),#5389);
#5385 = LINE('',#5386,#5387);
#5386 = CARTESIAN_POINT('',(0.,-9.2));
#5387 = VECTOR('',#5388,1.);
#5388 = DIRECTION('',(1.,0.));
#5389 = ( GEOMETRIC_REPRESENTATION_CONTEXT(2) 
PARAMETRIC_REPRESENTATION_CONTEXT() REPRESENTATION_CONTEXT('2D SPACE',''
  ) );
#5390 = ORIENTED_EDGE('',*,*,#4937,.F.);
#5391 = ORIENTED_EDGE('',*,*,#5344,.T.);
#5392 = ORIENTED_EDGE('',*,*,#4496,.T.);
#5393 = ADVANCED_FACE('',(#5394),#4485,.T.);
#5394 = FACE_BOUND('',#5395,.T.);
#5395 = EDGE_LOOP('',(#5396,#5397,#5398,#5399));
#5396 = ORIENTED_EDGE('',*,*,#4470,.F.);
#5397 = ORIENTED_EDGE('',*,*,#5188,.F.);
#5398 = ORIENTED_EDGE('',*,*,#4916,.T.);
#5399 = ORIENTED_EDGE('',*,*,#5370,.T.);
#5400 = ( GEOMETRIC_REPRESENTATION_CONTEXT(3) 
GLOBAL_UNCERTAINTY_ASSIGNED_CONTEXT((#5404)) 
GLOBAL_UNIT_ASSIGNED_CONTEXT((#5401,#5402,#5403)) REPRESENTATION_CONTEXT
('Context #1','3D Context with UNIT and UNCERTAINTY') );
#5401 = ( LENGTH_UNIT() NAMED_UNIT(*) SI_UNIT(.MILLI.,.METRE.) );
#5402 = ( NAMED_UNIT(*) PLANE_ANGLE_UNIT() SI_UNIT($,.RADIAN.) );
#5403 = ( NAMED_UNIT(*) SI_UNIT($,.STERADIAN.) SOLID_ANGLE_UNIT() );
#5404 = UNCERTAINTY_MEASURE_WITH_UNIT(LENGTH_MEASURE(1.E-07),#5401,
  'distance_accuracy_value','confusion accuracy');
#5405 = CONTEXT_DEPENDENT_SHAPE_REPRESENTATION(#5406,#5408);
#5406 = ( REPRESENTATION_RELATIONSHIP('','',#4113,#10) 
REPRESENTATION_RELATIONSHIP_WITH_TRANSFORMATION(#5407) 
SHAPE_REPRESENTATION_RELATIONSHIP() );
#5407 = ITEM_DEFINED_TRANSFORMATION('','',#11,#35);
#5408 = PRODUCT_DEFINITION_SHAPE('Placement','Placement of an item',
  #5409);
#5409 = NEXT_ASSEMBLY_USAGE_OCCURRENCE('32',
  'SPEAKER_R_FRONT_GASKET_0_25','',#5,#4108,$);
#5410 = PRODUCT_RELATED_PRODUCT_CATEGORY('part',$,(#4110));
#5411 = SHAPE_DEFINITION_REPRESENTATION(#5412,#5418);
#5412 = PRODUCT_DEFINITION_SHAPE('','',#5413);
#5413 = PRODUCT_DEFINITION('design','',#5414,#5417);
#5414 = PRODUCT_DEFINITION_FORMATION('','',#5415);
#5415 = PRODUCT('FPC_EXTENSION_ROUTE_RESERVE_PANEL_TO_J1',
  'FPC_EXTENSION_ROUTE_RESERVE_PANEL_TO_J1','',(#5416));
#5416 = PRODUCT_CONTEXT('',#2,'mechanical');
#5417 = PRODUCT_DEFINITION_CONTEXT('part definition',#2,'design');
#5418 = ADVANCED_BREP_SHAPE_REPRESENTATION('',(#11,#5419),#6833);
#5419 = MANIFOLD_SOLID_BREP('',#5420);
#5420 = CLOSED_SHELL('',(#5421,#5821,#5895,#6198,#6274,#6350,#6426,#6497
    ,#6523,#6550,#6577,#6608,#6635,#6665,#6692,#6719,#6746,#6772,#6799,
    #6826));
#5421 = ADVANCED_FACE('',(#5422),#5436,.F.);
#5422 = FACE_BOUND('',#5423,.F.);
#5423 = EDGE_LOOP('',(#5424,#5459,#5487,#5515,#5543,#5571,#5599,#5627,
    #5655,#5683,#5711,#5739,#5767,#5795));
#5424 = ORIENTED_EDGE('',*,*,#5425,.F.);
#5425 = EDGE_CURVE('',#5426,#5428,#5430,.T.);
#5426 = VERTEX_POINT('',#5427);
#5427 = CARTESIAN_POINT('',(-5.75,114.11,6.85));
#5428 = VERTEX_POINT('',#5429);
#5429 = CARTESIAN_POINT('',(-5.75,114.11,4.75));
#5430 = SURFACE_CURVE('',#5431,(#5435,#5447),.PCURVE_S1.);
#5431 = LINE('',#5432,#5433);
#5432 = CARTESIAN_POINT('',(-5.75,114.11,6.85));
#5433 = VECTOR('',#5434,1.);
#5434 = DIRECTION('',(0.,6.767073673906E-15,-1.));
#5435 = PCURVE('',#5436,#5441);
#5436 = PLANE('',#5437);
#5437 = AXIS2_PLACEMENT_3D('',#5438,#5439,#5440);
#5438 = CARTESIAN_POINT('',(-5.75,113.61,4.75));
#5439 = DIRECTION('',(1.,0.,0.));
#5440 = DIRECTION('',(0.,0.,1.));
#5441 = DEFINITIONAL_REPRESENTATION('',(#5442),#5446);
#5442 = LINE('',#5443,#5444);
#5443 = CARTESIAN_POINT('',(2.1,-0.5));
#5444 = VECTOR('',#5445,1.);
#5445 = DIRECTION('',(-1.,-6.767073673906E-15));
#5446 = ( GEOMETRIC_REPRESENTATION_CONTEXT(2) 
PARAMETRIC_REPRESENTATION_CONTEXT() REPRESENTATION_CONTEXT('2D SPACE',''
  ) );
#5447 = PCURVE('',#5448,#5453);
#5448 = PLANE('',#5449);
#5449 = AXIS2_PLACEMENT_3D('',#5450,#5451,#5452);
#5450 = CARTESIAN_POINT('',(-5.75,114.11,4.75));
#5451 = DIRECTION('',(0.,1.,0.));
#5452 = DIRECTION('',(0.,0.,1.));
#5453 = DEFINITIONAL_REPRESENTATION('',(#5454),#5458);
#5454 = LINE('',#5455,#5456);
#5455 = CARTESIAN_POINT('',(2.1,0.));
#5456 = VECTOR('',#5457,1.);
#5457 = DIRECTION('',(-1.,0.));
#5458 = ( GEOMETRIC_REPRESENTATION_CONTEXT(2) 
PARAMETRIC_REPRESENTATION_CONTEXT() REPRESENTATION_CONTEXT('2D SPACE',''
  ) );
#5459 = ORIENTED_EDGE('',*,*,#5460,.F.);
#5460 = EDGE_CURVE('',#5461,#5426,#5463,.T.);
#5461 = VERTEX_POINT('',#5462);
#5462 = CARTESIAN_POINT('',(-5.75,113.61,6.85));
#5463 = SURFACE_CURVE('',#5464,(#5468,#5475),.PCURVE_S1.);
#5464 = LINE('',#5465,#5466);
#5465 = CARTESIAN_POINT('',(-5.75,113.61,6.85));
#5466 = VECTOR('',#5467,1.);
#5467 = DIRECTION('',(0.,1.,0.));
#5468 = PCURVE('',#5436,#5469);
#5469 = DEFINITIONAL_REPRESENTATION('',(#5470),#5474);
#5470 = LINE('',#5471,#5472);
#5471 = CARTESIAN_POINT('',(2.1,0.));
#5472 = VECTOR('',#5473,1.);
#5473 = DIRECTION('',(0.,-1.));
#5474 = ( GEOMETRIC_REPRESENTATION_CONTEXT(2) 
PARAMETRIC_REPRESENTATION_CONTEXT() REPRESENTATION_CONTEXT('2D SPACE',''
  ) );
#5475 = PCURVE('',#5476,#5481);
#5476 = PLANE('',#5477);
#5477 = AXIS2_PLACEMENT_3D('',#5478,#5479,#5480);
#5478 = CARTESIAN_POINT('',(-5.75,113.61,6.85));
#5479 = DIRECTION('',(0.,0.,1.));
#5480 = DIRECTION('',(1.,0.,0.));
#5481 = DEFINITIONAL_REPRESENTATION('',(#5482),#5486);
#5482 = LINE('',#5483,#5484);
#5483 = CARTESIAN_POINT('',(0.,0.));
#5484 = VECTOR('',#5485,1.);
#5485 = DIRECTION('',(0.,1.));
#5486 = ( GEOMETRIC_REPRESENTATION_CONTEXT(2) 
PARAMETRIC_REPRESENTATION_CONTEXT() REPRESENTATION_CONTEXT('2D SPACE',''
  ) );
#5487 = ORIENTED_EDGE('',*,*,#5488,.F.);
#5488 = EDGE_CURVE('',#5489,#5461,#5491,.T.);
#5489 = VERTEX_POINT('',#5490);
#5490 = CARTESIAN_POINT('',(-5.75,113.61,5.15));
#5491 = SURFACE_CURVE('',#5492,(#5496,#5503),.PCURVE_S1.);
#5492 = LINE('',#5493,#5494);
#5493 = CARTESIAN_POINT('',(-5.75,113.61,4.75));
#5494 = VECTOR('',#5495,1.);
#5495 = DIRECTION('',(0.,0.,1.));
#5496 = PCURVE('',#5436,#5497);
#5497 = DEFINITIONAL_REPRESENTATION('',(#5498),#5502);
#5498 = LINE('',#5499,#5500);
#5499 = CARTESIAN_POINT('',(0.,0.));
#5500 = VECTOR('',#5501,1.);
#5501 = DIRECTION('',(1.,0.));
#5502 = ( GEOMETRIC_REPRESENTATION_CONTEXT(2) 
PARAMETRIC_REPRESENTATION_CONTEXT() REPRESENTATION_CONTEXT('2D SPACE',''
  ) );
#5503 = PCURVE('',#5504,#5509);
#5504 = PLANE('',#5505);
#5505 = AXIS2_PLACEMENT_3D('',#5506,#5507,#5508);
#5506 = CARTESIAN_POINT('',(-5.75,113.61,4.75));
#5507 = DIRECTION('',(0.,1.,0.));
#5508 = DIRECTION('',(0.,0.,1.));
#5509 = DEFINITIONAL_REPRESENTATION('',(#5510),#5514);
#5510 = LINE('',#5511,#5512);
#5511 = CARTESIAN_POINT('',(0.,0.));
#5512 = VECTOR('',#5513,1.);
#5513 = DIRECTION('',(1.,0.));
#5514 = ( GEOMETRIC_REPRESENTATION_CONTEXT(2) 
PARAMETRIC_REPRESENTATION_CONTEXT() REPRESENTATION_CONTEXT('2D SPACE',''
  ) );
#5515 = ORIENTED_EDGE('',*,*,#5516,.F.);
#5516 = EDGE_CURVE('',#5517,#5489,#5519,.T.);
#5517 = VERTEX_POINT('',#5518);
#5518 = CARTESIAN_POINT('',(-5.75,100.9,5.15));
#5519 = SURFACE_CURVE('',#5520,(#5524,#5531),.PCURVE_S1.);
#5520 = LINE('',#5521,#5522);
#5521 = CARTESIAN_POINT('',(-5.75,100.9,5.15));
#5522 = VECTOR('',#5523,1.);
#5523 = DIRECTION('',(0.,1.,0.));
#5524 = PCURVE('',#5436,#5525);
#5525 = DEFINITIONAL_REPRESENTATION('',(#5526),#5530);
#5526 = LINE('',#5527,#5528);
#5527 = CARTESIAN_POINT('',(0.4,12.71));
#5528 = VECTOR('',#5529,1.);
#5529 = DIRECTION('',(0.,-1.));
#5530 = ( GEOMETRIC_REPRESENTATION_CONTEXT(2) 
PARAMETRIC_REPRESENTATION_CONTEXT() REPRESENTATION_CONTEXT('2D SPACE',''
  ) );
#5531 = PCURVE('',#5532,#5537);
#5532 = PLANE('',#5533);
#5533 = AXIS2_PLACEMENT_3D('',#5534,#5535,#5536);
#5534 = CARTESIAN_POINT('',(-5.75,102.5,5.15));
#5535 = DIRECTION('',(0.,0.,1.));
#5536 = DIRECTION('',(1.,0.,0.));
#5537 = DEFINITIONAL_REPRESENTATION('',(#5538),#5542);
#5538 = LINE('',#5539,#5540);
#5539 = CARTESIAN_POINT('',(0.,-1.6));
#5540 = VECTOR('',#5541,1.);
#5541 = DIRECTION('',(0.,1.));
#5542 = ( GEOMETRIC_REPRESENTATION_CONTEXT(2) 
PARAMETRIC_REPRESENTATION_CONTEXT() REPRESENTATION_CONTEXT('2D SPACE',''
  ) );
#5543 = ORIENTED_EDGE('',*,*,#5544,.F.);
#5544 = EDGE_CURVE('',#5545,#5517,#5547,.T.);
#5545 = VERTEX_POINT('',#5546);
#5546 = CARTESIAN_POINT('',(-5.75,100.9,1.25));
#5547 = SURFACE_CURVE('',#5548,(#5552,#5559),.PCURVE_S1.);
#5548 = LINE('',#5549,#5550);
#5549 = CARTESIAN_POINT('',(-5.75,100.9,1.25));
#5550 = VECTOR('',#5551,1.);
#5551 = DIRECTION('',(0.,0.,1.));
#5552 = PCURVE('',#5436,#5553);
#5553 = DEFINITIONAL_REPRESENTATION('',(#5554),#5558);
#5554 = LINE('',#5555,#5556);
#5555 = CARTESIAN_POINT('',(-3.5,12.71));
#5556 = VECTOR('',#5557,1.);
#5557 = DIRECTION('',(1.,0.));
#5558 = ( GEOMETRIC_REPRESENTATION_CONTEXT(2) 
PARAMETRIC_REPRESENTATION_CONTEXT() REPRESENTATION_CONTEXT('2D SPACE',''
  ) );
#5559 = PCURVE('',#5560,#5565);
#5560 = PLANE('',#5561);
#5561 = AXIS2_PLACEMENT_3D('',#5562,#5563,#5564);
#5562 = CARTESIAN_POINT('',(-5.75,100.9,1.25));
#5563 = DIRECTION('',(0.,1.,0.));
#5564 = DIRECTION('',(0.,0.,1.));
#5565 = DEFINITIONAL_REPRESENTATION('',(#5566),#5570);
#5566 = LINE('',#5567,#5568);
#5567 = CARTESIAN_POINT('',(0.,0.));
#5568 = VECTOR('',#5569,1.);
#5569 = DIRECTION('',(1.,0.));
#5570 = ( GEOMETRIC_REPRESENTATION_CONTEXT(2) 
PARAMETRIC_REPRESENTATION_CONTEXT() REPRESENTATION_CONTEXT('2D SPACE',''
  ) );
#5571 = ORIENTED_EDGE('',*,*,#5572,.F.);
#5572 = EDGE_CURVE('',#5573,#5545,#5575,.T.);
#5573 = VERTEX_POINT('',#5574);
#5574 = CARTESIAN_POINT('',(-5.75,128.,1.25));
#5575 = SURFACE_CURVE('',#5576,(#5580,#5587),.PCURVE_S1.);
#5576 = LINE('',#5577,#5578);
#5577 = CARTESIAN_POINT('',(-5.75,128.,1.25));
#5578 = VECTOR('',#5579,1.);
#5579 = DIRECTION('',(0.,-1.,0.));
#5580 = PCURVE('',#5436,#5581);
#5581 = DEFINITIONAL_REPRESENTATION('',(#5582),#5586);
#5582 = LINE('',#5583,#5584);
#5583 = CARTESIAN_POINT('',(-3.5,-14.39));
#5584 = VECTOR('',#5585,1.);
#5585 = DIRECTION('',(0.,1.));
#5586 = ( GEOMETRIC_REPRESENTATION_CONTEXT(2) 
PARAMETRIC_REPRESENTATION_CONTEXT() REPRESENTATION_CONTEXT('2D SPACE',''
  ) );
#5587 = PCURVE('',#5588,#5593);
#5588 = PLANE('',#5589);
#5589 = AXIS2_PLACEMENT_3D('',#5590,#5591,#5592);
#5590 = CARTESIAN_POINT('',(-5.75,100.9,1.25));
#5591 = DIRECTION('',(0.,0.,1.));
#5592 = DIRECTION('',(1.,0.,0.));
#5593 = DEFINITIONAL_REPRESENTATION('',(#5594),#5598);
#5594 = LINE('',#5595,#5596);
#5595 = CARTESIAN_POINT('',(0.,27.1));
#5596 = VECTOR('',#5597,1.);
#5597 = DIRECTION('',(0.,-1.));
#5598 = ( GEOMETRIC_REPRESENTATION_CONTEXT(2) 
PARAMETRIC_REPRESENTATION_CONTEXT() REPRESENTATION_CONTEXT('2D SPACE',''
  ) );
#5599 = ORIENTED_EDGE('',*,*,#5600,.F.);
#5600 = EDGE_CURVE('',#5601,#5573,#5603,.T.);
#5601 = VERTEX_POINT('',#5602);
#5602 = CARTESIAN_POINT('',(-5.75,128.,-0.6));
#5603 = SURFACE_CURVE('',#5604,(#5608,#5615),.PCURVE_S1.);
#5604 = LINE('',#5605,#5606);
#5605 = CARTESIAN_POINT('',(-5.75,128.,-1.35));
#5606 = VECTOR('',#5607,1.);
#5607 = DIRECTION('',(0.,0.,1.));
#5608 = PCURVE('',#5436,#5609);
#5609 = DEFINITIONAL_REPRESENTATION('',(#5610),#5614);
#5610 = LINE('',#5611,#5612);
#5611 = CARTESIAN_POINT('',(-6.1,-14.39));
#5612 = VECTOR('',#5613,1.);
#5613 = DIRECTION('',(1.,0.));
#5614 = ( GEOMETRIC_REPRESENTATION_CONTEXT(2) 
PARAMETRIC_REPRESENTATION_CONTEXT() REPRESENTATION_CONTEXT('2D SPACE',''
  ) );
#5615 = PCURVE('',#5616,#5621);
#5616 = PLANE('',#5617);
#5617 = AXIS2_PLACEMENT_3D('',#5618,#5619,#5620);
#5618 = CARTESIAN_POINT('',(-5.75,128.,-1.35));
#5619 = DIRECTION('',(0.,1.,0.));
#5620 = DIRECTION('',(0.,0.,1.));
#5621 = DEFINITIONAL_REPRESENTATION('',(#5622),#5626);
#5622 = LINE('',#5623,#5624);
#5623 = CARTESIAN_POINT('',(0.,0.));
#5624 = VECTOR('',#5625,1.);
#5625 = DIRECTION('',(1.,0.));
#5626 = ( GEOMETRIC_REPRESENTATION_CONTEXT(2) 
PARAMETRIC_REPRESENTATION_CONTEXT() REPRESENTATION_CONTEXT('2D SPACE',''
  ) );
#5627 = ORIENTED_EDGE('',*,*,#5628,.F.);
#5628 = EDGE_CURVE('',#5629,#5601,#5631,.T.);
#5629 = VERTEX_POINT('',#5630);
#5630 = CARTESIAN_POINT('',(-5.75,117.,-0.6));
#5631 = SURFACE_CURVE('',#5632,(#5636,#5643),.PCURVE_S1.);
#5632 = LINE('',#5633,#5634);
#5633 = CARTESIAN_POINT('',(-5.75,117.,-0.6));
#5634 = VECTOR('',#5635,1.);
#5635 = DIRECTION('',(0.,1.,0.));
#5636 = PCURVE('',#5436,#5637);
#5637 = DEFINITIONAL_REPRESENTATION('',(#5638),#5642);
#5638 = LINE('',#5639,#5640);
#5639 = CARTESIAN_POINT('',(-5.35,-3.39));
#5640 = VECTOR('',#5641,1.);
#5641 = DIRECTION('',(0.,-1.));
#5642 = ( GEOMETRIC_REPRESENTATION_CONTEXT(2) 
PARAMETRIC_REPRESENTATION_CONTEXT() REPRESENTATION_CONTEXT('2D SPACE',''
  ) );
#5643 = PCURVE('',#5644,#5649);
#5644 = PLANE('',#5645);
#5645 = AXIS2_PLACEMENT_3D('',#5646,#5647,#5648);
#5646 = CARTESIAN_POINT('',(-5.75,117.,-0.6));
#5647 = DIRECTION('',(0.,0.,1.));
#5648 = DIRECTION('',(1.,0.,0.));
#5649 = DEFINITIONAL_REPRESENTATION('',(#5650),#5654);
#5650 = LINE('',#5651,#5652);
#5651 = CARTESIAN_POINT('',(0.,0.));
#5652 = VECTOR('',#5653,1.);
#5653 = DIRECTION('',(0.,1.));
#5654 = ( GEOMETRIC_REPRESENTATION_CONTEXT(2) 
PARAMETRIC_REPRESENTATION_CONTEXT() REPRESENTATION_CONTEXT('2D SPACE',''
  ) );
#5655 = ORIENTED_EDGE('',*,*,#5656,.F.);
#5656 = EDGE_CURVE('',#5657,#5629,#5659,.T.);
#5657 = VERTEX_POINT('',#5658);
#5658 = CARTESIAN_POINT('',(-5.75,117.,-1.35));
#5659 = SURFACE_CURVE('',#5660,(#5664,#5671),.PCURVE_S1.);
#5660 = LINE('',#5661,#5662);
#5661 = CARTESIAN_POINT('',(-5.75,117.,-1.35));
#5662 = VECTOR('',#5663,1.);
#5663 = DIRECTION('',(0.,0.,1.));
#5664 = PCURVE('',#5436,#5665);
#5665 = DEFINITIONAL_REPRESENTATION('',(#5666),#5670);
#5666 = LINE('',#5667,#5668);
#5667 = CARTESIAN_POINT('',(-6.1,-3.39));
#5668 = VECTOR('',#5669,1.);
#5669 = DIRECTION('',(1.,0.));
#5670 = ( GEOMETRIC_REPRESENTATION_CONTEXT(2) 
PARAMETRIC_REPRESENTATION_CONTEXT() REPRESENTATION_CONTEXT('2D SPACE',''
  ) );
#5671 = PCURVE('',#5672,#5677);
#5672 = PLANE('',#5673);
#5673 = AXIS2_PLACEMENT_3D('',#5674,#5675,#5676);
#5674 = CARTESIAN_POINT('',(-5.75,117.,-1.35));
#5675 = DIRECTION('',(0.,1.,0.));
#5676 = DIRECTION('',(0.,0.,1.));
#5677 = DEFINITIONAL_REPRESENTATION('',(#5678),#5682);
#5678 = LINE('',#5679,#5680);
#5679 = CARTESIAN_POINT('',(0.,0.));
#5680 = VECTOR('',#5681,1.);
#5681 = DIRECTION('',(1.,0.));
#5682 = ( GEOMETRIC_REPRESENTATION_CONTEXT(2) 
PARAMETRIC_REPRESENTATION_CONTEXT() REPRESENTATION_CONTEXT('2D SPACE',''
  ) );
#5683 = ORIENTED_EDGE('',*,*,#5684,.F.);
#5684 = EDGE_CURVE('',#5685,#5657,#5687,.T.);
#5685 = VERTEX_POINT('',#5686);
#5686 = CARTESIAN_POINT('',(-5.75,128.95,-1.35));
#5687 = SURFACE_CURVE('',#5688,(#5692,#5699),.PCURVE_S1.);
#5688 = LINE('',#5689,#5690);
#5689 = CARTESIAN_POINT('',(-5.75,128.95,-1.35));
#5690 = VECTOR('',#5691,1.);
#5691 = DIRECTION('',(0.,-1.,0.));
#5692 = PCURVE('',#5436,#5693);
#5693 = DEFINITIONAL_REPRESENTATION('',(#5694),#5698);
#5694 = LINE('',#5695,#5696);
#5695 = CARTESIAN_POINT('',(-6.1,-15.34));
#5696 = VECTOR('',#5697,1.);
#5697 = DIRECTION('',(0.,1.));
#5698 = ( GEOMETRIC_REPRESENTATION_CONTEXT(2) 
PARAMETRIC_REPRESENTATION_CONTEXT() REPRESENTATION_CONTEXT('2D SPACE',''
  ) );
#5699 = PCURVE('',#5700,#5705);
#5700 = PLANE('',#5701);
#5701 = AXIS2_PLACEMENT_3D('',#5702,#5703,#5704);
#5702 = CARTESIAN_POINT('',(-5.75,128.,-1.35));
#5703 = DIRECTION('',(0.,0.,1.));
#5704 = DIRECTION('',(1.,0.,0.));
#5705 = DEFINITIONAL_REPRESENTATION('',(#5706),#5710);
#5706 = LINE('',#5707,#5708);
#5707 = CARTESIAN_POINT('',(0.,0.95));
#5708 = VECTOR('',#5709,1.);
#5709 = DIRECTION('',(0.,-1.));
#5710 = ( GEOMETRIC_REPRESENTATION_CONTEXT(2) 
PARAMETRIC_REPRESENTATION_CONTEXT() REPRESENTATION_CONTEXT('2D SPACE',''
  ) );
#5711 = ORIENTED_EDGE('',*,*,#5712,.F.);
#5712 = EDGE_CURVE('',#5713,#5685,#5715,.T.);
#5713 = VERTEX_POINT('',#5714);
#5714 = CARTESIAN_POINT('',(-5.75,128.95,1.75));
#5715 = SURFACE_CURVE('',#5716,(#5720,#5727),.PCURVE_S1.);
#5716 = LINE('',#5717,#5718);
#5717 = CARTESIAN_POINT('',(-5.75,128.95,1.75));
#5718 = VECTOR('',#5719,1.);
#5719 = DIRECTION('',(0.,0.,-1.));
#5720 = PCURVE('',#5436,#5721);
#5721 = DEFINITIONAL_REPRESENTATION('',(#5722),#5726);
#5722 = LINE('',#5723,#5724);
#5723 = CARTESIAN_POINT('',(-3.,-15.34));
#5724 = VECTOR('',#5725,1.);
#5725 = DIRECTION('',(-1.,0.));
#5726 = ( GEOMETRIC_REPRESENTATION_CONTEXT(2) 
PARAMETRIC_REPRESENTATION_CONTEXT() REPRESENTATION_CONTEXT('2D SPACE',''
  ) );
#5727 = PCURVE('',#5728,#5733);
#5728 = PLANE('',#5729);
#5729 = AXIS2_PLACEMENT_3D('',#5730,#5731,#5732);
#5730 = CARTESIAN_POINT('',(-5.75,128.95,-1.35));
#5731 = DIRECTION('',(0.,1.,0.));
#5732 = DIRECTION('',(0.,0.,1.));
#5733 = DEFINITIONAL_REPRESENTATION('',(#5734),#5738);
#5734 = LINE('',#5735,#5736);
#5735 = CARTESIAN_POINT('',(3.1,0.));
#5736 = VECTOR('',#5737,1.);
#5737 = DIRECTION('',(-1.,0.));
#5738 = ( GEOMETRIC_REPRESENTATION_CONTEXT(2) 
PARAMETRIC_REPRESENTATION_CONTEXT() REPRESENTATION_CONTEXT('2D SPACE',''
  ) );
#5739 = ORIENTED_EDGE('',*,*,#5740,.F.);
#5740 = EDGE_CURVE('',#5741,#5713,#5743,.T.);
#5741 = VERTEX_POINT('',#5742);
#5742 = CARTESIAN_POINT('',(-5.75,102.9,1.75));
#5743 = SURFACE_CURVE('',#5744,(#5748,#5755),.PCURVE_S1.);
#5744 = LINE('',#5745,#5746);
#5745 = CARTESIAN_POINT('',(-5.75,102.9,1.75));
#5746 = VECTOR('',#5747,1.);
#5747 = DIRECTION('',(0.,1.,0.));
#5748 = PCURVE('',#5436,#5749);
#5749 = DEFINITIONAL_REPRESENTATION('',(#5750),#5754);
#5750 = LINE('',#5751,#5752);
#5751 = CARTESIAN_POINT('',(-3.,10.71));
#5752 = VECTOR('',#5753,1.);
#5753 = DIRECTION('',(0.,-1.));
#5754 = ( GEOMETRIC_REPRESENTATION_CONTEXT(2) 
PARAMETRIC_REPRESENTATION_CONTEXT() REPRESENTATION_CONTEXT('2D SPACE',''
  ) );
#5755 = PCURVE('',#5756,#5761);
#5756 = PLANE('',#5757);
#5757 = AXIS2_PLACEMENT_3D('',#5758,#5759,#5760);
#5758 = CARTESIAN_POINT('',(-5.75,100.9,1.75));
#5759 = DIRECTION('',(0.,0.,1.));
#5760 = DIRECTION('',(1.,0.,0.));
#5761 = DEFINITIONAL_REPRESENTATION('',(#5762),#5766);
#5762 = LINE('',#5763,#5764);
#5763 = CARTESIAN_POINT('',(0.,2.));
#5764 = VECTOR('',#5765,1.);
#5765 = DIRECTION('',(0.,1.));
#5766 = ( GEOMETRIC_REPRESENTATION_CONTEXT(2) 
PARAMETRIC_REPRESENTATION_CONTEXT() REPRESENTATION_CONTEXT('2D SPACE',''
  ) );
#5767 = ORIENTED_EDGE('',*,*,#5768,.T.);
#5768 = EDGE_CURVE('',#5741,#5769,#5771,.T.);
#5769 = VERTEX_POINT('',#5770);
#5770 = CARTESIAN_POINT('',(-5.75,102.9,4.75));
#5771 = SURFACE_CURVE('',#5772,(#5776,#5783),.PCURVE_S1.);
#5772 = LINE('',#5773,#5774);
#5773 = CARTESIAN_POINT('',(-5.75,102.9,1.25));
#5774 = VECTOR('',#5775,1.);
#5775 = DIRECTION('',(0.,0.,1.));
#5776 = PCURVE('',#5436,#5777);
#5777 = DEFINITIONAL_REPRESENTATION('',(#5778),#5782);
#5778 = LINE('',#5779,#5780);
#5779 = CARTESIAN_POINT('',(-3.5,10.71));
#5780 = VECTOR('',#5781,1.);
#5781 = DIRECTION('',(1.,0.));
#5782 = ( GEOMETRIC_REPRESENTATION_CONTEXT(2) 
PARAMETRIC_REPRESENTATION_CONTEXT() REPRESENTATION_CONTEXT('2D SPACE',''
  ) );
#5783 = PCURVE('',#5784,#5789);
#5784 = PLANE('',#5785);
#5785 = AXIS2_PLACEMENT_3D('',#5786,#5787,#5788);
#5786 = CARTESIAN_POINT('',(-5.75,102.9,1.25));
#5787 = DIRECTION('',(0.,1.,0.));
#5788 = DIRECTION('',(0.,0.,1.));
#5789 = DEFINITIONAL_REPRESENTATION('',(#5790),#5794);
#5790 = LINE('',#5791,#5792);
#5791 = CARTESIAN_POINT('',(0.,0.));
#5792 = VECTOR('',#5793,1.);
#5793 = DIRECTION('',(1.,0.));
#5794 = ( GEOMETRIC_REPRESENTATION_CONTEXT(2) 
PARAMETRIC_REPRESENTATION_CONTEXT() REPRESENTATION_CONTEXT('2D SPACE',''
  ) );
#5795 = ORIENTED_EDGE('',*,*,#5796,.F.);
#5796 = EDGE_CURVE('',#5428,#5769,#5797,.T.);
#5797 = SURFACE_CURVE('',#5798,(#5802,#5809),.PCURVE_S1.);
#5798 = LINE('',#5799,#5800);
#5799 = CARTESIAN_POINT('',(-5.75,114.11,4.75));
#5800 = VECTOR('',#5801,1.);
#5801 = DIRECTION('',(0.,-1.,0.));
#5802 = PCURVE('',#5436,#5803);
#5803 = DEFINITIONAL_REPRESENTATION('',(#5804),#5808);
#5804 = LINE('',#5805,#5806);
#5805 = CARTESIAN_POINT('',(0.,-0.5));
#5806 = VECTOR('',#5807,1.);
#5807 = DIRECTION('',(0.,1.));
#5808 = ( GEOMETRIC_REPRESENTATION_CONTEXT(2) 
PARAMETRIC_REPRESENTATION_CONTEXT() REPRESENTATION_CONTEXT('2D SPACE',''
  ) );
#5809 = PCURVE('',#5810,#5815);
#5810 = PLANE('',#5811);
#5811 = AXIS2_PLACEMENT_3D('',#5812,#5813,#5814);
#5812 = CARTESIAN_POINT('',(-5.75,113.61,4.75));
#5813 = DIRECTION('',(0.,0.,1.));
#5814 = DIRECTION('',(1.,0.,0.));
#5815 = DEFINITIONAL_REPRESENTATION('',(#5816),#5820);
#5816 = LINE('',#5817,#5818);
#5817 = CARTESIAN_POINT('',(0.,0.5));
#5818 = VECTOR('',#5819,1.);
#5819 = DIRECTION('',(0.,-1.));
#5820 = ( GEOMETRIC_REPRESENTATION_CONTEXT(2) 
PARAMETRIC_REPRESENTATION_CONTEXT() REPRESENTATION_CONTEXT('2D SPACE',''
  ) );
#5821 = ADVANCED_FACE('',(#5822),#5810,.F.);
#5822 = FACE_BOUND('',#5823,.F.);
#5823 = EDGE_LOOP('',(#5824,#5847,#5848,#5869));
#5824 = ORIENTED_EDGE('',*,*,#5825,.F.);
#5825 = EDGE_CURVE('',#5428,#5826,#5828,.T.);
#5826 = VERTEX_POINT('',#5827);
#5827 = CARTESIAN_POINT('',(5.75,114.11,4.75));
#5828 = SURFACE_CURVE('',#5829,(#5833,#5840),.PCURVE_S1.);
#5829 = LINE('',#5830,#5831);
#5830 = CARTESIAN_POINT('',(-5.75,114.11,4.75));
#5831 = VECTOR('',#5832,1.);
#5832 = DIRECTION('',(1.,0.,0.));
#5833 = PCURVE('',#5810,#5834);
#5834 = DEFINITIONAL_REPRESENTATION('',(#5835),#5839);
#5835 = LINE('',#5836,#5837);
#5836 = CARTESIAN_POINT('',(0.,0.5));
#5837 = VECTOR('',#5838,1.);
#5838 = DIRECTION('',(1.,0.));
#5839 = ( GEOMETRIC_REPRESENTATION_CONTEXT(2) 
PARAMETRIC_REPRESENTATION_CONTEXT() REPRESENTATION_CONTEXT('2D SPACE',''
  ) );
#5840 = PCURVE('',#5448,#5841);
#5841 = DEFINITIONAL_REPRESENTATION('',(#5842),#5846);
#5842 = LINE('',#5843,#5844);
#5843 = CARTESIAN_POINT('',(0.,0.));
#5844 = VECTOR('',#5845,1.);
#5845 = DIRECTION('',(0.,1.));
#5846 = ( GEOMETRIC_REPRESENTATION_CONTEXT(2) 
PARAMETRIC_REPRESENTATION_CONTEXT() REPRESENTATION_CONTEXT('2D SPACE',''
  ) );
#5847 = ORIENTED_EDGE('',*,*,#5796,.T.);
#5848 = ORIENTED_EDGE('',*,*,#5849,.F.);
#5849 = EDGE_CURVE('',#5850,#5769,#5852,.T.);
#5850 = VERTEX_POINT('',#5851);
#5851 = CARTESIAN_POINT('',(5.75,102.9,4.75));
#5852 = SURFACE_CURVE('',#5853,(#5857,#5863),.PCURVE_S1.);
#5853 = LINE('',#5854,#5855);
#5854 = CARTESIAN_POINT('',(-5.75,102.9,4.75));
#5855 = VECTOR('',#5856,1.);
#5856 = DIRECTION('',(-1.,0.,0.));
#5857 = PCURVE('',#5810,#5858);
#5858 = DEFINITIONAL_REPRESENTATION('',(#5859),#5862);
#5859 = B_SPLINE_CURVE_WITH_KNOTS('',1,(#5860,#5861),.UNSPECIFIED.,.F.,
  .F.,(2,2),(-11.5,0.),.PIECEWISE_BEZIER_KNOTS.);
#5860 = CARTESIAN_POINT('',(11.5,-10.71));
#5861 = CARTESIAN_POINT('',(0.,-10.71));
#5862 = ( GEOMETRIC_REPRESENTATION_CONTEXT(2) 
PARAMETRIC_REPRESENTATION_CONTEXT() REPRESENTATION_CONTEXT('2D SPACE',''
  ) );
#5863 = PCURVE('',#5784,#5864);
#5864 = DEFINITIONAL_REPRESENTATION('',(#5865),#5868);
#5865 = B_SPLINE_CURVE_WITH_KNOTS('',1,(#5866,#5867),.UNSPECIFIED.,.F.,
  .F.,(2,2),(-11.5,0.),.PIECEWISE_BEZIER_KNOTS.);
#5866 = CARTESIAN_POINT('',(3.5,11.5));
#5867 = CARTESIAN_POINT('',(3.5,0.));
#5868 = ( GEOMETRIC_REPRESENTATION_CONTEXT(2) 
PARAMETRIC_REPRESENTATION_CONTEXT() REPRESENTATION_CONTEXT('2D SPACE',''
  ) );
#5869 = ORIENTED_EDGE('',*,*,#5870,.F.);
#5870 = EDGE_CURVE('',#5826,#5850,#5871,.T.);
#5871 = SURFACE_CURVE('',#5872,(#5876,#5883),.PCURVE_S1.);
#5872 = LINE('',#5873,#5874);
#5873 = CARTESIAN_POINT('',(5.75,114.11,4.75));
#5874 = VECTOR('',#5875,1.);
#5875 = DIRECTION('',(0.,-1.,0.));
#5876 = PCURVE('',#5810,#5877);
#5877 = DEFINITIONAL_REPRESENTATION('',(#5878),#5882);
#5878 = LINE('',#5879,#5880);
#5879 = CARTESIAN_POINT('',(11.5,0.5));
#5880 = VECTOR('',#5881,1.);
#5881 = DIRECTION('',(0.,-1.));
#5882 = ( GEOMETRIC_REPRESENTATION_CONTEXT(2) 
PARAMETRIC_REPRESENTATION_CONTEXT() REPRESENTATION_CONTEXT('2D SPACE',''
  ) );
#5883 = PCURVE('',#5884,#5889);
#5884 = PLANE('',#5885);
#5885 = AXIS2_PLACEMENT_3D('',#5886,#5887,#5888);
#5886 = CARTESIAN_POINT('',(5.75,113.61,4.75));
#5887 = DIRECTION('',(1.,0.,0.));
#5888 = DIRECTION('',(0.,0.,1.));
#5889 = DEFINITIONAL_REPRESENTATION('',(#5890),#5894);
#5890 = LINE('',#5891,#5892);
#5891 = CARTESIAN_POINT('',(0.,-0.5));
#5892 = VECTOR('',#5893,1.);
#5893 = DIRECTION('',(0.,1.));
#5894 = ( GEOMETRIC_REPRESENTATION_CONTEXT(2) 
PARAMETRIC_REPRESENTATION_CONTEXT() REPRESENTATION_CONTEXT('2D SPACE',''
  ) );
#5895 = ADVANCED_FACE('',(#5896),#5884,.T.);
#5896 = FACE_BOUND('',#5897,.T.);
#5897 = EDGE_LOOP('',(#5898,#5921,#5944,#5967,#5990,#6013,#6036,#6059,
    #6081,#6107,#6130,#6153,#6176,#6197));
#5898 = ORIENTED_EDGE('',*,*,#5899,.F.);
#5899 = EDGE_CURVE('',#5900,#5826,#5902,.T.);
#5900 = VERTEX_POINT('',#5901);
#5901 = CARTESIAN_POINT('',(5.75,114.11,6.85));
#5902 = SURFACE_CURVE('',#5903,(#5907,#5914),.PCURVE_S1.);
#5903 = LINE('',#5904,#5905);
#5904 = CARTESIAN_POINT('',(5.75,114.11,6.85));
#5905 = VECTOR('',#5906,1.);
#5906 = DIRECTION('',(0.,6.767073673906E-15,-1.));
#5907 = PCURVE('',#5884,#5908);
#5908 = DEFINITIONAL_REPRESENTATION('',(#5909),#5913);
#5909 = LINE('',#5910,#5911);
#5910 = CARTESIAN_POINT('',(2.1,-0.5));
#5911 = VECTOR('',#5912,1.);
#5912 = DIRECTION('',(-1.,-6.767073673906E-15));
#5913 = ( GEOMETRIC_REPRESENTATION_CONTEXT(2) 
PARAMETRIC_REPRESENTATION_CONTEXT() REPRESENTATION_CONTEXT('2D SPACE',''
  ) );
#5914 = PCURVE('',#5448,#5915);
#5915 = DEFINITIONAL_REPRESENTATION('',(#5916),#5920);
#5916 = LINE('',#5917,#5918);
#5917 = CARTESIAN_POINT('',(2.1,11.5));
#5918 = VECTOR('',#5919,1.);
#5919 = DIRECTION('',(-1.,0.));
#5920 = ( GEOMETRIC_REPRESENTATION_CONTEXT(2) 
PARAMETRIC_REPRESENTATION_CONTEXT() REPRESENTATION_CONTEXT('2D SPACE',''
  ) );
#5921 = ORIENTED_EDGE('',*,*,#5922,.F.);
#5922 = EDGE_CURVE('',#5923,#5900,#5925,.T.);
#5923 = VERTEX_POINT('',#5924);
#5924 = CARTESIAN_POINT('',(5.75,113.61,6.85));
#5925 = SURFACE_CURVE('',#5926,(#5930,#5937),.PCURVE_S1.);
#5926 = LINE('',#5927,#5928);
#5927 = CARTESIAN_POINT('',(5.75,113.61,6.85));
#5928 = VECTOR('',#5929,1.);
#5929 = DIRECTION('',(0.,1.,0.));
#5930 = PCURVE('',#5884,#5931);
#5931 = DEFINITIONAL_REPRESENTATION('',(#5932),#5936);
#5932 = LINE('',#5933,#5934);
#5933 = CARTESIAN_POINT('',(2.1,0.));
#5934 = VECTOR('',#5935,1.);
#5935 = DIRECTION('',(0.,-1.));
#5936 = ( GEOMETRIC_REPRESENTATION_CONTEXT(2) 
PARAMETRIC_REPRESENTATION_CONTEXT() REPRESENTATION_CONTEXT('2D SPACE',''
  ) );
#5937 = PCURVE('',#5476,#5938);
#5938 = DEFINITIONAL_REPRESENTATION('',(#5939),#5943);
#5939 = LINE('',#5940,#5941);
#5940 = CARTESIAN_POINT('',(11.5,0.));
#5941 = VECTOR('',#5942,1.);
#5942 = DIRECTION('',(0.,1.));
#5943 = ( GEOMETRIC_REPRESENTATION_CONTEXT(2) 
PARAMETRIC_REPRESENTATION_CONTEXT() REPRESENTATION_CONTEXT('2D SPACE',''
  ) );
#5944 = ORIENTED_EDGE('',*,*,#5945,.F.);
#5945 = EDGE_CURVE('',#5946,#5923,#5948,.T.);
#5946 = VERTEX_POINT('',#5947);
#5947 = CARTESIAN_POINT('',(5.75,113.61,5.15));
#5948 = SURFACE_CURVE('',#5949,(#5953,#5960),.PCURVE_S1.);
#5949 = LINE('',#5950,#5951);
#5950 = CARTESIAN_POINT('',(5.75,113.61,4.75));
#5951 = VECTOR('',#5952,1.);
#5952 = DIRECTION('',(0.,0.,1.));
#5953 = PCURVE('',#5884,#5954);
#5954 = DEFINITIONAL_REPRESENTATION('',(#5955),#5959);
#5955 = LINE('',#5956,#5957);
#5956 = CARTESIAN_POINT('',(0.,0.));
#5957 = VECTOR('',#5958,1.);
#5958 = DIRECTION('',(1.,0.));
#5959 = ( GEOMETRIC_REPRESENTATION_CONTEXT(2) 
PARAMETRIC_REPRESENTATION_CONTEXT() REPRESENTATION_CONTEXT('2D SPACE',''
  ) );
#5960 = PCURVE('',#5504,#5961);
#5961 = DEFINITIONAL_REPRESENTATION('',(#5962),#5966);
#5962 = LINE('',#5963,#5964);
#5963 = CARTESIAN_POINT('',(0.,11.5));
#5964 = VECTOR('',#5965,1.);
#5965 = DIRECTION('',(1.,0.));
#5966 = ( GEOMETRIC_REPRESENTATION_CONTEXT(2) 
PARAMETRIC_REPRESENTATION_CONTEXT() REPRESENTATION_CONTEXT('2D SPACE',''
  ) );
#5967 = ORIENTED_EDGE('',*,*,#5968,.F.);
#5968 = EDGE_CURVE('',#5969,#5946,#5971,.T.);
#5969 = VERTEX_POINT('',#5970);
#5970 = CARTESIAN_POINT('',(5.75,100.9,5.15));
#5971 = SURFACE_CURVE('',#5972,(#5976,#5983),.PCURVE_S1.);
#5972 = LINE('',#5973,#5974);
#5973 = CARTESIAN_POINT('',(5.75,100.9,5.15));
#5974 = VECTOR('',#5975,1.);
#5975 = DIRECTION('',(0.,1.,0.));
#5976 = PCURVE('',#5884,#5977);
#5977 = DEFINITIONAL_REPRESENTATION('',(#5978),#5982);
#5978 = LINE('',#5979,#5980);
#5979 = CARTESIAN_POINT('',(0.4,12.71));
#5980 = VECTOR('',#5981,1.);
#5981 = DIRECTION('',(0.,-1.));
#5982 = ( GEOMETRIC_REPRESENTATION_CONTEXT(2) 
PARAMETRIC_REPRESENTATION_CONTEXT() REPRESENTATION_CONTEXT('2D SPACE',''
  ) );
#5983 = PCURVE('',#5532,#5984);
#5984 = DEFINITIONAL_REPRESENTATION('',(#5985),#5989);
#5985 = LINE('',#5986,#5987);
#5986 = CARTESIAN_POINT('',(11.5,-1.6));
#5987 = VECTOR('',#5988,1.);
#5988 = DIRECTION('',(0.,1.));
#5989 = ( GEOMETRIC_REPRESENTATION_CONTEXT(2) 
PARAMETRIC_REPRESENTATION_CONTEXT() REPRESENTATION_CONTEXT('2D SPACE',''
  ) );
#5990 = ORIENTED_EDGE('',*,*,#5991,.F.);
#5991 = EDGE_CURVE('',#5992,#5969,#5994,.T.);
#5992 = VERTEX_POINT('',#5993);
#5993 = CARTESIAN_POINT('',(5.75,100.9,1.25));
#5994 = SURFACE_CURVE('',#5995,(#5999,#6006),.PCURVE_S1.);
#5995 = LINE('',#5996,#5997);
#5996 = CARTESIAN_POINT('',(5.75,100.9,1.25));
#5997 = VECTOR('',#5998,1.);
#5998 = DIRECTION('',(0.,0.,1.));
#5999 = PCURVE('',#5884,#6000);
#6000 = DEFINITIONAL_REPRESENTATION('',(#6001),#6005);
#6001 = LINE('',#6002,#6003);
#6002 = CARTESIAN_POINT('',(-3.5,12.71));
#6003 = VECTOR('',#6004,1.);
#6004 = DIRECTION('',(1.,0.));
#6005 = ( GEOMETRIC_REPRESENTATION_CONTEXT(2) 
PARAMETRIC_REPRESENTATION_CONTEXT() REPRESENTATION_CONTEXT('2D SPACE',''
  ) );
#6006 = PCURVE('',#5560,#6007);
#6007 = DEFINITIONAL_REPRESENTATION('',(#6008),#6012);
#6008 = LINE('',#6009,#6010);
#6009 = CARTESIAN_POINT('',(0.,11.5));
#6010 = VECTOR('',#6011,1.);
#6011 = DIRECTION('',(1.,0.));
#6012 = ( GEOMETRIC_REPRESENTATION_CONTEXT(2) 
PARAMETRIC_REPRESENTATION_CONTEXT() REPRESENTATION_CONTEXT('2D SPACE',''
  ) );
#6013 = ORIENTED_EDGE('',*,*,#6014,.T.);
#6014 = EDGE_CURVE('',#5992,#6015,#6017,.T.);
#6015 = VERTEX_POINT('',#6016);
#6016 = CARTESIAN_POINT('',(5.75,128.,1.25));
#6017 = SURFACE_CURVE('',#6018,(#6022,#6029),.PCURVE_S1.);
#6018 = LINE('',#6019,#6020);
#6019 = CARTESIAN_POINT('',(5.75,100.9,1.25));
#6020 = VECTOR('',#6021,1.);
#6021 = DIRECTION('',(0.,1.,0.));
#6022 = PCURVE('',#5884,#6023);
#6023 = DEFINITIONAL_REPRESENTATION('',(#6024),#6028);
#6024 = LINE('',#6025,#6026);
#6025 = CARTESIAN_POINT('',(-3.5,12.71));
#6026 = VECTOR('',#6027,1.);
#6027 = DIRECTION('',(0.,-1.));
#6028 = ( GEOMETRIC_REPRESENTATION_CONTEXT(2) 
PARAMETRIC_REPRESENTATION_CONTEXT() REPRESENTATION_CONTEXT('2D SPACE',''
  ) );
#6029 = PCURVE('',#5588,#6030);
#6030 = DEFINITIONAL_REPRESENTATION('',(#6031),#6035);
#6031 = LINE('',#6032,#6033);
#6032 = CARTESIAN_POINT('',(11.5,0.));
#6033 = VECTOR('',#6034,1.);
#6034 = DIRECTION('',(0.,1.));
#6035 = ( GEOMETRIC_REPRESENTATION_CONTEXT(2) 
PARAMETRIC_REPRESENTATION_CONTEXT() REPRESENTATION_CONTEXT('2D SPACE',''
  ) );
#6036 = ORIENTED_EDGE('',*,*,#6037,.F.);
#6037 = EDGE_CURVE('',#6038,#6015,#6040,.T.);
#6038 = VERTEX_POINT('',#6039);
#6039 = CARTESIAN_POINT('',(5.75,128.,-0.6));
#6040 = SURFACE_CURVE('',#6041,(#6045,#6052),.PCURVE_S1.);
#6041 = LINE('',#6042,#6043);
#6042 = CARTESIAN_POINT('',(5.75,128.,-1.35));
#6043 = VECTOR('',#6044,1.);
#6044 = DIRECTION('',(0.,0.,1.));
#6045 = PCURVE('',#5884,#6046);
#6046 = DEFINITIONAL_REPRESENTATION('',(#6047),#6051);
#6047 = LINE('',#6048,#6049);
#6048 = CARTESIAN_POINT('',(-6.1,-14.39));
#6049 = VECTOR('',#6050,1.);
#6050 = DIRECTION('',(1.,0.));
#6051 = ( GEOMETRIC_REPRESENTATION_CONTEXT(2) 
PARAMETRIC_REPRESENTATION_CONTEXT() REPRESENTATION_CONTEXT('2D SPACE',''
  ) );
#6052 = PCURVE('',#5616,#6053);
#6053 = DEFINITIONAL_REPRESENTATION('',(#6054),#6058);
#6054 = LINE('',#6055,#6056);
#6055 = CARTESIAN_POINT('',(0.,11.5));
#6056 = VECTOR('',#6057,1.);
#6057 = DIRECTION('',(1.,0.));
#6058 = ( GEOMETRIC_REPRESENTATION_CONTEXT(2) 
PARAMETRIC_REPRESENTATION_CONTEXT() REPRESENTATION_CONTEXT('2D SPACE',''
  ) );
#6059 = ORIENTED_EDGE('',*,*,#6060,.F.);
#6060 = EDGE_CURVE('',#6061,#6038,#6063,.T.);
#6061 = VERTEX_POINT('',#6062);
#6062 = CARTESIAN_POINT('',(5.75,128.5,-0.6));
#6063 = SURFACE_CURVE('',#6064,(#6068,#6074),.PCURVE_S1.);
#6064 = LINE('',#6065,#6066);
#6065 = CARTESIAN_POINT('',(5.75,115.305,-0.6));
#6066 = VECTOR('',#6067,1.);
#6067 = DIRECTION('',(0.,-1.,0.));
#6068 = PCURVE('',#5884,#6069);
#6069 = DEFINITIONAL_REPRESENTATION('',(#6070),#6073);
#6070 = B_SPLINE_CURVE_WITH_KNOTS('',1,(#6071,#6072),.UNSPECIFIED.,.F.,
  .F.,(2,2),(-13.195,-1.695),.PIECEWISE_BEZIER_KNOTS.);
#6071 = CARTESIAN_POINT('',(-5.35,-14.89));
#6072 = CARTESIAN_POINT('',(-5.35,-3.39));
#6073 = ( GEOMETRIC_REPRESENTATION_CONTEXT(2) 
PARAMETRIC_REPRESENTATION_CONTEXT() REPRESENTATION_CONTEXT('2D SPACE',''
  ) );
#6074 = PCURVE('',#5644,#6075);
#6075 = DEFINITIONAL_REPRESENTATION('',(#6076),#6080);
#6076 = LINE('',#6077,#6078);
#6077 = CARTESIAN_POINT('',(11.5,-1.695));
#6078 = VECTOR('',#6079,1.);
#6079 = DIRECTION('',(0.,-1.));
#6080 = ( GEOMETRIC_REPRESENTATION_CONTEXT(2) 
PARAMETRIC_REPRESENTATION_CONTEXT() REPRESENTATION_CONTEXT('2D SPACE',''
  ) );
#6081 = ORIENTED_EDGE('',*,*,#6082,.F.);
#6082 = EDGE_CURVE('',#6083,#6061,#6085,.T.);
#6083 = VERTEX_POINT('',#6084);
#6084 = CARTESIAN_POINT('',(5.75,128.5,-1.35));
#6085 = SURFACE_CURVE('',#6086,(#6090,#6096),.PCURVE_S1.);
#6086 = LINE('',#6087,#6088);
#6087 = CARTESIAN_POINT('',(5.75,128.5,1.7));
#6088 = VECTOR('',#6089,1.);
#6089 = DIRECTION('',(0.,0.,1.));
#6090 = PCURVE('',#5884,#6091);
#6091 = DEFINITIONAL_REPRESENTATION('',(#6092),#6095);
#6092 = B_SPLINE_CURVE_WITH_KNOTS('',1,(#6093,#6094),.UNSPECIFIED.,.F.,
  .F.,(2,2),(-3.05,-2.3),.PIECEWISE_BEZIER_KNOTS.);
#6093 = CARTESIAN_POINT('',(-6.1,-14.89));
#6094 = CARTESIAN_POINT('',(-5.35,-14.89));
#6095 = ( GEOMETRIC_REPRESENTATION_CONTEXT(2) 
PARAMETRIC_REPRESENTATION_CONTEXT() REPRESENTATION_CONTEXT('2D SPACE',''
  ) );
#6096 = PCURVE('',#6097,#6102);
#6097 = PLANE('',#6098);
#6098 = AXIS2_PLACEMENT_3D('',#6099,#6100,#6101);
#6099 = CARTESIAN_POINT('',(-5.75,128.5,-1.35));
#6100 = DIRECTION('',(0.,1.,0.));
#6101 = DIRECTION('',(0.,0.,1.));
#6102 = DEFINITIONAL_REPRESENTATION('',(#6103),#6106);
#6103 = B_SPLINE_CURVE_WITH_KNOTS('',1,(#6104,#6105),.UNSPECIFIED.,.F.,
  .F.,(2,2),(-3.05,-2.3),.PIECEWISE_BEZIER_KNOTS.);
#6104 = CARTESIAN_POINT('',(0.,11.5));
#6105 = CARTESIAN_POINT('',(0.75,11.5));
#6106 = ( GEOMETRIC_REPRESENTATION_CONTEXT(2) 
PARAMETRIC_REPRESENTATION_CONTEXT() REPRESENTATION_CONTEXT('2D SPACE',''
  ) );
#6107 = ORIENTED_EDGE('',*,*,#6108,.T.);
#6108 = EDGE_CURVE('',#6083,#6109,#6111,.T.);
#6109 = VERTEX_POINT('',#6110);
#6110 = CARTESIAN_POINT('',(5.75,128.95,-1.35));
#6111 = SURFACE_CURVE('',#6112,(#6116,#6123),.PCURVE_S1.);
#6112 = LINE('',#6113,#6114);
#6113 = CARTESIAN_POINT('',(5.75,117.,-1.35));
#6114 = VECTOR('',#6115,1.);
#6115 = DIRECTION('',(0.,1.,0.));
#6116 = PCURVE('',#5884,#6117);
#6117 = DEFINITIONAL_REPRESENTATION('',(#6118),#6122);
#6118 = LINE('',#6119,#6120);
#6119 = CARTESIAN_POINT('',(-6.1,-3.39));
#6120 = VECTOR('',#6121,1.);
#6121 = DIRECTION('',(0.,-1.));
#6122 = ( GEOMETRIC_REPRESENTATION_CONTEXT(2) 
PARAMETRIC_REPRESENTATION_CONTEXT() REPRESENTATION_CONTEXT('2D SPACE',''
  ) );
#6123 = PCURVE('',#5700,#6124);
#6124 = DEFINITIONAL_REPRESENTATION('',(#6125),#6129);
#6125 = LINE('',#6126,#6127);
#6126 = CARTESIAN_POINT('',(11.5,-11.));
#6127 = VECTOR('',#6128,1.);
#6128 = DIRECTION('',(0.,1.));
#6129 = ( GEOMETRIC_REPRESENTATION_CONTEXT(2) 
PARAMETRIC_REPRESENTATION_CONTEXT() REPRESENTATION_CONTEXT('2D SPACE',''
  ) );
#6130 = ORIENTED_EDGE('',*,*,#6131,.F.);
#6131 = EDGE_CURVE('',#6132,#6109,#6134,.T.);
#6132 = VERTEX_POINT('',#6133);
#6133 = CARTESIAN_POINT('',(5.75,128.95,1.75));
#6134 = SURFACE_CURVE('',#6135,(#6139,#6146),.PCURVE_S1.);
#6135 = LINE('',#6136,#6137);
#6136 = CARTESIAN_POINT('',(5.75,128.95,1.75));
#6137 = VECTOR('',#6138,1.);
#6138 = DIRECTION('',(0.,0.,-1.));
#6139 = PCURVE('',#5884,#6140);
#6140 = DEFINITIONAL_REPRESENTATION('',(#6141),#6145);
#6141 = LINE('',#6142,#6143);
#6142 = CARTESIAN_POINT('',(-3.,-15.34));
#6143 = VECTOR('',#6144,1.);
#6144 = DIRECTION('',(-1.,0.));
#6145 = ( GEOMETRIC_REPRESENTATION_CONTEXT(2) 
PARAMETRIC_REPRESENTATION_CONTEXT() REPRESENTATION_CONTEXT('2D SPACE',''
  ) );
#6146 = PCURVE('',#5728,#6147);
#6147 = DEFINITIONAL_REPRESENTATION('',(#6148),#6152);
#6148 = LINE('',#6149,#6150);
#6149 = CARTESIAN_POINT('',(3.1,11.5));
#6150 = VECTOR('',#6151,1.);
#6151 = DIRECTION('',(-1.,0.));
#6152 = ( GEOMETRIC_REPRESENTATION_CONTEXT(2) 
PARAMETRIC_REPRESENTATION_CONTEXT() REPRESENTATION_CONTEXT('2D SPACE',''
  ) );
#6153 = ORIENTED_EDGE('',*,*,#6154,.F.);
#6154 = EDGE_CURVE('',#6155,#6132,#6157,.T.);
#6155 = VERTEX_POINT('',#6156);
#6156 = CARTESIAN_POINT('',(5.75,102.9,1.75));
#6157 = SURFACE_CURVE('',#6158,(#6162,#6169),.PCURVE_S1.);
#6158 = LINE('',#6159,#6160);
#6159 = CARTESIAN_POINT('',(5.75,102.9,1.75));
#6160 = VECTOR('',#6161,1.);
#6161 = DIRECTION('',(0.,1.,0.));
#6162 = PCURVE('',#5884,#6163);
#6163 = DEFINITIONAL_REPRESENTATION('',(#6164),#6168);
#6164 = LINE('',#6165,#6166);
#6165 = CARTESIAN_POINT('',(-3.,10.71));
#6166 = VECTOR('',#6167,1.);
#6167 = DIRECTION('',(0.,-1.));
#6168 = ( GEOMETRIC_REPRESENTATION_CONTEXT(2) 
PARAMETRIC_REPRESENTATION_CONTEXT() REPRESENTATION_CONTEXT('2D SPACE',''
  ) );
#6169 = PCURVE('',#5756,#6170);
#6170 = DEFINITIONAL_REPRESENTATION('',(#6171),#6175);
#6171 = LINE('',#6172,#6173);
#6172 = CARTESIAN_POINT('',(11.5,2.));
#6173 = VECTOR('',#6174,1.);
#6174 = DIRECTION('',(0.,1.));
#6175 = ( GEOMETRIC_REPRESENTATION_CONTEXT(2) 
PARAMETRIC_REPRESENTATION_CONTEXT() REPRESENTATION_CONTEXT('2D SPACE',''
  ) );
#6176 = ORIENTED_EDGE('',*,*,#6177,.T.);
#6177 = EDGE_CURVE('',#6155,#5850,#6178,.T.);
#6178 = SURFACE_CURVE('',#6179,(#6183,#6190),.PCURVE_S1.);
#6179 = LINE('',#6180,#6181);
#6180 = CARTESIAN_POINT('',(5.75,102.9,1.25));
#6181 = VECTOR('',#6182,1.);
#6182 = DIRECTION('',(0.,0.,1.));
#6183 = PCURVE('',#5884,#6184);
#6184 = DEFINITIONAL_REPRESENTATION('',(#6185),#6189);
#6185 = LINE('',#6186,#6187);
#6186 = CARTESIAN_POINT('',(-3.5,10.71));
#6187 = VECTOR('',#6188,1.);
#6188 = DIRECTION('',(1.,0.));
#6189 = ( GEOMETRIC_REPRESENTATION_CONTEXT(2) 
PARAMETRIC_REPRESENTATION_CONTEXT() REPRESENTATION_CONTEXT('2D SPACE',''
  ) );
#6190 = PCURVE('',#5784,#6191);
#6191 = DEFINITIONAL_REPRESENTATION('',(#6192),#6196);
#6192 = LINE('',#6193,#6194);
#6193 = CARTESIAN_POINT('',(0.,11.5));
#6194 = VECTOR('',#6195,1.);
#6195 = DIRECTION('',(1.,0.));
#6196 = ( GEOMETRIC_REPRESENTATION_CONTEXT(2) 
PARAMETRIC_REPRESENTATION_CONTEXT() REPRESENTATION_CONTEXT('2D SPACE',''
  ) );
#6197 = ORIENTED_EDGE('',*,*,#5870,.F.);
#6198 = ADVANCED_FACE('',(#6199),#6097,.T.);
#6199 = FACE_BOUND('',#6200,.T.);
#6200 = EDGE_LOOP('',(#6201,#6224,#6225,#6248));
#6201 = ORIENTED_EDGE('',*,*,#6202,.F.);
#6202 = EDGE_CURVE('',#6083,#6203,#6205,.T.);
#6203 = VERTEX_POINT('',#6204);
#6204 = CARTESIAN_POINT('',(22.75,128.5,-1.35));
#6205 = SURFACE_CURVE('',#6206,(#6210,#6217),.PCURVE_S1.);
#6206 = LINE('',#6207,#6208);
#6207 = CARTESIAN_POINT('',(-5.75,128.5,-1.35));
#6208 = VECTOR('',#6209,1.);
#6209 = DIRECTION('',(1.,0.,0.));
#6210 = PCURVE('',#6097,#6211);
#6211 = DEFINITIONAL_REPRESENTATION('',(#6212),#6216);
#6212 = LINE('',#6213,#6214);
#6213 = CARTESIAN_POINT('',(0.,0.));
#6214 = VECTOR('',#6215,1.);
#6215 = DIRECTION('',(0.,1.));
#6216 = ( GEOMETRIC_REPRESENTATION_CONTEXT(2) 
PARAMETRIC_REPRESENTATION_CONTEXT() REPRESENTATION_CONTEXT('2D SPACE',''
  ) );
#6217 = PCURVE('',#5700,#6218);
#6218 = DEFINITIONAL_REPRESENTATION('',(#6219),#6223);
#6219 = LINE('',#6220,#6221);
#6220 = CARTESIAN_POINT('',(0.,0.5));
#6221 = VECTOR('',#6222,1.);
#6222 = DIRECTION('',(1.,0.));
#6223 = ( GEOMETRIC_REPRESENTATION_CONTEXT(2) 
PARAMETRIC_REPRESENTATION_CONTEXT() REPRESENTATION_CONTEXT('2D SPACE',''
  ) );
#6224 = ORIENTED_EDGE('',*,*,#6082,.T.);
#6225 = ORIENTED_EDGE('',*,*,#6226,.T.);
#6226 = EDGE_CURVE('',#6061,#6227,#6229,.T.);
#6227 = VERTEX_POINT('',#6228);
#6228 = CARTESIAN_POINT('',(22.75,128.5,-0.6));
#6229 = SURFACE_CURVE('',#6230,(#6234,#6241),.PCURVE_S1.);
#6230 = LINE('',#6231,#6232);
#6231 = CARTESIAN_POINT('',(-5.75,128.5,-0.6));
#6232 = VECTOR('',#6233,1.);
#6233 = DIRECTION('',(1.,0.,0.));
#6234 = PCURVE('',#6097,#6235);
#6235 = DEFINITIONAL_REPRESENTATION('',(#6236),#6240);
#6236 = LINE('',#6237,#6238);
#6237 = CARTESIAN_POINT('',(0.75,0.));
#6238 = VECTOR('',#6239,1.);
#6239 = DIRECTION('',(0.,1.));
#6240 = ( GEOMETRIC_REPRESENTATION_CONTEXT(2) 
PARAMETRIC_REPRESENTATION_CONTEXT() REPRESENTATION_CONTEXT('2D SPACE',''
  ) );
#6241 = PCURVE('',#5644,#6242);
#6242 = DEFINITIONAL_REPRESENTATION('',(#6243),#6247);
#6243 = LINE('',#6244,#6245);
#6244 = CARTESIAN_POINT('',(0.,11.5));
#6245 = VECTOR('',#6246,1.);
#6246 = DIRECTION('',(1.,0.));
#6247 = ( GEOMETRIC_REPRESENTATION_CONTEXT(2) 
PARAMETRIC_REPRESENTATION_CONTEXT() REPRESENTATION_CONTEXT('2D SPACE',''
  ) );
#6248 = ORIENTED_EDGE('',*,*,#6249,.F.);
#6249 = EDGE_CURVE('',#6203,#6227,#6250,.T.);
#6250 = SURFACE_CURVE('',#6251,(#6255,#6262),.PCURVE_S1.);
#6251 = LINE('',#6252,#6253);
#6252 = CARTESIAN_POINT('',(22.75,128.5,-1.35));
#6253 = VECTOR('',#6254,1.);
#6254 = DIRECTION('',(0.,0.,1.));
#6255 = PCURVE('',#6097,#6256);
#6256 = DEFINITIONAL_REPRESENTATION('',(#6257),#6261);
#6257 = LINE('',#6258,#6259);
#6258 = CARTESIAN_POINT('',(0.,28.5));
#6259 = VECTOR('',#6260,1.);
#6260 = DIRECTION('',(1.,0.));
#6261 = ( GEOMETRIC_REPRESENTATION_CONTEXT(2) 
PARAMETRIC_REPRESENTATION_CONTEXT() REPRESENTATION_CONTEXT('2D SPACE',''
  ) );
#6262 = PCURVE('',#6263,#6268);
#6263 = PLANE('',#6264);
#6264 = AXIS2_PLACEMENT_3D('',#6265,#6266,#6267);
#6265 = CARTESIAN_POINT('',(22.75,117.,-1.35));
#6266 = DIRECTION('',(1.,0.,0.));
#6267 = DIRECTION('',(0.,0.,1.));
#6268 = DEFINITIONAL_REPRESENTATION('',(#6269),#6273);
#6269 = LINE('',#6270,#6271);
#6270 = CARTESIAN_POINT('',(0.,-11.5));
#6271 = VECTOR('',#6272,1.);
#6272 = DIRECTION('',(1.,0.));
#6273 = ( GEOMETRIC_REPRESENTATION_CONTEXT(2) 
PARAMETRIC_REPRESENTATION_CONTEXT() REPRESENTATION_CONTEXT('2D SPACE',''
  ) );
#6274 = ADVANCED_FACE('',(#6275),#6263,.T.);
#6275 = FACE_BOUND('',#6276,.T.);
#6276 = EDGE_LOOP('',(#6277,#6300,#6328,#6349));
#6277 = ORIENTED_EDGE('',*,*,#6278,.F.);
#6278 = EDGE_CURVE('',#6279,#6227,#6281,.T.);
#6279 = VERTEX_POINT('',#6280);
#6280 = CARTESIAN_POINT('',(22.75,114.4,-0.6));
#6281 = SURFACE_CURVE('',#6282,(#6286,#6293),.PCURVE_S1.);
#6282 = LINE('',#6283,#6284);
#6283 = CARTESIAN_POINT('',(22.75,114.4,-0.6));
#6284 = VECTOR('',#6285,1.);
#6285 = DIRECTION('',(0.,1.,0.));
#6286 = PCURVE('',#6263,#6287);
#6287 = DEFINITIONAL_REPRESENTATION('',(#6288),#6292);
#6288 = LINE('',#6289,#6290);
#6289 = CARTESIAN_POINT('',(0.75,2.6));
#6290 = VECTOR('',#6291,1.);
#6291 = DIRECTION('',(0.,-1.));
#6292 = ( GEOMETRIC_REPRESENTATION_CONTEXT(2) 
PARAMETRIC_REPRESENTATION_CONTEXT() REPRESENTATION_CONTEXT('2D SPACE',''
  ) );
#6293 = PCURVE('',#5644,#6294);
#6294 = DEFINITIONAL_REPRESENTATION('',(#6295),#6299);
#6295 = LINE('',#6296,#6297);
#6296 = CARTESIAN_POINT('',(28.5,-2.6));
#6297 = VECTOR('',#6298,1.);
#6298 = DIRECTION('',(0.,1.));
#6299 = ( GEOMETRIC_REPRESENTATION_CONTEXT(2) 
PARAMETRIC_REPRESENTATION_CONTEXT() REPRESENTATION_CONTEXT('2D SPACE',''
  ) );
#6300 = ORIENTED_EDGE('',*,*,#6301,.F.);
#6301 = EDGE_CURVE('',#6302,#6279,#6304,.T.);
#6302 = VERTEX_POINT('',#6303);
#6303 = CARTESIAN_POINT('',(22.75,114.4,-1.35));
#6304 = SURFACE_CURVE('',#6305,(#6309,#6316),.PCURVE_S1.);
#6305 = LINE('',#6306,#6307);
#6306 = CARTESIAN_POINT('',(22.75,114.4,-1.35));
#6307 = VECTOR('',#6308,1.);
#6308 = DIRECTION('',(0.,0.,1.));
#6309 = PCURVE('',#6263,#6310);
#6310 = DEFINITIONAL_REPRESENTATION('',(#6311),#6315);
#6311 = LINE('',#6312,#6313);
#6312 = CARTESIAN_POINT('',(0.,2.6));
#6313 = VECTOR('',#6314,1.);
#6314 = DIRECTION('',(1.,0.));
#6315 = ( GEOMETRIC_REPRESENTATION_CONTEXT(2) 
PARAMETRIC_REPRESENTATION_CONTEXT() REPRESENTATION_CONTEXT('2D SPACE',''
  ) );
#6316 = PCURVE('',#6317,#6322);
#6317 = PLANE('',#6318);
#6318 = AXIS2_PLACEMENT_3D('',#6319,#6320,#6321);
#6319 = CARTESIAN_POINT('',(11.25,114.4,-1.35));
#6320 = DIRECTION('',(0.,1.,0.));
#6321 = DIRECTION('',(0.,0.,1.));
#6322 = DEFINITIONAL_REPRESENTATION('',(#6323),#6327);
#6323 = LINE('',#6324,#6325);
#6324 = CARTESIAN_POINT('',(0.,11.5));
#6325 = VECTOR('',#6326,1.);
#6326 = DIRECTION('',(1.,0.));
#6327 = ( GEOMETRIC_REPRESENTATION_CONTEXT(2) 
PARAMETRIC_REPRESENTATION_CONTEXT() REPRESENTATION_CONTEXT('2D SPACE',''
  ) );
#6328 = ORIENTED_EDGE('',*,*,#6329,.F.);
#6329 = EDGE_CURVE('',#6203,#6302,#6330,.T.);
#6330 = SURFACE_CURVE('',#6331,(#6335,#6342),.PCURVE_S1.);
#6331 = LINE('',#6332,#6333);
#6332 = CARTESIAN_POINT('',(22.75,128.5,-1.35));
#6333 = VECTOR('',#6334,1.);
#6334 = DIRECTION('',(0.,-1.,0.));
#6335 = PCURVE('',#6263,#6336);
#6336 = DEFINITIONAL_REPRESENTATION('',(#6337),#6341);
#6337 = LINE('',#6338,#6339);
#6338 = CARTESIAN_POINT('',(0.,-11.5));
#6339 = VECTOR('',#6340,1.);
#6340 = DIRECTION('',(0.,1.));
#6341 = ( GEOMETRIC_REPRESENTATION_CONTEXT(2) 
PARAMETRIC_REPRESENTATION_CONTEXT() REPRESENTATION_CONTEXT('2D SPACE',''
  ) );
#6342 = PCURVE('',#5700,#6343);
#6343 = DEFINITIONAL_REPRESENTATION('',(#6344),#6348);
#6344 = LINE('',#6345,#6346);
#6345 = CARTESIAN_POINT('',(28.5,0.5));
#6346 = VECTOR('',#6347,1.);
#6347 = DIRECTION('',(0.,-1.));
#6348 = ( GEOMETRIC_REPRESENTATION_CONTEXT(2) 
PARAMETRIC_REPRESENTATION_CONTEXT() REPRESENTATION_CONTEXT('2D SPACE',''
  ) );
#6349 = ORIENTED_EDGE('',*,*,#6249,.T.);
#6350 = ADVANCED_FACE('',(#6351),#6317,.F.);
#6351 = FACE_BOUND('',#6352,.F.);
#6352 = EDGE_LOOP('',(#6353,#6376,#6404,#6425));
#6353 = ORIENTED_EDGE('',*,*,#6354,.F.);
#6354 = EDGE_CURVE('',#6355,#6302,#6357,.T.);
#6355 = VERTEX_POINT('',#6356);
#6356 = CARTESIAN_POINT('',(11.25,114.4,-1.35));
#6357 = SURFACE_CURVE('',#6358,(#6362,#6369),.PCURVE_S1.);
#6358 = LINE('',#6359,#6360);
#6359 = CARTESIAN_POINT('',(11.25,114.4,-1.35));
#6360 = VECTOR('',#6361,1.);
#6361 = DIRECTION('',(1.,0.,0.));
#6362 = PCURVE('',#6317,#6363);
#6363 = DEFINITIONAL_REPRESENTATION('',(#6364),#6368);
#6364 = LINE('',#6365,#6366);
#6365 = CARTESIAN_POINT('',(0.,0.));
#6366 = VECTOR('',#6367,1.);
#6367 = DIRECTION('',(0.,1.));
#6368 = ( GEOMETRIC_REPRESENTATION_CONTEXT(2) 
PARAMETRIC_REPRESENTATION_CONTEXT() REPRESENTATION_CONTEXT('2D SPACE',''
  ) );
#6369 = PCURVE('',#5700,#6370);
#6370 = DEFINITIONAL_REPRESENTATION('',(#6371),#6375);
#6371 = LINE('',#6372,#6373);
#6372 = CARTESIAN_POINT('',(17.,-13.6));
#6373 = VECTOR('',#6374,1.);
#6374 = DIRECTION('',(1.,0.));
#6375 = ( GEOMETRIC_REPRESENTATION_CONTEXT(2) 
PARAMETRIC_REPRESENTATION_CONTEXT() REPRESENTATION_CONTEXT('2D SPACE',''
  ) );
#6376 = ORIENTED_EDGE('',*,*,#6377,.T.);
#6377 = EDGE_CURVE('',#6355,#6378,#6380,.T.);
#6378 = VERTEX_POINT('',#6379);
#6379 = CARTESIAN_POINT('',(11.25,114.4,-0.6));
#6380 = SURFACE_CURVE('',#6381,(#6385,#6392),.PCURVE_S1.);
#6381 = LINE('',#6382,#6383);
#6382 = CARTESIAN_POINT('',(11.25,114.4,-1.35));
#6383 = VECTOR('',#6384,1.);
#6384 = DIRECTION('',(0.,0.,1.));
#6385 = PCURVE('',#6317,#6386);
#6386 = DEFINITIONAL_REPRESENTATION('',(#6387),#6391);
#6387 = LINE('',#6388,#6389);
#6388 = CARTESIAN_POINT('',(0.,0.));
#6389 = VECTOR('',#6390,1.);
#6390 = DIRECTION('',(1.,0.));
#6391 = ( GEOMETRIC_REPRESENTATION_CONTEXT(2) 
PARAMETRIC_REPRESENTATION_CONTEXT() REPRESENTATION_CONTEXT('2D SPACE',''
  ) );
#6392 = PCURVE('',#6393,#6398);
#6393 = PLANE('',#6394);
#6394 = AXIS2_PLACEMENT_3D('',#6395,#6396,#6397);
#6395 = CARTESIAN_POINT('',(11.25,114.4,-1.35));
#6396 = DIRECTION('',(1.,0.,0.));
#6397 = DIRECTION('',(0.,0.,1.));
#6398 = DEFINITIONAL_REPRESENTATION('',(#6399),#6403);
#6399 = LINE('',#6400,#6401);
#6400 = CARTESIAN_POINT('',(0.,0.));
#6401 = VECTOR('',#6402,1.);
#6402 = DIRECTION('',(1.,0.));
#6403 = ( GEOMETRIC_REPRESENTATION_CONTEXT(2) 
PARAMETRIC_REPRESENTATION_CONTEXT() REPRESENTATION_CONTEXT('2D SPACE',''
  ) );
#6404 = ORIENTED_EDGE('',*,*,#6405,.T.);
#6405 = EDGE_CURVE('',#6378,#6279,#6406,.T.);
#6406 = SURFACE_CURVE('',#6407,(#6411,#6418),.PCURVE_S1.);
#6407 = LINE('',#6408,#6409);
#6408 = CARTESIAN_POINT('',(11.25,114.4,-0.6));
#6409 = VECTOR('',#6410,1.);
#6410 = DIRECTION('',(1.,0.,0.));
#6411 = PCURVE('',#6317,#6412);
#6412 = DEFINITIONAL_REPRESENTATION('',(#6413),#6417);
#6413 = LINE('',#6414,#6415);
#6414 = CARTESIAN_POINT('',(0.75,0.));
#6415 = VECTOR('',#6416,1.);
#6416 = DIRECTION('',(0.,1.));
#6417 = ( GEOMETRIC_REPRESENTATION_CONTEXT(2) 
PARAMETRIC_REPRESENTATION_CONTEXT() REPRESENTATION_CONTEXT('2D SPACE',''
  ) );
#6418 = PCURVE('',#5644,#6419);
#6419 = DEFINITIONAL_REPRESENTATION('',(#6420),#6424);
#6420 = LINE('',#6421,#6422);
#6421 = CARTESIAN_POINT('',(17.,-2.6));
#6422 = VECTOR('',#6423,1.);
#6423 = DIRECTION('',(1.,0.));
#6424 = ( GEOMETRIC_REPRESENTATION_CONTEXT(2) 
PARAMETRIC_REPRESENTATION_CONTEXT() REPRESENTATION_CONTEXT('2D SPACE',''
  ) );
#6425 = ORIENTED_EDGE('',*,*,#6301,.F.);
#6426 = ADVANCED_FACE('',(#6427),#6393,.F.);
#6427 = FACE_BOUND('',#6428,.F.);
#6428 = EDGE_LOOP('',(#6429,#6430,#6453,#6476));
#6429 = ORIENTED_EDGE('',*,*,#6377,.F.);
#6430 = ORIENTED_EDGE('',*,*,#6431,.T.);
#6431 = EDGE_CURVE('',#6355,#6432,#6434,.T.);
#6432 = VERTEX_POINT('',#6433);
#6433 = CARTESIAN_POINT('',(11.25,117.,-1.35));
#6434 = SURFACE_CURVE('',#6435,(#6439,#6446),.PCURVE_S1.);
#6435 = LINE('',#6436,#6437);
#6436 = CARTESIAN_POINT('',(11.25,114.4,-1.35));
#6437 = VECTOR('',#6438,1.);
#6438 = DIRECTION('',(0.,1.,0.));
#6439 = PCURVE('',#6393,#6440);
#6440 = DEFINITIONAL_REPRESENTATION('',(#6441),#6445);
#6441 = LINE('',#6442,#6443);
#6442 = CARTESIAN_POINT('',(0.,0.));
#6443 = VECTOR('',#6444,1.);
#6444 = DIRECTION('',(0.,-1.));
#6445 = ( GEOMETRIC_REPRESENTATION_CONTEXT(2) 
PARAMETRIC_REPRESENTATION_CONTEXT() REPRESENTATION_CONTEXT('2D SPACE',''
  ) );
#6446 = PCURVE('',#5700,#6447);
#6447 = DEFINITIONAL_REPRESENTATION('',(#6448),#6452);
#6448 = LINE('',#6449,#6450);
#6449 = CARTESIAN_POINT('',(17.,-13.6));
#6450 = VECTOR('',#6451,1.);
#6451 = DIRECTION('',(0.,1.));
#6452 = ( GEOMETRIC_REPRESENTATION_CONTEXT(2) 
PARAMETRIC_REPRESENTATION_CONTEXT() REPRESENTATION_CONTEXT('2D SPACE',''
  ) );
#6453 = ORIENTED_EDGE('',*,*,#6454,.T.);
#6454 = EDGE_CURVE('',#6432,#6455,#6457,.T.);
#6455 = VERTEX_POINT('',#6456);
#6456 = CARTESIAN_POINT('',(11.25,117.,-0.6));
#6457 = SURFACE_CURVE('',#6458,(#6462,#6469),.PCURVE_S1.);
#6458 = LINE('',#6459,#6460);
#6459 = CARTESIAN_POINT('',(11.25,117.,-1.35));
#6460 = VECTOR('',#6461,1.);
#6461 = DIRECTION('',(0.,0.,1.));
#6462 = PCURVE('',#6393,#6463);
#6463 = DEFINITIONAL_REPRESENTATION('',(#6464),#6468);
#6464 = LINE('',#6465,#6466);
#6465 = CARTESIAN_POINT('',(0.,-2.6));
#6466 = VECTOR('',#6467,1.);
#6467 = DIRECTION('',(1.,0.));
#6468 = ( GEOMETRIC_REPRESENTATION_CONTEXT(2) 
PARAMETRIC_REPRESENTATION_CONTEXT() REPRESENTATION_CONTEXT('2D SPACE',''
  ) );
#6469 = PCURVE('',#5672,#6470);
#6470 = DEFINITIONAL_REPRESENTATION('',(#6471),#6475);
#6471 = LINE('',#6472,#6473);
#6472 = CARTESIAN_POINT('',(0.,17.));
#6473 = VECTOR('',#6474,1.);
#6474 = DIRECTION('',(1.,0.));
#6475 = ( GEOMETRIC_REPRESENTATION_CONTEXT(2) 
PARAMETRIC_REPRESENTATION_CONTEXT() REPRESENTATION_CONTEXT('2D SPACE',''
  ) );
#6476 = ORIENTED_EDGE('',*,*,#6477,.F.);
#6477 = EDGE_CURVE('',#6378,#6455,#6478,.T.);
#6478 = SURFACE_CURVE('',#6479,(#6483,#6490),.PCURVE_S1.);
#6479 = LINE('',#6480,#6481);
#6480 = CARTESIAN_POINT('',(11.25,114.4,-0.6));
#6481 = VECTOR('',#6482,1.);
#6482 = DIRECTION('',(0.,1.,0.));
#6483 = PCURVE('',#6393,#6484);
#6484 = DEFINITIONAL_REPRESENTATION('',(#6485),#6489);
#6485 = LINE('',#6486,#6487);
#6486 = CARTESIAN_POINT('',(0.75,0.));
#6487 = VECTOR('',#6488,1.);
#6488 = DIRECTION('',(0.,-1.));
#6489 = ( GEOMETRIC_REPRESENTATION_CONTEXT(2) 
PARAMETRIC_REPRESENTATION_CONTEXT() REPRESENTATION_CONTEXT('2D SPACE',''
  ) );
#6490 = PCURVE('',#5644,#6491);
#6491 = DEFINITIONAL_REPRESENTATION('',(#6492),#6496);
#6492 = LINE('',#6493,#6494);
#6493 = CARTESIAN_POINT('',(17.,-2.6));
#6494 = VECTOR('',#6495,1.);
#6495 = DIRECTION('',(0.,1.));
#6496 = ( GEOMETRIC_REPRESENTATION_CONTEXT(2) 
PARAMETRIC_REPRESENTATION_CONTEXT() REPRESENTATION_CONTEXT('2D SPACE',''
  ) );
#6497 = ADVANCED_FACE('',(#6498),#5784,.T.);
#6498 = FACE_BOUND('',#6499,.T.);
#6499 = EDGE_LOOP('',(#6500,#6501,#6521,#6522));
#6500 = ORIENTED_EDGE('',*,*,#6177,.F.);
#6501 = ORIENTED_EDGE('',*,*,#6502,.F.);
#6502 = EDGE_CURVE('',#5741,#6155,#6503,.T.);
#6503 = SURFACE_CURVE('',#6504,(#6508,#6514),.PCURVE_S1.);
#6504 = LINE('',#6505,#6506);
#6505 = CARTESIAN_POINT('',(-5.75,102.9,1.75));
#6506 = VECTOR('',#6507,1.);
#6507 = DIRECTION('',(1.,0.,0.));
#6508 = PCURVE('',#5784,#6509);
#6509 = DEFINITIONAL_REPRESENTATION('',(#6510),#6513);
#6510 = B_SPLINE_CURVE_WITH_KNOTS('',1,(#6511,#6512),.UNSPECIFIED.,.F.,
  .F.,(2,2),(0.,11.5),.PIECEWISE_BEZIER_KNOTS.);
#6511 = CARTESIAN_POINT('',(0.5,0.));
#6512 = CARTESIAN_POINT('',(0.5,11.5));
#6513 = ( GEOMETRIC_REPRESENTATION_CONTEXT(2) 
PARAMETRIC_REPRESENTATION_CONTEXT() REPRESENTATION_CONTEXT('2D SPACE',''
  ) );
#6514 = PCURVE('',#5756,#6515);
#6515 = DEFINITIONAL_REPRESENTATION('',(#6516),#6520);
#6516 = LINE('',#6517,#6518);
#6517 = CARTESIAN_POINT('',(0.,2.));
#6518 = VECTOR('',#6519,1.);
#6519 = DIRECTION('',(1.,0.));
#6520 = ( GEOMETRIC_REPRESENTATION_CONTEXT(2) 
PARAMETRIC_REPRESENTATION_CONTEXT() REPRESENTATION_CONTEXT('2D SPACE',''
  ) );
#6521 = ORIENTED_EDGE('',*,*,#5768,.T.);
#6522 = ORIENTED_EDGE('',*,*,#5849,.F.);
#6523 = ADVANCED_FACE('',(#6524),#5756,.T.);
#6524 = FACE_BOUND('',#6525,.T.);
#6525 = EDGE_LOOP('',(#6526,#6527,#6528,#6529));
#6526 = ORIENTED_EDGE('',*,*,#5740,.F.);
#6527 = ORIENTED_EDGE('',*,*,#6502,.T.);
#6528 = ORIENTED_EDGE('',*,*,#6154,.T.);
#6529 = ORIENTED_EDGE('',*,*,#6530,.F.);
#6530 = EDGE_CURVE('',#5713,#6132,#6531,.T.);
#6531 = SURFACE_CURVE('',#6532,(#6536,#6543),.PCURVE_S1.);
#6532 = LINE('',#6533,#6534);
#6533 = CARTESIAN_POINT('',(-5.75,128.95,1.75));
#6534 = VECTOR('',#6535,1.);
#6535 = DIRECTION('',(1.,0.,0.));
#6536 = PCURVE('',#5756,#6537);
#6537 = DEFINITIONAL_REPRESENTATION('',(#6538),#6542);
#6538 = LINE('',#6539,#6540);
#6539 = CARTESIAN_POINT('',(0.,28.05));
#6540 = VECTOR('',#6541,1.);
#6541 = DIRECTION('',(1.,0.));
#6542 = ( GEOMETRIC_REPRESENTATION_CONTEXT(2) 
PARAMETRIC_REPRESENTATION_CONTEXT() REPRESENTATION_CONTEXT('2D SPACE',''
  ) );
#6543 = PCURVE('',#5728,#6544);
#6544 = DEFINITIONAL_REPRESENTATION('',(#6545),#6549);
#6545 = LINE('',#6546,#6547);
#6546 = CARTESIAN_POINT('',(3.1,0.));
#6547 = VECTOR('',#6548,1.);
#6548 = DIRECTION('',(0.,1.));
#6549 = ( GEOMETRIC_REPRESENTATION_CONTEXT(2) 
PARAMETRIC_REPRESENTATION_CONTEXT() REPRESENTATION_CONTEXT('2D SPACE',''
  ) );
#6550 = ADVANCED_FACE('',(#6551),#5728,.T.);
#6551 = FACE_BOUND('',#6552,.T.);
#6552 = EDGE_LOOP('',(#6553,#6554,#6575,#6576));
#6553 = ORIENTED_EDGE('',*,*,#6131,.T.);
#6554 = ORIENTED_EDGE('',*,*,#6555,.F.);
#6555 = EDGE_CURVE('',#5685,#6109,#6556,.T.);
#6556 = SURFACE_CURVE('',#6557,(#6561,#6568),.PCURVE_S1.);
#6557 = LINE('',#6558,#6559);
#6558 = CARTESIAN_POINT('',(-5.75,128.95,-1.35));
#6559 = VECTOR('',#6560,1.);
#6560 = DIRECTION('',(1.,0.,0.));
#6561 = PCURVE('',#5728,#6562);
#6562 = DEFINITIONAL_REPRESENTATION('',(#6563),#6567);
#6563 = LINE('',#6564,#6565);
#6564 = CARTESIAN_POINT('',(0.,0.));
#6565 = VECTOR('',#6566,1.);
#6566 = DIRECTION('',(0.,1.));
#6567 = ( GEOMETRIC_REPRESENTATION_CONTEXT(2) 
PARAMETRIC_REPRESENTATION_CONTEXT() REPRESENTATION_CONTEXT('2D SPACE',''
  ) );
#6568 = PCURVE('',#5700,#6569);
#6569 = DEFINITIONAL_REPRESENTATION('',(#6570),#6574);
#6570 = LINE('',#6571,#6572);
#6571 = CARTESIAN_POINT('',(0.,0.95));
#6572 = VECTOR('',#6573,1.);
#6573 = DIRECTION('',(1.,0.));
#6574 = ( GEOMETRIC_REPRESENTATION_CONTEXT(2) 
PARAMETRIC_REPRESENTATION_CONTEXT() REPRESENTATION_CONTEXT('2D SPACE',''
  ) );
#6575 = ORIENTED_EDGE('',*,*,#5712,.F.);
#6576 = ORIENTED_EDGE('',*,*,#6530,.T.);
#6577 = ADVANCED_FACE('',(#6578),#5700,.F.);
#6578 = FACE_BOUND('',#6579,.F.);
#6579 = EDGE_LOOP('',(#6580,#6581,#6582,#6603,#6604,#6605,#6606,#6607));
#6580 = ORIENTED_EDGE('',*,*,#6555,.F.);
#6581 = ORIENTED_EDGE('',*,*,#5684,.T.);
#6582 = ORIENTED_EDGE('',*,*,#6583,.F.);
#6583 = EDGE_CURVE('',#6432,#5657,#6584,.T.);
#6584 = SURFACE_CURVE('',#6585,(#6589,#6596),.PCURVE_S1.);
#6585 = LINE('',#6586,#6587);
#6586 = CARTESIAN_POINT('',(22.75,117.,-1.35));
#6587 = VECTOR('',#6588,1.);
#6588 = DIRECTION('',(-1.,0.,0.));
#6589 = PCURVE('',#5700,#6590);
#6590 = DEFINITIONAL_REPRESENTATION('',(#6591),#6595);
#6591 = LINE('',#6592,#6593);
#6592 = CARTESIAN_POINT('',(28.5,-11.));
#6593 = VECTOR('',#6594,1.);
#6594 = DIRECTION('',(-1.,0.));
#6595 = ( GEOMETRIC_REPRESENTATION_CONTEXT(2) 
PARAMETRIC_REPRESENTATION_CONTEXT() REPRESENTATION_CONTEXT('2D SPACE',''
  ) );
#6596 = PCURVE('',#5672,#6597);
#6597 = DEFINITIONAL_REPRESENTATION('',(#6598),#6602);
#6598 = LINE('',#6599,#6600);
#6599 = CARTESIAN_POINT('',(0.,28.5));
#6600 = VECTOR('',#6601,1.);
#6601 = DIRECTION('',(0.,-1.));
#6602 = ( GEOMETRIC_REPRESENTATION_CONTEXT(2) 
PARAMETRIC_REPRESENTATION_CONTEXT() REPRESENTATION_CONTEXT('2D SPACE',''
  ) );
#6603 = ORIENTED_EDGE('',*,*,#6431,.F.);
#6604 = ORIENTED_EDGE('',*,*,#6354,.T.);
#6605 = ORIENTED_EDGE('',*,*,#6329,.F.);
#6606 = ORIENTED_EDGE('',*,*,#6202,.F.);
#6607 = ORIENTED_EDGE('',*,*,#6108,.T.);
#6608 = ADVANCED_FACE('',(#6609),#5672,.F.);
#6609 = FACE_BOUND('',#6610,.F.);
#6610 = EDGE_LOOP('',(#6611,#6612,#6613,#6634));
#6611 = ORIENTED_EDGE('',*,*,#6583,.T.);
#6612 = ORIENTED_EDGE('',*,*,#5656,.T.);
#6613 = ORIENTED_EDGE('',*,*,#6614,.F.);
#6614 = EDGE_CURVE('',#6455,#5629,#6615,.T.);
#6615 = SURFACE_CURVE('',#6616,(#6620,#6627),.PCURVE_S1.);
#6616 = LINE('',#6617,#6618);
#6617 = CARTESIAN_POINT('',(22.75,117.,-0.6));
#6618 = VECTOR('',#6619,1.);
#6619 = DIRECTION('',(-1.,0.,0.));
#6620 = PCURVE('',#5672,#6621);
#6621 = DEFINITIONAL_REPRESENTATION('',(#6622),#6626);
#6622 = LINE('',#6623,#6624);
#6623 = CARTESIAN_POINT('',(0.75,28.5));
#6624 = VECTOR('',#6625,1.);
#6625 = DIRECTION('',(0.,-1.));
#6626 = ( GEOMETRIC_REPRESENTATION_CONTEXT(2) 
PARAMETRIC_REPRESENTATION_CONTEXT() REPRESENTATION_CONTEXT('2D SPACE',''
  ) );
#6627 = PCURVE('',#5644,#6628);
#6628 = DEFINITIONAL_REPRESENTATION('',(#6629),#6633);
#6629 = LINE('',#6630,#6631);
#6630 = CARTESIAN_POINT('',(28.5,0.));
#6631 = VECTOR('',#6632,1.);
#6632 = DIRECTION('',(-1.,0.));
#6633 = ( GEOMETRIC_REPRESENTATION_CONTEXT(2) 
PARAMETRIC_REPRESENTATION_CONTEXT() REPRESENTATION_CONTEXT('2D SPACE',''
  ) );
#6634 = ORIENTED_EDGE('',*,*,#6454,.F.);
#6635 = ADVANCED_FACE('',(#6636),#5644,.T.);
#6636 = FACE_BOUND('',#6637,.T.);
#6637 = EDGE_LOOP('',(#6638,#6639,#6640,#6641,#6642,#6643,#6644,#6645));
#6638 = ORIENTED_EDGE('',*,*,#5628,.F.);
#6639 = ORIENTED_EDGE('',*,*,#6614,.F.);
#6640 = ORIENTED_EDGE('',*,*,#6477,.F.);
#6641 = ORIENTED_EDGE('',*,*,#6405,.T.);
#6642 = ORIENTED_EDGE('',*,*,#6278,.T.);
#6643 = ORIENTED_EDGE('',*,*,#6226,.F.);
#6644 = ORIENTED_EDGE('',*,*,#6060,.T.);
#6645 = ORIENTED_EDGE('',*,*,#6646,.F.);
#6646 = EDGE_CURVE('',#5601,#6038,#6647,.T.);
#6647 = SURFACE_CURVE('',#6648,(#6652,#6659),.PCURVE_S1.);
#6648 = LINE('',#6649,#6650);
#6649 = CARTESIAN_POINT('',(-5.75,128.,-0.6));
#6650 = VECTOR('',#6651,1.);
#6651 = DIRECTION('',(1.,0.,0.));
#6652 = PCURVE('',#5644,#6653);
#6653 = DEFINITIONAL_REPRESENTATION('',(#6654),#6658);
#6654 = LINE('',#6655,#6656);
#6655 = CARTESIAN_POINT('',(0.,11.));
#6656 = VECTOR('',#6657,1.);
#6657 = DIRECTION('',(1.,0.));
#6658 = ( GEOMETRIC_REPRESENTATION_CONTEXT(2) 
PARAMETRIC_REPRESENTATION_CONTEXT() REPRESENTATION_CONTEXT('2D SPACE',''
  ) );
#6659 = PCURVE('',#5616,#6660);
#6660 = DEFINITIONAL_REPRESENTATION('',(#6661),#6664);
#6661 = B_SPLINE_CURVE_WITH_KNOTS('',1,(#6662,#6663),.UNSPECIFIED.,.F.,
  .F.,(2,2),(0.,11.5),.PIECEWISE_BEZIER_KNOTS.);
#6662 = CARTESIAN_POINT('',(0.75,0.));
#6663 = CARTESIAN_POINT('',(0.75,11.5));
#6664 = ( GEOMETRIC_REPRESENTATION_CONTEXT(2) 
PARAMETRIC_REPRESENTATION_CONTEXT() REPRESENTATION_CONTEXT('2D SPACE',''
  ) );
#6665 = ADVANCED_FACE('',(#6666),#5616,.F.);
#6666 = FACE_BOUND('',#6667,.F.);
#6667 = EDGE_LOOP('',(#6668,#6669,#6670,#6671));
#6668 = ORIENTED_EDGE('',*,*,#6037,.F.);
#6669 = ORIENTED_EDGE('',*,*,#6646,.F.);
#6670 = ORIENTED_EDGE('',*,*,#5600,.T.);
#6671 = ORIENTED_EDGE('',*,*,#6672,.T.);
#6672 = EDGE_CURVE('',#5573,#6015,#6673,.T.);
#6673 = SURFACE_CURVE('',#6674,(#6678,#6685),.PCURVE_S1.);
#6674 = LINE('',#6675,#6676);
#6675 = CARTESIAN_POINT('',(-5.75,128.,1.25));
#6676 = VECTOR('',#6677,1.);
#6677 = DIRECTION('',(1.,0.,0.));
#6678 = PCURVE('',#5616,#6679);
#6679 = DEFINITIONAL_REPRESENTATION('',(#6680),#6684);
#6680 = LINE('',#6681,#6682);
#6681 = CARTESIAN_POINT('',(2.6,0.));
#6682 = VECTOR('',#6683,1.);
#6683 = DIRECTION('',(0.,1.));
#6684 = ( GEOMETRIC_REPRESENTATION_CONTEXT(2) 
PARAMETRIC_REPRESENTATION_CONTEXT() REPRESENTATION_CONTEXT('2D SPACE',''
  ) );
#6685 = PCURVE('',#5588,#6686);
#6686 = DEFINITIONAL_REPRESENTATION('',(#6687),#6691);
#6687 = LINE('',#6688,#6689);
#6688 = CARTESIAN_POINT('',(0.,27.1));
#6689 = VECTOR('',#6690,1.);
#6690 = DIRECTION('',(1.,0.));
#6691 = ( GEOMETRIC_REPRESENTATION_CONTEXT(2) 
PARAMETRIC_REPRESENTATION_CONTEXT() REPRESENTATION_CONTEXT('2D SPACE',''
  ) );
#6692 = ADVANCED_FACE('',(#6693),#5588,.F.);
#6693 = FACE_BOUND('',#6694,.F.);
#6694 = EDGE_LOOP('',(#6695,#6716,#6717,#6718));
#6695 = ORIENTED_EDGE('',*,*,#6696,.T.);
#6696 = EDGE_CURVE('',#5545,#5992,#6697,.T.);
#6697 = SURFACE_CURVE('',#6698,(#6702,#6709),.PCURVE_S1.);
#6698 = LINE('',#6699,#6700);
#6699 = CARTESIAN_POINT('',(-5.75,100.9,1.25));
#6700 = VECTOR('',#6701,1.);
#6701 = DIRECTION('',(1.,0.,0.));
#6702 = PCURVE('',#5588,#6703);
#6703 = DEFINITIONAL_REPRESENTATION('',(#6704),#6708);
#6704 = LINE('',#6705,#6706);
#6705 = CARTESIAN_POINT('',(0.,0.));
#6706 = VECTOR('',#6707,1.);
#6707 = DIRECTION('',(1.,0.));
#6708 = ( GEOMETRIC_REPRESENTATION_CONTEXT(2) 
PARAMETRIC_REPRESENTATION_CONTEXT() REPRESENTATION_CONTEXT('2D SPACE',''
  ) );
#6709 = PCURVE('',#5560,#6710);
#6710 = DEFINITIONAL_REPRESENTATION('',(#6711),#6715);
#6711 = LINE('',#6712,#6713);
#6712 = CARTESIAN_POINT('',(0.,0.));
#6713 = VECTOR('',#6714,1.);
#6714 = DIRECTION('',(0.,1.));
#6715 = ( GEOMETRIC_REPRESENTATION_CONTEXT(2) 
PARAMETRIC_REPRESENTATION_CONTEXT() REPRESENTATION_CONTEXT('2D SPACE',''
  ) );
#6716 = ORIENTED_EDGE('',*,*,#6014,.T.);
#6717 = ORIENTED_EDGE('',*,*,#6672,.F.);
#6718 = ORIENTED_EDGE('',*,*,#5572,.T.);
#6719 = ADVANCED_FACE('',(#6720),#5560,.F.);
#6720 = FACE_BOUND('',#6721,.F.);
#6721 = EDGE_LOOP('',(#6722,#6723,#6724,#6725));
#6722 = ORIENTED_EDGE('',*,*,#5991,.F.);
#6723 = ORIENTED_EDGE('',*,*,#6696,.F.);
#6724 = ORIENTED_EDGE('',*,*,#5544,.T.);
#6725 = ORIENTED_EDGE('',*,*,#6726,.T.);
#6726 = EDGE_CURVE('',#5517,#5969,#6727,.T.);
#6727 = SURFACE_CURVE('',#6728,(#6732,#6739),.PCURVE_S1.);
#6728 = LINE('',#6729,#6730);
#6729 = CARTESIAN_POINT('',(-5.75,100.9,5.15));
#6730 = VECTOR('',#6731,1.);
#6731 = DIRECTION('',(1.,0.,0.));
#6732 = PCURVE('',#5560,#6733);
#6733 = DEFINITIONAL_REPRESENTATION('',(#6734),#6738);
#6734 = LINE('',#6735,#6736);
#6735 = CARTESIAN_POINT('',(3.9,0.));
#6736 = VECTOR('',#6737,1.);
#6737 = DIRECTION('',(0.,1.));
#6738 = ( GEOMETRIC_REPRESENTATION_CONTEXT(2) 
PARAMETRIC_REPRESENTATION_CONTEXT() REPRESENTATION_CONTEXT('2D SPACE',''
  ) );
#6739 = PCURVE('',#5532,#6740);
#6740 = DEFINITIONAL_REPRESENTATION('',(#6741),#6745);
#6741 = LINE('',#6742,#6743);
#6742 = CARTESIAN_POINT('',(0.,-1.6));
#6743 = VECTOR('',#6744,1.);
#6744 = DIRECTION('',(1.,0.));
#6745 = ( GEOMETRIC_REPRESENTATION_CONTEXT(2) 
PARAMETRIC_REPRESENTATION_CONTEXT() REPRESENTATION_CONTEXT('2D SPACE',''
  ) );
#6746 = ADVANCED_FACE('',(#6747),#5532,.T.);
#6747 = FACE_BOUND('',#6748,.T.);
#6748 = EDGE_LOOP('',(#6749,#6750,#6751,#6752));
#6749 = ORIENTED_EDGE('',*,*,#5516,.F.);
#6750 = ORIENTED_EDGE('',*,*,#6726,.T.);
#6751 = ORIENTED_EDGE('',*,*,#5968,.T.);
#6752 = ORIENTED_EDGE('',*,*,#6753,.F.);
#6753 = EDGE_CURVE('',#5489,#5946,#6754,.T.);
#6754 = SURFACE_CURVE('',#6755,(#6759,#6766),.PCURVE_S1.);
#6755 = LINE('',#6756,#6757);
#6756 = CARTESIAN_POINT('',(-5.75,113.61,5.15));
#6757 = VECTOR('',#6758,1.);
#6758 = DIRECTION('',(1.,0.,0.));
#6759 = PCURVE('',#5532,#6760);
#6760 = DEFINITIONAL_REPRESENTATION('',(#6761),#6765);
#6761 = LINE('',#6762,#6763);
#6762 = CARTESIAN_POINT('',(0.,11.11));
#6763 = VECTOR('',#6764,1.);
#6764 = DIRECTION('',(1.,0.));
#6765 = ( GEOMETRIC_REPRESENTATION_CONTEXT(2) 
PARAMETRIC_REPRESENTATION_CONTEXT() REPRESENTATION_CONTEXT('2D SPACE',''
  ) );
#6766 = PCURVE('',#5504,#6767);
#6767 = DEFINITIONAL_REPRESENTATION('',(#6768),#6771);
#6768 = B_SPLINE_CURVE_WITH_KNOTS('',1,(#6769,#6770),.UNSPECIFIED.,.F.,
  .F.,(2,2),(0.,11.5),.PIECEWISE_BEZIER_KNOTS.);
#6769 = CARTESIAN_POINT('',(0.4,0.));
#6770 = CARTESIAN_POINT('',(0.4,11.5));
#6771 = ( GEOMETRIC_REPRESENTATION_CONTEXT(2) 
PARAMETRIC_REPRESENTATION_CONTEXT() REPRESENTATION_CONTEXT('2D SPACE',''
  ) );
#6772 = ADVANCED_FACE('',(#6773),#5504,.F.);
#6773 = FACE_BOUND('',#6774,.F.);
#6774 = EDGE_LOOP('',(#6775,#6776,#6777,#6778));
#6775 = ORIENTED_EDGE('',*,*,#5945,.F.);
#6776 = ORIENTED_EDGE('',*,*,#6753,.F.);
#6777 = ORIENTED_EDGE('',*,*,#5488,.T.);
#6778 = ORIENTED_EDGE('',*,*,#6779,.T.);
#6779 = EDGE_CURVE('',#5461,#5923,#6780,.T.);
#6780 = SURFACE_CURVE('',#6781,(#6785,#6792),.PCURVE_S1.);
#6781 = LINE('',#6782,#6783);
#6782 = CARTESIAN_POINT('',(-5.75,113.61,6.85));
#6783 = VECTOR('',#6784,1.);
#6784 = DIRECTION('',(1.,0.,0.));
#6785 = PCURVE('',#5504,#6786);
#6786 = DEFINITIONAL_REPRESENTATION('',(#6787),#6791);
#6787 = LINE('',#6788,#6789);
#6788 = CARTESIAN_POINT('',(2.1,0.));
#6789 = VECTOR('',#6790,1.);
#6790 = DIRECTION('',(0.,1.));
#6791 = ( GEOMETRIC_REPRESENTATION_CONTEXT(2) 
PARAMETRIC_REPRESENTATION_CONTEXT() REPRESENTATION_CONTEXT('2D SPACE',''
  ) );
#6792 = PCURVE('',#5476,#6793);
#6793 = DEFINITIONAL_REPRESENTATION('',(#6794),#6798);
#6794 = LINE('',#6795,#6796);
#6795 = CARTESIAN_POINT('',(0.,0.));
#6796 = VECTOR('',#6797,1.);
#6797 = DIRECTION('',(1.,0.));
#6798 = ( GEOMETRIC_REPRESENTATION_CONTEXT(2) 
PARAMETRIC_REPRESENTATION_CONTEXT() REPRESENTATION_CONTEXT('2D SPACE',''
  ) );
#6799 = ADVANCED_FACE('',(#6800),#5476,.T.);
#6800 = FACE_BOUND('',#6801,.T.);
#6801 = EDGE_LOOP('',(#6802,#6803,#6804,#6805));
#6802 = ORIENTED_EDGE('',*,*,#5460,.F.);
#6803 = ORIENTED_EDGE('',*,*,#6779,.T.);
#6804 = ORIENTED_EDGE('',*,*,#5922,.T.);
#6805 = ORIENTED_EDGE('',*,*,#6806,.F.);
#6806 = EDGE_CURVE('',#5426,#5900,#6807,.T.);
#6807 = SURFACE_CURVE('',#6808,(#6812,#6819),.PCURVE_S1.);
#6808 = LINE('',#6809,#6810);
#6809 = CARTESIAN_POINT('',(-5.75,114.11,6.85));
#6810 = VECTOR('',#6811,1.);
#6811 = DIRECTION('',(1.,0.,0.));
#6812 = PCURVE('',#5476,#6813);
#6813 = DEFINITIONAL_REPRESENTATION('',(#6814),#6818);
#6814 = LINE('',#6815,#6816);
#6815 = CARTESIAN_POINT('',(0.,0.5));
#6816 = VECTOR('',#6817,1.);
#6817 = DIRECTION('',(1.,0.));
#6818 = ( GEOMETRIC_REPRESENTATION_CONTEXT(2) 
PARAMETRIC_REPRESENTATION_CONTEXT() REPRESENTATION_CONTEXT('2D SPACE',''
  ) );
#6819 = PCURVE('',#5448,#6820);
#6820 = DEFINITIONAL_REPRESENTATION('',(#6821),#6825);
#6821 = LINE('',#6822,#6823);
#6822 = CARTESIAN_POINT('',(2.1,0.));
#6823 = VECTOR('',#6824,1.);
#6824 = DIRECTION('',(0.,1.));
#6825 = ( GEOMETRIC_REPRESENTATION_CONTEXT(2) 
PARAMETRIC_REPRESENTATION_CONTEXT() REPRESENTATION_CONTEXT('2D SPACE',''
  ) );
#6826 = ADVANCED_FACE('',(#6827),#5448,.T.);
#6827 = FACE_BOUND('',#6828,.T.);
#6828 = EDGE_LOOP('',(#6829,#6830,#6831,#6832));
#6829 = ORIENTED_EDGE('',*,*,#5825,.F.);
#6830 = ORIENTED_EDGE('',*,*,#5425,.F.);
#6831 = ORIENTED_EDGE('',*,*,#6806,.T.);
#6832 = ORIENTED_EDGE('',*,*,#5899,.T.);
#6833 = ( GEOMETRIC_REPRESENTATION_CONTEXT(3) 
GLOBAL_UNCERTAINTY_ASSIGNED_CONTEXT((#6837)) 
GLOBAL_UNIT_ASSIGNED_CONTEXT((#6834,#6835,#6836)) REPRESENTATION_CONTEXT
('Context #1','3D Context with UNIT and UNCERTAINTY') );
#6834 = ( LENGTH_UNIT() NAMED_UNIT(*) SI_UNIT(.MILLI.,.METRE.) );
#6835 = ( NAMED_UNIT(*) PLANE_ANGLE_UNIT() SI_UNIT($,.RADIAN.) );
#6836 = ( NAMED_UNIT(*) SI_UNIT($,.STERADIAN.) SOLID_ANGLE_UNIT() );
#6837 = UNCERTAINTY_MEASURE_WITH_UNIT(LENGTH_MEASURE(1.E-07),#6834,
  'distance_accuracy_value','confusion accuracy');
#6838 = CONTEXT_DEPENDENT_SHAPE_REPRESENTATION(#6839,#6841);
#6839 = ( REPRESENTATION_RELATIONSHIP('','',#5418,#10) 
REPRESENTATION_RELATIONSHIP_WITH_TRANSFORMATION(#6840) 
SHAPE_REPRESENTATION_RELATIONSHIP() );
#6840 = ITEM_DEFINED_TRANSFORMATION('','',#11,#39);
#6841 = PRODUCT_DEFINITION_SHAPE('Placement','Placement of an item',
  #6842);
#6842 = NEXT_ASSEMBLY_USAGE_OCCURRENCE('33',
  'FPC_EXTENSION_ROUTE_RESERVE_PANEL_TO_J1','',#5,#5413,$);
#6843 = PRODUCT_RELATED_PRODUCT_CATEGORY('part',$,(#5415));
#6844 = SHAPE_DEFINITION_REPRESENTATION(#6845,#6851);
#6845 = PRODUCT_DEFINITION_SHAPE('','',#6846);
#6846 = PRODUCT_DEFINITION('design','',#6847,#6850);
#6847 = PRODUCT_DEFINITION_FORMATION('','',#6848);
#6848 = PRODUCT('BATTERY_LEAD_RESERVE_TO_J3',
  'BATTERY_LEAD_RESERVE_TO_J3','',(#6849));
#6849 = PRODUCT_CONTEXT('',#2,'mechanical');
#6850 = PRODUCT_DEFINITION_CONTEXT('part definition',#2,'design');
#6851 = ADVANCED_BREP_SHAPE_REPRESENTATION('',(#11,#6852),#7338);
#6852 = MANIFOLD_SOLID_BREP('',#6853);
#6853 = CLOSED_SHELL('',(#6854,#6974,#7106,#7177,#7226,#7275,#7302,#7331
    ));
#6854 = ADVANCED_FACE('',(#6855),#6869,.T.);
#6855 = FACE_BOUND('',#6856,.T.);
#6856 = EDGE_LOOP('',(#6857,#6892,#6920,#6948));
#6857 = ORIENTED_EDGE('',*,*,#6858,.F.);
#6858 = EDGE_CURVE('',#6859,#6861,#6863,.T.);
#6859 = VERTEX_POINT('',#6860);
#6860 = CARTESIAN_POINT('',(-10.,71.15,-2.6));
#6861 = VERTEX_POINT('',#6862);
#6862 = CARTESIAN_POINT('',(-10.,71.15,-0.4));
#6863 = SURFACE_CURVE('',#6864,(#6868,#6880),.PCURVE_S1.);
#6864 = LINE('',#6865,#6866);
#6865 = CARTESIAN_POINT('',(-10.,71.15,-2.6));
#6866 = VECTOR('',#6867,1.);
#6867 = DIRECTION('',(0.,0.,1.));
#6868 = PCURVE('',#6869,#6874);
#6869 = PLANE('',#6870);
#6870 = AXIS2_PLACEMENT_3D('',#6871,#6872,#6873);
#6871 = CARTESIAN_POINT('',(-10.,71.15,-2.6));
#6872 = DIRECTION('',(1.,0.,0.));
#6873 = DIRECTION('',(0.,0.,1.));
#6874 = DEFINITIONAL_REPRESENTATION('',(#6875),#6879);
#6875 = LINE('',#6876,#6877);
#6876 = CARTESIAN_POINT('',(0.,0.));
#6877 = VECTOR('',#6878,1.);
#6878 = DIRECTION('',(1.,0.));
#6879 = ( GEOMETRIC_REPRESENTATION_CONTEXT(2) 
PARAMETRIC_REPRESENTATION_CONTEXT() REPRESENTATION_CONTEXT('2D SPACE',''
  ) );
#6880 = PCURVE('',#6881,#6886);
#6881 = PLANE('',#6882);
#6882 = AXIS2_PLACEMENT_3D('',#6883,#6884,#6885);
#6883 = CARTESIAN_POINT('',(-18.6,71.15,-2.6));
#6884 = DIRECTION('',(0.,1.,0.));
#6885 = DIRECTION('',(0.,0.,1.));
#6886 = DEFINITIONAL_REPRESENTATION('',(#6887),#6891);
#6887 = LINE('',#6888,#6889);
#6888 = CARTESIAN_POINT('',(0.,8.6));
#6889 = VECTOR('',#6890,1.);
#6890 = DIRECTION('',(1.,0.));
#6891 = ( GEOMETRIC_REPRESENTATION_CONTEXT(2) 
PARAMETRIC_REPRESENTATION_CONTEXT() REPRESENTATION_CONTEXT('2D SPACE',''
  ) );
#6892 = ORIENTED_EDGE('',*,*,#6893,.T.);
#6893 = EDGE_CURVE('',#6859,#6894,#6896,.T.);
#6894 = VERTEX_POINT('',#6895);
#6895 = CARTESIAN_POINT('',(-10.,72.85,-2.6));
#6896 = SURFACE_CURVE('',#6897,(#6901,#6908),.PCURVE_S1.);
#6897 = LINE('',#6898,#6899);
#6898 = CARTESIAN_POINT('',(-10.,71.15,-2.6));
#6899 = VECTOR('',#6900,1.);
#6900 = DIRECTION('',(0.,1.,0.));
#6901 = PCURVE('',#6869,#6902);
#6902 = DEFINITIONAL_REPRESENTATION('',(#6903),#6907);
#6903 = LINE('',#6904,#6905);
#6904 = CARTESIAN_POINT('',(0.,0.));
#6905 = VECTOR('',#6906,1.);
#6906 = DIRECTION('',(0.,-1.));
#6907 = ( GEOMETRIC_REPRESENTATION_CONTEXT(2) 
PARAMETRIC_REPRESENTATION_CONTEXT() REPRESENTATION_CONTEXT('2D SPACE',''
  ) );
#6908 = PCURVE('',#6909,#6914);
#6909 = PLANE('',#6910);
#6910 = AXIS2_PLACEMENT_3D('',#6911,#6912,#6913);
#6911 = CARTESIAN_POINT('',(-18.6,71.15,-2.6));
#6912 = DIRECTION('',(0.,0.,1.));
#6913 = DIRECTION('',(1.,0.,0.));
#6914 = DEFINITIONAL_REPRESENTATION('',(#6915),#6919);
#6915 = LINE('',#6916,#6917);
#6916 = CARTESIAN_POINT('',(8.6,0.));
#6917 = VECTOR('',#6918,1.);
#6918 = DIRECTION('',(0.,1.));
#6919 = ( GEOMETRIC_REPRESENTATION_CONTEXT(2) 
PARAMETRIC_REPRESENTATION_CONTEXT() REPRESENTATION_CONTEXT('2D SPACE',''
  ) );
#6920 = ORIENTED_EDGE('',*,*,#6921,.T.);
#6921 = EDGE_CURVE('',#6894,#6922,#6924,.T.);
#6922 = VERTEX_POINT('',#6923);
#6923 = CARTESIAN_POINT('',(-10.,72.85,-0.4));
#6924 = SURFACE_CURVE('',#6925,(#6929,#6936),.PCURVE_S1.);
#6925 = LINE('',#6926,#6927);
#6926 = CARTESIAN_POINT('',(-10.,72.85,-2.6));
#6927 = VECTOR('',#6928,1.);
#6928 = DIRECTION('',(0.,0.,1.));
#6929 = PCURVE('',#6869,#6930);
#6930 = DEFINITIONAL_REPRESENTATION('',(#6931),#6935);
#6931 = LINE('',#6932,#6933);
#6932 = CARTESIAN_POINT('',(0.,-1.7));
#6933 = VECTOR('',#6934,1.);
#6934 = DIRECTION('',(1.,0.));
#6935 = ( GEOMETRIC_REPRESENTATION_CONTEXT(2) 
PARAMETRIC_REPRESENTATION_CONTEXT() REPRESENTATION_CONTEXT('2D SPACE',''
  ) );
#6936 = PCURVE('',#6937,#6942);
#6937 = PLANE('',#6938);
#6938 = AXIS2_PLACEMENT_3D('',#6939,#6940,#6941);
#6939 = CARTESIAN_POINT('',(-18.6,72.85,-2.6));
#6940 = DIRECTION('',(0.,1.,0.));
#6941 = DIRECTION('',(0.,0.,1.));
#6942 = DEFINITIONAL_REPRESENTATION('',(#6943),#6947);
#6943 = LINE('',#6944,#6945);
#6944 = CARTESIAN_POINT('',(0.,8.6));
#6945 = VECTOR('',#6946,1.);
#6946 = DIRECTION('',(1.,0.));
#6947 = ( GEOMETRIC_REPRESENTATION_CONTEXT(2) 
PARAMETRIC_REPRESENTATION_CONTEXT() REPRESENTATION_CONTEXT('2D SPACE',''
  ) );
#6948 = ORIENTED_EDGE('',*,*,#6949,.F.);
#6949 = EDGE_CURVE('',#6861,#6922,#6950,.T.);
#6950 = SURFACE_CURVE('',#6951,(#6955,#6962),.PCURVE_S1.);
#6951 = LINE('',#6952,#6953);
#6952 = CARTESIAN_POINT('',(-10.,71.15,-0.4));
#6953 = VECTOR('',#6954,1.);
#6954 = DIRECTION('',(0.,1.,0.));
#6955 = PCURVE('',#6869,#6956);
#6956 = DEFINITIONAL_REPRESENTATION('',(#6957),#6961);
#6957 = LINE('',#6958,#6959);
#6958 = CARTESIAN_POINT('',(2.2,0.));
#6959 = VECTOR('',#6960,1.);
#6960 = DIRECTION('',(0.,-1.));
#6961 = ( GEOMETRIC_REPRESENTATION_CONTEXT(2) 
PARAMETRIC_REPRESENTATION_CONTEXT() REPRESENTATION_CONTEXT('2D SPACE',''
  ) );
#6962 = PCURVE('',#6963,#6968);
#6963 = PLANE('',#6964);
#6964 = AXIS2_PLACEMENT_3D('',#6965,#6966,#6967);
#6965 = CARTESIAN_POINT('',(-18.6,71.15,-0.4));
#6966 = DIRECTION('',(0.,0.,1.));
#6967 = DIRECTION('',(1.,0.,0.));
#6968 = DEFINITIONAL_REPRESENTATION('',(#6969),#6973);
#6969 = LINE('',#6970,#6971);
#6970 = CARTESIAN_POINT('',(8.6,0.));
#6971 = VECTOR('',#6972,1.);
#6972 = DIRECTION('',(0.,1.));
#6973 = ( GEOMETRIC_REPRESENTATION_CONTEXT(2) 
PARAMETRIC_REPRESENTATION_CONTEXT() REPRESENTATION_CONTEXT('2D SPACE',''
  ) );
#6974 = ADVANCED_FACE('',(#6975),#6909,.F.);
#6975 = FACE_BOUND('',#6976,.F.);
#6976 = EDGE_LOOP('',(#6977,#7000,#7028,#7056,#7084,#7105));
#6977 = ORIENTED_EDGE('',*,*,#6978,.T.);
#6978 = EDGE_CURVE('',#6894,#6979,#6981,.T.);
#6979 = VERTEX_POINT('',#6980);
#6980 = CARTESIAN_POINT('',(-21.,72.85,-2.6));
#6981 = SURFACE_CURVE('',#6982,(#6986,#6993),.PCURVE_S1.);
#6982 = LINE('',#6983,#6984);
#6983 = CARTESIAN_POINT('',(-10.,72.85,-2.6));
#6984 = VECTOR('',#6985,1.);
#6985 = DIRECTION('',(-1.,0.,0.));
#6986 = PCURVE('',#6909,#6987);
#6987 = DEFINITIONAL_REPRESENTATION('',(#6988),#6992);
#6988 = LINE('',#6989,#6990);
#6989 = CARTESIAN_POINT('',(8.6,1.7));
#6990 = VECTOR('',#6991,1.);
#6991 = DIRECTION('',(-1.,0.));
#6992 = ( GEOMETRIC_REPRESENTATION_CONTEXT(2) 
PARAMETRIC_REPRESENTATION_CONTEXT() REPRESENTATION_CONTEXT('2D SPACE',''
  ) );
#6993 = PCURVE('',#6937,#6994);
#6994 = DEFINITIONAL_REPRESENTATION('',(#6995),#6999);
#6995 = LINE('',#6996,#6997);
#6996 = CARTESIAN_POINT('',(0.,8.6));
#6997 = VECTOR('',#6998,1.);
#6998 = DIRECTION('',(0.,-1.));
#6999 = ( GEOMETRIC_REPRESENTATION_CONTEXT(2) 
PARAMETRIC_REPRESENTATION_CONTEXT() REPRESENTATION_CONTEXT('2D SPACE',''
  ) );
#7000 = ORIENTED_EDGE('',*,*,#7001,.F.);
#7001 = EDGE_CURVE('',#7002,#6979,#7004,.T.);
#7002 = VERTEX_POINT('',#7003);
#7003 = CARTESIAN_POINT('',(-21.,63.,-2.6));
#7004 = SURFACE_CURVE('',#7005,(#7009,#7016),.PCURVE_S1.);
#7005 = LINE('',#7006,#7007);
#7006 = CARTESIAN_POINT('',(-21.,63.,-2.6));
#7007 = VECTOR('',#7008,1.);
#7008 = DIRECTION('',(0.,1.,0.));
#7009 = PCURVE('',#6909,#7010);
#7010 = DEFINITIONAL_REPRESENTATION('',(#7011),#7015);
#7011 = LINE('',#7012,#7013);
#7012 = CARTESIAN_POINT('',(-2.4,-8.15));
#7013 = VECTOR('',#7014,1.);
#7014 = DIRECTION('',(0.,1.));
#7015 = ( GEOMETRIC_REPRESENTATION_CONTEXT(2) 
PARAMETRIC_REPRESENTATION_CONTEXT() REPRESENTATION_CONTEXT('2D SPACE',''
  ) );
#7016 = PCURVE('',#7017,#7022);
#7017 = PLANE('',#7018);
#7018 = AXIS2_PLACEMENT_3D('',#7019,#7020,#7021);
#7019 = CARTESIAN_POINT('',(-21.,63.,-2.6));
#7020 = DIRECTION('',(1.,0.,0.));
#7021 = DIRECTION('',(0.,0.,1.));
#7022 = DEFINITIONAL_REPRESENTATION('',(#7023),#7027);
#7023 = LINE('',#7024,#7025);
#7024 = CARTESIAN_POINT('',(0.,0.));
#7025 = VECTOR('',#7026,1.);
#7026 = DIRECTION('',(0.,-1.));
#7027 = ( GEOMETRIC_REPRESENTATION_CONTEXT(2) 
PARAMETRIC_REPRESENTATION_CONTEXT() REPRESENTATION_CONTEXT('2D SPACE',''
  ) );
#7028 = ORIENTED_EDGE('',*,*,#7029,.T.);
#7029 = EDGE_CURVE('',#7002,#7030,#7032,.T.);
#7030 = VERTEX_POINT('',#7031);
#7031 = CARTESIAN_POINT('',(-18.6,63.,-2.6));
#7032 = SURFACE_CURVE('',#7033,(#7037,#7044),.PCURVE_S1.);
#7033 = LINE('',#7034,#7035);
#7034 = CARTESIAN_POINT('',(-21.,63.,-2.6));
#7035 = VECTOR('',#7036,1.);
#7036 = DIRECTION('',(1.,0.,0.));
#7037 = PCURVE('',#6909,#7038);
#7038 = DEFINITIONAL_REPRESENTATION('',(#7039),#7043);
#7039 = LINE('',#7040,#7041);
#7040 = CARTESIAN_POINT('',(-2.4,-8.15));
#7041 = VECTOR('',#7042,1.);
#7042 = DIRECTION('',(1.,0.));
#7043 = ( GEOMETRIC_REPRESENTATION_CONTEXT(2) 
PARAMETRIC_REPRESENTATION_CONTEXT() REPRESENTATION_CONTEXT('2D SPACE',''
  ) );
#7044 = PCURVE('',#7045,#7050);
#7045 = PLANE('',#7046);
#7046 = AXIS2_PLACEMENT_3D('',#7047,#7048,#7049);
#7047 = CARTESIAN_POINT('',(-21.,63.,-2.6));
#7048 = DIRECTION('',(0.,1.,0.));
#7049 = DIRECTION('',(0.,0.,1.));
#7050 = DEFINITIONAL_REPRESENTATION('',(#7051),#7055);
#7051 = LINE('',#7052,#7053);
#7052 = CARTESIAN_POINT('',(0.,0.));
#7053 = VECTOR('',#7054,1.);
#7054 = DIRECTION('',(0.,1.));
#7055 = ( GEOMETRIC_REPRESENTATION_CONTEXT(2) 
PARAMETRIC_REPRESENTATION_CONTEXT() REPRESENTATION_CONTEXT('2D SPACE',''
  ) );
#7056 = ORIENTED_EDGE('',*,*,#7057,.T.);
#7057 = EDGE_CURVE('',#7030,#7058,#7060,.T.);
#7058 = VERTEX_POINT('',#7059);
#7059 = CARTESIAN_POINT('',(-18.6,71.15,-2.6));
#7060 = SURFACE_CURVE('',#7061,(#7065,#7072),.PCURVE_S1.);
#7061 = LINE('',#7062,#7063);
#7062 = CARTESIAN_POINT('',(-18.6,63.,-2.6));
#7063 = VECTOR('',#7064,1.);
#7064 = DIRECTION('',(0.,1.,0.));
#7065 = PCURVE('',#6909,#7066);
#7066 = DEFINITIONAL_REPRESENTATION('',(#7067),#7071);
#7067 = LINE('',#7068,#7069);
#7068 = CARTESIAN_POINT('',(0.,-8.15));
#7069 = VECTOR('',#7070,1.);
#7070 = DIRECTION('',(0.,1.));
#7071 = ( GEOMETRIC_REPRESENTATION_CONTEXT(2) 
PARAMETRIC_REPRESENTATION_CONTEXT() REPRESENTATION_CONTEXT('2D SPACE',''
  ) );
#7072 = PCURVE('',#7073,#7078);
#7073 = PLANE('',#7074);
#7074 = AXIS2_PLACEMENT_3D('',#7075,#7076,#7077);
#7075 = CARTESIAN_POINT('',(-18.6,63.,-2.6));
#7076 = DIRECTION('',(1.,0.,0.));
#7077 = DIRECTION('',(0.,0.,1.));
#7078 = DEFINITIONAL_REPRESENTATION('',(#7079),#7083);
#7079 = LINE('',#7080,#7081);
#7080 = CARTESIAN_POINT('',(0.,0.));
#7081 = VECTOR('',#7082,1.);
#7082 = DIRECTION('',(0.,-1.));
#7083 = ( GEOMETRIC_REPRESENTATION_CONTEXT(2) 
PARAMETRIC_REPRESENTATION_CONTEXT() REPRESENTATION_CONTEXT('2D SPACE',''
  ) );
#7084 = ORIENTED_EDGE('',*,*,#7085,.T.);
#7085 = EDGE_CURVE('',#7058,#6859,#7086,.T.);
#7086 = SURFACE_CURVE('',#7087,(#7091,#7098),.PCURVE_S1.);
#7087 = LINE('',#7088,#7089);
#7088 = CARTESIAN_POINT('',(-18.6,71.15,-2.6));
#7089 = VECTOR('',#7090,1.);
#7090 = DIRECTION('',(1.,0.,0.));
#7091 = PCURVE('',#6909,#7092);
#7092 = DEFINITIONAL_REPRESENTATION('',(#7093),#7097);
#7093 = LINE('',#7094,#7095);
#7094 = CARTESIAN_POINT('',(0.,0.));
#7095 = VECTOR('',#7096,1.);
#7096 = DIRECTION('',(1.,0.));
#7097 = ( GEOMETRIC_REPRESENTATION_CONTEXT(2) 
PARAMETRIC_REPRESENTATION_CONTEXT() REPRESENTATION_CONTEXT('2D SPACE',''
  ) );
#7098 = PCURVE('',#6881,#7099);
#7099 = DEFINITIONAL_REPRESENTATION('',(#7100),#7104);
#7100 = LINE('',#7101,#7102);
#7101 = CARTESIAN_POINT('',(0.,0.));
#7102 = VECTOR('',#7103,1.);
#7103 = DIRECTION('',(0.,1.));
#7104 = ( GEOMETRIC_REPRESENTATION_CONTEXT(2) 
PARAMETRIC_REPRESENTATION_CONTEXT() REPRESENTATION_CONTEXT('2D SPACE',''
  ) );
#7105 = ORIENTED_EDGE('',*,*,#6893,.T.);
#7106 = ADVANCED_FACE('',(#7107),#7073,.T.);
#7107 = FACE_BOUND('',#7108,.T.);
#7108 = EDGE_LOOP('',(#7109,#7134,#7155,#7156));
#7109 = ORIENTED_EDGE('',*,*,#7110,.F.);
#7110 = EDGE_CURVE('',#7111,#7113,#7115,.T.);
#7111 = VERTEX_POINT('',#7112);
#7112 = CARTESIAN_POINT('',(-18.6,63.,-0.4));
#7113 = VERTEX_POINT('',#7114);
#7114 = CARTESIAN_POINT('',(-18.6,71.15,-0.4));
#7115 = SURFACE_CURVE('',#7116,(#7120,#7127),.PCURVE_S1.);
#7116 = LINE('',#7117,#7118);
#7117 = CARTESIAN_POINT('',(-18.6,63.,-0.4));
#7118 = VECTOR('',#7119,1.);
#7119 = DIRECTION('',(0.,1.,0.));
#7120 = PCURVE('',#7073,#7121);
#7121 = DEFINITIONAL_REPRESENTATION('',(#7122),#7126);
#7122 = LINE('',#7123,#7124);
#7123 = CARTESIAN_POINT('',(2.2,0.));
#7124 = VECTOR('',#7125,1.);
#7125 = DIRECTION('',(0.,-1.));
#7126 = ( GEOMETRIC_REPRESENTATION_CONTEXT(2) 
PARAMETRIC_REPRESENTATION_CONTEXT() REPRESENTATION_CONTEXT('2D SPACE',''
  ) );
#7127 = PCURVE('',#6963,#7128);
#7128 = DEFINITIONAL_REPRESENTATION('',(#7129),#7133);
#7129 = LINE('',#7130,#7131);
#7130 = CARTESIAN_POINT('',(0.,-8.15));
#7131 = VECTOR('',#7132,1.);
#7132 = DIRECTION('',(0.,1.));
#7133 = ( GEOMETRIC_REPRESENTATION_CONTEXT(2) 
PARAMETRIC_REPRESENTATION_CONTEXT() REPRESENTATION_CONTEXT('2D SPACE',''
  ) );
#7134 = ORIENTED_EDGE('',*,*,#7135,.F.);
#7135 = EDGE_CURVE('',#7030,#7111,#7136,.T.);
#7136 = SURFACE_CURVE('',#7137,(#7141,#7148),.PCURVE_S1.);
#7137 = LINE('',#7138,#7139);
#7138 = CARTESIAN_POINT('',(-18.6,63.,-2.6));
#7139 = VECTOR('',#7140,1.);
#7140 = DIRECTION('',(0.,0.,1.));
#7141 = PCURVE('',#7073,#7142);
#7142 = DEFINITIONAL_REPRESENTATION('',(#7143),#7147);
#7143 = LINE('',#7144,#7145);
#7144 = CARTESIAN_POINT('',(0.,0.));
#7145 = VECTOR('',#7146,1.);
#7146 = DIRECTION('',(1.,0.));
#7147 = ( GEOMETRIC_REPRESENTATION_CONTEXT(2) 
PARAMETRIC_REPRESENTATION_CONTEXT() REPRESENTATION_CONTEXT('2D SPACE',''
  ) );
#7148 = PCURVE('',#7045,#7149);
#7149 = DEFINITIONAL_REPRESENTATION('',(#7150),#7154);
#7150 = LINE('',#7151,#7152);
#7151 = CARTESIAN_POINT('',(0.,2.4));
#7152 = VECTOR('',#7153,1.);
#7153 = DIRECTION('',(1.,0.));
#7154 = ( GEOMETRIC_REPRESENTATION_CONTEXT(2) 
PARAMETRIC_REPRESENTATION_CONTEXT() REPRESENTATION_CONTEXT('2D SPACE',''
  ) );
#7155 = ORIENTED_EDGE('',*,*,#7057,.T.);
#7156 = ORIENTED_EDGE('',*,*,#7157,.T.);
#7157 = EDGE_CURVE('',#7058,#7113,#7158,.T.);
#7158 = SURFACE_CURVE('',#7159,(#7163,#7170),.PCURVE_S1.);
#7159 = LINE('',#7160,#7161);
#7160 = CARTESIAN_POINT('',(-18.6,71.15,-2.6));
#7161 = VECTOR('',#7162,1.);
#7162 = DIRECTION('',(0.,0.,1.));
#7163 = PCURVE('',#7073,#7164);
#7164 = DEFINITIONAL_REPRESENTATION('',(#7165),#7169);
#7165 = LINE('',#7166,#7167);
#7166 = CARTESIAN_POINT('',(0.,-8.15));
#7167 = VECTOR('',#7168,1.);
#7168 = DIRECTION('',(1.,0.));
#7169 = ( GEOMETRIC_REPRESENTATION_CONTEXT(2) 
PARAMETRIC_REPRESENTATION_CONTEXT() REPRESENTATION_CONTEXT('2D SPACE',''
  ) );
#7170 = PCURVE('',#6881,#7171);
#7171 = DEFINITIONAL_REPRESENTATION('',(#7172),#7176);
#7172 = LINE('',#7173,#7174);
#7173 = CARTESIAN_POINT('',(0.,0.));
#7174 = VECTOR('',#7175,1.);
#7175 = DIRECTION('',(1.,0.));
#7176 = ( GEOMETRIC_REPRESENTATION_CONTEXT(2) 
PARAMETRIC_REPRESENTATION_CONTEXT() REPRESENTATION_CONTEXT('2D SPACE',''
  ) );
#7177 = ADVANCED_FACE('',(#7178),#7045,.F.);
#7178 = FACE_BOUND('',#7179,.F.);
#7179 = EDGE_LOOP('',(#7180,#7181,#7204,#7225));
#7180 = ORIENTED_EDGE('',*,*,#7029,.F.);
#7181 = ORIENTED_EDGE('',*,*,#7182,.T.);
#7182 = EDGE_CURVE('',#7002,#7183,#7185,.T.);
#7183 = VERTEX_POINT('',#7184);
#7184 = CARTESIAN_POINT('',(-21.,63.,-0.4));
#7185 = SURFACE_CURVE('',#7186,(#7190,#7197),.PCURVE_S1.);
#7186 = LINE('',#7187,#7188);
#7187 = CARTESIAN_POINT('',(-21.,63.,-2.6));
#7188 = VECTOR('',#7189,1.);
#7189 = DIRECTION('',(0.,0.,1.));
#7190 = PCURVE('',#7045,#7191);
#7191 = DEFINITIONAL_REPRESENTATION('',(#7192),#7196);
#7192 = LINE('',#7193,#7194);
#7193 = CARTESIAN_POINT('',(0.,0.));
#7194 = VECTOR('',#7195,1.);
#7195 = DIRECTION('',(1.,0.));
#7196 = ( GEOMETRIC_REPRESENTATION_CONTEXT(2) 
PARAMETRIC_REPRESENTATION_CONTEXT() REPRESENTATION_CONTEXT('2D SPACE',''
  ) );
#7197 = PCURVE('',#7017,#7198);
#7198 = DEFINITIONAL_REPRESENTATION('',(#7199),#7203);
#7199 = LINE('',#7200,#7201);
#7200 = CARTESIAN_POINT('',(0.,0.));
#7201 = VECTOR('',#7202,1.);
#7202 = DIRECTION('',(1.,0.));
#7203 = ( GEOMETRIC_REPRESENTATION_CONTEXT(2) 
PARAMETRIC_REPRESENTATION_CONTEXT() REPRESENTATION_CONTEXT('2D SPACE',''
  ) );
#7204 = ORIENTED_EDGE('',*,*,#7205,.T.);
#7205 = EDGE_CURVE('',#7183,#7111,#7206,.T.);
#7206 = SURFACE_CURVE('',#7207,(#7211,#7218),.PCURVE_S1.);
#7207 = LINE('',#7208,#7209);
#7208 = CARTESIAN_POINT('',(-21.,63.,-0.4));
#7209 = VECTOR('',#7210,1.);
#7210 = DIRECTION('',(1.,0.,0.));
#7211 = PCURVE('',#7045,#7212);
#7212 = DEFINITIONAL_REPRESENTATION('',(#7213),#7217);
#7213 = LINE('',#7214,#7215);
#7214 = CARTESIAN_POINT('',(2.2,0.));
#7215 = VECTOR('',#7216,1.);
#7216 = DIRECTION('',(0.,1.));
#7217 = ( GEOMETRIC_REPRESENTATION_CONTEXT(2) 
PARAMETRIC_REPRESENTATION_CONTEXT() REPRESENTATION_CONTEXT('2D SPACE',''
  ) );
#7218 = PCURVE('',#6963,#7219);
#7219 = DEFINITIONAL_REPRESENTATION('',(#7220),#7224);
#7220 = LINE('',#7221,#7222);
#7221 = CARTESIAN_POINT('',(-2.4,-8.15));
#7222 = VECTOR('',#7223,1.);
#7223 = DIRECTION('',(1.,0.));
#7224 = ( GEOMETRIC_REPRESENTATION_CONTEXT(2) 
PARAMETRIC_REPRESENTATION_CONTEXT() REPRESENTATION_CONTEXT('2D SPACE',''
  ) );
#7225 = ORIENTED_EDGE('',*,*,#7135,.F.);
#7226 = ADVANCED_FACE('',(#7227),#7017,.F.);
#7227 = FACE_BOUND('',#7228,.F.);
#7228 = EDGE_LOOP('',(#7229,#7230,#7231,#7254));
#7229 = ORIENTED_EDGE('',*,*,#7182,.F.);
#7230 = ORIENTED_EDGE('',*,*,#7001,.T.);
#7231 = ORIENTED_EDGE('',*,*,#7232,.T.);
#7232 = EDGE_CURVE('',#6979,#7233,#7235,.T.);
#7233 = VERTEX_POINT('',#7234);
#7234 = CARTESIAN_POINT('',(-21.,72.85,-0.4));
#7235 = SURFACE_CURVE('',#7236,(#7240,#7247),.PCURVE_S1.);
#7236 = LINE('',#7237,#7238);
#7237 = CARTESIAN_POINT('',(-21.,72.85,-2.6));
#7238 = VECTOR('',#7239,1.);
#7239 = DIRECTION('',(0.,0.,1.));
#7240 = PCURVE('',#7017,#7241);
#7241 = DEFINITIONAL_REPRESENTATION('',(#7242),#7246);
#7242 = LINE('',#7243,#7244);
#7243 = CARTESIAN_POINT('',(0.,-9.85));
#7244 = VECTOR('',#7245,1.);
#7245 = DIRECTION('',(1.,0.));
#7246 = ( GEOMETRIC_REPRESENTATION_CONTEXT(2) 
PARAMETRIC_REPRESENTATION_CONTEXT() REPRESENTATION_CONTEXT('2D SPACE',''
  ) );
#7247 = PCURVE('',#6937,#7248);
#7248 = DEFINITIONAL_REPRESENTATION('',(#7249),#7253);
#7249 = LINE('',#7250,#7251);
#7250 = CARTESIAN_POINT('',(0.,-2.4));
#7251 = VECTOR('',#7252,1.);
#7252 = DIRECTION('',(1.,0.));
#7253 = ( GEOMETRIC_REPRESENTATION_CONTEXT(2) 
PARAMETRIC_REPRESENTATION_CONTEXT() REPRESENTATION_CONTEXT('2D SPACE',''
  ) );
#7254 = ORIENTED_EDGE('',*,*,#7255,.F.);
#7255 = EDGE_CURVE('',#7183,#7233,#7256,.T.);
#7256 = SURFACE_CURVE('',#7257,(#7261,#7268),.PCURVE_S1.);
#7257 = LINE('',#7258,#7259);
#7258 = CARTESIAN_POINT('',(-21.,63.,-0.4));
#7259 = VECTOR('',#7260,1.);
#7260 = DIRECTION('',(0.,1.,0.));
#7261 = PCURVE('',#7017,#7262);
#7262 = DEFINITIONAL_REPRESENTATION('',(#7263),#7267);
#7263 = LINE('',#7264,#7265);
#7264 = CARTESIAN_POINT('',(2.2,0.));
#7265 = VECTOR('',#7266,1.);
#7266 = DIRECTION('',(0.,-1.));
#7267 = ( GEOMETRIC_REPRESENTATION_CONTEXT(2) 
PARAMETRIC_REPRESENTATION_CONTEXT() REPRESENTATION_CONTEXT('2D SPACE',''
  ) );
#7268 = PCURVE('',#6963,#7269);
#7269 = DEFINITIONAL_REPRESENTATION('',(#7270),#7274);
#7270 = LINE('',#7271,#7272);
#7271 = CARTESIAN_POINT('',(-2.4,-8.15));
#7272 = VECTOR('',#7273,1.);
#7273 = DIRECTION('',(0.,1.));
#7274 = ( GEOMETRIC_REPRESENTATION_CONTEXT(2) 
PARAMETRIC_REPRESENTATION_CONTEXT() REPRESENTATION_CONTEXT('2D SPACE',''
  ) );
#7275 = ADVANCED_FACE('',(#7276),#6937,.T.);
#7276 = FACE_BOUND('',#7277,.T.);
#7277 = EDGE_LOOP('',(#7278,#7279,#7280,#7301));
#7278 = ORIENTED_EDGE('',*,*,#6978,.T.);
#7279 = ORIENTED_EDGE('',*,*,#7232,.T.);
#7280 = ORIENTED_EDGE('',*,*,#7281,.F.);
#7281 = EDGE_CURVE('',#6922,#7233,#7282,.T.);
#7282 = SURFACE_CURVE('',#7283,(#7287,#7294),.PCURVE_S1.);
#7283 = LINE('',#7284,#7285);
#7284 = CARTESIAN_POINT('',(-10.,72.85,-0.4));
#7285 = VECTOR('',#7286,1.);
#7286 = DIRECTION('',(-1.,0.,0.));
#7287 = PCURVE('',#6937,#7288);
#7288 = DEFINITIONAL_REPRESENTATION('',(#7289),#7293);
#7289 = LINE('',#7290,#7291);
#7290 = CARTESIAN_POINT('',(2.2,8.6));
#7291 = VECTOR('',#7292,1.);
#7292 = DIRECTION('',(0.,-1.));
#7293 = ( GEOMETRIC_REPRESENTATION_CONTEXT(2) 
PARAMETRIC_REPRESENTATION_CONTEXT() REPRESENTATION_CONTEXT('2D SPACE',''
  ) );
#7294 = PCURVE('',#6963,#7295);
#7295 = DEFINITIONAL_REPRESENTATION('',(#7296),#7300);
#7296 = LINE('',#7297,#7298);
#7297 = CARTESIAN_POINT('',(8.6,1.7));
#7298 = VECTOR('',#7299,1.);
#7299 = DIRECTION('',(-1.,0.));
#7300 = ( GEOMETRIC_REPRESENTATION_CONTEXT(2) 
PARAMETRIC_REPRESENTATION_CONTEXT() REPRESENTATION_CONTEXT('2D SPACE',''
  ) );
#7301 = ORIENTED_EDGE('',*,*,#6921,.F.);
#7302 = ADVANCED_FACE('',(#7303),#6963,.T.);
#7303 = FACE_BOUND('',#7304,.T.);
#7304 = EDGE_LOOP('',(#7305,#7306,#7307,#7308,#7309,#7330));
#7305 = ORIENTED_EDGE('',*,*,#7281,.T.);
#7306 = ORIENTED_EDGE('',*,*,#7255,.F.);
#7307 = ORIENTED_EDGE('',*,*,#7205,.T.);
#7308 = ORIENTED_EDGE('',*,*,#7110,.T.);
#7309 = ORIENTED_EDGE('',*,*,#7310,.T.);
#7310 = EDGE_CURVE('',#7113,#6861,#7311,.T.);
#7311 = SURFACE_CURVE('',#7312,(#7316,#7323),.PCURVE_S1.);
#7312 = LINE('',#7313,#7314);
#7313 = CARTESIAN_POINT('',(-18.6,71.15,-0.4));
#7314 = VECTOR('',#7315,1.);
#7315 = DIRECTION('',(1.,0.,0.));
#7316 = PCURVE('',#6963,#7317);
#7317 = DEFINITIONAL_REPRESENTATION('',(#7318),#7322);
#7318 = LINE('',#7319,#7320);
#7319 = CARTESIAN_POINT('',(0.,0.));
#7320 = VECTOR('',#7321,1.);
#7321 = DIRECTION('',(1.,0.));
#7322 = ( GEOMETRIC_REPRESENTATION_CONTEXT(2) 
PARAMETRIC_REPRESENTATION_CONTEXT() REPRESENTATION_CONTEXT('2D SPACE',''
  ) );
#7323 = PCURVE('',#6881,#7324);
#7324 = DEFINITIONAL_REPRESENTATION('',(#7325),#7329);
#7325 = LINE('',#7326,#7327);
#7326 = CARTESIAN_POINT('',(2.2,0.));
#7327 = VECTOR('',#7328,1.);
#7328 = DIRECTION('',(0.,1.));
#7329 = ( GEOMETRIC_REPRESENTATION_CONTEXT(2) 
PARAMETRIC_REPRESENTATION_CONTEXT() REPRESENTATION_CONTEXT('2D SPACE',''
  ) );
#7330 = ORIENTED_EDGE('',*,*,#6949,.T.);
#7331 = ADVANCED_FACE('',(#7332),#6881,.F.);
#7332 = FACE_BOUND('',#7333,.F.);
#7333 = EDGE_LOOP('',(#7334,#7335,#7336,#7337));
#7334 = ORIENTED_EDGE('',*,*,#7085,.F.);
#7335 = ORIENTED_EDGE('',*,*,#7157,.T.);
#7336 = ORIENTED_EDGE('',*,*,#7310,.T.);
#7337 = ORIENTED_EDGE('',*,*,#6858,.F.);
#7338 = ( GEOMETRIC_REPRESENTATION_CONTEXT(3) 
GLOBAL_UNCERTAINTY_ASSIGNED_CONTEXT((#7342)) 
GLOBAL_UNIT_ASSIGNED_CONTEXT((#7339,#7340,#7341)) REPRESENTATION_CONTEXT
('Context #1','3D Context with UNIT and UNCERTAINTY') );
#7339 = ( LENGTH_UNIT() NAMED_UNIT(*) SI_UNIT(.MILLI.,.METRE.) );
#7340 = ( NAMED_UNIT(*) PLANE_ANGLE_UNIT() SI_UNIT($,.RADIAN.) );
#7341 = ( NAMED_UNIT(*) SI_UNIT($,.STERADIAN.) SOLID_ANGLE_UNIT() );
#7342 = UNCERTAINTY_MEASURE_WITH_UNIT(LENGTH_MEASURE(1.E-07),#7339,
  'distance_accuracy_value','confusion accuracy');
#7343 = CONTEXT_DEPENDENT_SHAPE_REPRESENTATION(#7344,#7346);
#7344 = ( REPRESENTATION_RELATIONSHIP('','',#6851,#10) 
REPRESENTATION_RELATIONSHIP_WITH_TRANSFORMATION(#7345) 
SHAPE_REPRESENTATION_RELATIONSHIP() );
#7345 = ITEM_DEFINED_TRANSFORMATION('','',#11,#43);
#7346 = PRODUCT_DEFINITION_SHAPE('Placement','Placement of an item',
  #7347);
#7347 = NEXT_ASSEMBLY_USAGE_OCCURRENCE('34','BATTERY_LEAD_RESERVE_TO_J3'
  ,'',#5,#6846,$);
#7348 = PRODUCT_RELATED_PRODUCT_CATEGORY('part',$,(#6848));
#7349 = SHAPE_DEFINITION_REPRESENTATION(#7350,#7356);
#7350 = PRODUCT_DEFINITION_SHAPE('','',#7351);
#7351 = PRODUCT_DEFINITION('design','',#7352,#7355);
#7352 = PRODUCT_DEFINITION_FORMATION('','',#7353);
#7353 = PRODUCT('SPEAKER_LEAD_RESERVE_TO_J4',
  'SPEAKER_LEAD_RESERVE_TO_J4','',(#7354));
#7354 = PRODUCT_CONTEXT('',#2,'mechanical');
#7355 = PRODUCT_DEFINITION_CONTEXT('part definition',#2,'design');
#7356 = ADVANCED_BREP_SHAPE_REPRESENTATION('',(#11,#7357),#7841);
#7357 = MANIFOLD_SOLID_BREP('',#7358);
#7358 = CLOSED_SHELL('',(#7359,#7535,#7609,#7726,#7753,#7780,#7807,#7834
    ));
#7359 = ADVANCED_FACE('',(#7360),#7374,.F.);
#7360 = FACE_BOUND('',#7361,.F.);
#7361 = EDGE_LOOP('',(#7362,#7397,#7425,#7453,#7481,#7509));
#7362 = ORIENTED_EDGE('',*,*,#7363,.F.);
#7363 = EDGE_CURVE('',#7364,#7366,#7368,.T.);
#7364 = VERTEX_POINT('',#7365);
#7365 = CARTESIAN_POINT('',(-44.5,116.35,-1.1));
#7366 = VERTEX_POINT('',#7367);
#7367 = CARTESIAN_POINT('',(-44.5,119.,-1.1));
#7368 = SURFACE_CURVE('',#7369,(#7373,#7385),.PCURVE_S1.);
#7369 = LINE('',#7370,#7371);
#7370 = CARTESIAN_POINT('',(-44.5,116.35,-1.1));
#7371 = VECTOR('',#7372,1.);
#7372 = DIRECTION('',(0.,1.,0.));
#7373 = PCURVE('',#7374,#7379);
#7374 = PLANE('',#7375);
#7375 = AXIS2_PLACEMENT_3D('',#7376,#7377,#7378);
#7376 = CARTESIAN_POINT('',(-44.5,116.35,-2.1));
#7377 = DIRECTION('',(1.,0.,0.));
#7378 = DIRECTION('',(0.,0.,1.));
#7379 = DEFINITIONAL_REPRESENTATION('',(#7380),#7384);
#7380 = LINE('',#7381,#7382);
#7381 = CARTESIAN_POINT('',(1.,0.));
#7382 = VECTOR('',#7383,1.);
#7383 = DIRECTION('',(0.,-1.));
#7384 = ( GEOMETRIC_REPRESENTATION_CONTEXT(2) 
PARAMETRIC_REPRESENTATION_CONTEXT() REPRESENTATION_CONTEXT('2D SPACE',''
  ) );
#7385 = PCURVE('',#7386,#7391);
#7386 = PLANE('',#7387);
#7387 = AXIS2_PLACEMENT_3D('',#7388,#7389,#7390);
#7388 = CARTESIAN_POINT('',(-44.5,116.35,-1.1));
#7389 = DIRECTION('',(0.,0.,1.));
#7390 = DIRECTION('',(1.,0.,0.));
#7391 = DEFINITIONAL_REPRESENTATION('',(#7392),#7396);
#7392 = LINE('',#7393,#7394);
#7393 = CARTESIAN_POINT('',(0.,0.));
#7394 = VECTOR('',#7395,1.);
#7395 = DIRECTION('',(0.,1.));
#7396 = ( GEOMETRIC_REPRESENTATION_CONTEXT(2) 
PARAMETRIC_REPRESENTATION_CONTEXT() REPRESENTATION_CONTEXT('2D SPACE',''
  ) );
#7397 = ORIENTED_EDGE('',*,*,#7398,.F.);
#7398 = EDGE_CURVE('',#7399,#7364,#7401,.T.);
#7399 = VERTEX_POINT('',#7400);
#7400 = CARTESIAN_POINT('',(-44.5,116.35,-2.1));
#7401 = SURFACE_CURVE('',#7402,(#7406,#7413),.PCURVE_S1.);
#7402 = LINE('',#7403,#7404);
#7403 = CARTESIAN_POINT('',(-44.5,116.35,-2.1));
#7404 = VECTOR('',#7405,1.);
#7405 = DIRECTION('',(0.,0.,1.));
#7406 = PCURVE('',#7374,#7407);
#7407 = DEFINITIONAL_REPRESENTATION('',(#7408),#7412);
#7408 = LINE('',#7409,#7410);
#7409 = CARTESIAN_POINT('',(0.,0.));
#7410 = VECTOR('',#7411,1.);
#7411 = DIRECTION('',(1.,0.));
#7412 = ( GEOMETRIC_REPRESENTATION_CONTEXT(2) 
PARAMETRIC_REPRESENTATION_CONTEXT() REPRESENTATION_CONTEXT('2D SPACE',''
  ) );
#7413 = PCURVE('',#7414,#7419);
#7414 = PLANE('',#7415);
#7415 = AXIS2_PLACEMENT_3D('',#7416,#7417,#7418);
#7416 = CARTESIAN_POINT('',(-44.5,116.35,-2.1));
#7417 = DIRECTION('',(0.,1.,0.));
#7418 = DIRECTION('',(0.,0.,1.));
#7419 = DEFINITIONAL_REPRESENTATION('',(#7420),#7424);
#7420 = LINE('',#7421,#7422);
#7421 = CARTESIAN_POINT('',(0.,0.));
#7422 = VECTOR('',#7423,1.);
#7423 = DIRECTION('',(1.,0.));
#7424 = ( GEOMETRIC_REPRESENTATION_CONTEXT(2) 
PARAMETRIC_REPRESENTATION_CONTEXT() REPRESENTATION_CONTEXT('2D SPACE',''
  ) );
#7425 = ORIENTED_EDGE('',*,*,#7426,.F.);
#7426 = EDGE_CURVE('',#7427,#7399,#7429,.T.);
#7427 = VERTEX_POINT('',#7428);
#7428 = CARTESIAN_POINT('',(-44.5,120.,-2.1));
#7429 = SURFACE_CURVE('',#7430,(#7434,#7441),.PCURVE_S1.);
#7430 = LINE('',#7431,#7432);
#7431 = CARTESIAN_POINT('',(-44.5,120.,-2.1));
#7432 = VECTOR('',#7433,1.);
#7433 = DIRECTION('',(0.,-1.,0.));
#7434 = PCURVE('',#7374,#7435);
#7435 = DEFINITIONAL_REPRESENTATION('',(#7436),#7440);
#7436 = LINE('',#7437,#7438);
#7437 = CARTESIAN_POINT('',(0.,-3.65));
#7438 = VECTOR('',#7439,1.);
#7439 = DIRECTION('',(0.,1.));
#7440 = ( GEOMETRIC_REPRESENTATION_CONTEXT(2) 
PARAMETRIC_REPRESENTATION_CONTEXT() REPRESENTATION_CONTEXT('2D SPACE',''
  ) );
#7441 = PCURVE('',#7442,#7447);
#7442 = PLANE('',#7443);
#7443 = AXIS2_PLACEMENT_3D('',#7444,#7445,#7446);
#7444 = CARTESIAN_POINT('',(-44.5,116.35,-2.1));
#7445 = DIRECTION('',(0.,0.,1.));
#7446 = DIRECTION('',(1.,0.,0.));
#7447 = DEFINITIONAL_REPRESENTATION('',(#7448),#7452);
#7448 = LINE('',#7449,#7450);
#7449 = CARTESIAN_POINT('',(0.,3.65));
#7450 = VECTOR('',#7451,1.);
#7451 = DIRECTION('',(0.,-1.));
#7452 = ( GEOMETRIC_REPRESENTATION_CONTEXT(2) 
PARAMETRIC_REPRESENTATION_CONTEXT() REPRESENTATION_CONTEXT('2D SPACE',''
  ) );
#7453 = ORIENTED_EDGE('',*,*,#7454,.T.);
#7454 = EDGE_CURVE('',#7427,#7455,#7457,.T.);
#7455 = VERTEX_POINT('',#7456);
#7456 = CARTESIAN_POINT('',(-44.5,120.,2.9));
#7457 = SURFACE_CURVE('',#7458,(#7462,#7469),.PCURVE_S1.);
#7458 = LINE('',#7459,#7460);
#7459 = CARTESIAN_POINT('',(-44.5,120.,-2.1));
#7460 = VECTOR('',#7461,1.);
#7461 = DIRECTION('',(0.,0.,1.));
#7462 = PCURVE('',#7374,#7463);
#7463 = DEFINITIONAL_REPRESENTATION('',(#7464),#7468);
#7464 = LINE('',#7465,#7466);
#7465 = CARTESIAN_POINT('',(0.,-3.65));
#7466 = VECTOR('',#7467,1.);
#7467 = DIRECTION('',(1.,0.));
#7468 = ( GEOMETRIC_REPRESENTATION_CONTEXT(2) 
PARAMETRIC_REPRESENTATION_CONTEXT() REPRESENTATION_CONTEXT('2D SPACE',''
  ) );
#7469 = PCURVE('',#7470,#7475);
#7470 = PLANE('',#7471);
#7471 = AXIS2_PLACEMENT_3D('',#7472,#7473,#7474);
#7472 = CARTESIAN_POINT('',(-44.5,120.,-2.1));
#7473 = DIRECTION('',(0.,1.,0.));
#7474 = DIRECTION('',(0.,0.,1.));
#7475 = DEFINITIONAL_REPRESENTATION('',(#7476),#7480);
#7476 = LINE('',#7477,#7478);
#7477 = CARTESIAN_POINT('',(0.,0.));
#7478 = VECTOR('',#7479,1.);
#7479 = DIRECTION('',(1.,0.));
#7480 = ( GEOMETRIC_REPRESENTATION_CONTEXT(2) 
PARAMETRIC_REPRESENTATION_CONTEXT() REPRESENTATION_CONTEXT('2D SPACE',''
  ) );
#7481 = ORIENTED_EDGE('',*,*,#7482,.F.);
#7482 = EDGE_CURVE('',#7483,#7455,#7485,.T.);
#7483 = VERTEX_POINT('',#7484);
#7484 = CARTESIAN_POINT('',(-44.5,119.,2.9));
#7485 = SURFACE_CURVE('',#7486,(#7490,#7497),.PCURVE_S1.);
#7486 = LINE('',#7487,#7488);
#7487 = CARTESIAN_POINT('',(-44.5,119.,2.9));
#7488 = VECTOR('',#7489,1.);
#7489 = DIRECTION('',(0.,1.,0.));
#7490 = PCURVE('',#7374,#7491);
#7491 = DEFINITIONAL_REPRESENTATION('',(#7492),#7496);
#7492 = LINE('',#7493,#7494);
#7493 = CARTESIAN_POINT('',(5.,-2.65));
#7494 = VECTOR('',#7495,1.);
#7495 = DIRECTION('',(0.,-1.));
#7496 = ( GEOMETRIC_REPRESENTATION_CONTEXT(2) 
PARAMETRIC_REPRESENTATION_CONTEXT() REPRESENTATION_CONTEXT('2D SPACE',''
  ) );
#7497 = PCURVE('',#7498,#7503);
#7498 = PLANE('',#7499);
#7499 = AXIS2_PLACEMENT_3D('',#7500,#7501,#7502);
#7500 = CARTESIAN_POINT('',(-44.5,119.,2.9));
#7501 = DIRECTION('',(0.,0.,1.));
#7502 = DIRECTION('',(1.,0.,0.));
#7503 = DEFINITIONAL_REPRESENTATION('',(#7504),#7508);
#7504 = LINE('',#7505,#7506);
#7505 = CARTESIAN_POINT('',(0.,0.));
#7506 = VECTOR('',#7507,1.);
#7507 = DIRECTION('',(0.,1.));
#7508 = ( GEOMETRIC_REPRESENTATION_CONTEXT(2) 
PARAMETRIC_REPRESENTATION_CONTEXT() REPRESENTATION_CONTEXT('2D SPACE',''
  ) );
#7509 = ORIENTED_EDGE('',*,*,#7510,.F.);
#7510 = EDGE_CURVE('',#7366,#7483,#7511,.T.);
#7511 = SURFACE_CURVE('',#7512,(#7516,#7523),.PCURVE_S1.);
#7512 = LINE('',#7513,#7514);
#7513 = CARTESIAN_POINT('',(-44.5,119.,-2.1));
#7514 = VECTOR('',#7515,1.);
#7515 = DIRECTION('',(0.,0.,1.));
#7516 = PCURVE('',#7374,#7517);
#7517 = DEFINITIONAL_REPRESENTATION('',(#7518),#7522);
#7518 = LINE('',#7519,#7520);
#7519 = CARTESIAN_POINT('',(0.,-2.65));
#7520 = VECTOR('',#7521,1.);
#7521 = DIRECTION('',(1.,0.));
#7522 = ( GEOMETRIC_REPRESENTATION_CONTEXT(2) 
PARAMETRIC_REPRESENTATION_CONTEXT() REPRESENTATION_CONTEXT('2D SPACE',''
  ) );
#7523 = PCURVE('',#7524,#7529);
#7524 = PLANE('',#7525);
#7525 = AXIS2_PLACEMENT_3D('',#7526,#7527,#7528);
#7526 = CARTESIAN_POINT('',(-44.5,119.,-2.1));
#7527 = DIRECTION('',(0.,1.,0.));
#7528 = DIRECTION('',(0.,0.,1.));
#7529 = DEFINITIONAL_REPRESENTATION('',(#7530),#7534);
#7530 = LINE('',#7531,#7532);
#7531 = CARTESIAN_POINT('',(0.,0.));
#7532 = VECTOR('',#7533,1.);
#7533 = DIRECTION('',(1.,0.));
#7534 = ( GEOMETRIC_REPRESENTATION_CONTEXT(2) 
PARAMETRIC_REPRESENTATION_CONTEXT() REPRESENTATION_CONTEXT('2D SPACE',''
  ) );
#7535 = ADVANCED_FACE('',(#7536),#7524,.F.);
#7536 = FACE_BOUND('',#7537,.F.);
#7537 = EDGE_LOOP('',(#7538,#7568,#7587,#7588));
#7538 = ORIENTED_EDGE('',*,*,#7539,.F.);
#7539 = EDGE_CURVE('',#7540,#7542,#7544,.T.);
#7540 = VERTEX_POINT('',#7541);
#7541 = CARTESIAN_POINT('',(-43.5,119.,-1.1));
#7542 = VERTEX_POINT('',#7543);
#7543 = CARTESIAN_POINT('',(-43.5,119.,2.9));
#7544 = SURFACE_CURVE('',#7545,(#7549,#7556),.PCURVE_S1.);
#7545 = LINE('',#7546,#7547);
#7546 = CARTESIAN_POINT('',(-43.5,119.,-2.1));
#7547 = VECTOR('',#7548,1.);
#7548 = DIRECTION('',(0.,0.,1.));
#7549 = PCURVE('',#7524,#7550);
#7550 = DEFINITIONAL_REPRESENTATION('',(#7551),#7555);
#7551 = LINE('',#7552,#7553);
#7552 = CARTESIAN_POINT('',(0.,1.));
#7553 = VECTOR('',#7554,1.);
#7554 = DIRECTION('',(1.,0.));
#7555 = ( GEOMETRIC_REPRESENTATION_CONTEXT(2) 
PARAMETRIC_REPRESENTATION_CONTEXT() REPRESENTATION_CONTEXT('2D SPACE',''
  ) );
#7556 = PCURVE('',#7557,#7562);
#7557 = PLANE('',#7558);
#7558 = AXIS2_PLACEMENT_3D('',#7559,#7560,#7561);
#7559 = CARTESIAN_POINT('',(-43.5,116.35,-2.1));
#7560 = DIRECTION('',(1.,0.,0.));
#7561 = DIRECTION('',(0.,0.,1.));
#7562 = DEFINITIONAL_REPRESENTATION('',(#7563),#7567);
#7563 = LINE('',#7564,#7565);
#7564 = CARTESIAN_POINT('',(0.,-2.65));
#7565 = VECTOR('',#7566,1.);
#7566 = DIRECTION('',(1.,0.));
#7567 = ( GEOMETRIC_REPRESENTATION_CONTEXT(2) 
PARAMETRIC_REPRESENTATION_CONTEXT() REPRESENTATION_CONTEXT('2D SPACE',''
  ) );
#7568 = ORIENTED_EDGE('',*,*,#7569,.T.);
#7569 = EDGE_CURVE('',#7540,#7366,#7570,.T.);
#7570 = SURFACE_CURVE('',#7571,(#7575,#7581),.PCURVE_S1.);
#7571 = LINE('',#7572,#7573);
#7572 = CARTESIAN_POINT('',(-44.5,119.,-1.1));
#7573 = VECTOR('',#7574,1.);
#7574 = DIRECTION('',(-1.,0.,0.));
#7575 = PCURVE('',#7524,#7576);
#7576 = DEFINITIONAL_REPRESENTATION('',(#7577),#7580);
#7577 = B_SPLINE_CURVE_WITH_KNOTS('',1,(#7578,#7579),.UNSPECIFIED.,.F.,
  .F.,(2,2),(-1.,0.),.PIECEWISE_BEZIER_KNOTS.);
#7578 = CARTESIAN_POINT('',(1.,1.));
#7579 = CARTESIAN_POINT('',(1.,0.));
#7580 = ( GEOMETRIC_REPRESENTATION_CONTEXT(2) 
PARAMETRIC_REPRESENTATION_CONTEXT() REPRESENTATION_CONTEXT('2D SPACE',''
  ) );
#7581 = PCURVE('',#7386,#7582);
#7582 = DEFINITIONAL_REPRESENTATION('',(#7583),#7586);
#7583 = B_SPLINE_CURVE_WITH_KNOTS('',1,(#7584,#7585),.UNSPECIFIED.,.F.,
  .F.,(2,2),(-1.,0.),.PIECEWISE_BEZIER_KNOTS.);
#7584 = CARTESIAN_POINT('',(1.,2.65));
#7585 = CARTESIAN_POINT('',(0.,2.65));
#7586 = ( GEOMETRIC_REPRESENTATION_CONTEXT(2) 
PARAMETRIC_REPRESENTATION_CONTEXT() REPRESENTATION_CONTEXT('2D SPACE',''
  ) );
#7587 = ORIENTED_EDGE('',*,*,#7510,.T.);
#7588 = ORIENTED_EDGE('',*,*,#7589,.T.);
#7589 = EDGE_CURVE('',#7483,#7542,#7590,.T.);
#7590 = SURFACE_CURVE('',#7591,(#7595,#7602),.PCURVE_S1.);
#7591 = LINE('',#7592,#7593);
#7592 = CARTESIAN_POINT('',(-44.5,119.,2.9));
#7593 = VECTOR('',#7594,1.);
#7594 = DIRECTION('',(1.,0.,0.));
#7595 = PCURVE('',#7524,#7596);
#7596 = DEFINITIONAL_REPRESENTATION('',(#7597),#7601);
#7597 = LINE('',#7598,#7599);
#7598 = CARTESIAN_POINT('',(5.,0.));
#7599 = VECTOR('',#7600,1.);
#7600 = DIRECTION('',(0.,1.));
#7601 = ( GEOMETRIC_REPRESENTATION_CONTEXT(2) 
PARAMETRIC_REPRESENTATION_CONTEXT() REPRESENTATION_CONTEXT('2D SPACE',''
  ) );
#7602 = PCURVE('',#7498,#7603);
#7603 = DEFINITIONAL_REPRESENTATION('',(#7604),#7608);
#7604 = LINE('',#7605,#7606);
#7605 = CARTESIAN_POINT('',(0.,0.));
#7606 = VECTOR('',#7607,1.);
#7607 = DIRECTION('',(1.,0.));
#7608 = ( GEOMETRIC_REPRESENTATION_CONTEXT(2) 
PARAMETRIC_REPRESENTATION_CONTEXT() REPRESENTATION_CONTEXT('2D SPACE',''
  ) );
#7609 = ADVANCED_FACE('',(#7610),#7557,.T.);
#7610 = FACE_BOUND('',#7611,.T.);
#7611 = EDGE_LOOP('',(#7612,#7635,#7658,#7681,#7704,#7725));
#7612 = ORIENTED_EDGE('',*,*,#7613,.F.);
#7613 = EDGE_CURVE('',#7614,#7540,#7616,.T.);
#7614 = VERTEX_POINT('',#7615);
#7615 = CARTESIAN_POINT('',(-43.5,116.35,-1.1));
#7616 = SURFACE_CURVE('',#7617,(#7621,#7628),.PCURVE_S1.);
#7617 = LINE('',#7618,#7619);
#7618 = CARTESIAN_POINT('',(-43.5,116.35,-1.1));
#7619 = VECTOR('',#7620,1.);
#7620 = DIRECTION('',(0.,1.,0.));
#7621 = PCURVE('',#7557,#7622);
#7622 = DEFINITIONAL_REPRESENTATION('',(#7623),#7627);
#7623 = LINE('',#7624,#7625);
#7624 = CARTESIAN_POINT('',(1.,0.));
#7625 = VECTOR('',#7626,1.);
#7626 = DIRECTION('',(0.,-1.));
#7627 = ( GEOMETRIC_REPRESENTATION_CONTEXT(2) 
PARAMETRIC_REPRESENTATION_CONTEXT() REPRESENTATION_CONTEXT('2D SPACE',''
  ) );
#7628 = PCURVE('',#7386,#7629);
#7629 = DEFINITIONAL_REPRESENTATION('',(#7630),#7634);
#7630 = LINE('',#7631,#7632);
#7631 = CARTESIAN_POINT('',(1.,0.));
#7632 = VECTOR('',#7633,1.);
#7633 = DIRECTION('',(0.,1.));
#7634 = ( GEOMETRIC_REPRESENTATION_CONTEXT(2) 
PARAMETRIC_REPRESENTATION_CONTEXT() REPRESENTATION_CONTEXT('2D SPACE',''
  ) );
#7635 = ORIENTED_EDGE('',*,*,#7636,.F.);
#7636 = EDGE_CURVE('',#7637,#7614,#7639,.T.);
#7637 = VERTEX_POINT('',#7638);
#7638 = CARTESIAN_POINT('',(-43.5,116.35,-2.1));
#7639 = SURFACE_CURVE('',#7640,(#7644,#7651),.PCURVE_S1.);
#7640 = LINE('',#7641,#7642);
#7641 = CARTESIAN_POINT('',(-43.5,116.35,-2.1));
#7642 = VECTOR('',#7643,1.);
#7643 = DIRECTION('',(0.,0.,1.));
#7644 = PCURVE('',#7557,#7645);
#7645 = DEFINITIONAL_REPRESENTATION('',(#7646),#7650);
#7646 = LINE('',#7647,#7648);
#7647 = CARTESIAN_POINT('',(0.,0.));
#7648 = VECTOR('',#7649,1.);
#7649 = DIRECTION('',(1.,0.));
#7650 = ( GEOMETRIC_REPRESENTATION_CONTEXT(2) 
PARAMETRIC_REPRESENTATION_CONTEXT() REPRESENTATION_CONTEXT('2D SPACE',''
  ) );
#7651 = PCURVE('',#7414,#7652);
#7652 = DEFINITIONAL_REPRESENTATION('',(#7653),#7657);
#7653 = LINE('',#7654,#7655);
#7654 = CARTESIAN_POINT('',(0.,1.));
#7655 = VECTOR('',#7656,1.);
#7656 = DIRECTION('',(1.,0.));
#7657 = ( GEOMETRIC_REPRESENTATION_CONTEXT(2) 
PARAMETRIC_REPRESENTATION_CONTEXT() REPRESENTATION_CONTEXT('2D SPACE',''
  ) );
#7658 = ORIENTED_EDGE('',*,*,#7659,.F.);
#7659 = EDGE_CURVE('',#7660,#7637,#7662,.T.);
#7660 = VERTEX_POINT('',#7661);
#7661 = CARTESIAN_POINT('',(-43.5,120.,-2.1));
#7662 = SURFACE_CURVE('',#7663,(#7667,#7674),.PCURVE_S1.);
#7663 = LINE('',#7664,#7665);
#7664 = CARTESIAN_POINT('',(-43.5,120.,-2.1));
#7665 = VECTOR('',#7666,1.);
#7666 = DIRECTION('',(0.,-1.,0.));
#7667 = PCURVE('',#7557,#7668);
#7668 = DEFINITIONAL_REPRESENTATION('',(#7669),#7673);
#7669 = LINE('',#7670,#7671);
#7670 = CARTESIAN_POINT('',(0.,-3.65));
#7671 = VECTOR('',#7672,1.);
#7672 = DIRECTION('',(0.,1.));
#7673 = ( GEOMETRIC_REPRESENTATION_CONTEXT(2) 
PARAMETRIC_REPRESENTATION_CONTEXT() REPRESENTATION_CONTEXT('2D SPACE',''
  ) );
#7674 = PCURVE('',#7442,#7675);
#7675 = DEFINITIONAL_REPRESENTATION('',(#7676),#7680);
#7676 = LINE('',#7677,#7678);
#7677 = CARTESIAN_POINT('',(1.,3.65));
#7678 = VECTOR('',#7679,1.);
#7679 = DIRECTION('',(0.,-1.));
#7680 = ( GEOMETRIC_REPRESENTATION_CONTEXT(2) 
PARAMETRIC_REPRESENTATION_CONTEXT() REPRESENTATION_CONTEXT('2D SPACE',''
  ) );
#7681 = ORIENTED_EDGE('',*,*,#7682,.T.);
#7682 = EDGE_CURVE('',#7660,#7683,#7685,.T.);
#7683 = VERTEX_POINT('',#7684);
#7684 = CARTESIAN_POINT('',(-43.5,120.,2.9));
#7685 = SURFACE_CURVE('',#7686,(#7690,#7697),.PCURVE_S1.);
#7686 = LINE('',#7687,#7688);
#7687 = CARTESIAN_POINT('',(-43.5,120.,-2.1));
#7688 = VECTOR('',#7689,1.);
#7689 = DIRECTION('',(0.,0.,1.));
#7690 = PCURVE('',#7557,#7691);
#7691 = DEFINITIONAL_REPRESENTATION('',(#7692),#7696);
#7692 = LINE('',#7693,#7694);
#7693 = CARTESIAN_POINT('',(0.,-3.65));
#7694 = VECTOR('',#7695,1.);
#7695 = DIRECTION('',(1.,0.));
#7696 = ( GEOMETRIC_REPRESENTATION_CONTEXT(2) 
PARAMETRIC_REPRESENTATION_CONTEXT() REPRESENTATION_CONTEXT('2D SPACE',''
  ) );
#7697 = PCURVE('',#7470,#7698);
#7698 = DEFINITIONAL_REPRESENTATION('',(#7699),#7703);
#7699 = LINE('',#7700,#7701);
#7700 = CARTESIAN_POINT('',(0.,1.));
#7701 = VECTOR('',#7702,1.);
#7702 = DIRECTION('',(1.,0.));
#7703 = ( GEOMETRIC_REPRESENTATION_CONTEXT(2) 
PARAMETRIC_REPRESENTATION_CONTEXT() REPRESENTATION_CONTEXT('2D SPACE',''
  ) );
#7704 = ORIENTED_EDGE('',*,*,#7705,.F.);
#7705 = EDGE_CURVE('',#7542,#7683,#7706,.T.);
#7706 = SURFACE_CURVE('',#7707,(#7711,#7718),.PCURVE_S1.);
#7707 = LINE('',#7708,#7709);
#7708 = CARTESIAN_POINT('',(-43.5,119.,2.9));
#7709 = VECTOR('',#7710,1.);
#7710 = DIRECTION('',(0.,1.,0.));
#7711 = PCURVE('',#7557,#7712);
#7712 = DEFINITIONAL_REPRESENTATION('',(#7713),#7717);
#7713 = LINE('',#7714,#7715);
#7714 = CARTESIAN_POINT('',(5.,-2.65));
#7715 = VECTOR('',#7716,1.);
#7716 = DIRECTION('',(0.,-1.));
#7717 = ( GEOMETRIC_REPRESENTATION_CONTEXT(2) 
PARAMETRIC_REPRESENTATION_CONTEXT() REPRESENTATION_CONTEXT('2D SPACE',''
  ) );
#7718 = PCURVE('',#7498,#7719);
#7719 = DEFINITIONAL_REPRESENTATION('',(#7720),#7724);
#7720 = LINE('',#7721,#7722);
#7721 = CARTESIAN_POINT('',(1.,0.));
#7722 = VECTOR('',#7723,1.);
#7723 = DIRECTION('',(0.,1.));
#7724 = ( GEOMETRIC_REPRESENTATION_CONTEXT(2) 
PARAMETRIC_REPRESENTATION_CONTEXT() REPRESENTATION_CONTEXT('2D SPACE',''
  ) );
#7725 = ORIENTED_EDGE('',*,*,#7539,.F.);
#7726 = ADVANCED_FACE('',(#7727),#7498,.T.);
#7727 = FACE_BOUND('',#7728,.T.);
#7728 = EDGE_LOOP('',(#7729,#7730,#7731,#7732));
#7729 = ORIENTED_EDGE('',*,*,#7482,.F.);
#7730 = ORIENTED_EDGE('',*,*,#7589,.T.);
#7731 = ORIENTED_EDGE('',*,*,#7705,.T.);
#7732 = ORIENTED_EDGE('',*,*,#7733,.F.);
#7733 = EDGE_CURVE('',#7455,#7683,#7734,.T.);
#7734 = SURFACE_CURVE('',#7735,(#7739,#7746),.PCURVE_S1.);
#7735 = LINE('',#7736,#7737);
#7736 = CARTESIAN_POINT('',(-44.5,120.,2.9));
#7737 = VECTOR('',#7738,1.);
#7738 = DIRECTION('',(1.,0.,0.));
#7739 = PCURVE('',#7498,#7740);
#7740 = DEFINITIONAL_REPRESENTATION('',(#7741),#7745);
#7741 = LINE('',#7742,#7743);
#7742 = CARTESIAN_POINT('',(0.,1.));
#7743 = VECTOR('',#7744,1.);
#7744 = DIRECTION('',(1.,0.));
#7745 = ( GEOMETRIC_REPRESENTATION_CONTEXT(2) 
PARAMETRIC_REPRESENTATION_CONTEXT() REPRESENTATION_CONTEXT('2D SPACE',''
  ) );
#7746 = PCURVE('',#7470,#7747);
#7747 = DEFINITIONAL_REPRESENTATION('',(#7748),#7752);
#7748 = LINE('',#7749,#7750);
#7749 = CARTESIAN_POINT('',(5.,0.));
#7750 = VECTOR('',#7751,1.);
#7751 = DIRECTION('',(0.,1.));
#7752 = ( GEOMETRIC_REPRESENTATION_CONTEXT(2) 
PARAMETRIC_REPRESENTATION_CONTEXT() REPRESENTATION_CONTEXT('2D SPACE',''
  ) );
#7753 = ADVANCED_FACE('',(#7754),#7470,.T.);
#7754 = FACE_BOUND('',#7755,.T.);
#7755 = EDGE_LOOP('',(#7756,#7777,#7778,#7779));
#7756 = ORIENTED_EDGE('',*,*,#7757,.F.);
#7757 = EDGE_CURVE('',#7427,#7660,#7758,.T.);
#7758 = SURFACE_CURVE('',#7759,(#7763,#7770),.PCURVE_S1.);
#7759 = LINE('',#7760,#7761);
#7760 = CARTESIAN_POINT('',(-44.5,120.,-2.1));
#7761 = VECTOR('',#7762,1.);
#7762 = DIRECTION('',(1.,0.,0.));
#7763 = PCURVE('',#7470,#7764);
#7764 = DEFINITIONAL_REPRESENTATION('',(#7765),#7769);
#7765 = LINE('',#7766,#7767);
#7766 = CARTESIAN_POINT('',(0.,0.));
#7767 = VECTOR('',#7768,1.);
#7768 = DIRECTION('',(0.,1.));
#7769 = ( GEOMETRIC_REPRESENTATION_CONTEXT(2) 
PARAMETRIC_REPRESENTATION_CONTEXT() REPRESENTATION_CONTEXT('2D SPACE',''
  ) );
#7770 = PCURVE('',#7442,#7771);
#7771 = DEFINITIONAL_REPRESENTATION('',(#7772),#7776);
#7772 = LINE('',#7773,#7774);
#7773 = CARTESIAN_POINT('',(0.,3.65));
#7774 = VECTOR('',#7775,1.);
#7775 = DIRECTION('',(1.,0.));
#7776 = ( GEOMETRIC_REPRESENTATION_CONTEXT(2) 
PARAMETRIC_REPRESENTATION_CONTEXT() REPRESENTATION_CONTEXT('2D SPACE',''
  ) );
#7777 = ORIENTED_EDGE('',*,*,#7454,.T.);
#7778 = ORIENTED_EDGE('',*,*,#7733,.T.);
#7779 = ORIENTED_EDGE('',*,*,#7682,.F.);
#7780 = ADVANCED_FACE('',(#7781),#7442,.F.);
#7781 = FACE_BOUND('',#7782,.F.);
#7782 = EDGE_LOOP('',(#7783,#7804,#7805,#7806));
#7783 = ORIENTED_EDGE('',*,*,#7784,.T.);
#7784 = EDGE_CURVE('',#7399,#7637,#7785,.T.);
#7785 = SURFACE_CURVE('',#7786,(#7790,#7797),.PCURVE_S1.);
#7786 = LINE('',#7787,#7788);
#7787 = CARTESIAN_POINT('',(-44.5,116.35,-2.1));
#7788 = VECTOR('',#7789,1.);
#7789 = DIRECTION('',(1.,0.,0.));
#7790 = PCURVE('',#7442,#7791);
#7791 = DEFINITIONAL_REPRESENTATION('',(#7792),#7796);
#7792 = LINE('',#7793,#7794);
#7793 = CARTESIAN_POINT('',(0.,0.));
#7794 = VECTOR('',#7795,1.);
#7795 = DIRECTION('',(1.,0.));
#7796 = ( GEOMETRIC_REPRESENTATION_CONTEXT(2) 
PARAMETRIC_REPRESENTATION_CONTEXT() REPRESENTATION_CONTEXT('2D SPACE',''
  ) );
#7797 = PCURVE('',#7414,#7798);
#7798 = DEFINITIONAL_REPRESENTATION('',(#7799),#7803);
#7799 = LINE('',#7800,#7801);
#7800 = CARTESIAN_POINT('',(0.,0.));
#7801 = VECTOR('',#7802,1.);
#7802 = DIRECTION('',(0.,1.));
#7803 = ( GEOMETRIC_REPRESENTATION_CONTEXT(2) 
PARAMETRIC_REPRESENTATION_CONTEXT() REPRESENTATION_CONTEXT('2D SPACE',''
  ) );
#7804 = ORIENTED_EDGE('',*,*,#7659,.F.);
#7805 = ORIENTED_EDGE('',*,*,#7757,.F.);
#7806 = ORIENTED_EDGE('',*,*,#7426,.T.);
#7807 = ADVANCED_FACE('',(#7808),#7414,.F.);
#7808 = FACE_BOUND('',#7809,.F.);
#7809 = EDGE_LOOP('',(#7810,#7811,#7812,#7833));
#7810 = ORIENTED_EDGE('',*,*,#7784,.F.);
#7811 = ORIENTED_EDGE('',*,*,#7398,.T.);
#7812 = ORIENTED_EDGE('',*,*,#7813,.T.);
#7813 = EDGE_CURVE('',#7364,#7614,#7814,.T.);
#7814 = SURFACE_CURVE('',#7815,(#7819,#7826),.PCURVE_S1.);
#7815 = LINE('',#7816,#7817);
#7816 = CARTESIAN_POINT('',(-44.5,116.35,-1.1));
#7817 = VECTOR('',#7818,1.);
#7818 = DIRECTION('',(1.,0.,0.));
#7819 = PCURVE('',#7414,#7820);
#7820 = DEFINITIONAL_REPRESENTATION('',(#7821),#7825);
#7821 = LINE('',#7822,#7823);
#7822 = CARTESIAN_POINT('',(1.,0.));
#7823 = VECTOR('',#7824,1.);
#7824 = DIRECTION('',(0.,1.));
#7825 = ( GEOMETRIC_REPRESENTATION_CONTEXT(2) 
PARAMETRIC_REPRESENTATION_CONTEXT() REPRESENTATION_CONTEXT('2D SPACE',''
  ) );
#7826 = PCURVE('',#7386,#7827);
#7827 = DEFINITIONAL_REPRESENTATION('',(#7828),#7832);
#7828 = LINE('',#7829,#7830);
#7829 = CARTESIAN_POINT('',(0.,0.));
#7830 = VECTOR('',#7831,1.);
#7831 = DIRECTION('',(1.,0.));
#7832 = ( GEOMETRIC_REPRESENTATION_CONTEXT(2) 
PARAMETRIC_REPRESENTATION_CONTEXT() REPRESENTATION_CONTEXT('2D SPACE',''
  ) );
#7833 = ORIENTED_EDGE('',*,*,#7636,.F.);
#7834 = ADVANCED_FACE('',(#7835),#7386,.T.);
#7835 = FACE_BOUND('',#7836,.T.);
#7836 = EDGE_LOOP('',(#7837,#7838,#7839,#7840));
#7837 = ORIENTED_EDGE('',*,*,#7363,.F.);
#7838 = ORIENTED_EDGE('',*,*,#7813,.T.);
#7839 = ORIENTED_EDGE('',*,*,#7613,.T.);
#7840 = ORIENTED_EDGE('',*,*,#7569,.T.);
#7841 = ( GEOMETRIC_REPRESENTATION_CONTEXT(3) 
GLOBAL_UNCERTAINTY_ASSIGNED_CONTEXT((#7845)) 
GLOBAL_UNIT_ASSIGNED_CONTEXT((#7842,#7843,#7844)) REPRESENTATION_CONTEXT
('Context #1','3D Context with UNIT and UNCERTAINTY') );
#7842 = ( LENGTH_UNIT() NAMED_UNIT(*) SI_UNIT(.MILLI.,.METRE.) );
#7843 = ( NAMED_UNIT(*) PLANE_ANGLE_UNIT() SI_UNIT($,.RADIAN.) );
#7844 = ( NAMED_UNIT(*) SI_UNIT($,.STERADIAN.) SOLID_ANGLE_UNIT() );
#7845 = UNCERTAINTY_MEASURE_WITH_UNIT(LENGTH_MEASURE(1.E-07),#7842,
  'distance_accuracy_value','confusion accuracy');
#7846 = CONTEXT_DEPENDENT_SHAPE_REPRESENTATION(#7847,#7849);
#7847 = ( REPRESENTATION_RELATIONSHIP('','',#7356,#10) 
REPRESENTATION_RELATIONSHIP_WITH_TRANSFORMATION(#7848) 
SHAPE_REPRESENTATION_RELATIONSHIP() );
#7848 = ITEM_DEFINED_TRANSFORMATION('','',#11,#47);
#7849 = PRODUCT_DEFINITION_SHAPE('Placement','Placement of an item',
  #7850);
#7850 = NEXT_ASSEMBLY_USAGE_OCCURRENCE('35','SPEAKER_LEAD_RESERVE_TO_J4'
  ,'',#5,#7351,$);
#7851 = PRODUCT_RELATED_PRODUCT_CATEGORY('part',$,(#7353));
#7852 = SHAPE_DEFINITION_REPRESENTATION(#7853,#7859);
#7853 = PRODUCT_DEFINITION_SHAPE('','',#7854);
#7854 = PRODUCT_DEFINITION('design','',#7855,#7858);
#7855 = PRODUCT_DEFINITION_FORMATION('','',#7856);
#7856 = PRODUCT('SPEAKER_LEAD_RESERVE_TO_J5',
  'SPEAKER_LEAD_RESERVE_TO_J5','',(#7857));
#7857 = PRODUCT_CONTEXT('',#2,'mechanical');
#7858 = PRODUCT_DEFINITION_CONTEXT('part definition',#2,'design');
#7859 = ADVANCED_BREP_SHAPE_REPRESENTATION('',(#11,#7860),#8344);
#7860 = MANIFOLD_SOLID_BREP('',#7861);
#7861 = CLOSED_SHELL('',(#7862,#8038,#8112,#8229,#8256,#8283,#8310,#8337
    ));
#7862 = ADVANCED_FACE('',(#7863),#7877,.F.);
#7863 = FACE_BOUND('',#7864,.F.);
#7864 = EDGE_LOOP('',(#7865,#7900,#7928,#7956,#7984,#8012));
#7865 = ORIENTED_EDGE('',*,*,#7866,.F.);
#7866 = EDGE_CURVE('',#7867,#7869,#7871,.T.);
#7867 = VERTEX_POINT('',#7868);
#7868 = CARTESIAN_POINT('',(43.5,116.35,-1.1));
#7869 = VERTEX_POINT('',#7870);
#7870 = CARTESIAN_POINT('',(43.5,119.,-1.1));
#7871 = SURFACE_CURVE('',#7872,(#7876,#7888),.PCURVE_S1.);
#7872 = LINE('',#7873,#7874);
#7873 = CARTESIAN_POINT('',(43.5,116.35,-1.1));
#7874 = VECTOR('',#7875,1.);
#7875 = DIRECTION('',(0.,1.,0.));
#7876 = PCURVE('',#7877,#7882);
#7877 = PLANE('',#7878);
#7878 = AXIS2_PLACEMENT_3D('',#7879,#7880,#7881);
#7879 = CARTESIAN_POINT('',(43.5,116.35,-2.1));
#7880 = DIRECTION('',(1.,0.,0.));
#7881 = DIRECTION('',(0.,0.,1.));
#7882 = DEFINITIONAL_REPRESENTATION('',(#7883),#7887);
#7883 = LINE('',#7884,#7885);
#7884 = CARTESIAN_POINT('',(1.,0.));
#7885 = VECTOR('',#7886,1.);
#7886 = DIRECTION('',(0.,-1.));
#7887 = ( GEOMETRIC_REPRESENTATION_CONTEXT(2) 
PARAMETRIC_REPRESENTATION_CONTEXT() REPRESENTATION_CONTEXT('2D SPACE',''
  ) );
#7888 = PCURVE('',#7889,#7894);
#7889 = PLANE('',#7890);
#7890 = AXIS2_PLACEMENT_3D('',#7891,#7892,#7893);
#7891 = CARTESIAN_POINT('',(43.5,116.35,-1.1));
#7892 = DIRECTION('',(0.,0.,1.));
#7893 = DIRECTION('',(1.,0.,0.));
#7894 = DEFINITIONAL_REPRESENTATION('',(#7895),#7899);
#7895 = LINE('',#7896,#7897);
#7896 = CARTESIAN_POINT('',(0.,0.));
#7897 = VECTOR('',#7898,1.);
#7898 = DIRECTION('',(0.,1.));
#7899 = ( GEOMETRIC_REPRESENTATION_CONTEXT(2) 
PARAMETRIC_REPRESENTATION_CONTEXT() REPRESENTATION_CONTEXT('2D SPACE',''
  ) );
#7900 = ORIENTED_EDGE('',*,*,#7901,.F.);
#7901 = EDGE_CURVE('',#7902,#7867,#7904,.T.);
#7902 = VERTEX_POINT('',#7903);
#7903 = CARTESIAN_POINT('',(43.5,116.35,-2.1));
#7904 = SURFACE_CURVE('',#7905,(#7909,#7916),.PCURVE_S1.);
#7905 = LINE('',#7906,#7907);
#7906 = CARTESIAN_POINT('',(43.5,116.35,-2.1));
#7907 = VECTOR('',#7908,1.);
#7908 = DIRECTION('',(0.,0.,1.));
#7909 = PCURVE('',#7877,#7910);
#7910 = DEFINITIONAL_REPRESENTATION('',(#7911),#7915);
#7911 = LINE('',#7912,#7913);
#7912 = CARTESIAN_POINT('',(0.,0.));
#7913 = VECTOR('',#7914,1.);
#7914 = DIRECTION('',(1.,0.));
#7915 = ( GEOMETRIC_REPRESENTATION_CONTEXT(2) 
PARAMETRIC_REPRESENTATION_CONTEXT() REPRESENTATION_CONTEXT('2D SPACE',''
  ) );
#7916 = PCURVE('',#7917,#7922);
#7917 = PLANE('',#7918);
#7918 = AXIS2_PLACEMENT_3D('',#7919,#7920,#7921);
#7919 = CARTESIAN_POINT('',(43.5,116.35,-2.1));
#7920 = DIRECTION('',(0.,1.,0.));
#7921 = DIRECTION('',(0.,0.,1.));
#7922 = DEFINITIONAL_REPRESENTATION('',(#7923),#7927);
#7923 = LINE('',#7924,#7925);
#7924 = CARTESIAN_POINT('',(0.,0.));
#7925 = VECTOR('',#7926,1.);
#7926 = DIRECTION('',(1.,0.));
#7927 = ( GEOMETRIC_REPRESENTATION_CONTEXT(2) 
PARAMETRIC_REPRESENTATION_CONTEXT() REPRESENTATION_CONTEXT('2D SPACE',''
  ) );
#7928 = ORIENTED_EDGE('',*,*,#7929,.F.);
#7929 = EDGE_CURVE('',#7930,#7902,#7932,.T.);
#7930 = VERTEX_POINT('',#7931);
#7931 = CARTESIAN_POINT('',(43.5,120.,-2.1));
#7932 = SURFACE_CURVE('',#7933,(#7937,#7944),.PCURVE_S1.);
#7933 = LINE('',#7934,#7935);
#7934 = CARTESIAN_POINT('',(43.5,120.,-2.1));
#7935 = VECTOR('',#7936,1.);
#7936 = DIRECTION('',(0.,-1.,0.));
#7937 = PCURVE('',#7877,#7938);
#7938 = DEFINITIONAL_REPRESENTATION('',(#7939),#7943);
#7939 = LINE('',#7940,#7941);
#7940 = CARTESIAN_POINT('',(0.,-3.65));
#7941 = VECTOR('',#7942,1.);
#7942 = DIRECTION('',(0.,1.));
#7943 = ( GEOMETRIC_REPRESENTATION_CONTEXT(2) 
PARAMETRIC_REPRESENTATION_CONTEXT() REPRESENTATION_CONTEXT('2D SPACE',''
  ) );
#7944 = PCURVE('',#7945,#7950);
#7945 = PLANE('',#7946);
#7946 = AXIS2_PLACEMENT_3D('',#7947,#7948,#7949);
#7947 = CARTESIAN_POINT('',(43.5,116.35,-2.1));
#7948 = DIRECTION('',(0.,0.,1.));
#7949 = DIRECTION('',(1.,0.,0.));
#7950 = DEFINITIONAL_REPRESENTATION('',(#7951),#7955);
#7951 = LINE('',#7952,#7953);
#7952 = CARTESIAN_POINT('',(0.,3.65));
#7953 = VECTOR('',#7954,1.);
#7954 = DIRECTION('',(0.,-1.));
#7955 = ( GEOMETRIC_REPRESENTATION_CONTEXT(2) 
PARAMETRIC_REPRESENTATION_CONTEXT() REPRESENTATION_CONTEXT('2D SPACE',''
  ) );
#7956 = ORIENTED_EDGE('',*,*,#7957,.T.);
#7957 = EDGE_CURVE('',#7930,#7958,#7960,.T.);
#7958 = VERTEX_POINT('',#7959);
#7959 = CARTESIAN_POINT('',(43.5,120.,2.9));
#7960 = SURFACE_CURVE('',#7961,(#7965,#7972),.PCURVE_S1.);
#7961 = LINE('',#7962,#7963);
#7962 = CARTESIAN_POINT('',(43.5,120.,-2.1));
#7963 = VECTOR('',#7964,1.);
#7964 = DIRECTION('',(0.,0.,1.));
#7965 = PCURVE('',#7877,#7966);
#7966 = DEFINITIONAL_REPRESENTATION('',(#7967),#7971);
#7967 = LINE('',#7968,#7969);
#7968 = CARTESIAN_POINT('',(0.,-3.65));
#7969 = VECTOR('',#7970,1.);
#7970 = DIRECTION('',(1.,0.));
#7971 = ( GEOMETRIC_REPRESENTATION_CONTEXT(2) 
PARAMETRIC_REPRESENTATION_CONTEXT() REPRESENTATION_CONTEXT('2D SPACE',''
  ) );
#7972 = PCURVE('',#7973,#7978);
#7973 = PLANE('',#7974);
#7974 = AXIS2_PLACEMENT_3D('',#7975,#7976,#7977);
#7975 = CARTESIAN_POINT('',(43.5,120.,-2.1));
#7976 = DIRECTION('',(0.,1.,0.));
#7977 = DIRECTION('',(0.,0.,1.));
#7978 = DEFINITIONAL_REPRESENTATION('',(#7979),#7983);
#7979 = LINE('',#7980,#7981);
#7980 = CARTESIAN_POINT('',(0.,0.));
#7981 = VECTOR('',#7982,1.);
#7982 = DIRECTION('',(1.,0.));
#7983 = ( GEOMETRIC_REPRESENTATION_CONTEXT(2) 
PARAMETRIC_REPRESENTATION_CONTEXT() REPRESENTATION_CONTEXT('2D SPACE',''
  ) );
#7984 = ORIENTED_EDGE('',*,*,#7985,.F.);
#7985 = EDGE_CURVE('',#7986,#7958,#7988,.T.);
#7986 = VERTEX_POINT('',#7987);
#7987 = CARTESIAN_POINT('',(43.5,119.,2.9));
#7988 = SURFACE_CURVE('',#7989,(#7993,#8000),.PCURVE_S1.);
#7989 = LINE('',#7990,#7991);
#7990 = CARTESIAN_POINT('',(43.5,119.,2.9));
#7991 = VECTOR('',#7992,1.);
#7992 = DIRECTION('',(0.,1.,0.));
#7993 = PCURVE('',#7877,#7994);
#7994 = DEFINITIONAL_REPRESENTATION('',(#7995),#7999);
#7995 = LINE('',#7996,#7997);
#7996 = CARTESIAN_POINT('',(5.,-2.65));
#7997 = VECTOR('',#7998,1.);
#7998 = DIRECTION('',(0.,-1.));
#7999 = ( GEOMETRIC_REPRESENTATION_CONTEXT(2) 
PARAMETRIC_REPRESENTATION_CONTEXT() REPRESENTATION_CONTEXT('2D SPACE',''
  ) );
#8000 = PCURVE('',#8001,#8006);
#8001 = PLANE('',#8002);
#8002 = AXIS2_PLACEMENT_3D('',#8003,#8004,#8005);
#8003 = CARTESIAN_POINT('',(43.5,119.,2.9));
#8004 = DIRECTION('',(0.,0.,1.));
#8005 = DIRECTION('',(1.,0.,0.));
#8006 = DEFINITIONAL_REPRESENTATION('',(#8007),#8011);
#8007 = LINE('',#8008,#8009);
#8008 = CARTESIAN_POINT('',(0.,0.));
#8009 = VECTOR('',#8010,1.);
#8010 = DIRECTION('',(0.,1.));
#8011 = ( GEOMETRIC_REPRESENTATION_CONTEXT(2) 
PARAMETRIC_REPRESENTATION_CONTEXT() REPRESENTATION_CONTEXT('2D SPACE',''
  ) );
#8012 = ORIENTED_EDGE('',*,*,#8013,.F.);
#8013 = EDGE_CURVE('',#7869,#7986,#8014,.T.);
#8014 = SURFACE_CURVE('',#8015,(#8019,#8026),.PCURVE_S1.);
#8015 = LINE('',#8016,#8017);
#8016 = CARTESIAN_POINT('',(43.5,119.,-2.1));
#8017 = VECTOR('',#8018,1.);
#8018 = DIRECTION('',(0.,0.,1.));
#8019 = PCURVE('',#7877,#8020);
#8020 = DEFINITIONAL_REPRESENTATION('',(#8021),#8025);
#8021 = LINE('',#8022,#8023);
#8022 = CARTESIAN_POINT('',(0.,-2.65));
#8023 = VECTOR('',#8024,1.);
#8024 = DIRECTION('',(1.,0.));
#8025 = ( GEOMETRIC_REPRESENTATION_CONTEXT(2) 
PARAMETRIC_REPRESENTATION_CONTEXT() REPRESENTATION_CONTEXT('2D SPACE',''
  ) );
#8026 = PCURVE('',#8027,#8032);
#8027 = PLANE('',#8028);
#8028 = AXIS2_PLACEMENT_3D('',#8029,#8030,#8031);
#8029 = CARTESIAN_POINT('',(43.5,119.,-2.1));
#8030 = DIRECTION('',(0.,1.,0.));
#8031 = DIRECTION('',(0.,0.,1.));
#8032 = DEFINITIONAL_REPRESENTATION('',(#8033),#8037);
#8033 = LINE('',#8034,#8035);
#8034 = CARTESIAN_POINT('',(0.,0.));
#8035 = VECTOR('',#8036,1.);
#8036 = DIRECTION('',(1.,0.));
#8037 = ( GEOMETRIC_REPRESENTATION_CONTEXT(2) 
PARAMETRIC_REPRESENTATION_CONTEXT() REPRESENTATION_CONTEXT('2D SPACE',''
  ) );
#8038 = ADVANCED_FACE('',(#8039),#8027,.F.);
#8039 = FACE_BOUND('',#8040,.F.);
#8040 = EDGE_LOOP('',(#8041,#8071,#8090,#8091));
#8041 = ORIENTED_EDGE('',*,*,#8042,.F.);
#8042 = EDGE_CURVE('',#8043,#8045,#8047,.T.);
#8043 = VERTEX_POINT('',#8044);
#8044 = CARTESIAN_POINT('',(44.5,119.,-1.1));
#8045 = VERTEX_POINT('',#8046);
#8046 = CARTESIAN_POINT('',(44.5,119.,2.9));
#8047 = SURFACE_CURVE('',#8048,(#8052,#8059),.PCURVE_S1.);
#8048 = LINE('',#8049,#8050);
#8049 = CARTESIAN_POINT('',(44.5,119.,-2.1));
#8050 = VECTOR('',#8051,1.);
#8051 = DIRECTION('',(0.,0.,1.));
#8052 = PCURVE('',#8027,#8053);
#8053 = DEFINITIONAL_REPRESENTATION('',(#8054),#8058);
#8054 = LINE('',#8055,#8056);
#8055 = CARTESIAN_POINT('',(0.,1.));
#8056 = VECTOR('',#8057,1.);
#8057 = DIRECTION('',(1.,0.));
#8058 = ( GEOMETRIC_REPRESENTATION_CONTEXT(2) 
PARAMETRIC_REPRESENTATION_CONTEXT() REPRESENTATION_CONTEXT('2D SPACE',''
  ) );
#8059 = PCURVE('',#8060,#8065);
#8060 = PLANE('',#8061);
#8061 = AXIS2_PLACEMENT_3D('',#8062,#8063,#8064);
#8062 = CARTESIAN_POINT('',(44.5,116.35,-2.1));
#8063 = DIRECTION('',(1.,0.,0.));
#8064 = DIRECTION('',(0.,0.,1.));
#8065 = DEFINITIONAL_REPRESENTATION('',(#8066),#8070);
#8066 = LINE('',#8067,#8068);
#8067 = CARTESIAN_POINT('',(0.,-2.65));
#8068 = VECTOR('',#8069,1.);
#8069 = DIRECTION('',(1.,0.));
#8070 = ( GEOMETRIC_REPRESENTATION_CONTEXT(2) 
PARAMETRIC_REPRESENTATION_CONTEXT() REPRESENTATION_CONTEXT('2D SPACE',''
  ) );
#8071 = ORIENTED_EDGE('',*,*,#8072,.T.);
#8072 = EDGE_CURVE('',#8043,#7869,#8073,.T.);
#8073 = SURFACE_CURVE('',#8074,(#8078,#8084),.PCURVE_S1.);
#8074 = LINE('',#8075,#8076);
#8075 = CARTESIAN_POINT('',(43.5,119.,-1.1));
#8076 = VECTOR('',#8077,1.);
#8077 = DIRECTION('',(-1.,0.,0.));
#8078 = PCURVE('',#8027,#8079);
#8079 = DEFINITIONAL_REPRESENTATION('',(#8080),#8083);
#8080 = B_SPLINE_CURVE_WITH_KNOTS('',1,(#8081,#8082),.UNSPECIFIED.,.F.,
  .F.,(2,2),(-1.,0.),.PIECEWISE_BEZIER_KNOTS.);
#8081 = CARTESIAN_POINT('',(1.,1.));
#8082 = CARTESIAN_POINT('',(1.,0.));
#8083 = ( GEOMETRIC_REPRESENTATION_CONTEXT(2) 
PARAMETRIC_REPRESENTATION_CONTEXT() REPRESENTATION_CONTEXT('2D SPACE',''
  ) );
#8084 = PCURVE('',#7889,#8085);
#8085 = DEFINITIONAL_REPRESENTATION('',(#8086),#8089);
#8086 = B_SPLINE_CURVE_WITH_KNOTS('',1,(#8087,#8088),.UNSPECIFIED.,.F.,
  .F.,(2,2),(-1.,0.),.PIECEWISE_BEZIER_KNOTS.);
#8087 = CARTESIAN_POINT('',(1.,2.65));
#8088 = CARTESIAN_POINT('',(0.,2.65));
#8089 = ( GEOMETRIC_REPRESENTATION_CONTEXT(2) 
PARAMETRIC_REPRESENTATION_CONTEXT() REPRESENTATION_CONTEXT('2D SPACE',''
  ) );
#8090 = ORIENTED_EDGE('',*,*,#8013,.T.);
#8091 = ORIENTED_EDGE('',*,*,#8092,.T.);
#8092 = EDGE_CURVE('',#7986,#8045,#8093,.T.);
#8093 = SURFACE_CURVE('',#8094,(#8098,#8105),.PCURVE_S1.);
#8094 = LINE('',#8095,#8096);
#8095 = CARTESIAN_POINT('',(43.5,119.,2.9));
#8096 = VECTOR('',#8097,1.);
#8097 = DIRECTION('',(1.,0.,0.));
#8098 = PCURVE('',#8027,#8099);
#8099 = DEFINITIONAL_REPRESENTATION('',(#8100),#8104);
#8100 = LINE('',#8101,#8102);
#8101 = CARTESIAN_POINT('',(5.,0.));
#8102 = VECTOR('',#8103,1.);
#8103 = DIRECTION('',(0.,1.));
#8104 = ( GEOMETRIC_REPRESENTATION_CONTEXT(2) 
PARAMETRIC_REPRESENTATION_CONTEXT() REPRESENTATION_CONTEXT('2D SPACE',''
  ) );
#8105 = PCURVE('',#8001,#8106);
#8106 = DEFINITIONAL_REPRESENTATION('',(#8107),#8111);
#8107 = LINE('',#8108,#8109);
#8108 = CARTESIAN_POINT('',(0.,0.));
#8109 = VECTOR('',#8110,1.);
#8110 = DIRECTION('',(1.,0.));
#8111 = ( GEOMETRIC_REPRESENTATION_CONTEXT(2) 
PARAMETRIC_REPRESENTATION_CONTEXT() REPRESENTATION_CONTEXT('2D SPACE',''
  ) );
#8112 = ADVANCED_FACE('',(#8113),#8060,.T.);
#8113 = FACE_BOUND('',#8114,.T.);
#8114 = EDGE_LOOP('',(#8115,#8138,#8161,#8184,#8207,#8228));
#8115 = ORIENTED_EDGE('',*,*,#8116,.F.);
#8116 = EDGE_CURVE('',#8117,#8043,#8119,.T.);
#8117 = VERTEX_POINT('',#8118);
#8118 = CARTESIAN_POINT('',(44.5,116.35,-1.1));
#8119 = SURFACE_CURVE('',#8120,(#8124,#8131),.PCURVE_S1.);
#8120 = LINE('',#8121,#8122);
#8121 = CARTESIAN_POINT('',(44.5,116.35,-1.1));
#8122 = VECTOR('',#8123,1.);
#8123 = DIRECTION('',(0.,1.,0.));
#8124 = PCURVE('',#8060,#8125);
#8125 = DEFINITIONAL_REPRESENTATION('',(#8126),#8130);
#8126 = LINE('',#8127,#8128);
#8127 = CARTESIAN_POINT('',(1.,0.));
#8128 = VECTOR('',#8129,1.);
#8129 = DIRECTION('',(0.,-1.));
#8130 = ( GEOMETRIC_REPRESENTATION_CONTEXT(2) 
PARAMETRIC_REPRESENTATION_CONTEXT() REPRESENTATION_CONTEXT('2D SPACE',''
  ) );
#8131 = PCURVE('',#7889,#8132);
#8132 = DEFINITIONAL_REPRESENTATION('',(#8133),#8137);
#8133 = LINE('',#8134,#8135);
#8134 = CARTESIAN_POINT('',(1.,0.));
#8135 = VECTOR('',#8136,1.);
#8136 = DIRECTION('',(0.,1.));
#8137 = ( GEOMETRIC_REPRESENTATION_CONTEXT(2) 
PARAMETRIC_REPRESENTATION_CONTEXT() REPRESENTATION_CONTEXT('2D SPACE',''
  ) );
#8138 = ORIENTED_EDGE('',*,*,#8139,.F.);
#8139 = EDGE_CURVE('',#8140,#8117,#8142,.T.);
#8140 = VERTEX_POINT('',#8141);
#8141 = CARTESIAN_POINT('',(44.5,116.35,-2.1));
#8142 = SURFACE_CURVE('',#8143,(#8147,#8154),.PCURVE_S1.);
#8143 = LINE('',#8144,#8145);
#8144 = CARTESIAN_POINT('',(44.5,116.35,-2.1));
#8145 = VECTOR('',#8146,1.);
#8146 = DIRECTION('',(0.,0.,1.));
#8147 = PCURVE('',#8060,#8148);
#8148 = DEFINITIONAL_REPRESENTATION('',(#8149),#8153);
#8149 = LINE('',#8150,#8151);
#8150 = CARTESIAN_POINT('',(0.,0.));
#8151 = VECTOR('',#8152,1.);
#8152 = DIRECTION('',(1.,0.));
#8153 = ( GEOMETRIC_REPRESENTATION_CONTEXT(2) 
PARAMETRIC_REPRESENTATION_CONTEXT() REPRESENTATION_CONTEXT('2D SPACE',''
  ) );
#8154 = PCURVE('',#7917,#8155);
#8155 = DEFINITIONAL_REPRESENTATION('',(#8156),#8160);
#8156 = LINE('',#8157,#8158);
#8157 = CARTESIAN_POINT('',(0.,1.));
#8158 = VECTOR('',#8159,1.);
#8159 = DIRECTION('',(1.,0.));
#8160 = ( GEOMETRIC_REPRESENTATION_CONTEXT(2) 
PARAMETRIC_REPRESENTATION_CONTEXT() REPRESENTATION_CONTEXT('2D SPACE',''
  ) );
#8161 = ORIENTED_EDGE('',*,*,#8162,.F.);
#8162 = EDGE_CURVE('',#8163,#8140,#8165,.T.);
#8163 = VERTEX_POINT('',#8164);
#8164 = CARTESIAN_POINT('',(44.5,120.,-2.1));
#8165 = SURFACE_CURVE('',#8166,(#8170,#8177),.PCURVE_S1.);
#8166 = LINE('',#8167,#8168);
#8167 = CARTESIAN_POINT('',(44.5,120.,-2.1));
#8168 = VECTOR('',#8169,1.);
#8169 = DIRECTION('',(0.,-1.,0.));
#8170 = PCURVE('',#8060,#8171);
#8171 = DEFINITIONAL_REPRESENTATION('',(#8172),#8176);
#8172 = LINE('',#8173,#8174);
#8173 = CARTESIAN_POINT('',(0.,-3.65));
#8174 = VECTOR('',#8175,1.);
#8175 = DIRECTION('',(0.,1.));
#8176 = ( GEOMETRIC_REPRESENTATION_CONTEXT(2) 
PARAMETRIC_REPRESENTATION_CONTEXT() REPRESENTATION_CONTEXT('2D SPACE',''
  ) );
#8177 = PCURVE('',#7945,#8178);
#8178 = DEFINITIONAL_REPRESENTATION('',(#8179),#8183);
#8179 = LINE('',#8180,#8181);
#8180 = CARTESIAN_POINT('',(1.,3.65));
#8181 = VECTOR('',#8182,1.);
#8182 = DIRECTION('',(0.,-1.));
#8183 = ( GEOMETRIC_REPRESENTATION_CONTEXT(2) 
PARAMETRIC_REPRESENTATION_CONTEXT() REPRESENTATION_CONTEXT('2D SPACE',''
  ) );
#8184 = ORIENTED_EDGE('',*,*,#8185,.T.);
#8185 = EDGE_CURVE('',#8163,#8186,#8188,.T.);
#8186 = VERTEX_POINT('',#8187);
#8187 = CARTESIAN_POINT('',(44.5,120.,2.9));
#8188 = SURFACE_CURVE('',#8189,(#8193,#8200),.PCURVE_S1.);
#8189 = LINE('',#8190,#8191);
#8190 = CARTESIAN_POINT('',(44.5,120.,-2.1));
#8191 = VECTOR('',#8192,1.);
#8192 = DIRECTION('',(0.,0.,1.));
#8193 = PCURVE('',#8060,#8194);
#8194 = DEFINITIONAL_REPRESENTATION('',(#8195),#8199);
#8195 = LINE('',#8196,#8197);
#8196 = CARTESIAN_POINT('',(0.,-3.65));
#8197 = VECTOR('',#8198,1.);
#8198 = DIRECTION('',(1.,0.));
#8199 = ( GEOMETRIC_REPRESENTATION_CONTEXT(2) 
PARAMETRIC_REPRESENTATION_CONTEXT() REPRESENTATION_CONTEXT('2D SPACE',''
  ) );
#8200 = PCURVE('',#7973,#8201);
#8201 = DEFINITIONAL_REPRESENTATION('',(#8202),#8206);
#8202 = LINE('',#8203,#8204);
#8203 = CARTESIAN_POINT('',(0.,1.));
#8204 = VECTOR('',#8205,1.);
#8205 = DIRECTION('',(1.,0.));
#8206 = ( GEOMETRIC_REPRESENTATION_CONTEXT(2) 
PARAMETRIC_REPRESENTATION_CONTEXT() REPRESENTATION_CONTEXT('2D SPACE',''
  ) );
#8207 = ORIENTED_EDGE('',*,*,#8208,.F.);
#8208 = EDGE_CURVE('',#8045,#8186,#8209,.T.);
#8209 = SURFACE_CURVE('',#8210,(#8214,#8221),.PCURVE_S1.);
#8210 = LINE('',#8211,#8212);
#8211 = CARTESIAN_POINT('',(44.5,119.,2.9));
#8212 = VECTOR('',#8213,1.);
#8213 = DIRECTION('',(0.,1.,0.));
#8214 = PCURVE('',#8060,#8215);
#8215 = DEFINITIONAL_REPRESENTATION('',(#8216),#8220);
#8216 = LINE('',#8217,#8218);
#8217 = CARTESIAN_POINT('',(5.,-2.65));
#8218 = VECTOR('',#8219,1.);
#8219 = DIRECTION('',(0.,-1.));
#8220 = ( GEOMETRIC_REPRESENTATION_CONTEXT(2) 
PARAMETRIC_REPRESENTATION_CONTEXT() REPRESENTATION_CONTEXT('2D SPACE',''
  ) );
#8221 = PCURVE('',#8001,#8222);
#8222 = DEFINITIONAL_REPRESENTATION('',(#8223),#8227);
#8223 = LINE('',#8224,#8225);
#8224 = CARTESIAN_POINT('',(1.,0.));
#8225 = VECTOR('',#8226,1.);
#8226 = DIRECTION('',(0.,1.));
#8227 = ( GEOMETRIC_REPRESENTATION_CONTEXT(2) 
PARAMETRIC_REPRESENTATION_CONTEXT() REPRESENTATION_CONTEXT('2D SPACE',''
  ) );
#8228 = ORIENTED_EDGE('',*,*,#8042,.F.);
#8229 = ADVANCED_FACE('',(#8230),#8001,.T.);
#8230 = FACE_BOUND('',#8231,.T.);
#8231 = EDGE_LOOP('',(#8232,#8233,#8234,#8235));
#8232 = ORIENTED_EDGE('',*,*,#7985,.F.);
#8233 = ORIENTED_EDGE('',*,*,#8092,.T.);
#8234 = ORIENTED_EDGE('',*,*,#8208,.T.);
#8235 = ORIENTED_EDGE('',*,*,#8236,.F.);
#8236 = EDGE_CURVE('',#7958,#8186,#8237,.T.);
#8237 = SURFACE_CURVE('',#8238,(#8242,#8249),.PCURVE_S1.);
#8238 = LINE('',#8239,#8240);
#8239 = CARTESIAN_POINT('',(43.5,120.,2.9));
#8240 = VECTOR('',#8241,1.);
#8241 = DIRECTION('',(1.,0.,0.));
#8242 = PCURVE('',#8001,#8243);
#8243 = DEFINITIONAL_REPRESENTATION('',(#8244),#8248);
#8244 = LINE('',#8245,#8246);
#8245 = CARTESIAN_POINT('',(0.,1.));
#8246 = VECTOR('',#8247,1.);
#8247 = DIRECTION('',(1.,0.));
#8248 = ( GEOMETRIC_REPRESENTATION_CONTEXT(2) 
PARAMETRIC_REPRESENTATION_CONTEXT() REPRESENTATION_CONTEXT('2D SPACE',''
  ) );
#8249 = PCURVE('',#7973,#8250);
#8250 = DEFINITIONAL_REPRESENTATION('',(#8251),#8255);
#8251 = LINE('',#8252,#8253);
#8252 = CARTESIAN_POINT('',(5.,0.));
#8253 = VECTOR('',#8254,1.);
#8254 = DIRECTION('',(0.,1.));
#8255 = ( GEOMETRIC_REPRESENTATION_CONTEXT(2) 
PARAMETRIC_REPRESENTATION_CONTEXT() REPRESENTATION_CONTEXT('2D SPACE',''
  ) );
#8256 = ADVANCED_FACE('',(#8257),#7973,.T.);
#8257 = FACE_BOUND('',#8258,.T.);
#8258 = EDGE_LOOP('',(#8259,#8280,#8281,#8282));
#8259 = ORIENTED_EDGE('',*,*,#8260,.F.);
#8260 = EDGE_CURVE('',#7930,#8163,#8261,.T.);
#8261 = SURFACE_CURVE('',#8262,(#8266,#8273),.PCURVE_S1.);
#8262 = LINE('',#8263,#8264);
#8263 = CARTESIAN_POINT('',(43.5,120.,-2.1));
#8264 = VECTOR('',#8265,1.);
#8265 = DIRECTION('',(1.,0.,0.));
#8266 = PCURVE('',#7973,#8267);
#8267 = DEFINITIONAL_REPRESENTATION('',(#8268),#8272);
#8268 = LINE('',#8269,#8270);
#8269 = CARTESIAN_POINT('',(0.,0.));
#8270 = VECTOR('',#8271,1.);
#8271 = DIRECTION('',(0.,1.));
#8272 = ( GEOMETRIC_REPRESENTATION_CONTEXT(2) 
PARAMETRIC_REPRESENTATION_CONTEXT() REPRESENTATION_CONTEXT('2D SPACE',''
  ) );
#8273 = PCURVE('',#7945,#8274);
#8274 = DEFINITIONAL_REPRESENTATION('',(#8275),#8279);
#8275 = LINE('',#8276,#8277);
#8276 = CARTESIAN_POINT('',(0.,3.65));
#8277 = VECTOR('',#8278,1.);
#8278 = DIRECTION('',(1.,0.));
#8279 = ( GEOMETRIC_REPRESENTATION_CONTEXT(2) 
PARAMETRIC_REPRESENTATION_CONTEXT() REPRESENTATION_CONTEXT('2D SPACE',''
  ) );
#8280 = ORIENTED_EDGE('',*,*,#7957,.T.);
#8281 = ORIENTED_EDGE('',*,*,#8236,.T.);
#8282 = ORIENTED_EDGE('',*,*,#8185,.F.);
#8283 = ADVANCED_FACE('',(#8284),#7945,.F.);
#8284 = FACE_BOUND('',#8285,.F.);
#8285 = EDGE_LOOP('',(#8286,#8307,#8308,#8309));
#8286 = ORIENTED_EDGE('',*,*,#8287,.T.);
#8287 = EDGE_CURVE('',#7902,#8140,#8288,.T.);
#8288 = SURFACE_CURVE('',#8289,(#8293,#8300),.PCURVE_S1.);
#8289 = LINE('',#8290,#8291);
#8290 = CARTESIAN_POINT('',(43.5,116.35,-2.1));
#8291 = VECTOR('',#8292,1.);
#8292 = DIRECTION('',(1.,0.,0.));
#8293 = PCURVE('',#7945,#8294);
#8294 = DEFINITIONAL_REPRESENTATION('',(#8295),#8299);
#8295 = LINE('',#8296,#8297);
#8296 = CARTESIAN_POINT('',(0.,0.));
#8297 = VECTOR('',#8298,1.);
#8298 = DIRECTION('',(1.,0.));
#8299 = ( GEOMETRIC_REPRESENTATION_CONTEXT(2) 
PARAMETRIC_REPRESENTATION_CONTEXT() REPRESENTATION_CONTEXT('2D SPACE',''
  ) );
#8300 = PCURVE('',#7917,#8301);
#8301 = DEFINITIONAL_REPRESENTATION('',(#8302),#8306);
#8302 = LINE('',#8303,#8304);
#8303 = CARTESIAN_POINT('',(0.,0.));
#8304 = VECTOR('',#8305,1.);
#8305 = DIRECTION('',(0.,1.));
#8306 = ( GEOMETRIC_REPRESENTATION_CONTEXT(2) 
PARAMETRIC_REPRESENTATION_CONTEXT() REPRESENTATION_CONTEXT('2D SPACE',''
  ) );
#8307 = ORIENTED_EDGE('',*,*,#8162,.F.);
#8308 = ORIENTED_EDGE('',*,*,#8260,.F.);
#8309 = ORIENTED_EDGE('',*,*,#7929,.T.);
#8310 = ADVANCED_FACE('',(#8311),#7917,.F.);
#8311 = FACE_BOUND('',#8312,.F.);
#8312 = EDGE_LOOP('',(#8313,#8314,#8315,#8336));
#8313 = ORIENTED_EDGE('',*,*,#8287,.F.);
#8314 = ORIENTED_EDGE('',*,*,#7901,.T.);
#8315 = ORIENTED_EDGE('',*,*,#8316,.T.);
#8316 = EDGE_CURVE('',#7867,#8117,#8317,.T.);
#8317 = SURFACE_CURVE('',#8318,(#8322,#8329),.PCURVE_S1.);
#8318 = LINE('',#8319,#8320);
#8319 = CARTESIAN_POINT('',(43.5,116.35,-1.1));
#8320 = VECTOR('',#8321,1.);
#8321 = DIRECTION('',(1.,0.,0.));
#8322 = PCURVE('',#7917,#8323);
#8323 = DEFINITIONAL_REPRESENTATION('',(#8324),#8328);
#8324 = LINE('',#8325,#8326);
#8325 = CARTESIAN_POINT('',(1.,0.));
#8326 = VECTOR('',#8327,1.);
#8327 = DIRECTION('',(0.,1.));
#8328 = ( GEOMETRIC_REPRESENTATION_CONTEXT(2) 
PARAMETRIC_REPRESENTATION_CONTEXT() REPRESENTATION_CONTEXT('2D SPACE',''
  ) );
#8329 = PCURVE('',#7889,#8330);
#8330 = DEFINITIONAL_REPRESENTATION('',(#8331),#8335);
#8331 = LINE('',#8332,#8333);
#8332 = CARTESIAN_POINT('',(0.,0.));
#8333 = VECTOR('',#8334,1.);
#8334 = DIRECTION('',(1.,0.));
#8335 = ( GEOMETRIC_REPRESENTATION_CONTEXT(2) 
PARAMETRIC_REPRESENTATION_CONTEXT() REPRESENTATION_CONTEXT('2D SPACE',''
  ) );
#8336 = ORIENTED_EDGE('',*,*,#8139,.F.);
#8337 = ADVANCED_FACE('',(#8338),#7889,.T.);
#8338 = FACE_BOUND('',#8339,.T.);
#8339 = EDGE_LOOP('',(#8340,#8341,#8342,#8343));
#8340 = ORIENTED_EDGE('',*,*,#7866,.F.);
#8341 = ORIENTED_EDGE('',*,*,#8316,.T.);
#8342 = ORIENTED_EDGE('',*,*,#8116,.T.);
#8343 = ORIENTED_EDGE('',*,*,#8072,.T.);
#8344 = ( GEOMETRIC_REPRESENTATION_CONTEXT(3) 
GLOBAL_UNCERTAINTY_ASSIGNED_CONTEXT((#8348)) 
GLOBAL_UNIT_ASSIGNED_CONTEXT((#8345,#8346,#8347)) REPRESENTATION_CONTEXT
('Context #1','3D Context with UNIT and UNCERTAINTY') );
#8345 = ( LENGTH_UNIT() NAMED_UNIT(*) SI_UNIT(.MILLI.,.METRE.) );
#8346 = ( NAMED_UNIT(*) PLANE_ANGLE_UNIT() SI_UNIT($,.RADIAN.) );
#8347 = ( NAMED_UNIT(*) SI_UNIT($,.STERADIAN.) SOLID_ANGLE_UNIT() );
#8348 = UNCERTAINTY_MEASURE_WITH_UNIT(LENGTH_MEASURE(1.E-07),#8345,
  'distance_accuracy_value','confusion accuracy');
#8349 = CONTEXT_DEPENDENT_SHAPE_REPRESENTATION(#8350,#8352);
#8350 = ( REPRESENTATION_RELATIONSHIP('','',#7859,#10) 
REPRESENTATION_RELATIONSHIP_WITH_TRANSFORMATION(#8351) 
SHAPE_REPRESENTATION_RELATIONSHIP() );
#8351 = ITEM_DEFINED_TRANSFORMATION('','',#11,#51);
#8352 = PRODUCT_DEFINITION_SHAPE('Placement','Placement of an item',
  #8353);
#8353 = NEXT_ASSEMBLY_USAGE_OCCURRENCE('36','SPEAKER_LEAD_RESERVE_TO_J5'
  ,'',#5,#7854,$);
#8354 = PRODUCT_RELATED_PRODUCT_CATEGORY('part',$,(#7856));
#8355 = MECHANICAL_DESIGN_GEOMETRIC_PRESENTATION_REPRESENTATION('',(
    #8356),#5400);
#8356 = STYLED_ITEM('color',(#8357),#4114);
#8357 = PRESENTATION_STYLE_ASSIGNMENT((#8358));
#8358 = SURFACE_STYLE_USAGE(.BOTH.,#8359);
#8359 = SURFACE_SIDE_STYLE('',(#8360));
#8360 = SURFACE_STYLE_FILL_AREA(#8361);
#8361 = FILL_AREA_STYLE('',(#8362));
#8362 = FILL_AREA_STYLE_COLOUR('',#8363);
#8363 = COLOUR_RGB('',0.23137255388,0.274509799781,0.313725489865);
#8364 = MECHANICAL_DESIGN_GEOMETRIC_PRESENTATION_REPRESENTATION('',(
    #8365),#6833);
#8365 = STYLED_ITEM('color',(#8366),#5419);
#8366 = PRESENTATION_STYLE_ASSIGNMENT((#8367));
#8367 = SURFACE_STYLE_USAGE(.BOTH.,#8368);
#8368 = SURFACE_SIDE_STYLE('',(#8369));
#8369 = SURFACE_STYLE_FILL_AREA(#8370);
#8370 = FILL_AREA_STYLE('',(#8371));
#8371 = FILL_AREA_STYLE_COLOUR('',#8372);
#8372 = COLOUR_RGB('',0.847058829703,0.705882360366,0.352941174961);
#8373 = MECHANICAL_DESIGN_GEOMETRIC_PRESENTATION_REPRESENTATION('',(
    #8374),#1420);
#8374 = STYLED_ITEM('color',(#8375),#754);
#8375 = PRESENTATION_STYLE_ASSIGNMENT((#8376));
#8376 = SURFACE_STYLE_USAGE(.BOTH.,#8377);
#8377 = SURFACE_SIDE_STYLE('',(#8378));
#8378 = SURFACE_STYLE_FILL_AREA(#8379);
#8379 = FILL_AREA_STYLE('',(#8380));
#8380 = FILL_AREA_STYLE_COLOUR('',#8381);
#8381 = COLOUR_RGB('',0.419607846511,0.352941174961,0.11764705971);
#8382 = MECHANICAL_DESIGN_GEOMETRIC_PRESENTATION_REPRESENTATION('',(
    #8383),#8344);
#8383 = STYLED_ITEM('color',(#8384),#7860);
#8384 = PRESENTATION_STYLE_ASSIGNMENT((#8385));
#8385 = SURFACE_STYLE_USAGE(.BOTH.,#8386);
#8386 = SURFACE_SIDE_STYLE('',(#8387));
#8387 = SURFACE_STYLE_FILL_AREA(#8388);
#8388 = FILL_AREA_STYLE('',(#8389));
#8389 = FILL_AREA_STYLE_COLOUR('',#8390);
#8390 = COLOUR_RGB('',0.690196085623,0.478431380801,0.164705883709);
#8391 = MECHANICAL_DESIGN_GEOMETRIC_PRESENTATION_REPRESENTATION('',(
    #8392),#2105);
#8392 = STYLED_ITEM('color',(#8393),#1439);
#8393 = PRESENTATION_STYLE_ASSIGNMENT((#8394));
#8394 = SURFACE_STYLE_USAGE(.BOTH.,#8395);
#8395 = SURFACE_SIDE_STYLE('',(#8396));
#8396 = SURFACE_STYLE_FILL_AREA(#8397);
#8397 = FILL_AREA_STYLE('',(#8398));
#8398 = FILL_AREA_STYLE_COLOUR('',#8399);
#8399 = COLOUR_RGB('',0.549019611989,0.603921572769,0.650980398584);
#8400 = MECHANICAL_DESIGN_GEOMETRIC_PRESENTATION_REPRESENTATION('',(
    #8401),#4095);
#8401 = STYLED_ITEM('color',(#8402),#3429);
#8402 = PRESENTATION_STYLE_ASSIGNMENT((#8403));
#8403 = SURFACE_STYLE_USAGE(.BOTH.,#8404);
#8404 = SURFACE_SIDE_STYLE('',(#8405));
#8405 = SURFACE_STYLE_FILL_AREA(#8406);
#8406 = FILL_AREA_STYLE('',(#8407));
#8407 = FILL_AREA_STYLE_COLOUR('',#8399);
#8408 = MECHANICAL_DESIGN_GEOMETRIC_PRESENTATION_REPRESENTATION('',(
    #8409),#3410);
#8409 = STYLED_ITEM('color',(#8410),#2124);
#8410 = PRESENTATION_STYLE_ASSIGNMENT((#8411));
#8411 = SURFACE_STYLE_USAGE(.BOTH.,#8412);
#8412 = SURFACE_SIDE_STYLE('',(#8413));
#8413 = SURFACE_STYLE_FILL_AREA(#8414);
#8414 = FILL_AREA_STYLE('',(#8415));
#8415 = FILL_AREA_STYLE_COLOUR('',#8363);
#8416 = MECHANICAL_DESIGN_GEOMETRIC_PRESENTATION_REPRESENTATION('',(
    #8417),#7338);
#8417 = STYLED_ITEM('color',(#8418),#6852);
#8418 = PRESENTATION_STYLE_ASSIGNMENT((#8419));
#8419 = SURFACE_STYLE_USAGE(.BOTH.,#8420);
#8420 = SURFACE_SIDE_STYLE('',(#8421));
#8421 = SURFACE_STYLE_FILL_AREA(#8422);
#8422 = FILL_AREA_STYLE('',(#8423));
#8423 = FILL_AREA_STYLE_COLOUR('',#8390);
#8424 = MECHANICAL_DESIGN_GEOMETRIC_PRESENTATION_REPRESENTATION('',(
    #8425),#735);
#8425 = STYLED_ITEM('color',(#8426),#69);
#8426 = PRESENTATION_STYLE_ASSIGNMENT((#8427));
#8427 = SURFACE_STYLE_USAGE(.BOTH.,#8428);
#8428 = SURFACE_SIDE_STYLE('',(#8429));
#8429 = SURFACE_STYLE_FILL_AREA(#8430);
#8430 = FILL_AREA_STYLE('',(#8431));
#8431 = FILL_AREA_STYLE_COLOUR('',#8432);
#8432 = COLOUR_RGB('',0.788235302081,0.635294123023,0.152941173675);
#8433 = MECHANICAL_DESIGN_GEOMETRIC_PRESENTATION_REPRESENTATION('',(
    #8434),#7841);
#8434 = STYLED_ITEM('color',(#8435),#7357);
#8435 = PRESENTATION_STYLE_ASSIGNMENT((#8436));
#8436 = SURFACE_STYLE_USAGE(.BOTH.,#8437);
#8437 = SURFACE_SIDE_STYLE('',(#8438));
#8438 = SURFACE_STYLE_FILL_AREA(#8439);
#8439 = FILL_AREA_STYLE('',(#8440));
#8440 = FILL_AREA_STYLE_COLOUR('',#8390);
ENDSEC;
END-ISO-10303-21;
