solid OpenSCAD_Model
  facet normal 1 -0 0
    outer loop
      vertex -29.1 -27.44 4.5
      vertex -29.1 55 3
      vertex -29.1 55 4.5
    endloop
  endfacet
  facet normal 1 0 0
    outer loop
      vertex -29.1 55 3
      vertex -29.1 -27.44 4.5
      vertex -29.1 -27.44 3
    endloop
  endfacet
  facet normal -0 0 1
    outer loop
      vertex -31.1 55 4.5
      vertex -29.1 -27.44 4.5
      vertex -29.1 55 4.5
    endloop
  endfacet
  facet normal 0 0 1
    outer loop
      vertex -29.1 -27.44 4.5
      vertex -31.1 55 4.5
      vertex -31.1 -27.44 4.5
    endloop
  endfacet
  facet normal -1 0 0
    outer loop
      vertex -31.1 -27.44 3
      vertex -31.1 55 4.5
      vertex -31.1 55 3
    endloop
  endfacet
  facet normal -1 -0 0
    outer loop
      vertex -31.1 55 4.5
      vertex -31.1 -27.44 3
      vertex -31.1 -27.44 4.5
    endloop
  endfacet
  facet normal 0 1 -0
    outer loop
      vertex -29.1 55 3
      vertex -31.1 55 4.5
      vertex -29.1 55 4.5
    endloop
  endfacet
  facet normal 0 1 0
    outer loop
      vertex -31.1 55 4.5
      vertex -29.1 55 3
      vertex -31.1 55 3
    endloop
  endfacet
  facet normal 0 -1 0
    outer loop
      vertex -31.1 -27.44 3
      vertex -29.1 -27.44 4.5
      vertex -31.1 -27.44 4.5
    endloop
  endfacet
  facet normal 0 -1 -0
    outer loop
      vertex -29.1 -27.44 4.5
      vertex -31.1 -27.44 3
      vertex -29.1 -27.44 3
    endloop
  endfacet
  facet normal 1 -0 0
    outer loop
      vertex 31.1 -27.44 4.5
      vertex 31.1 55 3
      vertex 31.1 55 4.5
    endloop
  endfacet
  facet normal 1 0 0
    outer loop
      vertex 31.1 55 3
      vertex 31.1 -27.44 4.5
      vertex 31.1 -27.44 3
    endloop
  endfacet
  facet normal -0 0 1
    outer loop
      vertex 29.1 55 4.5
      vertex 31.1 -27.44 4.5
      vertex 31.1 55 4.5
    endloop
  endfacet
  facet normal 0 0 1
    outer loop
      vertex 31.1 -27.44 4.5
      vertex 29.1 55 4.5
      vertex 29.1 -27.44 4.5
    endloop
  endfacet
  facet normal -1 0 0
    outer loop
      vertex 29.1 -27.44 3
      vertex 29.1 55 4.5
      vertex 29.1 55 3
    endloop
  endfacet
  facet normal -1 -0 0
    outer loop
      vertex 29.1 55 4.5
      vertex 29.1 -27.44 3
      vertex 29.1 -27.44 4.5
    endloop
  endfacet
  facet normal 0 1 -0
    outer loop
      vertex 31.1 55 3
      vertex 29.1 55 4.5
      vertex 31.1 55 4.5
    endloop
  endfacet
  facet normal 0 1 0
    outer loop
      vertex 29.1 55 4.5
      vertex 31.1 55 3
      vertex 29.1 55 3
    endloop
  endfacet
  facet normal 0 -1 0
    outer loop
      vertex 29.1 -27.44 3
      vertex 31.1 -27.44 4.5
      vertex 29.1 -27.44 4.5
    endloop
  endfacet
  facet normal 0 -1 -0
    outer loop
      vertex 31.1 -27.44 4.5
      vertex 29.1 -27.44 3
      vertex 31.1 -27.44 3
    endloop
  endfacet
  facet normal 0 0 1
    outer loop
      vertex -8.3 -47.5 4.98
      vertex -6 -47.5 4.98
      vertex -6.05899 -46.1491 4.98
    endloop
  endfacet
  facet normal 0 0 1
    outer loop
      vertex -8.35023 -46.3495 4.98
      vertex -6.05899 -46.1491 4.98
      vertex -6.23549 -44.8085 4.98
    endloop
  endfacet
  facet normal 0 0 1
    outer loop
      vertex -6 -47.5 4.98
      vertex -8.3 -47.5 4.98
      vertex -6.05899 -48.8509 4.98
    endloop
  endfacet
  facet normal 0 0 1
    outer loop
      vertex -8.50055 -45.2079 4.98
      vertex -6.23549 -44.8085 4.98
      vertex -6.52815 -43.4883 4.98
    endloop
  endfacet
  facet normal -0 0 1
    outer loop
      vertex -8.35023 -48.6505 4.98
      vertex -6.05899 -48.8509 4.98
      vertex -8.3 -47.5 4.98
    endloop
  endfacet
  facet normal 0 0 1
    outer loop
      vertex -8.74979 -44.0836 4.98
      vertex -6.52815 -43.4883 4.98
      vertex -6.93477 -42.1987 4.98
    endloop
  endfacet
  facet normal 0 0 1
    outer loop
      vertex -6.05899 -48.8509 4.98
      vertex -8.35023 -48.6505 4.98
      vertex -6.23549 -50.1915 4.98
    endloop
  endfacet
  facet normal 0 0 1
    outer loop
      vertex -9.09607 -42.9853 4.98
      vertex -6.93477 -42.1987 4.98
      vertex -7.45224 -40.9494 4.98
    endloop
  endfacet
  facet normal -0 0 1
    outer loop
      vertex -8.50055 -49.7921 4.98
      vertex -6.23549 -50.1915 4.98
      vertex -8.35023 -48.6505 4.98
    endloop
  endfacet
  facet normal 0 0 1
    outer loop
      vertex -9.53674 -41.9214 4.98
      vertex -7.45224 -40.9494 4.98
      vertex -8.07661 -39.75 4.98
    endloop
  endfacet
  facet normal 0 0 1
    outer loop
      vertex -6.23549 -50.1915 4.98
      vertex -8.50055 -49.7921 4.98
      vertex -6.52815 -51.5117 4.98
    endloop
  endfacet
  facet normal -0 0 1
    outer loop
      vertex -8.74979 -50.9164 4.98
      vertex -6.52815 -51.5117 4.98
      vertex -8.50055 -49.7921 4.98
    endloop
  endfacet
  facet normal 0 0 1
    outer loop
      vertex -6.05899 -46.1491 4.98
      vertex -8.35023 -46.3495 4.98
      vertex -8.3 -47.5 4.98
    endloop
  endfacet
  facet normal 0 0 1
    outer loop
      vertex -6.23549 -44.8085 4.98
      vertex -8.50055 -45.2079 4.98
      vertex -8.35023 -46.3495 4.98
    endloop
  endfacet
  facet normal 0 0 1
    outer loop
      vertex -6.52815 -43.4883 4.98
      vertex -8.74979 -44.0836 4.98
      vertex -8.50055 -45.2079 4.98
    endloop
  endfacet
  facet normal 0 0 1
    outer loop
      vertex -10.0685 -40.9 4.98
      vertex -8.07661 -39.75 4.98
      vertex -8.80315 -38.6096 4.98
    endloop
  endfacet
  facet normal 0 0 1
    outer loop
      vertex -6.93477 -42.1987 4.98
      vertex -9.09607 -42.9853 4.98
      vertex -8.74979 -44.0836 4.98
    endloop
  endfacet
  facet normal 0 0 1
    outer loop
      vertex -7.45224 -40.9494 4.98
      vertex -9.53674 -41.9214 4.98
      vertex -9.09607 -42.9853 4.98
    endloop
  endfacet
  facet normal 0 0 1
    outer loop
      vertex -10.6872 -39.9288 4.98
      vertex -8.80315 -38.6096 4.98
      vertex -9.62631 -37.5368 4.98
    endloop
  endfacet
  facet normal 0 0 1
    outer loop
      vertex -8.07661 -39.75 4.98
      vertex -10.0685 -40.9 4.98
      vertex -9.53674 -41.9214 4.98
    endloop
  endfacet
  facet normal 0 0 1
    outer loop
      vertex -11.3882 -39.0152 4.98
      vertex -9.62631 -37.5368 4.98
      vertex -10.5399 -36.5399 4.98
    endloop
  endfacet
  facet normal 0 0 1
    outer loop
      vertex -8.80315 -38.6096 4.98
      vertex -10.6872 -39.9288 4.98
      vertex -10.0685 -40.9 4.98
    endloop
  endfacet
  facet normal 0 0 1
    outer loop
      vertex -9.62631 -37.5368 4.98
      vertex -11.3882 -39.0152 4.98
      vertex -10.6872 -39.9288 4.98
    endloop
  endfacet
  facet normal 0 0 1
    outer loop
      vertex -12.1662 -38.1662 4.98
      vertex -10.5399 -36.5399 4.98
      vertex -11.5368 -35.6263 4.98
    endloop
  endfacet
  facet normal 0 0 1
    outer loop
      vertex -10.5399 -36.5399 4.98
      vertex -12.1662 -38.1662 4.98
      vertex -11.3882 -39.0152 4.98
    endloop
  endfacet
  facet normal 0 0 1
    outer loop
      vertex -13.0152 -37.3882 4.98
      vertex -11.5368 -35.6263 4.98
      vertex -12.6096 -34.8031 4.98
    endloop
  endfacet
  facet normal 0 0 1
    outer loop
      vertex -11.5368 -35.6263 4.98
      vertex -13.0152 -37.3882 4.98
      vertex -12.1662 -38.1662 4.98
    endloop
  endfacet
  facet normal 0 0 1
    outer loop
      vertex -13.9288 -36.6872 4.98
      vertex -12.6096 -34.8031 4.98
      vertex -13.75 -34.0766 4.98
    endloop
  endfacet
  facet normal 0 0 1
    outer loop
      vertex -12.6096 -34.8031 4.98
      vertex -13.9288 -36.6872 4.98
      vertex -13.0152 -37.3882 4.98
    endloop
  endfacet
  facet normal 0 0 1
    outer loop
      vertex -13.75 -34.0766 4.98
      vertex -14.9 -36.0685 4.98
      vertex -13.9288 -36.6872 4.98
    endloop
  endfacet
  facet normal 0 0 1
    outer loop
      vertex -14.9494 -33.4522 4.98
      vertex -14.9 -36.0685 4.98
      vertex -13.75 -34.0766 4.98
    endloop
  endfacet
  facet normal 0 0 1
    outer loop
      vertex -14.9494 -33.4522 4.98
      vertex -15.9214 -35.5367 4.98
      vertex -14.9 -36.0685 4.98
    endloop
  endfacet
  facet normal 0 0 1
    outer loop
      vertex -16.1987 -32.9348 4.98
      vertex -15.9214 -35.5367 4.98
      vertex -14.9494 -33.4522 4.98
    endloop
  endfacet
  facet normal 0 0 1
    outer loop
      vertex -16.1987 -32.9348 4.98
      vertex -16.9853 -35.0961 4.98
      vertex -15.9214 -35.5367 4.98
    endloop
  endfacet
  facet normal 0 0 1
    outer loop
      vertex -17.4883 -32.5282 4.98
      vertex -16.9853 -35.0961 4.98
      vertex -16.1987 -32.9348 4.98
    endloop
  endfacet
  facet normal 0 0 1
    outer loop
      vertex -17.4883 -32.5282 4.98
      vertex -18.0836 -34.7498 4.98
      vertex -16.9853 -35.0961 4.98
    endloop
  endfacet
  facet normal 0 0 1
    outer loop
      vertex -18.8085 -32.2355 4.98
      vertex -18.0836 -34.7498 4.98
      vertex -17.4883 -32.5282 4.98
    endloop
  endfacet
  facet normal 0 0 1
    outer loop
      vertex -18.8085 -32.2355 4.98
      vertex -19.2079 -34.5005 4.98
      vertex -18.0836 -34.7498 4.98
    endloop
  endfacet
  facet normal 0 0 1
    outer loop
      vertex -20.1491 -32.059 4.98
      vertex -19.2079 -34.5005 4.98
      vertex -18.8085 -32.2355 4.98
    endloop
  endfacet
  facet normal 0 0 1
    outer loop
      vertex -20.1491 -32.059 4.98
      vertex -20.3495 -34.3502 4.98
      vertex -19.2079 -34.5005 4.98
    endloop
  endfacet
  facet normal 0 0 1
    outer loop
      vertex -21.5 -32 4.98
      vertex -20.3495 -34.3502 4.98
      vertex -20.1491 -32.059 4.98
    endloop
  endfacet
  facet normal 0 0 1
    outer loop
      vertex -21.5 -32 4.98
      vertex -21.5 -34.3 4.98
      vertex -20.3495 -34.3502 4.98
    endloop
  endfacet
  facet normal 0 0 1
    outer loop
      vertex -21.5 -32 4.98
      vertex -22.6505 -34.3502 4.98
      vertex -21.5 -34.3 4.98
    endloop
  endfacet
  facet normal -0 0 1
    outer loop
      vertex -22.8509 -32.059 4.98
      vertex -22.6505 -34.3502 4.98
      vertex -21.5 -32 4.98
    endloop
  endfacet
  facet normal 0 0 1
    outer loop
      vertex -22.8509 -32.059 4.98
      vertex -23.7921 -34.5005 4.98
      vertex -22.6505 -34.3502 4.98
    endloop
  endfacet
  facet normal -0 0 1
    outer loop
      vertex -24.1915 -32.2355 4.98
      vertex -23.7921 -34.5005 4.98
      vertex -22.8509 -32.059 4.98
    endloop
  endfacet
  facet normal 0 0 1
    outer loop
      vertex -24.1915 -32.2355 4.98
      vertex -24.9164 -34.7498 4.98
      vertex -23.7921 -34.5005 4.98
    endloop
  endfacet
  facet normal -0 0 1
    outer loop
      vertex -25.5117 -32.5282 4.98
      vertex -24.9164 -34.7498 4.98
      vertex -24.1915 -32.2355 4.98
    endloop
  endfacet
  facet normal 0 0 1
    outer loop
      vertex -25.5117 -32.5282 4.98
      vertex -26.0147 -35.0961 4.98
      vertex -24.9164 -34.7498 4.98
    endloop
  endfacet
  facet normal -0 0 1
    outer loop
      vertex -26.8013 -32.9348 4.98
      vertex -26.0147 -35.0961 4.98
      vertex -25.5117 -32.5282 4.98
    endloop
  endfacet
  facet normal 0 0 1
    outer loop
      vertex -26.8013 -32.9348 4.98
      vertex -27.0786 -35.5367 4.98
      vertex -26.0147 -35.0961 4.98
    endloop
  endfacet
  facet normal -0 0 1
    outer loop
      vertex -28.0506 -33.4522 4.98
      vertex -27.0786 -35.5367 4.98
      vertex -26.8013 -32.9348 4.98
    endloop
  endfacet
  facet normal 0 0 1
    outer loop
      vertex -28.0506 -33.4522 4.98
      vertex -28.1 -36.0685 4.98
      vertex -27.0786 -35.5367 4.98
    endloop
  endfacet
  facet normal -0 0 1
    outer loop
      vertex -29.25 -34.0766 4.98
      vertex -28.1 -36.0685 4.98
      vertex -28.0506 -33.4522 4.98
    endloop
  endfacet
  facet normal 0 0 1
    outer loop
      vertex -28.1 -36.0685 4.98
      vertex -29.25 -34.0766 4.98
      vertex -29.0712 -36.6872 4.98
    endloop
  endfacet
  facet normal -0 0 1
    outer loop
      vertex -30.3904 -34.8031 4.98
      vertex -29.0712 -36.6872 4.98
      vertex -29.25 -34.0766 4.98
    endloop
  endfacet
  facet normal 0 0 1
    outer loop
      vertex -29.0712 -36.6872 4.98
      vertex -30.3904 -34.8031 4.98
      vertex -29.9848 -37.3882 4.98
    endloop
  endfacet
  facet normal -0 0 1
    outer loop
      vertex -31.4632 -35.6263 4.98
      vertex -29.9848 -37.3882 4.98
      vertex -30.3904 -34.8031 4.98
    endloop
  endfacet
  facet normal 0 0 1
    outer loop
      vertex -29.9848 -37.3882 4.98
      vertex -31.4632 -35.6263 4.98
      vertex -30.8338 -38.1662 4.98
    endloop
  endfacet
  facet normal -0 0 1
    outer loop
      vertex -32.4601 -36.5399 4.98
      vertex -30.8338 -38.1662 4.98
      vertex -31.4632 -35.6263 4.98
    endloop
  endfacet
  facet normal 0 0 1
    outer loop
      vertex -30.8338 -38.1662 4.98
      vertex -32.4601 -36.5399 4.98
      vertex -31.6118 -39.0152 4.98
    endloop
  endfacet
  facet normal -0 0 1
    outer loop
      vertex -33.3737 -37.5368 4.98
      vertex -31.6118 -39.0152 4.98
      vertex -32.4601 -36.5399 4.98
    endloop
  endfacet
  facet normal 0 0 1
    outer loop
      vertex -31.6118 -39.0152 4.98
      vertex -33.3737 -37.5368 4.98
      vertex -32.3128 -39.9288 4.98
    endloop
  endfacet
  facet normal -0 0 1
    outer loop
      vertex -34.1969 -38.6096 4.98
      vertex -32.3128 -39.9288 4.98
      vertex -33.3737 -37.5368 4.98
    endloop
  endfacet
  facet normal 0 0 1
    outer loop
      vertex -32.3128 -39.9288 4.98
      vertex -34.1969 -38.6096 4.98
      vertex -32.9315 -40.9 4.98
    endloop
  endfacet
  facet normal -0 0 1
    outer loop
      vertex -34.9234 -39.75 4.98
      vertex -32.9315 -40.9 4.98
      vertex -34.1969 -38.6096 4.98
    endloop
  endfacet
  facet normal 0 0 1
    outer loop
      vertex -32.9315 -40.9 4.98
      vertex -34.9234 -39.75 4.98
      vertex -33.4633 -41.9214 4.98
    endloop
  endfacet
  facet normal -0 0 1
    outer loop
      vertex -35.5478 -40.9494 4.98
      vertex -33.4633 -41.9214 4.98
      vertex -34.9234 -39.75 4.98
    endloop
  endfacet
  facet normal 0 0 1
    outer loop
      vertex -33.4633 -41.9214 4.98
      vertex -35.5478 -40.9494 4.98
      vertex -33.9039 -42.9853 4.98
    endloop
  endfacet
  facet normal -0 0 1
    outer loop
      vertex -36.0652 -42.1987 4.98
      vertex -33.9039 -42.9853 4.98
      vertex -35.5478 -40.9494 4.98
    endloop
  endfacet
  facet normal -0 0 1
    outer loop
      vertex -36.4718 -43.4883 4.98
      vertex -34.2502 -44.0836 4.98
      vertex -36.0652 -42.1987 4.98
    endloop
  endfacet
  facet normal 0 0 1
    outer loop
      vertex -33.9039 -42.9853 4.98
      vertex -36.0652 -42.1987 4.98
      vertex -34.2502 -44.0836 4.98
    endloop
  endfacet
  facet normal 0 0 1
    outer loop
      vertex -6.52815 -51.5117 4.98
      vertex -8.74979 -50.9164 4.98
      vertex -6.93477 -52.8013 4.98
    endloop
  endfacet
  facet normal -0 0 1
    outer loop
      vertex -9.09607 -52.0147 4.98
      vertex -6.93477 -52.8013 4.98
      vertex -8.74979 -50.9164 4.98
    endloop
  endfacet
  facet normal 0 0 1
    outer loop
      vertex -6.93477 -52.8013 4.98
      vertex -9.09607 -52.0147 4.98
      vertex -7.45224 -54.0506 4.98
    endloop
  endfacet
  facet normal -0 0 1
    outer loop
      vertex -9.53674 -53.0786 4.98
      vertex -7.45224 -54.0506 4.98
      vertex -9.09607 -52.0147 4.98
    endloop
  endfacet
  facet normal 0 0 1
    outer loop
      vertex -7.45224 -54.0506 4.98
      vertex -9.53674 -53.0786 4.98
      vertex -8.07661 -55.25 4.98
    endloop
  endfacet
  facet normal -0 0 1
    outer loop
      vertex -10.0685 -54.1 4.98
      vertex -8.07661 -55.25 4.98
      vertex -9.53674 -53.0786 4.98
    endloop
  endfacet
  facet normal 0 0 1
    outer loop
      vertex -8.07661 -55.25 4.98
      vertex -10.0685 -54.1 4.98
      vertex -8.80315 -56.3904 4.98
    endloop
  endfacet
  facet normal -0 0 1
    outer loop
      vertex -10.6872 -55.0712 4.98
      vertex -8.80315 -56.3904 4.98
      vertex -10.0685 -54.1 4.98
    endloop
  endfacet
  facet normal 0 0 1
    outer loop
      vertex -8.80315 -56.3904 4.98
      vertex -10.6872 -55.0712 4.98
      vertex -9.62631 -57.4632 4.98
    endloop
  endfacet
  facet normal -0 0 1
    outer loop
      vertex -11.3882 -55.9848 4.98
      vertex -9.62631 -57.4632 4.98
      vertex -10.6872 -55.0712 4.98
    endloop
  endfacet
  facet normal 0 0 1
    outer loop
      vertex -9.62631 -57.4632 4.98
      vertex -11.3882 -55.9848 4.98
      vertex -10.5399 -58.4601 4.98
    endloop
  endfacet
  facet normal -0 0 1
    outer loop
      vertex -12.1662 -56.8338 4.98
      vertex -10.5399 -58.4601 4.98
      vertex -11.3882 -55.9848 4.98
    endloop
  endfacet
  facet normal 0 0 1
    outer loop
      vertex -10.5399 -58.4601 4.98
      vertex -12.1662 -56.8338 4.98
      vertex -11.5368 -59.3737 4.98
    endloop
  endfacet
  facet normal -0 0 1
    outer loop
      vertex -13.0152 -57.6118 4.98
      vertex -11.5368 -59.3737 4.98
      vertex -12.1662 -56.8338 4.98
    endloop
  endfacet
  facet normal 0 0 1
    outer loop
      vertex -11.5368 -59.3737 4.98
      vertex -13.0152 -57.6118 4.98
      vertex -12.6096 -60.1969 4.98
    endloop
  endfacet
  facet normal -0 0 1
    outer loop
      vertex -13.9288 -58.3128 4.98
      vertex -12.6096 -60.1969 4.98
      vertex -13.0152 -57.6118 4.98
    endloop
  endfacet
  facet normal 0 0 1
    outer loop
      vertex -12.6096 -60.1969 4.98
      vertex -13.9288 -58.3128 4.98
      vertex -13.75 -60.9234 4.98
    endloop
  endfacet
  facet normal -0 0 1
    outer loop
      vertex -14.9 -58.9315 4.98
      vertex -13.75 -60.9234 4.98
      vertex -13.9288 -58.3128 4.98
    endloop
  endfacet
  facet normal 0 0 1
    outer loop
      vertex -14.9 -58.9315 4.98
      vertex -14.9494 -61.5478 4.98
      vertex -13.75 -60.9234 4.98
    endloop
  endfacet
  facet normal -0 0 1
    outer loop
      vertex -15.9214 -59.4633 4.98
      vertex -14.9494 -61.5478 4.98
      vertex -14.9 -58.9315 4.98
    endloop
  endfacet
  facet normal 0 0 1
    outer loop
      vertex -15.9214 -59.4633 4.98
      vertex -16.1987 -62.0652 4.98
      vertex -14.9494 -61.5478 4.98
    endloop
  endfacet
  facet normal -0 0 1
    outer loop
      vertex -16.9853 -59.9039 4.98
      vertex -16.1987 -62.0652 4.98
      vertex -15.9214 -59.4633 4.98
    endloop
  endfacet
  facet normal 0 0 1
    outer loop
      vertex -16.9853 -59.9039 4.98
      vertex -17.4883 -62.4718 4.98
      vertex -16.1987 -62.0652 4.98
    endloop
  endfacet
  facet normal -0 0 1
    outer loop
      vertex -18.0836 -60.2502 4.98
      vertex -17.4883 -62.4718 4.98
      vertex -16.9853 -59.9039 4.98
    endloop
  endfacet
  facet normal 0 0 1
    outer loop
      vertex -18.0836 -60.2502 4.98
      vertex -18.8085 -62.7645 4.98
      vertex -17.4883 -62.4718 4.98
    endloop
  endfacet
  facet normal -0 0 1
    outer loop
      vertex -19.2079 -60.4995 4.98
      vertex -18.8085 -62.7645 4.98
      vertex -18.0836 -60.2502 4.98
    endloop
  endfacet
  facet normal 0 0 1
    outer loop
      vertex -19.2079 -60.4995 4.98
      vertex -20.1491 -62.941 4.98
      vertex -18.8085 -62.7645 4.98
    endloop
  endfacet
  facet normal -0 0 1
    outer loop
      vertex -20.3495 -60.6498 4.98
      vertex -20.1491 -62.941 4.98
      vertex -19.2079 -60.4995 4.98
    endloop
  endfacet
  facet normal -0 0 1
    outer loop
      vertex -21.5 -60.7 4.98
      vertex -20.1491 -62.941 4.98
      vertex -20.3495 -60.6498 4.98
    endloop
  endfacet
  facet normal 0 0 1
    outer loop
      vertex -21.5 -60.7 4.98
      vertex -21.5 -63 4.98
      vertex -20.1491 -62.941 4.98
    endloop
  endfacet
  facet normal 0 0 1
    outer loop
      vertex -22.6505 -60.6498 4.98
      vertex -21.5 -63 4.98
      vertex -21.5 -60.7 4.98
    endloop
  endfacet
  facet normal 0 0 1
    outer loop
      vertex -22.6505 -60.6498 4.98
      vertex -22.8509 -62.941 4.98
      vertex -21.5 -63 4.98
    endloop
  endfacet
  facet normal 0 0 1
    outer loop
      vertex -23.7921 -60.4995 4.98
      vertex -22.8509 -62.941 4.98
      vertex -22.6505 -60.6498 4.98
    endloop
  endfacet
  facet normal 0 0 1
    outer loop
      vertex -23.7921 -60.4995 4.98
      vertex -24.1915 -62.7645 4.98
      vertex -22.8509 -62.941 4.98
    endloop
  endfacet
  facet normal 0 0 1
    outer loop
      vertex -24.9164 -60.2502 4.98
      vertex -24.1915 -62.7645 4.98
      vertex -23.7921 -60.4995 4.98
    endloop
  endfacet
  facet normal 0 0 1
    outer loop
      vertex -24.9164 -60.2502 4.98
      vertex -25.5117 -62.4718 4.98
      vertex -24.1915 -62.7645 4.98
    endloop
  endfacet
  facet normal 0 0 1
    outer loop
      vertex -26.0147 -59.9039 4.98
      vertex -25.5117 -62.4718 4.98
      vertex -24.9164 -60.2502 4.98
    endloop
  endfacet
  facet normal 0 0 1
    outer loop
      vertex -26.0147 -59.9039 4.98
      vertex -26.8013 -62.0652 4.98
      vertex -25.5117 -62.4718 4.98
    endloop
  endfacet
  facet normal 0 0 1
    outer loop
      vertex -27.0786 -59.4633 4.98
      vertex -26.8013 -62.0652 4.98
      vertex -26.0147 -59.9039 4.98
    endloop
  endfacet
  facet normal 0 0 1
    outer loop
      vertex -27.0786 -59.4633 4.98
      vertex -28.0506 -61.5478 4.98
      vertex -26.8013 -62.0652 4.98
    endloop
  endfacet
  facet normal 0 0 1
    outer loop
      vertex -28.1 -58.9315 4.98
      vertex -28.0506 -61.5478 4.98
      vertex -27.0786 -59.4633 4.98
    endloop
  endfacet
  facet normal 0 0 1
    outer loop
      vertex -29.25 -60.9234 4.98
      vertex -28.1 -58.9315 4.98
      vertex -29.0712 -58.3128 4.98
    endloop
  endfacet
  facet normal 0 0 1
    outer loop
      vertex -28.1 -58.9315 4.98
      vertex -29.25 -60.9234 4.98
      vertex -28.0506 -61.5478 4.98
    endloop
  endfacet
  facet normal 0 0 1
    outer loop
      vertex -30.3904 -60.1969 4.98
      vertex -29.0712 -58.3128 4.98
      vertex -29.9848 -57.6118 4.98
    endloop
  endfacet
  facet normal 0 0 1
    outer loop
      vertex -29.0712 -58.3128 4.98
      vertex -30.3904 -60.1969 4.98
      vertex -29.25 -60.9234 4.98
    endloop
  endfacet
  facet normal 0 0 1
    outer loop
      vertex -31.4632 -59.3737 4.98
      vertex -29.9848 -57.6118 4.98
      vertex -30.8338 -56.8338 4.98
    endloop
  endfacet
  facet normal 0 0 1
    outer loop
      vertex -29.9848 -57.6118 4.98
      vertex -31.4632 -59.3737 4.98
      vertex -30.3904 -60.1969 4.98
    endloop
  endfacet
  facet normal 0 0 1
    outer loop
      vertex -32.4601 -58.4601 4.98
      vertex -30.8338 -56.8338 4.98
      vertex -31.6118 -55.9848 4.98
    endloop
  endfacet
  facet normal 0 0 1
    outer loop
      vertex -33.3737 -57.4632 4.98
      vertex -31.6118 -55.9848 4.98
      vertex -32.3128 -55.0712 4.98
    endloop
  endfacet
  facet normal 0 0 1
    outer loop
      vertex -30.8338 -56.8338 4.98
      vertex -32.4601 -58.4601 4.98
      vertex -31.4632 -59.3737 4.98
    endloop
  endfacet
  facet normal 0 0 1
    outer loop
      vertex -34.1969 -56.3904 4.98
      vertex -32.3128 -55.0712 4.98
      vertex -32.9315 -54.1 4.98
    endloop
  endfacet
  facet normal 0 0 1
    outer loop
      vertex -31.6118 -55.9848 4.98
      vertex -33.3737 -57.4632 4.98
      vertex -32.4601 -58.4601 4.98
    endloop
  endfacet
  facet normal 0 0 1
    outer loop
      vertex -34.9234 -55.25 4.98
      vertex -32.9315 -54.1 4.98
      vertex -33.4633 -53.0786 4.98
    endloop
  endfacet
  facet normal 0 0 1
    outer loop
      vertex -35.5478 -54.0506 4.98
      vertex -33.4633 -53.0786 4.98
      vertex -33.9039 -52.0147 4.98
    endloop
  endfacet
  facet normal 0 0 1
    outer loop
      vertex -32.3128 -55.0712 4.98
      vertex -34.1969 -56.3904 4.98
      vertex -33.3737 -57.4632 4.98
    endloop
  endfacet
  facet normal 0 0 1
    outer loop
      vertex -36.0652 -52.8013 4.98
      vertex -33.9039 -52.0147 4.98
      vertex -34.2502 -50.9164 4.98
    endloop
  endfacet
  facet normal 0 0 1
    outer loop
      vertex -36.4718 -51.5117 4.98
      vertex -34.2502 -50.9164 4.98
      vertex -34.4995 -49.7921 4.98
    endloop
  endfacet
  facet normal 0 0 1
    outer loop
      vertex -36.7645 -50.1915 4.98
      vertex -34.4995 -49.7921 4.98
      vertex -34.6498 -48.6505 4.98
    endloop
  endfacet
  facet normal 0 0 1
    outer loop
      vertex -32.9315 -54.1 4.98
      vertex -34.9234 -55.25 4.98
      vertex -34.1969 -56.3904 4.98
    endloop
  endfacet
  facet normal 0 0 1
    outer loop
      vertex -36.941 -48.8509 4.98
      vertex -34.6498 -48.6505 4.98
      vertex -34.7 -47.5 4.98
    endloop
  endfacet
  facet normal 0 0 1
    outer loop
      vertex -34.2502 -44.0836 4.98
      vertex -36.4718 -43.4883 4.98
      vertex -34.4995 -45.2079 4.98
    endloop
  endfacet
  facet normal -0 0 1
    outer loop
      vertex -36.7645 -44.8085 4.98
      vertex -34.4995 -45.2079 4.98
      vertex -36.4718 -43.4883 4.98
    endloop
  endfacet
  facet normal 0 0 1
    outer loop
      vertex -33.4633 -53.0786 4.98
      vertex -35.5478 -54.0506 4.98
      vertex -34.9234 -55.25 4.98
    endloop
  endfacet
  facet normal 0 0 1
    outer loop
      vertex -34.4995 -45.2079 4.98
      vertex -36.7645 -44.8085 4.98
      vertex -34.6498 -46.3495 4.98
    endloop
  endfacet
  facet normal 0 0 1
    outer loop
      vertex -33.9039 -52.0147 4.98
      vertex -36.0652 -52.8013 4.98
      vertex -35.5478 -54.0506 4.98
    endloop
  endfacet
  facet normal -0 0 1
    outer loop
      vertex -36.941 -46.1491 4.98
      vertex -34.6498 -46.3495 4.98
      vertex -36.7645 -44.8085 4.98
    endloop
  endfacet
  facet normal 0 0 1
    outer loop
      vertex -34.2502 -50.9164 4.98
      vertex -36.4718 -51.5117 4.98
      vertex -36.0652 -52.8013 4.98
    endloop
  endfacet
  facet normal 0 0 1
    outer loop
      vertex -34.6498 -46.3495 4.98
      vertex -36.941 -46.1491 4.98
      vertex -34.7 -47.5 4.98
    endloop
  endfacet
  facet normal 0 0 1
    outer loop
      vertex -34.4995 -49.7921 4.98
      vertex -36.7645 -50.1915 4.98
      vertex -36.4718 -51.5117 4.98
    endloop
  endfacet
  facet normal 0 0 1
    outer loop
      vertex -37 -47.5 4.98
      vertex -34.7 -47.5 4.98
      vertex -36.941 -46.1491 4.98
    endloop
  endfacet
  facet normal 0 0 1
    outer loop
      vertex -34.6498 -48.6505 4.98
      vertex -36.941 -48.8509 4.98
      vertex -36.7645 -50.1915 4.98
    endloop
  endfacet
  facet normal 0 0 1
    outer loop
      vertex -34.7 -47.5 4.98
      vertex -37 -47.5 4.98
      vertex -36.941 -48.8509 4.98
    endloop
  endfacet
  facet normal 0.130531 -0.991444 0
    outer loop
      vertex -20.1491 -62.941 3
      vertex -18.8085 -62.7645 4.98
      vertex -20.1491 -62.941 4.98
    endloop
  endfacet
  facet normal 0.130531 -0.991444 0
    outer loop
      vertex -18.8085 -62.7645 4.98
      vertex -20.1491 -62.941 3
      vertex -18.8085 -62.7645 3
    endloop
  endfacet
  facet normal 0.216453 -0.976293 0
    outer loop
      vertex -18.8085 -62.7645 3
      vertex -17.4883 -62.4718 4.98
      vertex -18.8085 -62.7645 4.98
    endloop
  endfacet
  facet normal 0.216453 -0.976293 0
    outer loop
      vertex -17.4883 -62.4718 4.98
      vertex -18.8085 -62.7645 3
      vertex -17.4883 -62.4718 3
    endloop
  endfacet
  facet normal 0.3007 -0.953719 0
    outer loop
      vertex -17.4883 -62.4718 3
      vertex -16.1987 -62.0652 4.98
      vertex -17.4883 -62.4718 4.98
    endloop
  endfacet
  facet normal 0.3007 -0.953719 0
    outer loop
      vertex -16.1987 -62.0652 4.98
      vertex -17.4883 -62.4718 3
      vertex -16.1987 -62.0652 3
    endloop
  endfacet
  facet normal 0.382635 -0.9239 0
    outer loop
      vertex -16.1987 -62.0652 3
      vertex -14.9494 -61.5478 4.98
      vertex -16.1987 -62.0652 4.98
    endloop
  endfacet
  facet normal 0.382635 -0.9239 0
    outer loop
      vertex -14.9494 -61.5478 4.98
      vertex -16.1987 -62.0652 3
      vertex -14.9494 -61.5478 3
    endloop
  endfacet
  facet normal 0.461767 -0.887001 0
    outer loop
      vertex -14.9494 -61.5478 3
      vertex -13.75 -60.9234 4.98
      vertex -14.9494 -61.5478 4.98
    endloop
  endfacet
  facet normal 0.461767 -0.887001 0
    outer loop
      vertex -13.75 -60.9234 4.98
      vertex -14.9494 -61.5478 3
      vertex -13.75 -60.9234 3
    endloop
  endfacet
  facet normal 0.537292 -0.843396 -9.81306e-05
    outer loop
      vertex -13.75 -60.9234 4.98
      vertex -12.8081 -60.3233 4.5
      vertex -12.6096 -60.1969 4.98
    endloop
  endfacet
  facet normal 0.537327 -0.843374 0
    outer loop
      vertex -13.75 -60.9234 3
      vertex -12.8081 -60.3233 4.5
      vertex -13.75 -60.9234 4.98
    endloop
  endfacet
  facet normal 0.537327 -0.843374 0
    outer loop
      vertex -12.8081 -60.3233 4.5
      vertex -13.75 -60.9234 3
      vertex -12.8081 -60.3233 3
    endloop
  endfacet
  facet normal 0.537123 -0.843504 0
    outer loop
      vertex -12.6096 -60.1969 4.98
      vertex -12.8081 -60.3233 4.5
      vertex -12.6096 -60.1969 4.5
    endloop
  endfacet
  facet normal 0.608767 -0.793349 -0.000350529
    outer loop
      vertex -12.6096 -60.1969 4.98
      vertex -12.0509 -59.7681 4.78
      vertex -11.5368 -59.3737 4.98
    endloop
  endfacet
  facet normal 0.608846 -0.793289 0
    outer loop
      vertex -12.6096 -60.1969 4.5
      vertex -12.0509 -59.7681 4.78
      vertex -12.6096 -60.1969 4.98
    endloop
  endfacet
  facet normal 0.608846 -0.793289 0
    outer loop
      vertex -12.0509 -59.7681 4.78
      vertex -12.6096 -60.1969 4.5
      vertex -12.0509 -59.7681 4.5
    endloop
  endfacet
  facet normal 0.608681 -0.793415 0
    outer loop
      vertex -11.5368 -59.3737 4.98
      vertex -12.0509 -59.7681 4.78
      vertex -11.5368 -59.3737 4.78
    endloop
  endfacet
  facet normal 0.675634 -0.737237 0
    outer loop
      vertex -11.5368 -59.3737 4.78
      vertex -10.5399 -58.4601 4.98
      vertex -11.5368 -59.3737 4.98
    endloop
  endfacet
  facet normal 0.675634 -0.737237 0
    outer loop
      vertex -10.5399 -58.4601 4.98
      vertex -11.5368 -59.3737 4.78
      vertex -10.5399 -58.4601 4.78
    endloop
  endfacet
  facet normal 0.737241 -0.67563 0
    outer loop
      vertex -10.5399 -58.4601 4.98
      vertex -9.62631 -57.4632 4.78
      vertex -9.62631 -57.4632 4.98
    endloop
  endfacet
  facet normal 0.737241 -0.67563 0
    outer loop
      vertex -9.62631 -57.4632 4.78
      vertex -10.5399 -58.4601 4.98
      vertex -10.5399 -58.4601 4.78
    endloop
  endfacet
  facet normal 0.793363 -0.608748 0
    outer loop
      vertex -9.62631 -57.4632 4.98
      vertex -8.80315 -56.3904 4.78
      vertex -8.80315 -56.3904 4.98
    endloop
  endfacet
  facet normal 0.793363 -0.608748 0
    outer loop
      vertex -8.80315 -56.3904 4.78
      vertex -9.62631 -57.4632 4.98
      vertex -9.62631 -57.4632 4.78
    endloop
  endfacet
  facet normal 0.843383 -0.537313 0
    outer loop
      vertex -8.80315 -56.3904 4.98
      vertex -8.07661 -55.25 4.78
      vertex -8.07661 -55.25 4.98
    endloop
  endfacet
  facet normal 0.843383 -0.537313 0
    outer loop
      vertex -8.07661 -55.25 4.78
      vertex -8.80315 -56.3904 4.98
      vertex -8.80315 -56.3904 4.78
    endloop
  endfacet
  facet normal 0.88701 -0.46175 0
    outer loop
      vertex -8.07661 -55.25 4.98
      vertex -7.45224 -54.0506 4.78
      vertex -7.45224 -54.0506 4.98
    endloop
  endfacet
  facet normal 0.88701 -0.46175 0
    outer loop
      vertex -7.45224 -54.0506 4.78
      vertex -8.07661 -55.25 4.98
      vertex -8.07661 -55.25 4.78
    endloop
  endfacet
  facet normal 0.923881 -0.382679 0
    outer loop
      vertex -7.45224 -54.0506 4.98
      vertex -6.93477 -52.8013 4.78
      vertex -6.93477 -52.8013 4.98
    endloop
  endfacet
  facet normal 0.923881 -0.382679 0
    outer loop
      vertex -6.93477 -52.8013 4.78
      vertex -7.45224 -54.0506 4.98
      vertex -7.45224 -54.0506 4.78
    endloop
  endfacet
  facet normal 0.953714 -0.300715 0
    outer loop
      vertex -6.52815 -51.5117 4.98
      vertex -6.83977 -52.5 4.78
      vertex -6.52815 -51.5117 3
    endloop
  endfacet
  facet normal 0.953715 -0.300713 -9.63625e-06
    outer loop
      vertex -6.93477 -52.8013 4.98
      vertex -6.83977 -52.5 4.78
      vertex -6.52815 -51.5117 4.98
    endloop
  endfacet
  facet normal 0.953717 -0.300707 0
    outer loop
      vertex -6.83977 -52.5 4.78
      vertex -6.93477 -52.8013 4.98
      vertex -6.93477 -52.8013 4.78
    endloop
  endfacet
  facet normal 0.953714 -0.300715 0
    outer loop
      vertex -6.52815 -51.5117 3
      vertex -6.83977 -52.5 4.78
      vertex -6.83977 -52.5 3
    endloop
  endfacet
  facet normal 0.976299 -0.216425 0
    outer loop
      vertex -6.52815 -51.5117 4.98
      vertex -6.23549 -50.1915 3
      vertex -6.23549 -50.1915 4.98
    endloop
  endfacet
  facet normal 0.976299 -0.216425 0
    outer loop
      vertex -6.23549 -50.1915 3
      vertex -6.52815 -51.5117 4.98
      vertex -6.52815 -51.5117 3
    endloop
  endfacet
  facet normal 0.991444 -0.130531 0
    outer loop
      vertex -6.23549 -50.1915 4.98
      vertex -6.05899 -48.8509 3
      vertex -6.05899 -48.8509 4.98
    endloop
  endfacet
  facet normal 0.991444 -0.130531 0
    outer loop
      vertex -6.05899 -48.8509 3
      vertex -6.23549 -50.1915 4.98
      vertex -6.23549 -50.1915 3
    endloop
  endfacet
  facet normal 0.999048 -0.0436256 0
    outer loop
      vertex -6.05899 -48.8509 4.98
      vertex -6 -47.5 3
      vertex -6 -47.5 4.98
    endloop
  endfacet
  facet normal 0.999048 -0.0436256 0
    outer loop
      vertex -6 -47.5 3
      vertex -6.05899 -48.8509 4.98
      vertex -6.05899 -48.8509 3
    endloop
  endfacet
  facet normal 0.999048 0.0436256 0
    outer loop
      vertex -6 -47.5 4.98
      vertex -6.05899 -46.1491 3
      vertex -6.05899 -46.1491 4.98
    endloop
  endfacet
  facet normal 0.999048 0.0436256 0
    outer loop
      vertex -6.05899 -46.1491 3
      vertex -6 -47.5 4.98
      vertex -6 -47.5 3
    endloop
  endfacet
  facet normal 0.991444 0.130531 0
    outer loop
      vertex -6.05899 -46.1491 4.98
      vertex -6.23549 -44.8085 3
      vertex -6.23549 -44.8085 4.98
    endloop
  endfacet
  facet normal 0.991444 0.130531 0
    outer loop
      vertex -6.23549 -44.8085 3
      vertex -6.05899 -46.1491 4.98
      vertex -6.05899 -46.1491 3
    endloop
  endfacet
  facet normal 0.976299 0.216425 0
    outer loop
      vertex -6.23549 -44.8085 4.98
      vertex -6.52815 -43.4883 3
      vertex -6.52815 -43.4883 4.98
    endloop
  endfacet
  facet normal 0.976299 0.216425 0
    outer loop
      vertex -6.52815 -43.4883 3
      vertex -6.23549 -44.8085 4.98
      vertex -6.23549 -44.8085 3
    endloop
  endfacet
  facet normal 0.953715 0.300713 0
    outer loop
      vertex -6.52815 -43.4883 4.98
      vertex -6.93477 -42.1987 3
      vertex -6.93477 -42.1987 4.98
    endloop
  endfacet
  facet normal 0.953715 0.300713 0
    outer loop
      vertex -6.93477 -42.1987 3
      vertex -6.52815 -43.4883 4.98
      vertex -6.52815 -43.4883 3
    endloop
  endfacet
  facet normal 0.923879 0.382685 0
    outer loop
      vertex -7.45224 -40.9494 4.98
      vertex -7 -42.0412 4.78
      vertex -7.45224 -40.9494 4.78
    endloop
  endfacet
  facet normal 0.923881 0.382679 3.58149e-05
    outer loop
      vertex -6.93477 -42.1987 4.98
      vertex -7 -42.0412 4.78
      vertex -7.45224 -40.9494 4.98
    endloop
  endfacet
  facet normal 0.923897 0.38264 -0
    outer loop
      vertex -6.93477 -42.1987 3
      vertex -7 -42.0412 4.78
      vertex -6.93477 -42.1987 4.98
    endloop
  endfacet
  facet normal 0.923897 0.38264 0
    outer loop
      vertex -7 -42.0412 4.78
      vertex -6.93477 -42.1987 3
      vertex -7 -42.0412 3
    endloop
  endfacet
  facet normal 0.88701 0.46175 0
    outer loop
      vertex -7.45224 -40.9494 4.98
      vertex -8.07661 -39.75 4.78
      vertex -8.07661 -39.75 4.98
    endloop
  endfacet
  facet normal 0.88701 0.46175 0
    outer loop
      vertex -8.07661 -39.75 4.78
      vertex -7.45224 -40.9494 4.98
      vertex -7.45224 -40.9494 4.78
    endloop
  endfacet
  facet normal 0.843383 0.537313 0
    outer loop
      vertex -8.07661 -39.75 4.98
      vertex -8.80315 -38.6096 4.78
      vertex -8.80315 -38.6096 4.98
    endloop
  endfacet
  facet normal 0.843383 0.537313 0
    outer loop
      vertex -8.80315 -38.6096 4.78
      vertex -8.07661 -39.75 4.98
      vertex -8.07661 -39.75 4.78
    endloop
  endfacet
  facet normal 0.793363 0.608748 0
    outer loop
      vertex -8.80315 -38.6096 4.98
      vertex -9.62631 -37.5368 4.78
      vertex -9.62631 -37.5368 4.98
    endloop
  endfacet
  facet normal 0.793363 0.608748 0
    outer loop
      vertex -9.62631 -37.5368 4.78
      vertex -8.80315 -38.6096 4.98
      vertex -8.80315 -38.6096 4.78
    endloop
  endfacet
  facet normal 0.737241 0.67563 0
    outer loop
      vertex -9.62631 -37.5368 4.98
      vertex -10.5399 -36.5399 4.78
      vertex -10.5399 -36.5399 4.98
    endloop
  endfacet
  facet normal 0.737241 0.67563 0
    outer loop
      vertex -10.5399 -36.5399 4.78
      vertex -9.62631 -37.5368 4.98
      vertex -9.62631 -37.5368 4.78
    endloop
  endfacet
  facet normal 0.675634 0.737237 -0
    outer loop
      vertex -10.5399 -36.5399 4.78
      vertex -11.5368 -35.6263 4.98
      vertex -10.5399 -36.5399 4.98
    endloop
  endfacet
  facet normal 0.675634 0.737237 0
    outer loop
      vertex -11.5368 -35.6263 4.98
      vertex -10.5399 -36.5399 4.78
      vertex -11.5368 -35.6263 4.78
    endloop
  endfacet
  facet normal 0.608767 0.793349 -0
    outer loop
      vertex -11.5368 -35.6263 4.78
      vertex -12.6096 -34.8031 4.98
      vertex -11.5368 -35.6263 4.98
    endloop
  endfacet
  facet normal 0.608767 0.793349 0
    outer loop
      vertex -12.6096 -34.8031 4.98
      vertex -11.5368 -35.6263 4.78
      vertex -12.6096 -34.8031 4.78
    endloop
  endfacet
  facet normal 0.537292 0.843396 -0
    outer loop
      vertex -12.6096 -34.8031 4.78
      vertex -13.75 -34.0766 4.98
      vertex -12.6096 -34.8031 4.98
    endloop
  endfacet
  facet normal 0.537292 0.843396 0
    outer loop
      vertex -13.75 -34.0766 4.98
      vertex -12.6096 -34.8031 4.78
      vertex -13.75 -34.0766 4.78
    endloop
  endfacet
  facet normal 0.461618 0.887079 0
    outer loop
      vertex -13.8972 -34 4.78
      vertex -13.75 -34.0766 4.98
      vertex -13.75 -34.0766 4.78
    endloop
  endfacet
  facet normal 0.461767 0.887001 -0.000139181
    outer loop
      vertex -13.75 -34.0766 4.98
      vertex -13.8972 -34 4.78
      vertex -14.9494 -33.4522 4.98
    endloop
  endfacet
  facet normal 0.461788 0.88699 0
    outer loop
      vertex -14.9494 -33.4522 3
      vertex -13.8972 -34 4.78
      vertex -13.8972 -34 3
    endloop
  endfacet
  facet normal 0.461788 0.88699 0
    outer loop
      vertex -13.8972 -34 4.78
      vertex -14.9494 -33.4522 3
      vertex -14.9494 -33.4522 4.98
    endloop
  endfacet
  facet normal 0.382635 0.9239 -0
    outer loop
      vertex -14.9494 -33.4522 3
      vertex -16.1987 -32.9348 4.98
      vertex -14.9494 -33.4522 4.98
    endloop
  endfacet
  facet normal 0.382635 0.9239 0
    outer loop
      vertex -16.1987 -32.9348 4.98
      vertex -14.9494 -33.4522 3
      vertex -16.1987 -32.9348 3
    endloop
  endfacet
  facet normal 0.3007 0.953719 -0
    outer loop
      vertex -16.1987 -32.9348 3
      vertex -17.4883 -32.5282 4.98
      vertex -16.1987 -32.9348 4.98
    endloop
  endfacet
  facet normal 0.3007 0.953719 0
    outer loop
      vertex -17.4883 -32.5282 4.98
      vertex -16.1987 -32.9348 3
      vertex -17.4883 -32.5282 3
    endloop
  endfacet
  facet normal 0.216453 0.976293 -0
    outer loop
      vertex -17.4883 -32.5282 3
      vertex -18.8085 -32.2355 4.98
      vertex -17.4883 -32.5282 4.98
    endloop
  endfacet
  facet normal 0.216453 0.976293 0
    outer loop
      vertex -18.8085 -32.2355 4.98
      vertex -17.4883 -32.5282 3
      vertex -18.8085 -32.2355 3
    endloop
  endfacet
  facet normal 0.130531 0.991444 -0
    outer loop
      vertex -18.8085 -32.2355 3
      vertex -20.1491 -32.059 4.98
      vertex -18.8085 -32.2355 4.98
    endloop
  endfacet
  facet normal 0.130531 0.991444 0
    outer loop
      vertex -20.1491 -32.059 4.98
      vertex -18.8085 -32.2355 3
      vertex -20.1491 -32.059 3
    endloop
  endfacet
  facet normal 0.043633 0.999048 -0
    outer loop
      vertex -20.1491 -32.059 3
      vertex -21.5 -32 4.98
      vertex -20.1491 -32.059 4.98
    endloop
  endfacet
  facet normal 0.043633 0.999048 0
    outer loop
      vertex -21.5 -32 4.98
      vertex -20.1491 -32.059 3
      vertex -21.5 -32 3
    endloop
  endfacet
  facet normal -0.043633 0.999048 0
    outer loop
      vertex -21.5 -32 3
      vertex -22.8509 -32.059 4.98
      vertex -21.5 -32 4.98
    endloop
  endfacet
  facet normal -0.043633 0.999048 0
    outer loop
      vertex -22.8509 -32.059 4.98
      vertex -21.5 -32 3
      vertex -22.8509 -32.059 3
    endloop
  endfacet
  facet normal -0.130531 0.991444 0
    outer loop
      vertex -22.8509 -32.059 3
      vertex -24.1915 -32.2355 4.98
      vertex -22.8509 -32.059 4.98
    endloop
  endfacet
  facet normal -0.130531 0.991444 0
    outer loop
      vertex -24.1915 -32.2355 4.98
      vertex -22.8509 -32.059 3
      vertex -24.1915 -32.2355 3
    endloop
  endfacet
  facet normal -0.216453 0.976293 0
    outer loop
      vertex -24.1915 -32.2355 3
      vertex -25.5117 -32.5282 4.98
      vertex -24.1915 -32.2355 4.98
    endloop
  endfacet
  facet normal -0.216453 0.976293 0
    outer loop
      vertex -25.5117 -32.5282 4.98
      vertex -24.1915 -32.2355 3
      vertex -25.5117 -32.5282 3
    endloop
  endfacet
  facet normal -0.3007 0.953719 0
    outer loop
      vertex -25.5117 -32.5282 3
      vertex -26.8013 -32.9348 4.98
      vertex -25.5117 -32.5282 4.98
    endloop
  endfacet
  facet normal -0.3007 0.953719 0
    outer loop
      vertex -26.8013 -32.9348 4.98
      vertex -25.5117 -32.5282 3
      vertex -26.8013 -32.9348 3
    endloop
  endfacet
  facet normal -0.382635 0.9239 0
    outer loop
      vertex -26.8013 -32.9348 3
      vertex -28.0506 -33.4522 4.98
      vertex -26.8013 -32.9348 4.98
    endloop
  endfacet
  facet normal -0.382635 0.9239 0
    outer loop
      vertex -28.0506 -33.4522 4.98
      vertex -26.8013 -32.9348 3
      vertex -28.0506 -33.4522 3
    endloop
  endfacet
  facet normal -0.461767 0.887001 -0.000139181
    outer loop
      vertex -28.0506 -33.4522 4.98
      vertex -29.1028 -34 4.78
      vertex -29.25 -34.0766 4.98
    endloop
  endfacet
  facet normal -0.461788 0.88699 0
    outer loop
      vertex -28.0506 -33.4522 3
      vertex -29.1028 -34 4.78
      vertex -28.0506 -33.4522 4.98
    endloop
  endfacet
  facet normal -0.461788 0.88699 0
    outer loop
      vertex -29.1028 -34 4.78
      vertex -28.0506 -33.4522 3
      vertex -29.1028 -34 3
    endloop
  endfacet
  facet normal -0.461618 0.887079 0
    outer loop
      vertex -29.25 -34.0766 4.98
      vertex -29.1028 -34 4.78
      vertex -29.25 -34.0766 4.78
    endloop
  endfacet
  facet normal -0.537292 0.843396 0
    outer loop
      vertex -29.25 -34.0766 4.78
      vertex -30.3904 -34.8031 4.98
      vertex -29.25 -34.0766 4.98
    endloop
  endfacet
  facet normal -0.537292 0.843396 0
    outer loop
      vertex -30.3904 -34.8031 4.98
      vertex -29.25 -34.0766 4.78
      vertex -30.3904 -34.8031 4.78
    endloop
  endfacet
  facet normal -0.608767 0.793349 0
    outer loop
      vertex -30.3904 -34.8031 4.78
      vertex -31.4632 -35.6263 4.98
      vertex -30.3904 -34.8031 4.98
    endloop
  endfacet
  facet normal -0.608767 0.793349 0
    outer loop
      vertex -31.4632 -35.6263 4.98
      vertex -30.3904 -34.8031 4.78
      vertex -31.4632 -35.6263 4.78
    endloop
  endfacet
  facet normal -0.675634 0.737237 0
    outer loop
      vertex -31.4632 -35.6263 4.78
      vertex -32.4601 -36.5399 4.98
      vertex -31.4632 -35.6263 4.98
    endloop
  endfacet
  facet normal -0.675634 0.737237 0
    outer loop
      vertex -32.4601 -36.5399 4.98
      vertex -31.4632 -35.6263 4.78
      vertex -32.4601 -36.5399 4.78
    endloop
  endfacet
  facet normal -0.737237 0.675634 0
    outer loop
      vertex -33.3737 -37.5368 4.78
      vertex -32.4601 -36.5399 4.98
      vertex -32.4601 -36.5399 4.78
    endloop
  endfacet
  facet normal -0.737237 0.675634 0
    outer loop
      vertex -32.4601 -36.5399 4.98
      vertex -33.3737 -37.5368 4.78
      vertex -33.3737 -37.5368 4.98
    endloop
  endfacet
  facet normal -0.793349 0.608767 0
    outer loop
      vertex -34.1969 -38.6096 4.78
      vertex -33.3737 -37.5368 4.98
      vertex -33.3737 -37.5368 4.78
    endloop
  endfacet
  facet normal -0.793349 0.608767 0
    outer loop
      vertex -33.3737 -37.5368 4.98
      vertex -34.1969 -38.6096 4.78
      vertex -34.1969 -38.6096 4.98
    endloop
  endfacet
  facet normal -0.843396 0.537292 0
    outer loop
      vertex -34.9234 -39.75 4.78
      vertex -34.1969 -38.6096 4.98
      vertex -34.1969 -38.6096 4.78
    endloop
  endfacet
  facet normal -0.843396 0.537292 0
    outer loop
      vertex -34.1969 -38.6096 4.98
      vertex -34.9234 -39.75 4.78
      vertex -34.9234 -39.75 4.98
    endloop
  endfacet
  facet normal -0.887001 0.461767 0
    outer loop
      vertex -35.5478 -40.9494 4.78
      vertex -34.9234 -39.75 4.98
      vertex -34.9234 -39.75 4.78
    endloop
  endfacet
  facet normal -0.887001 0.461767 0
    outer loop
      vertex -34.9234 -39.75 4.98
      vertex -35.5478 -40.9494 4.78
      vertex -35.5478 -40.9494 4.98
    endloop
  endfacet
  facet normal -0.9239 0.382635 0
    outer loop
      vertex -36.0652 -42.1987 4.78
      vertex -35.5478 -40.9494 4.98
      vertex -35.5478 -40.9494 4.78
    endloop
  endfacet
  facet normal -0.9239 0.382635 0
    outer loop
      vertex -35.5478 -40.9494 4.98
      vertex -36.0652 -42.1987 4.78
      vertex -36.0652 -42.1987 4.98
    endloop
  endfacet
  facet normal -0.953719 0.3007 0
    outer loop
      vertex -36.4718 -43.4883 4.78
      vertex -36.0652 -42.1987 4.98
      vertex -36.0652 -42.1987 4.78
    endloop
  endfacet
  facet normal -0.953719 0.3007 0
    outer loop
      vertex -36.0652 -42.1987 4.98
      vertex -36.4718 -43.4883 4.78
      vertex -36.4718 -43.4883 4.98
    endloop
  endfacet
  facet normal -0.976293 0.216453 0
    outer loop
      vertex -36.7645 -44.8085 4.78
      vertex -36.4718 -43.4883 4.98
      vertex -36.4718 -43.4883 4.78
    endloop
  endfacet
  facet normal -0.976293 0.216453 0
    outer loop
      vertex -36.4718 -43.4883 4.98
      vertex -36.7645 -44.8085 4.78
      vertex -36.7645 -44.8085 4.98
    endloop
  endfacet
  facet normal -0.991444 0.130531 0
    outer loop
      vertex -36.941 -46.1491 4.78
      vertex -36.7645 -44.8085 4.98
      vertex -36.7645 -44.8085 4.78
    endloop
  endfacet
  facet normal -0.991444 0.130531 0
    outer loop
      vertex -36.7645 -44.8085 4.98
      vertex -36.941 -46.1491 4.78
      vertex -36.941 -46.1491 4.98
    endloop
  endfacet
  facet normal -0.999048 0.043633 0
    outer loop
      vertex -37 -47.5 4.78
      vertex -36.941 -46.1491 4.98
      vertex -36.941 -46.1491 4.78
    endloop
  endfacet
  facet normal -0.999048 0.043633 0
    outer loop
      vertex -36.941 -46.1491 4.98
      vertex -37 -47.5 4.78
      vertex -37 -47.5 4.98
    endloop
  endfacet
  facet normal -0.999048 -0.043633 0
    outer loop
      vertex -36.941 -48.8509 4.78
      vertex -37 -47.5 4.98
      vertex -37 -47.5 4.78
    endloop
  endfacet
  facet normal -0.999048 -0.043633 0
    outer loop
      vertex -37 -47.5 4.98
      vertex -36.941 -48.8509 4.78
      vertex -36.941 -48.8509 4.98
    endloop
  endfacet
  facet normal -0.991444 -0.130531 0
    outer loop
      vertex -36.7645 -50.1915 4.78
      vertex -36.941 -48.8509 4.98
      vertex -36.941 -48.8509 4.78
    endloop
  endfacet
  facet normal -0.991444 -0.130531 0
    outer loop
      vertex -36.941 -48.8509 4.98
      vertex -36.7645 -50.1915 4.78
      vertex -36.7645 -50.1915 4.98
    endloop
  endfacet
  facet normal -0.976293 -0.216453 0
    outer loop
      vertex -36.4718 -51.5117 4.78
      vertex -36.7645 -50.1915 4.98
      vertex -36.7645 -50.1915 4.78
    endloop
  endfacet
  facet normal -0.976293 -0.216453 0
    outer loop
      vertex -36.7645 -50.1915 4.98
      vertex -36.4718 -51.5117 4.78
      vertex -36.4718 -51.5117 4.98
    endloop
  endfacet
  facet normal -0.953719 -0.3007 0
    outer loop
      vertex -36.0652 -52.8013 4.78
      vertex -36.4718 -51.5117 4.98
      vertex -36.4718 -51.5117 4.78
    endloop
  endfacet
  facet normal -0.953719 -0.3007 0
    outer loop
      vertex -36.4718 -51.5117 4.98
      vertex -36.0652 -52.8013 4.78
      vertex -36.0652 -52.8013 4.98
    endloop
  endfacet
  facet normal -0.9239 -0.382635 0
    outer loop
      vertex -35.5478 -54.0506 4.78
      vertex -36.0652 -52.8013 4.98
      vertex -36.0652 -52.8013 4.78
    endloop
  endfacet
  facet normal -0.9239 -0.382635 0
    outer loop
      vertex -36.0652 -52.8013 4.98
      vertex -35.5478 -54.0506 4.78
      vertex -35.5478 -54.0506 4.98
    endloop
  endfacet
  facet normal -0.887001 -0.461767 0
    outer loop
      vertex -34.9234 -55.25 4.78
      vertex -35.5478 -54.0506 4.98
      vertex -35.5478 -54.0506 4.78
    endloop
  endfacet
  facet normal -0.887001 -0.461767 0
    outer loop
      vertex -35.5478 -54.0506 4.98
      vertex -34.9234 -55.25 4.78
      vertex -34.9234 -55.25 4.98
    endloop
  endfacet
  facet normal -0.843396 -0.537292 0
    outer loop
      vertex -34.1969 -56.3904 4.78
      vertex -34.9234 -55.25 4.98
      vertex -34.9234 -55.25 4.78
    endloop
  endfacet
  facet normal -0.843396 -0.537292 0
    outer loop
      vertex -34.9234 -55.25 4.98
      vertex -34.1969 -56.3904 4.78
      vertex -34.1969 -56.3904 4.98
    endloop
  endfacet
  facet normal -0.793349 -0.608767 0
    outer loop
      vertex -33.3737 -57.4632 4.78
      vertex -34.1969 -56.3904 4.98
      vertex -34.1969 -56.3904 4.78
    endloop
  endfacet
  facet normal -0.793349 -0.608767 0
    outer loop
      vertex -34.1969 -56.3904 4.98
      vertex -33.3737 -57.4632 4.78
      vertex -33.3737 -57.4632 4.98
    endloop
  endfacet
  facet normal -0.737237 -0.675634 0
    outer loop
      vertex -32.4601 -58.4601 4.78
      vertex -33.3737 -57.4632 4.98
      vertex -33.3737 -57.4632 4.78
    endloop
  endfacet
  facet normal -0.737237 -0.675634 0
    outer loop
      vertex -33.3737 -57.4632 4.98
      vertex -32.4601 -58.4601 4.78
      vertex -32.4601 -58.4601 4.98
    endloop
  endfacet
  facet normal -0.675634 -0.737237 0
    outer loop
      vertex -32.4601 -58.4601 4.78
      vertex -31.4632 -59.3737 4.98
      vertex -32.4601 -58.4601 4.98
    endloop
  endfacet
  facet normal -0.675634 -0.737237 -0
    outer loop
      vertex -31.4632 -59.3737 4.98
      vertex -32.4601 -58.4601 4.78
      vertex -31.4632 -59.3737 4.78
    endloop
  endfacet
  facet normal -0.608767 -0.793349 0
    outer loop
      vertex -31.4632 -59.3737 4.78
      vertex -30.3904 -60.1969 4.98
      vertex -31.4632 -59.3737 4.98
    endloop
  endfacet
  facet normal -0.608767 -0.793349 -0
    outer loop
      vertex -30.3904 -60.1969 4.98
      vertex -31.4632 -59.3737 4.78
      vertex -30.3904 -60.1969 4.78
    endloop
  endfacet
  facet normal -0.53729 -0.843397 0
    outer loop
      vertex -29.4437 -60.8 4.78
      vertex -30.3904 -60.1969 4.98
      vertex -30.3904 -60.1969 4.78
    endloop
  endfacet
  facet normal -0.537292 -0.843396 -8.54194e-06
    outer loop
      vertex -30.3904 -60.1969 4.98
      vertex -29.4437 -60.8 4.78
      vertex -29.25 -60.9234 4.98
    endloop
  endfacet
  facet normal -0.537298 -0.843392 0
    outer loop
      vertex -29.25 -60.9234 4.5
      vertex -29.4437 -60.8 4.78
      vertex -29.4437 -60.8 4.5
    endloop
  endfacet
  facet normal -0.537298 -0.843392 0
    outer loop
      vertex -29.4437 -60.8 4.78
      vertex -29.25 -60.9234 4.5
      vertex -29.25 -60.9234 4.98
    endloop
  endfacet
  facet normal -0.461744 -0.887013 0
    outer loop
      vertex -28.6226 -61.25 4.5
      vertex -29.25 -60.9234 4.98
      vertex -29.25 -60.9234 4.5
    endloop
  endfacet
  facet normal -0.461767 -0.887001 -3.7778e-05
    outer loop
      vertex -29.25 -60.9234 4.98
      vertex -28.6226 -61.25 4.5
      vertex -28.0506 -61.5478 4.98
    endloop
  endfacet
  facet normal -0.461792 -0.886988 0
    outer loop
      vertex -28.0506 -61.5478 3
      vertex -28.6226 -61.25 4.5
      vertex -28.6226 -61.25 3
    endloop
  endfacet
  facet normal -0.461792 -0.886988 0
    outer loop
      vertex -28.6226 -61.25 4.5
      vertex -28.0506 -61.5478 3
      vertex -28.0506 -61.5478 4.98
    endloop
  endfacet
  facet normal -0.382635 -0.9239 0
    outer loop
      vertex -28.0506 -61.5478 3
      vertex -26.8013 -62.0652 4.98
      vertex -28.0506 -61.5478 4.98
    endloop
  endfacet
  facet normal -0.382635 -0.9239 -0
    outer loop
      vertex -26.8013 -62.0652 4.98
      vertex -28.0506 -61.5478 3
      vertex -26.8013 -62.0652 3
    endloop
  endfacet
  facet normal -0.3007 -0.953719 0
    outer loop
      vertex -26.8013 -62.0652 3
      vertex -25.5117 -62.4718 4.98
      vertex -26.8013 -62.0652 4.98
    endloop
  endfacet
  facet normal -0.3007 -0.953719 -0
    outer loop
      vertex -25.5117 -62.4718 4.98
      vertex -26.8013 -62.0652 3
      vertex -25.5117 -62.4718 3
    endloop
  endfacet
  facet normal -0.216453 -0.976293 0
    outer loop
      vertex -25.5117 -62.4718 3
      vertex -24.1915 -62.7645 4.98
      vertex -25.5117 -62.4718 4.98
    endloop
  endfacet
  facet normal -0.216453 -0.976293 -0
    outer loop
      vertex -24.1915 -62.7645 4.98
      vertex -25.5117 -62.4718 3
      vertex -24.1915 -62.7645 3
    endloop
  endfacet
  facet normal -0.130531 -0.991444 0
    outer loop
      vertex -24.1915 -62.7645 3
      vertex -22.8509 -62.941 4.98
      vertex -24.1915 -62.7645 4.98
    endloop
  endfacet
  facet normal -0.130531 -0.991444 -0
    outer loop
      vertex -22.8509 -62.941 4.98
      vertex -24.1915 -62.7645 3
      vertex -22.8509 -62.941 3
    endloop
  endfacet
  facet normal -0.043633 -0.999048 0
    outer loop
      vertex -22.8509 -62.941 3
      vertex -21.5 -63 4.98
      vertex -22.8509 -62.941 4.98
    endloop
  endfacet
  facet normal -0.043633 -0.999048 -0
    outer loop
      vertex -21.5 -63 4.98
      vertex -22.8509 -62.941 3
      vertex -21.5 -63 3
    endloop
  endfacet
  facet normal 0.043633 -0.999048 0
    outer loop
      vertex -21.5 -63 3
      vertex -20.1491 -62.941 4.98
      vertex -21.5 -63 4.98
    endloop
  endfacet
  facet normal 0.043633 -0.999048 0
    outer loop
      vertex -20.1491 -62.941 4.98
      vertex -21.5 -63 3
      vertex -20.1491 -62.941 3
    endloop
  endfacet
  facet normal 0.130531 0.991444 -0
    outer loop
      vertex -22.6505 -60.6498 4.5
      vertex -23.7921 -60.4995 4.98
      vertex -22.6505 -60.6498 4.98
    endloop
  endfacet
  facet normal 0.130531 0.991444 0
    outer loop
      vertex -23.7921 -60.4995 4.98
      vertex -22.6505 -60.6498 4.5
      vertex -23.7921 -60.4995 4.5
    endloop
  endfacet
  facet normal 0.21648 0.976287 -0
    outer loop
      vertex -23.7921 -60.4995 4.5
      vertex -24.9164 -60.2502 4.98
      vertex -23.7921 -60.4995 4.98
    endloop
  endfacet
  facet normal 0.21648 0.976287 0
    outer loop
      vertex -24.9164 -60.2502 4.98
      vertex -23.7921 -60.4995 4.5
      vertex -24.9164 -60.2502 4.5
    endloop
  endfacet
  facet normal 0.300712 0.953715 -0
    outer loop
      vertex -24.9164 -60.2502 4.5
      vertex -26.0147 -59.9039 4.98
      vertex -24.9164 -60.2502 4.98
    endloop
  endfacet
  facet normal 0.300712 0.953715 0
    outer loop
      vertex -26.0147 -59.9039 4.98
      vertex -24.9164 -60.2502 4.5
      vertex -26.0147 -59.9039 4.5
    endloop
  endfacet
  facet normal 0.382601 0.923914 0
    outer loop
      vertex -26.2656 -59.8 4.5
      vertex -26.0147 -59.9039 4.98
      vertex -26.0147 -59.9039 4.5
    endloop
  endfacet
  facet normal 0.382623 0.923905 -1.32614e-05
    outer loop
      vertex -26.0147 -59.9039 4.98
      vertex -26.2656 -59.8 4.5
      vertex -27.0786 -59.4633 4.98
    endloop
  endfacet
  facet normal 0.382629 0.923902 0
    outer loop
      vertex -27.0786 -59.4633 3
      vertex -26.2656 -59.8 4.5
      vertex -26.2656 -59.8 3
    endloop
  endfacet
  facet normal 0.382629 0.923902 0
    outer loop
      vertex -26.2656 -59.8 4.5
      vertex -27.0786 -59.4633 3
      vertex -27.0786 -59.4633 4.98
    endloop
  endfacet
  facet normal 0.461812 0.886978 -0
    outer loop
      vertex -27.0786 -59.4633 3
      vertex -28.1 -58.9315 4.98
      vertex -27.0786 -59.4633 4.98
    endloop
  endfacet
  facet normal 0.461812 0.886978 0
    outer loop
      vertex -28.1 -58.9315 4.98
      vertex -27.0786 -59.4633 3
      vertex -28.1 -58.9315 3
    endloop
  endfacet
  facet normal 0.537286 0.8434 -0
    outer loop
      vertex -28.1 -58.9315 3
      vertex -29.0712 -58.3128 4.98
      vertex -28.1 -58.9315 4.98
    endloop
  endfacet
  facet normal 0.537286 0.8434 0
    outer loop
      vertex -29.0712 -58.3128 4.98
      vertex -28.1 -58.9315 3
      vertex -29.0712 -58.3128 3
    endloop
  endfacet
  facet normal 0.608745 0.793366 -0
    outer loop
      vertex -29.0712 -58.3128 3
      vertex -29.9848 -57.6118 4.98
      vertex -29.0712 -58.3128 4.98
    endloop
  endfacet
  facet normal 0.608745 0.793366 0
    outer loop
      vertex -29.9848 -57.6118 4.98
      vertex -29.0712 -58.3128 3
      vertex -29.9848 -57.6118 3
    endloop
  endfacet
  facet normal 0.675607 0.737262 -0
    outer loop
      vertex -29.9848 -57.6118 3
      vertex -30.8338 -56.8338 4.98
      vertex -29.9848 -57.6118 4.98
    endloop
  endfacet
  facet normal 0.675607 0.737262 0
    outer loop
      vertex -30.8338 -56.8338 4.98
      vertex -29.9848 -57.6118 3
      vertex -30.8338 -56.8338 3
    endloop
  endfacet
  facet normal 0.737262 0.675607 0
    outer loop
      vertex -30.8338 -56.8338 4.98
      vertex -31.6118 -55.9848 3
      vertex -31.6118 -55.9848 4.98
    endloop
  endfacet
  facet normal 0.737262 0.675607 0
    outer loop
      vertex -31.6118 -55.9848 3
      vertex -30.8338 -56.8338 4.98
      vertex -30.8338 -56.8338 3
    endloop
  endfacet
  facet normal 0.793366 0.608745 0
    outer loop
      vertex -31.6118 -55.9848 4.98
      vertex -32.3128 -55.0712 3
      vertex -32.3128 -55.0712 4.98
    endloop
  endfacet
  facet normal 0.793366 0.608745 0
    outer loop
      vertex -32.3128 -55.0712 3
      vertex -31.6118 -55.9848 4.98
      vertex -31.6118 -55.9848 3
    endloop
  endfacet
  facet normal 0.8434 0.537286 0
    outer loop
      vertex -32.3128 -55.0712 4.98
      vertex -32.9315 -54.1 3
      vertex -32.9315 -54.1 4.98
    endloop
  endfacet
  facet normal 0.8434 0.537286 0
    outer loop
      vertex -32.9315 -54.1 3
      vertex -32.3128 -55.0712 4.98
      vertex -32.3128 -55.0712 3
    endloop
  endfacet
  facet normal 0.886978 0.461812 0
    outer loop
      vertex -32.9315 -54.1 4.98
      vertex -33.4633 -53.0786 3
      vertex -33.4633 -53.0786 4.98
    endloop
  endfacet
  facet normal 0.886978 0.461812 0
    outer loop
      vertex -33.4633 -53.0786 3
      vertex -32.9315 -54.1 4.98
      vertex -32.9315 -54.1 3
    endloop
  endfacet
  facet normal 0.923905 0.382623 0
    outer loop
      vertex -33.4633 -53.0786 4.98
      vertex -33.9039 -52.0147 3
      vertex -33.9039 -52.0147 4.98
    endloop
  endfacet
  facet normal 0.923905 0.382623 0
    outer loop
      vertex -33.9039 -52.0147 3
      vertex -33.4633 -53.0786 4.98
      vertex -33.4633 -53.0786 3
    endloop
  endfacet
  facet normal 0.953715 0.300712 0
    outer loop
      vertex -33.9039 -52.0147 4.98
      vertex -34.2502 -50.9164 3
      vertex -34.2502 -50.9164 4.98
    endloop
  endfacet
  facet normal 0.953715 0.300712 0
    outer loop
      vertex -34.2502 -50.9164 3
      vertex -33.9039 -52.0147 4.98
      vertex -33.9039 -52.0147 3
    endloop
  endfacet
  facet normal 0.976287 0.21648 0
    outer loop
      vertex -34.2502 -50.9164 4.98
      vertex -34.4995 -49.7921 3
      vertex -34.4995 -49.7921 4.98
    endloop
  endfacet
  facet normal 0.976287 0.21648 0
    outer loop
      vertex -34.4995 -49.7921 3
      vertex -34.2502 -50.9164 4.98
      vertex -34.2502 -50.9164 3
    endloop
  endfacet
  facet normal 0.991444 0.130531 0
    outer loop
      vertex -34.4995 -49.7921 4.98
      vertex -34.6498 -48.6505 3
      vertex -34.6498 -48.6505 4.98
    endloop
  endfacet
  facet normal 0.991444 0.130531 0
    outer loop
      vertex -34.6498 -48.6505 3
      vertex -34.4995 -49.7921 4.98
      vertex -34.4995 -49.7921 3
    endloop
  endfacet
  facet normal 0.999049 0.0435917 0
    outer loop
      vertex -34.6498 -48.6505 4.98
      vertex -34.7 -47.5 3
      vertex -34.7 -47.5 4.98
    endloop
  endfacet
  facet normal 0.999049 0.0435917 0
    outer loop
      vertex -34.7 -47.5 3
      vertex -34.6498 -48.6505 4.98
      vertex -34.6498 -48.6505 3
    endloop
  endfacet
  facet normal 0.999049 -0.0435917 0
    outer loop
      vertex -34.7 -47.5 4.98
      vertex -34.6498 -46.3495 3
      vertex -34.6498 -46.3495 4.98
    endloop
  endfacet
  facet normal 0.999049 -0.0435917 0
    outer loop
      vertex -34.6498 -46.3495 3
      vertex -34.7 -47.5 4.98
      vertex -34.7 -47.5 3
    endloop
  endfacet
  facet normal 0.991444 -0.130531 0
    outer loop
      vertex -34.6498 -46.3495 4.98
      vertex -34.4995 -45.2079 3
      vertex -34.4995 -45.2079 4.98
    endloop
  endfacet
  facet normal 0.991444 -0.130531 0
    outer loop
      vertex -34.4995 -45.2079 3
      vertex -34.6498 -46.3495 4.98
      vertex -34.6498 -46.3495 3
    endloop
  endfacet
  facet normal 0.976287 -0.21648 0
    outer loop
      vertex -34.4995 -45.2079 4.98
      vertex -34.2502 -44.0836 3
      vertex -34.2502 -44.0836 4.98
    endloop
  endfacet
  facet normal 0.976287 -0.21648 0
    outer loop
      vertex -34.2502 -44.0836 3
      vertex -34.4995 -45.2079 4.98
      vertex -34.4995 -45.2079 3
    endloop
  endfacet
  facet normal 0.953715 -0.300712 0
    outer loop
      vertex -34.2502 -44.0836 4.98
      vertex -33.9039 -42.9853 3
      vertex -33.9039 -42.9853 4.98
    endloop
  endfacet
  facet normal 0.953715 -0.300712 0
    outer loop
      vertex -33.9039 -42.9853 3
      vertex -34.2502 -44.0836 4.98
      vertex -34.2502 -44.0836 3
    endloop
  endfacet
  facet normal 0.923905 -0.382623 0
    outer loop
      vertex -33.9039 -42.9853 4.98
      vertex -33.4633 -41.9214 3
      vertex -33.4633 -41.9214 4.98
    endloop
  endfacet
  facet normal 0.923905 -0.382623 0
    outer loop
      vertex -33.4633 -41.9214 3
      vertex -33.9039 -42.9853 4.98
      vertex -33.9039 -42.9853 3
    endloop
  endfacet
  facet normal 0.886978 -0.461812 0
    outer loop
      vertex -33.4633 -41.9214 4.98
      vertex -32.9315 -40.9 3
      vertex -32.9315 -40.9 4.98
    endloop
  endfacet
  facet normal 0.886978 -0.461812 0
    outer loop
      vertex -32.9315 -40.9 3
      vertex -33.4633 -41.9214 4.98
      vertex -33.4633 -41.9214 3
    endloop
  endfacet
  facet normal 0.8434 -0.537286 0
    outer loop
      vertex -32.9315 -40.9 4.98
      vertex -32.3128 -39.9288 3
      vertex -32.3128 -39.9288 4.98
    endloop
  endfacet
  facet normal 0.8434 -0.537286 0
    outer loop
      vertex -32.3128 -39.9288 3
      vertex -32.9315 -40.9 4.98
      vertex -32.9315 -40.9 3
    endloop
  endfacet
  facet normal 0.793366 -0.608745 0
    outer loop
      vertex -32.3128 -39.9288 4.98
      vertex -31.6118 -39.0152 3
      vertex -31.6118 -39.0152 4.98
    endloop
  endfacet
  facet normal 0.793366 -0.608745 0
    outer loop
      vertex -31.6118 -39.0152 3
      vertex -32.3128 -39.9288 4.98
      vertex -32.3128 -39.9288 3
    endloop
  endfacet
  facet normal 0.737262 -0.675607 0
    outer loop
      vertex -31.6118 -39.0152 4.98
      vertex -30.8338 -38.1662 3
      vertex -30.8338 -38.1662 4.98
    endloop
  endfacet
  facet normal 0.737262 -0.675607 0
    outer loop
      vertex -30.8338 -38.1662 3
      vertex -31.6118 -39.0152 4.98
      vertex -31.6118 -39.0152 3
    endloop
  endfacet
  facet normal 0.675607 -0.737262 0
    outer loop
      vertex -30.8338 -38.1662 3
      vertex -29.9848 -37.3882 4.98
      vertex -30.8338 -38.1662 4.98
    endloop
  endfacet
  facet normal 0.675607 -0.737262 0
    outer loop
      vertex -29.9848 -37.3882 4.98
      vertex -30.8338 -38.1662 3
      vertex -29.9848 -37.3882 3
    endloop
  endfacet
  facet normal 0.608745 -0.793366 0
    outer loop
      vertex -29.9848 -37.3882 3
      vertex -29.0712 -36.6872 4.98
      vertex -29.9848 -37.3882 4.98
    endloop
  endfacet
  facet normal 0.608745 -0.793366 0
    outer loop
      vertex -29.0712 -36.6872 4.98
      vertex -29.9848 -37.3882 3
      vertex -29.0712 -36.6872 3
    endloop
  endfacet
  facet normal 0.537286 -0.8434 0
    outer loop
      vertex -29.0712 -36.6872 3
      vertex -28.1 -36.0685 4.98
      vertex -29.0712 -36.6872 4.98
    endloop
  endfacet
  facet normal 0.537286 -0.8434 0
    outer loop
      vertex -28.1 -36.0685 4.98
      vertex -29.0712 -36.6872 3
      vertex -28.1 -36.0685 3
    endloop
  endfacet
  facet normal 0.461812 -0.886978 0
    outer loop
      vertex -28.1 -36.0685 3
      vertex -27.0786 -35.5367 4.98
      vertex -28.1 -36.0685 4.98
    endloop
  endfacet
  facet normal 0.461812 -0.886978 0
    outer loop
      vertex -27.0786 -35.5367 4.98
      vertex -28.1 -36.0685 3
      vertex -27.0786 -35.5367 3
    endloop
  endfacet
  facet normal 0.382623 -0.923905 0
    outer loop
      vertex -27.0786 -35.5367 3
      vertex -26.0147 -35.0961 4.98
      vertex -27.0786 -35.5367 4.98
    endloop
  endfacet
  facet normal 0.382623 -0.923905 0
    outer loop
      vertex -26.0147 -35.0961 4.98
      vertex -27.0786 -35.5367 3
      vertex -26.0147 -35.0961 3
    endloop
  endfacet
  facet normal 0.300712 -0.953715 0
    outer loop
      vertex -26.0147 -35.0961 3
      vertex -24.9164 -34.7498 4.98
      vertex -26.0147 -35.0961 4.98
    endloop
  endfacet
  facet normal 0.300712 -0.953715 0
    outer loop
      vertex -24.9164 -34.7498 4.98
      vertex -26.0147 -35.0961 3
      vertex -24.9164 -34.7498 3
    endloop
  endfacet
  facet normal 0.21648 -0.976287 0
    outer loop
      vertex -24.9164 -34.7498 3
      vertex -23.7921 -34.5005 4.98
      vertex -24.9164 -34.7498 4.98
    endloop
  endfacet
  facet normal 0.21648 -0.976287 0
    outer loop
      vertex -23.7921 -34.5005 4.98
      vertex -24.9164 -34.7498 3
      vertex -23.7921 -34.5005 3
    endloop
  endfacet
  facet normal 0.130531 -0.991444 0
    outer loop
      vertex -23.7921 -34.5005 3
      vertex -22.6505 -34.3502 4.98
      vertex -23.7921 -34.5005 4.98
    endloop
  endfacet
  facet normal 0.130531 -0.991444 0
    outer loop
      vertex -22.6505 -34.3502 4.98
      vertex -23.7921 -34.5005 3
      vertex -22.6505 -34.3502 3
    endloop
  endfacet
  facet normal 0.0435917 -0.999049 0
    outer loop
      vertex -22.6505 -34.3502 3
      vertex -21.5 -34.3 4.98
      vertex -22.6505 -34.3502 4.98
    endloop
  endfacet
  facet normal 0.0435917 -0.999049 0
    outer loop
      vertex -21.5 -34.3 4.98
      vertex -22.6505 -34.3502 3
      vertex -21.5 -34.3 3
    endloop
  endfacet
  facet normal -0.0435917 -0.999049 0
    outer loop
      vertex -21.5 -34.3 3
      vertex -20.3495 -34.3502 4.98
      vertex -21.5 -34.3 4.98
    endloop
  endfacet
  facet normal -0.0435917 -0.999049 -0
    outer loop
      vertex -20.3495 -34.3502 4.98
      vertex -21.5 -34.3 3
      vertex -20.3495 -34.3502 3
    endloop
  endfacet
  facet normal -0.130531 -0.991444 0
    outer loop
      vertex -20.3495 -34.3502 3
      vertex -19.2079 -34.5005 4.98
      vertex -20.3495 -34.3502 4.98
    endloop
  endfacet
  facet normal -0.130531 -0.991444 -0
    outer loop
      vertex -19.2079 -34.5005 4.98
      vertex -20.3495 -34.3502 3
      vertex -19.2079 -34.5005 3
    endloop
  endfacet
  facet normal -0.21648 -0.976287 0
    outer loop
      vertex -19.2079 -34.5005 3
      vertex -18.0836 -34.7498 4.98
      vertex -19.2079 -34.5005 4.98
    endloop
  endfacet
  facet normal -0.21648 -0.976287 -0
    outer loop
      vertex -18.0836 -34.7498 4.98
      vertex -19.2079 -34.5005 3
      vertex -18.0836 -34.7498 3
    endloop
  endfacet
  facet normal -0.300712 -0.953715 0
    outer loop
      vertex -18.0836 -34.7498 3
      vertex -16.9853 -35.0961 4.98
      vertex -18.0836 -34.7498 4.98
    endloop
  endfacet
  facet normal -0.300712 -0.953715 -0
    outer loop
      vertex -16.9853 -35.0961 4.98
      vertex -18.0836 -34.7498 3
      vertex -16.9853 -35.0961 3
    endloop
  endfacet
  facet normal -0.382623 -0.923905 0
    outer loop
      vertex -16.9853 -35.0961 3
      vertex -15.9214 -35.5367 4.98
      vertex -16.9853 -35.0961 4.98
    endloop
  endfacet
  facet normal -0.382623 -0.923905 -0
    outer loop
      vertex -15.9214 -35.5367 4.98
      vertex -16.9853 -35.0961 3
      vertex -15.9214 -35.5367 3
    endloop
  endfacet
  facet normal -0.461812 -0.886978 0
    outer loop
      vertex -15.9214 -35.5367 3
      vertex -14.9 -36.0685 4.98
      vertex -15.9214 -35.5367 4.98
    endloop
  endfacet
  facet normal -0.461812 -0.886978 -0
    outer loop
      vertex -14.9 -36.0685 4.98
      vertex -15.9214 -35.5367 3
      vertex -14.9 -36.0685 3
    endloop
  endfacet
  facet normal -0.537286 -0.8434 0
    outer loop
      vertex -14.9 -36.0685 3
      vertex -13.9288 -36.6872 4.98
      vertex -14.9 -36.0685 4.98
    endloop
  endfacet
  facet normal -0.537286 -0.8434 -0
    outer loop
      vertex -13.9288 -36.6872 4.98
      vertex -14.9 -36.0685 3
      vertex -13.9288 -36.6872 3
    endloop
  endfacet
  facet normal -0.608745 -0.793366 0
    outer loop
      vertex -13.9288 -36.6872 3
      vertex -13.0152 -37.3882 4.98
      vertex -13.9288 -36.6872 4.98
    endloop
  endfacet
  facet normal -0.608745 -0.793366 -0
    outer loop
      vertex -13.0152 -37.3882 4.98
      vertex -13.9288 -36.6872 3
      vertex -13.0152 -37.3882 3
    endloop
  endfacet
  facet normal -0.675607 -0.737262 0
    outer loop
      vertex -13.0152 -37.3882 3
      vertex -12.1662 -38.1662 4.98
      vertex -13.0152 -37.3882 4.98
    endloop
  endfacet
  facet normal -0.675607 -0.737262 -0
    outer loop
      vertex -12.1662 -38.1662 4.98
      vertex -13.0152 -37.3882 3
      vertex -12.1662 -38.1662 3
    endloop
  endfacet
  facet normal -0.737262 -0.675607 0
    outer loop
      vertex -11.3882 -39.0152 3
      vertex -12.1662 -38.1662 4.98
      vertex -12.1662 -38.1662 3
    endloop
  endfacet
  facet normal -0.737262 -0.675607 0
    outer loop
      vertex -12.1662 -38.1662 4.98
      vertex -11.3882 -39.0152 3
      vertex -11.3882 -39.0152 4.98
    endloop
  endfacet
  facet normal -0.793366 -0.608745 0
    outer loop
      vertex -10.6872 -39.9288 3
      vertex -11.3882 -39.0152 4.98
      vertex -11.3882 -39.0152 3
    endloop
  endfacet
  facet normal -0.793366 -0.608745 0
    outer loop
      vertex -11.3882 -39.0152 4.98
      vertex -10.6872 -39.9288 3
      vertex -10.6872 -39.9288 4.98
    endloop
  endfacet
  facet normal -0.8434 -0.537286 0
    outer loop
      vertex -10.0685 -40.9 3
      vertex -10.6872 -39.9288 4.98
      vertex -10.6872 -39.9288 3
    endloop
  endfacet
  facet normal -0.8434 -0.537286 0
    outer loop
      vertex -10.6872 -39.9288 4.98
      vertex -10.0685 -40.9 3
      vertex -10.0685 -40.9 4.98
    endloop
  endfacet
  facet normal -0.886992 -0.461785 0
    outer loop
      vertex -9.53674 -41.9214 3
      vertex -10.0685 -40.9 4.98
      vertex -10.0685 -40.9 3
    endloop
  endfacet
  facet normal -0.886992 -0.461785 0
    outer loop
      vertex -10.0685 -40.9 4.98
      vertex -9.53674 -41.9214 3
      vertex -9.53674 -41.9214 4.98
    endloop
  endfacet
  facet normal -0.923883 -0.382675 0
    outer loop
      vertex -9.09607 -42.9853 3
      vertex -9.53674 -41.9214 4.98
      vertex -9.53674 -41.9214 3
    endloop
  endfacet
  facet normal -0.923883 -0.382675 0
    outer loop
      vertex -9.53674 -41.9214 4.98
      vertex -9.09607 -42.9853 3
      vertex -9.09607 -42.9853 4.98
    endloop
  endfacet
  facet normal -0.95372 -0.300696 0
    outer loop
      vertex -8.74979 -44.0836 3
      vertex -9.09607 -42.9853 4.98
      vertex -9.09607 -42.9853 3
    endloop
  endfacet
  facet normal -0.95372 -0.300696 0
    outer loop
      vertex -9.09607 -42.9853 4.98
      vertex -8.74979 -44.0836 3
      vertex -8.74979 -44.0836 4.98
    endloop
  endfacet
  facet normal -0.976298 -0.21643 0
    outer loop
      vertex -8.50055 -45.2079 3
      vertex -8.74979 -44.0836 4.98
      vertex -8.74979 -44.0836 3
    endloop
  endfacet
  facet normal -0.976298 -0.21643 0
    outer loop
      vertex -8.74979 -44.0836 4.98
      vertex -8.50055 -45.2079 3
      vertex -8.50055 -45.2079 4.98
    endloop
  endfacet
  facet normal -0.991442 -0.130548 0
    outer loop
      vertex -8.35023 -46.3495 3
      vertex -8.50055 -45.2079 4.98
      vertex -8.50055 -45.2079 3
    endloop
  endfacet
  facet normal -0.991442 -0.130548 0
    outer loop
      vertex -8.50055 -45.2079 4.98
      vertex -8.35023 -46.3495 3
      vertex -8.35023 -46.3495 4.98
    endloop
  endfacet
  facet normal -0.999048 -0.0436177 0
    outer loop
      vertex -8.3 -47.5 3
      vertex -8.35023 -46.3495 4.98
      vertex -8.35023 -46.3495 3
    endloop
  endfacet
  facet normal -0.999048 -0.0436177 0
    outer loop
      vertex -8.35023 -46.3495 4.98
      vertex -8.3 -47.5 3
      vertex -8.3 -47.5 4.98
    endloop
  endfacet
  facet normal -0.999048 0.0436177 0
    outer loop
      vertex -8.35023 -48.6505 3
      vertex -8.3 -47.5 4.98
      vertex -8.3 -47.5 3
    endloop
  endfacet
  facet normal -0.999048 0.0436177 0
    outer loop
      vertex -8.3 -47.5 4.98
      vertex -8.35023 -48.6505 3
      vertex -8.35023 -48.6505 4.98
    endloop
  endfacet
  facet normal -0.991442 0.130548 0
    outer loop
      vertex -8.50055 -49.7921 3
      vertex -8.35023 -48.6505 4.98
      vertex -8.35023 -48.6505 3
    endloop
  endfacet
  facet normal -0.991442 0.130548 0
    outer loop
      vertex -8.35023 -48.6505 4.98
      vertex -8.50055 -49.7921 3
      vertex -8.50055 -49.7921 4.98
    endloop
  endfacet
  facet normal -0.976298 0.21643 0
    outer loop
      vertex -8.74979 -50.9164 3
      vertex -8.50055 -49.7921 4.98
      vertex -8.50055 -49.7921 3
    endloop
  endfacet
  facet normal -0.976298 0.21643 0
    outer loop
      vertex -8.50055 -49.7921 4.98
      vertex -8.74979 -50.9164 3
      vertex -8.74979 -50.9164 4.98
    endloop
  endfacet
  facet normal -0.95372 0.300696 0
    outer loop
      vertex -9.09607 -52.0147 3
      vertex -8.74979 -50.9164 4.98
      vertex -8.74979 -50.9164 3
    endloop
  endfacet
  facet normal -0.95372 0.300696 0
    outer loop
      vertex -8.74979 -50.9164 4.98
      vertex -9.09607 -52.0147 3
      vertex -9.09607 -52.0147 4.98
    endloop
  endfacet
  facet normal -0.923883 0.382675 0
    outer loop
      vertex -9.53674 -53.0786 3
      vertex -9.09607 -52.0147 4.98
      vertex -9.09607 -52.0147 3
    endloop
  endfacet
  facet normal -0.923883 0.382675 0
    outer loop
      vertex -9.09607 -52.0147 4.98
      vertex -9.53674 -53.0786 3
      vertex -9.53674 -53.0786 4.98
    endloop
  endfacet
  facet normal -0.886992 0.461785 0
    outer loop
      vertex -10.0685 -54.1 3
      vertex -9.53674 -53.0786 4.98
      vertex -9.53674 -53.0786 3
    endloop
  endfacet
  facet normal -0.886992 0.461785 0
    outer loop
      vertex -9.53674 -53.0786 4.98
      vertex -10.0685 -54.1 3
      vertex -10.0685 -54.1 4.98
    endloop
  endfacet
  facet normal -0.8434 0.537286 0
    outer loop
      vertex -10.6872 -55.0712 3
      vertex -10.0685 -54.1 4.98
      vertex -10.0685 -54.1 3
    endloop
  endfacet
  facet normal -0.8434 0.537286 0
    outer loop
      vertex -10.0685 -54.1 4.98
      vertex -10.6872 -55.0712 3
      vertex -10.6872 -55.0712 4.98
    endloop
  endfacet
  facet normal -0.793366 0.608745 0
    outer loop
      vertex -11.3882 -55.9848 3
      vertex -10.6872 -55.0712 4.98
      vertex -10.6872 -55.0712 3
    endloop
  endfacet
  facet normal -0.793366 0.608745 0
    outer loop
      vertex -10.6872 -55.0712 4.98
      vertex -11.3882 -55.9848 3
      vertex -11.3882 -55.9848 4.98
    endloop
  endfacet
  facet normal -0.737262 0.675607 0
    outer loop
      vertex -12.1662 -56.8338 3
      vertex -11.3882 -55.9848 4.98
      vertex -11.3882 -55.9848 3
    endloop
  endfacet
  facet normal -0.737262 0.675607 0
    outer loop
      vertex -11.3882 -55.9848 4.98
      vertex -12.1662 -56.8338 3
      vertex -12.1662 -56.8338 4.98
    endloop
  endfacet
  facet normal -0.675607 0.737262 0
    outer loop
      vertex -12.1662 -56.8338 3
      vertex -13.0152 -57.6118 4.98
      vertex -12.1662 -56.8338 4.98
    endloop
  endfacet
  facet normal -0.675607 0.737262 0
    outer loop
      vertex -13.0152 -57.6118 4.98
      vertex -12.1662 -56.8338 3
      vertex -13.0152 -57.6118 3
    endloop
  endfacet
  facet normal -0.608745 0.793366 0
    outer loop
      vertex -13.0152 -57.6118 3
      vertex -13.9288 -58.3128 4.98
      vertex -13.0152 -57.6118 4.98
    endloop
  endfacet
  facet normal -0.608745 0.793366 0
    outer loop
      vertex -13.9288 -58.3128 4.98
      vertex -13.0152 -57.6118 3
      vertex -13.9288 -58.3128 3
    endloop
  endfacet
  facet normal -0.537286 0.8434 0
    outer loop
      vertex -13.9288 -58.3128 3
      vertex -14.9 -58.9315 4.98
      vertex -13.9288 -58.3128 4.98
    endloop
  endfacet
  facet normal -0.537286 0.8434 0
    outer loop
      vertex -14.9 -58.9315 4.98
      vertex -13.9288 -58.3128 3
      vertex -14.9 -58.9315 3
    endloop
  endfacet
  facet normal -0.461812 0.886978 2.93807e-05
    outer loop
      vertex -14.9 -58.9315 4.98
      vertex -15.6051 -59.2986 4.5
      vertex -15.9214 -59.4633 4.98
    endloop
  endfacet
  facet normal -0.461796 0.886986 0
    outer loop
      vertex -14.9 -58.9315 3
      vertex -15.6051 -59.2986 4.5
      vertex -14.9 -58.9315 4.98
    endloop
  endfacet
  facet normal -0.461796 0.886986 0
    outer loop
      vertex -15.6051 -59.2986 4.5
      vertex -14.9 -58.9315 3
      vertex -15.6051 -59.2986 3
    endloop
  endfacet
  facet normal -0.461847 0.88696 0
    outer loop
      vertex -15.9214 -59.4633 4.98
      vertex -15.6051 -59.2986 4.5
      vertex -15.9214 -59.4633 4.5
    endloop
  endfacet
  facet normal -0.382623 0.923905 0
    outer loop
      vertex -15.9214 -59.4633 4.5
      vertex -16.9853 -59.9039 4.98
      vertex -15.9214 -59.4633 4.98
    endloop
  endfacet
  facet normal -0.382623 0.923905 0
    outer loop
      vertex -16.9853 -59.9039 4.98
      vertex -15.9214 -59.4633 4.5
      vertex -16.9853 -59.9039 4.5
    endloop
  endfacet
  facet normal -0.300712 0.953715 0
    outer loop
      vertex -16.9853 -59.9039 4.5
      vertex -18.0836 -60.2502 4.98
      vertex -16.9853 -59.9039 4.98
    endloop
  endfacet
  facet normal -0.300712 0.953715 0
    outer loop
      vertex -18.0836 -60.2502 4.98
      vertex -16.9853 -59.9039 4.5
      vertex -18.0836 -60.2502 4.5
    endloop
  endfacet
  facet normal -0.21648 0.976287 0
    outer loop
      vertex -18.0836 -60.2502 4.5
      vertex -19.2079 -60.4995 4.98
      vertex -18.0836 -60.2502 4.98
    endloop
  endfacet
  facet normal -0.21648 0.976287 0
    outer loop
      vertex -19.2079 -60.4995 4.98
      vertex -18.0836 -60.2502 4.5
      vertex -19.2079 -60.4995 4.5
    endloop
  endfacet
  facet normal -0.130531 0.991444 0
    outer loop
      vertex -19.2079 -60.4995 4.5
      vertex -20.3495 -60.6498 4.98
      vertex -19.2079 -60.4995 4.98
    endloop
  endfacet
  facet normal -0.130531 0.991444 0
    outer loop
      vertex -20.3495 -60.6498 4.98
      vertex -19.2079 -60.4995 4.5
      vertex -20.3495 -60.6498 4.5
    endloop
  endfacet
  facet normal -0.0435917 0.999049 0
    outer loop
      vertex -20.3495 -60.6498 4.5
      vertex -21.5 -60.7 4.98
      vertex -20.3495 -60.6498 4.98
    endloop
  endfacet
  facet normal -0.0435917 0.999049 0
    outer loop
      vertex -21.5 -60.7 4.98
      vertex -20.3495 -60.6498 4.5
      vertex -21.5 -60.7 4.5
    endloop
  endfacet
  facet normal 0.0435917 0.999049 -0
    outer loop
      vertex -21.5 -60.7 4.5
      vertex -22.6505 -60.6498 4.98
      vertex -21.5 -60.7 4.98
    endloop
  endfacet
  facet normal 0.0435917 0.999049 0
    outer loop
      vertex -22.6505 -60.6498 4.98
      vertex -21.5 -60.7 4.5
      vertex -22.6505 -60.6498 4.5
    endloop
  endfacet
  facet normal 0 0 1
    outer loop
      vertex 34.7 -47.5 4.98
      vertex 37 -47.5 4.98
      vertex 36.941 -46.1491 4.98
    endloop
  endfacet
  facet normal 0 0 1
    outer loop
      vertex 34.6498 -46.3495 4.98
      vertex 36.941 -46.1491 4.98
      vertex 36.7645 -44.8085 4.98
    endloop
  endfacet
  facet normal 0 0 1
    outer loop
      vertex 37 -47.5 4.98
      vertex 34.7 -47.5 4.98
      vertex 36.941 -48.8509 4.98
    endloop
  endfacet
  facet normal 0 0 1
    outer loop
      vertex 34.4995 -45.2079 4.98
      vertex 36.7645 -44.8085 4.98
      vertex 36.4718 -43.4883 4.98
    endloop
  endfacet
  facet normal -0 0 1
    outer loop
      vertex 34.6498 -48.6505 4.98
      vertex 36.941 -48.8509 4.98
      vertex 34.7 -47.5 4.98
    endloop
  endfacet
  facet normal 0 0 1
    outer loop
      vertex 34.2502 -44.0836 4.98
      vertex 36.4718 -43.4883 4.98
      vertex 36.0652 -42.1987 4.98
    endloop
  endfacet
  facet normal 0 0 1
    outer loop
      vertex 36.941 -48.8509 4.98
      vertex 34.6498 -48.6505 4.98
      vertex 36.7645 -50.1915 4.98
    endloop
  endfacet
  facet normal 0 0 1
    outer loop
      vertex 33.9039 -42.9853 4.98
      vertex 36.0652 -42.1987 4.98
      vertex 35.5478 -40.9494 4.98
    endloop
  endfacet
  facet normal -0 0 1
    outer loop
      vertex 34.4995 -49.7921 4.98
      vertex 36.7645 -50.1915 4.98
      vertex 34.6498 -48.6505 4.98
    endloop
  endfacet
  facet normal 0 0 1
    outer loop
      vertex 33.4633 -41.9214 4.98
      vertex 35.5478 -40.9494 4.98
      vertex 34.9234 -39.75 4.98
    endloop
  endfacet
  facet normal 0 0 1
    outer loop
      vertex 36.7645 -50.1915 4.98
      vertex 34.4995 -49.7921 4.98
      vertex 36.4718 -51.5117 4.98
    endloop
  endfacet
  facet normal -0 0 1
    outer loop
      vertex 34.2502 -50.9164 4.98
      vertex 36.4718 -51.5117 4.98
      vertex 34.4995 -49.7921 4.98
    endloop
  endfacet
  facet normal 0 0 1
    outer loop
      vertex 36.941 -46.1491 4.98
      vertex 34.6498 -46.3495 4.98
      vertex 34.7 -47.5 4.98
    endloop
  endfacet
  facet normal 0 0 1
    outer loop
      vertex 36.7645 -44.8085 4.98
      vertex 34.4995 -45.2079 4.98
      vertex 34.6498 -46.3495 4.98
    endloop
  endfacet
  facet normal 0 0 1
    outer loop
      vertex 36.4718 -43.4883 4.98
      vertex 34.2502 -44.0836 4.98
      vertex 34.4995 -45.2079 4.98
    endloop
  endfacet
  facet normal 0 0 1
    outer loop
      vertex 32.9315 -40.9 4.98
      vertex 34.9234 -39.75 4.98
      vertex 34.1969 -38.6096 4.98
    endloop
  endfacet
  facet normal 0 0 1
    outer loop
      vertex 36.0652 -42.1987 4.98
      vertex 33.9039 -42.9853 4.98
      vertex 34.2502 -44.0836 4.98
    endloop
  endfacet
  facet normal 0 0 1
    outer loop
      vertex 35.5478 -40.9494 4.98
      vertex 33.4633 -41.9214 4.98
      vertex 33.9039 -42.9853 4.98
    endloop
  endfacet
  facet normal 0 0 1
    outer loop
      vertex 32.3128 -39.9288 4.98
      vertex 34.1969 -38.6096 4.98
      vertex 33.3737 -37.5368 4.98
    endloop
  endfacet
  facet normal 0 0 1
    outer loop
      vertex 34.9234 -39.75 4.98
      vertex 32.9315 -40.9 4.98
      vertex 33.4633 -41.9214 4.98
    endloop
  endfacet
  facet normal 0 0 1
    outer loop
      vertex 31.6118 -39.0152 4.98
      vertex 33.3737 -37.5368 4.98
      vertex 32.4601 -36.5399 4.98
    endloop
  endfacet
  facet normal 0 0 1
    outer loop
      vertex 34.1969 -38.6096 4.98
      vertex 32.3128 -39.9288 4.98
      vertex 32.9315 -40.9 4.98
    endloop
  endfacet
  facet normal 0 0 1
    outer loop
      vertex 33.3737 -37.5368 4.98
      vertex 31.6118 -39.0152 4.98
      vertex 32.3128 -39.9288 4.98
    endloop
  endfacet
  facet normal 0 0 1
    outer loop
      vertex 30.8338 -38.1662 4.98
      vertex 32.4601 -36.5399 4.98
      vertex 31.4632 -35.6263 4.98
    endloop
  endfacet
  facet normal 0 0 1
    outer loop
      vertex 32.4601 -36.5399 4.98
      vertex 30.8338 -38.1662 4.98
      vertex 31.6118 -39.0152 4.98
    endloop
  endfacet
  facet normal 0 0 1
    outer loop
      vertex 29.9848 -37.3882 4.98
      vertex 31.4632 -35.6263 4.98
      vertex 30.3904 -34.8031 4.98
    endloop
  endfacet
  facet normal 0 0 1
    outer loop
      vertex 31.4632 -35.6263 4.98
      vertex 29.9848 -37.3882 4.98
      vertex 30.8338 -38.1662 4.98
    endloop
  endfacet
  facet normal 0 0 1
    outer loop
      vertex 29.0712 -36.6872 4.98
      vertex 30.3904 -34.8031 4.98
      vertex 29.25 -34.0766 4.98
    endloop
  endfacet
  facet normal 0 0 1
    outer loop
      vertex 30.3904 -34.8031 4.98
      vertex 29.0712 -36.6872 4.98
      vertex 29.9848 -37.3882 4.98
    endloop
  endfacet
  facet normal 0 0 1
    outer loop
      vertex 29.25 -34.0766 4.98
      vertex 28.1 -36.0685 4.98
      vertex 29.0712 -36.6872 4.98
    endloop
  endfacet
  facet normal 0 0 1
    outer loop
      vertex 28.0506 -33.4522 4.98
      vertex 28.1 -36.0685 4.98
      vertex 29.25 -34.0766 4.98
    endloop
  endfacet
  facet normal 0 0 1
    outer loop
      vertex 28.0506 -33.4522 4.98
      vertex 27.0786 -35.5367 4.98
      vertex 28.1 -36.0685 4.98
    endloop
  endfacet
  facet normal 0 0 1
    outer loop
      vertex 26.8013 -32.9348 4.98
      vertex 27.0786 -35.5367 4.98
      vertex 28.0506 -33.4522 4.98
    endloop
  endfacet
  facet normal 0 0 1
    outer loop
      vertex 26.8013 -32.9348 4.98
      vertex 26.0147 -35.0961 4.98
      vertex 27.0786 -35.5367 4.98
    endloop
  endfacet
  facet normal 0 0 1
    outer loop
      vertex 25.5117 -32.5282 4.98
      vertex 26.0147 -35.0961 4.98
      vertex 26.8013 -32.9348 4.98
    endloop
  endfacet
  facet normal 0 0 1
    outer loop
      vertex 25.5117 -32.5282 4.98
      vertex 24.9164 -34.7498 4.98
      vertex 26.0147 -35.0961 4.98
    endloop
  endfacet
  facet normal 0 0 1
    outer loop
      vertex 24.1915 -32.2355 4.98
      vertex 24.9164 -34.7498 4.98
      vertex 25.5117 -32.5282 4.98
    endloop
  endfacet
  facet normal 0 0 1
    outer loop
      vertex 24.1915 -32.2355 4.98
      vertex 23.7921 -34.5005 4.98
      vertex 24.9164 -34.7498 4.98
    endloop
  endfacet
  facet normal 0 0 1
    outer loop
      vertex 22.8509 -32.059 4.98
      vertex 23.7921 -34.5005 4.98
      vertex 24.1915 -32.2355 4.98
    endloop
  endfacet
  facet normal 0 0 1
    outer loop
      vertex 22.8509 -32.059 4.98
      vertex 22.6505 -34.3502 4.98
      vertex 23.7921 -34.5005 4.98
    endloop
  endfacet
  facet normal 0 0 1
    outer loop
      vertex 21.5 -32 4.98
      vertex 22.6505 -34.3502 4.98
      vertex 22.8509 -32.059 4.98
    endloop
  endfacet
  facet normal 0 0 1
    outer loop
      vertex 21.5 -32 4.98
      vertex 21.5 -34.3 4.98
      vertex 22.6505 -34.3502 4.98
    endloop
  endfacet
  facet normal 0 0 1
    outer loop
      vertex 21.5 -32 4.98
      vertex 20.3495 -34.3502 4.98
      vertex 21.5 -34.3 4.98
    endloop
  endfacet
  facet normal -0 0 1
    outer loop
      vertex 20.1491 -32.059 4.98
      vertex 20.3495 -34.3502 4.98
      vertex 21.5 -32 4.98
    endloop
  endfacet
  facet normal 0 0 1
    outer loop
      vertex 20.1491 -32.059 4.98
      vertex 19.2079 -34.5005 4.98
      vertex 20.3495 -34.3502 4.98
    endloop
  endfacet
  facet normal -0 0 1
    outer loop
      vertex 18.8085 -32.2355 4.98
      vertex 19.2079 -34.5005 4.98
      vertex 20.1491 -32.059 4.98
    endloop
  endfacet
  facet normal 0 0 1
    outer loop
      vertex 18.8085 -32.2355 4.98
      vertex 18.0836 -34.7498 4.98
      vertex 19.2079 -34.5005 4.98
    endloop
  endfacet
  facet normal -0 0 1
    outer loop
      vertex 17.4883 -32.5282 4.98
      vertex 18.0836 -34.7498 4.98
      vertex 18.8085 -32.2355 4.98
    endloop
  endfacet
  facet normal 0 0 1
    outer loop
      vertex 17.4883 -32.5282 4.98
      vertex 16.9853 -35.0961 4.98
      vertex 18.0836 -34.7498 4.98
    endloop
  endfacet
  facet normal -0 0 1
    outer loop
      vertex 16.1987 -32.9348 4.98
      vertex 16.9853 -35.0961 4.98
      vertex 17.4883 -32.5282 4.98
    endloop
  endfacet
  facet normal 0 0 1
    outer loop
      vertex 16.1987 -32.9348 4.98
      vertex 15.9214 -35.5367 4.98
      vertex 16.9853 -35.0961 4.98
    endloop
  endfacet
  facet normal -0 0 1
    outer loop
      vertex 14.9494 -33.4522 4.98
      vertex 15.9214 -35.5367 4.98
      vertex 16.1987 -32.9348 4.98
    endloop
  endfacet
  facet normal 0 0 1
    outer loop
      vertex 14.9494 -33.4522 4.98
      vertex 14.9 -36.0685 4.98
      vertex 15.9214 -35.5367 4.98
    endloop
  endfacet
  facet normal -0 0 1
    outer loop
      vertex 13.75 -34.0766 4.98
      vertex 14.9 -36.0685 4.98
      vertex 14.9494 -33.4522 4.98
    endloop
  endfacet
  facet normal 0 0 1
    outer loop
      vertex 14.9 -36.0685 4.98
      vertex 13.75 -34.0766 4.98
      vertex 13.9288 -36.6872 4.98
    endloop
  endfacet
  facet normal -0 0 1
    outer loop
      vertex 12.6096 -34.8031 4.98
      vertex 13.9288 -36.6872 4.98
      vertex 13.75 -34.0766 4.98
    endloop
  endfacet
  facet normal 0 0 1
    outer loop
      vertex 13.9288 -36.6872 4.98
      vertex 12.6096 -34.8031 4.98
      vertex 13.0152 -37.3882 4.98
    endloop
  endfacet
  facet normal -0 0 1
    outer loop
      vertex 11.5368 -35.6263 4.98
      vertex 13.0152 -37.3882 4.98
      vertex 12.6096 -34.8031 4.98
    endloop
  endfacet
  facet normal 0 0 1
    outer loop
      vertex 13.0152 -37.3882 4.98
      vertex 11.5368 -35.6263 4.98
      vertex 12.1662 -38.1662 4.98
    endloop
  endfacet
  facet normal -0 0 1
    outer loop
      vertex 10.5399 -36.5399 4.98
      vertex 12.1662 -38.1662 4.98
      vertex 11.5368 -35.6263 4.98
    endloop
  endfacet
  facet normal 0 0 1
    outer loop
      vertex 12.1662 -38.1662 4.98
      vertex 10.5399 -36.5399 4.98
      vertex 11.3882 -39.0152 4.98
    endloop
  endfacet
  facet normal -0 0 1
    outer loop
      vertex 9.62631 -37.5368 4.98
      vertex 11.3882 -39.0152 4.98
      vertex 10.5399 -36.5399 4.98
    endloop
  endfacet
  facet normal 0 0 1
    outer loop
      vertex 11.3882 -39.0152 4.98
      vertex 9.62631 -37.5368 4.98
      vertex 10.6872 -39.9288 4.98
    endloop
  endfacet
  facet normal -0 0 1
    outer loop
      vertex 8.80315 -38.6096 4.98
      vertex 10.6872 -39.9288 4.98
      vertex 9.62631 -37.5368 4.98
    endloop
  endfacet
  facet normal 0 0 1
    outer loop
      vertex 10.6872 -39.9288 4.98
      vertex 8.80315 -38.6096 4.98
      vertex 10.0685 -40.9 4.98
    endloop
  endfacet
  facet normal -0 0 1
    outer loop
      vertex 8.07661 -39.75 4.98
      vertex 10.0685 -40.9 4.98
      vertex 8.80315 -38.6096 4.98
    endloop
  endfacet
  facet normal 0 0 1
    outer loop
      vertex 10.0685 -40.9 4.98
      vertex 8.07661 -39.75 4.98
      vertex 9.53674 -41.9214 4.98
    endloop
  endfacet
  facet normal -0 0 1
    outer loop
      vertex 7.45224 -40.9494 4.98
      vertex 9.53674 -41.9214 4.98
      vertex 8.07661 -39.75 4.98
    endloop
  endfacet
  facet normal 0 0 1
    outer loop
      vertex 9.53674 -41.9214 4.98
      vertex 7.45224 -40.9494 4.98
      vertex 9.09607 -42.9853 4.98
    endloop
  endfacet
  facet normal -0 0 1
    outer loop
      vertex 6.93477 -42.1987 4.98
      vertex 9.09607 -42.9853 4.98
      vertex 7.45224 -40.9494 4.98
    endloop
  endfacet
  facet normal -0 0 1
    outer loop
      vertex 6.52815 -43.4883 4.98
      vertex 8.74979 -44.0836 4.98
      vertex 6.93477 -42.1987 4.98
    endloop
  endfacet
  facet normal 0 0 1
    outer loop
      vertex 9.09607 -42.9853 4.98
      vertex 6.93477 -42.1987 4.98
      vertex 8.74979 -44.0836 4.98
    endloop
  endfacet
  facet normal 0 0 1
    outer loop
      vertex 36.4718 -51.5117 4.98
      vertex 34.2502 -50.9164 4.98
      vertex 36.0652 -52.8013 4.98
    endloop
  endfacet
  facet normal -0 0 1
    outer loop
      vertex 33.9039 -52.0147 4.98
      vertex 36.0652 -52.8013 4.98
      vertex 34.2502 -50.9164 4.98
    endloop
  endfacet
  facet normal 0 0 1
    outer loop
      vertex 36.0652 -52.8013 4.98
      vertex 33.9039 -52.0147 4.98
      vertex 35.5478 -54.0506 4.98
    endloop
  endfacet
  facet normal -0 0 1
    outer loop
      vertex 33.4633 -53.0786 4.98
      vertex 35.5478 -54.0506 4.98
      vertex 33.9039 -52.0147 4.98
    endloop
  endfacet
  facet normal 0 0 1
    outer loop
      vertex 35.5478 -54.0506 4.98
      vertex 33.4633 -53.0786 4.98
      vertex 34.9234 -55.25 4.98
    endloop
  endfacet
  facet normal -0 0 1
    outer loop
      vertex 32.9315 -54.1 4.98
      vertex 34.9234 -55.25 4.98
      vertex 33.4633 -53.0786 4.98
    endloop
  endfacet
  facet normal 0 0 1
    outer loop
      vertex 34.9234 -55.25 4.98
      vertex 32.9315 -54.1 4.98
      vertex 34.1969 -56.3904 4.98
    endloop
  endfacet
  facet normal -0 0 1
    outer loop
      vertex 32.3128 -55.0712 4.98
      vertex 34.1969 -56.3904 4.98
      vertex 32.9315 -54.1 4.98
    endloop
  endfacet
  facet normal 0 0 1
    outer loop
      vertex 34.1969 -56.3904 4.98
      vertex 32.3128 -55.0712 4.98
      vertex 33.3737 -57.4632 4.98
    endloop
  endfacet
  facet normal -0 0 1
    outer loop
      vertex 31.6118 -55.9848 4.98
      vertex 33.3737 -57.4632 4.98
      vertex 32.3128 -55.0712 4.98
    endloop
  endfacet
  facet normal 0 0 1
    outer loop
      vertex 33.3737 -57.4632 4.98
      vertex 31.6118 -55.9848 4.98
      vertex 32.4601 -58.4601 4.98
    endloop
  endfacet
  facet normal -0 0 1
    outer loop
      vertex 30.8338 -56.8338 4.98
      vertex 32.4601 -58.4601 4.98
      vertex 31.6118 -55.9848 4.98
    endloop
  endfacet
  facet normal 0 0 1
    outer loop
      vertex 32.4601 -58.4601 4.98
      vertex 30.8338 -56.8338 4.98
      vertex 31.4632 -59.3737 4.98
    endloop
  endfacet
  facet normal -0 0 1
    outer loop
      vertex 29.9848 -57.6118 4.98
      vertex 31.4632 -59.3737 4.98
      vertex 30.8338 -56.8338 4.98
    endloop
  endfacet
  facet normal 0 0 1
    outer loop
      vertex 31.4632 -59.3737 4.98
      vertex 29.9848 -57.6118 4.98
      vertex 30.3904 -60.1969 4.98
    endloop
  endfacet
  facet normal -0 0 1
    outer loop
      vertex 29.0712 -58.3128 4.98
      vertex 30.3904 -60.1969 4.98
      vertex 29.9848 -57.6118 4.98
    endloop
  endfacet
  facet normal 0 0 1
    outer loop
      vertex 30.3904 -60.1969 4.98
      vertex 29.0712 -58.3128 4.98
      vertex 29.25 -60.9234 4.98
    endloop
  endfacet
  facet normal -0 0 1
    outer loop
      vertex 28.1 -58.9315 4.98
      vertex 29.25 -60.9234 4.98
      vertex 29.0712 -58.3128 4.98
    endloop
  endfacet
  facet normal 0 0 1
    outer loop
      vertex 28.1 -58.9315 4.98
      vertex 28.0506 -61.5478 4.98
      vertex 29.25 -60.9234 4.98
    endloop
  endfacet
  facet normal -0 0 1
    outer loop
      vertex 27.0786 -59.4633 4.98
      vertex 28.0506 -61.5478 4.98
      vertex 28.1 -58.9315 4.98
    endloop
  endfacet
  facet normal 0 0 1
    outer loop
      vertex 27.0786 -59.4633 4.98
      vertex 26.8013 -62.0652 4.98
      vertex 28.0506 -61.5478 4.98
    endloop
  endfacet
  facet normal -0 0 1
    outer loop
      vertex 26.0147 -59.9039 4.98
      vertex 26.8013 -62.0652 4.98
      vertex 27.0786 -59.4633 4.98
    endloop
  endfacet
  facet normal 0 0 1
    outer loop
      vertex 26.0147 -59.9039 4.98
      vertex 25.5117 -62.4718 4.98
      vertex 26.8013 -62.0652 4.98
    endloop
  endfacet
  facet normal -0 0 1
    outer loop
      vertex 24.9164 -60.2502 4.98
      vertex 25.5117 -62.4718 4.98
      vertex 26.0147 -59.9039 4.98
    endloop
  endfacet
  facet normal 0 0 1
    outer loop
      vertex 24.9164 -60.2502 4.98
      vertex 24.1915 -62.7645 4.98
      vertex 25.5117 -62.4718 4.98
    endloop
  endfacet
  facet normal -0 0 1
    outer loop
      vertex 23.7921 -60.4995 4.98
      vertex 24.1915 -62.7645 4.98
      vertex 24.9164 -60.2502 4.98
    endloop
  endfacet
  facet normal 0 0 1
    outer loop
      vertex 23.7921 -60.4995 4.98
      vertex 22.8509 -62.941 4.98
      vertex 24.1915 -62.7645 4.98
    endloop
  endfacet
  facet normal -0 0 1
    outer loop
      vertex 22.6505 -60.6498 4.98
      vertex 22.8509 -62.941 4.98
      vertex 23.7921 -60.4995 4.98
    endloop
  endfacet
  facet normal -0 0 1
    outer loop
      vertex 21.5 -60.7 4.98
      vertex 22.8509 -62.941 4.98
      vertex 22.6505 -60.6498 4.98
    endloop
  endfacet
  facet normal 0 0 1
    outer loop
      vertex 21.5 -60.7 4.98
      vertex 21.5 -63 4.98
      vertex 22.8509 -62.941 4.98
    endloop
  endfacet
  facet normal 0 0 1
    outer loop
      vertex 20.3495 -60.6498 4.98
      vertex 21.5 -63 4.98
      vertex 21.5 -60.7 4.98
    endloop
  endfacet
  facet normal 0 0 1
    outer loop
      vertex 20.3495 -60.6498 4.98
      vertex 20.1491 -62.941 4.98
      vertex 21.5 -63 4.98
    endloop
  endfacet
  facet normal 0 0 1
    outer loop
      vertex 19.2079 -60.4995 4.98
      vertex 20.1491 -62.941 4.98
      vertex 20.3495 -60.6498 4.98
    endloop
  endfacet
  facet normal 0 0 1
    outer loop
      vertex 19.2079 -60.4995 4.98
      vertex 18.8085 -62.7645 4.98
      vertex 20.1491 -62.941 4.98
    endloop
  endfacet
  facet normal 0 0 1
    outer loop
      vertex 18.0836 -60.2502 4.98
      vertex 18.8085 -62.7645 4.98
      vertex 19.2079 -60.4995 4.98
    endloop
  endfacet
  facet normal 0 0 1
    outer loop
      vertex 18.0836 -60.2502 4.98
      vertex 17.4883 -62.4718 4.98
      vertex 18.8085 -62.7645 4.98
    endloop
  endfacet
  facet normal 0 0 1
    outer loop
      vertex 16.9853 -59.9039 4.98
      vertex 17.4883 -62.4718 4.98
      vertex 18.0836 -60.2502 4.98
    endloop
  endfacet
  facet normal 0 0 1
    outer loop
      vertex 16.9853 -59.9039 4.98
      vertex 16.1987 -62.0652 4.98
      vertex 17.4883 -62.4718 4.98
    endloop
  endfacet
  facet normal 0 0 1
    outer loop
      vertex 15.9214 -59.4633 4.98
      vertex 16.1987 -62.0652 4.98
      vertex 16.9853 -59.9039 4.98
    endloop
  endfacet
  facet normal 0 0 1
    outer loop
      vertex 15.9214 -59.4633 4.98
      vertex 14.9494 -61.5478 4.98
      vertex 16.1987 -62.0652 4.98
    endloop
  endfacet
  facet normal 0 0 1
    outer loop
      vertex 14.9 -58.9315 4.98
      vertex 14.9494 -61.5478 4.98
      vertex 15.9214 -59.4633 4.98
    endloop
  endfacet
  facet normal 0 0 1
    outer loop
      vertex 13.75 -60.9234 4.98
      vertex 14.9 -58.9315 4.98
      vertex 13.9288 -58.3128 4.98
    endloop
  endfacet
  facet normal 0 0 1
    outer loop
      vertex 14.9 -58.9315 4.98
      vertex 13.75 -60.9234 4.98
      vertex 14.9494 -61.5478 4.98
    endloop
  endfacet
  facet normal 0 0 1
    outer loop
      vertex 12.6096 -60.1969 4.98
      vertex 13.9288 -58.3128 4.98
      vertex 13.0152 -57.6118 4.98
    endloop
  endfacet
  facet normal 0 0 1
    outer loop
      vertex 13.9288 -58.3128 4.98
      vertex 12.6096 -60.1969 4.98
      vertex 13.75 -60.9234 4.98
    endloop
  endfacet
  facet normal 0 0 1
    outer loop
      vertex 11.5368 -59.3737 4.98
      vertex 13.0152 -57.6118 4.98
      vertex 12.1662 -56.8338 4.98
    endloop
  endfacet
  facet normal 0 0 1
    outer loop
      vertex 13.0152 -57.6118 4.98
      vertex 11.5368 -59.3737 4.98
      vertex 12.6096 -60.1969 4.98
    endloop
  endfacet
  facet normal 0 0 1
    outer loop
      vertex 10.5399 -58.4601 4.98
      vertex 12.1662 -56.8338 4.98
      vertex 11.3882 -55.9848 4.98
    endloop
  endfacet
  facet normal 0 0 1
    outer loop
      vertex 9.62631 -57.4632 4.98
      vertex 11.3882 -55.9848 4.98
      vertex 10.6872 -55.0712 4.98
    endloop
  endfacet
  facet normal 0 0 1
    outer loop
      vertex 12.1662 -56.8338 4.98
      vertex 10.5399 -58.4601 4.98
      vertex 11.5368 -59.3737 4.98
    endloop
  endfacet
  facet normal 0 0 1
    outer loop
      vertex 8.80315 -56.3904 4.98
      vertex 10.6872 -55.0712 4.98
      vertex 10.0685 -54.1 4.98
    endloop
  endfacet
  facet normal 0 0 1
    outer loop
      vertex 11.3882 -55.9848 4.98
      vertex 9.62631 -57.4632 4.98
      vertex 10.5399 -58.4601 4.98
    endloop
  endfacet
  facet normal 0 0 1
    outer loop
      vertex 8.07661 -55.25 4.98
      vertex 10.0685 -54.1 4.98
      vertex 9.53674 -53.0786 4.98
    endloop
  endfacet
  facet normal 0 0 1
    outer loop
      vertex 7.45224 -54.0506 4.98
      vertex 9.53674 -53.0786 4.98
      vertex 9.09607 -52.0147 4.98
    endloop
  endfacet
  facet normal 0 0 1
    outer loop
      vertex 10.6872 -55.0712 4.98
      vertex 8.80315 -56.3904 4.98
      vertex 9.62631 -57.4632 4.98
    endloop
  endfacet
  facet normal 0 0 1
    outer loop
      vertex 6.93477 -52.8013 4.98
      vertex 9.09607 -52.0147 4.98
      vertex 8.74979 -50.9164 4.98
    endloop
  endfacet
  facet normal 0 0 1
    outer loop
      vertex 6.52815 -51.5117 4.98
      vertex 8.74979 -50.9164 4.98
      vertex 8.50055 -49.7921 4.98
    endloop
  endfacet
  facet normal 0 0 1
    outer loop
      vertex 6.23549 -50.1915 4.98
      vertex 8.50055 -49.7921 4.98
      vertex 8.35023 -48.6505 4.98
    endloop
  endfacet
  facet normal 0 0 1
    outer loop
      vertex 10.0685 -54.1 4.98
      vertex 8.07661 -55.25 4.98
      vertex 8.80315 -56.3904 4.98
    endloop
  endfacet
  facet normal 0 0 1
    outer loop
      vertex 6.05899 -48.8509 4.98
      vertex 8.35023 -48.6505 4.98
      vertex 8.3 -47.5 4.98
    endloop
  endfacet
  facet normal 0 0 1
    outer loop
      vertex 8.74979 -44.0836 4.98
      vertex 6.52815 -43.4883 4.98
      vertex 8.50055 -45.2079 4.98
    endloop
  endfacet
  facet normal -0 0 1
    outer loop
      vertex 6.23549 -44.8085 4.98
      vertex 8.50055 -45.2079 4.98
      vertex 6.52815 -43.4883 4.98
    endloop
  endfacet
  facet normal 0 0 1
    outer loop
      vertex 9.53674 -53.0786 4.98
      vertex 7.45224 -54.0506 4.98
      vertex 8.07661 -55.25 4.98
    endloop
  endfacet
  facet normal 0 0 1
    outer loop
      vertex 8.50055 -45.2079 4.98
      vertex 6.23549 -44.8085 4.98
      vertex 8.35023 -46.3495 4.98
    endloop
  endfacet
  facet normal 0 0 1
    outer loop
      vertex 9.09607 -52.0147 4.98
      vertex 6.93477 -52.8013 4.98
      vertex 7.45224 -54.0506 4.98
    endloop
  endfacet
  facet normal -0 0 1
    outer loop
      vertex 6.05899 -46.1491 4.98
      vertex 8.35023 -46.3495 4.98
      vertex 6.23549 -44.8085 4.98
    endloop
  endfacet
  facet normal 0 0 1
    outer loop
      vertex 8.74979 -50.9164 4.98
      vertex 6.52815 -51.5117 4.98
      vertex 6.93477 -52.8013 4.98
    endloop
  endfacet
  facet normal 0 0 1
    outer loop
      vertex 8.35023 -46.3495 4.98
      vertex 6.05899 -46.1491 4.98
      vertex 8.3 -47.5 4.98
    endloop
  endfacet
  facet normal 0 0 1
    outer loop
      vertex 8.50055 -49.7921 4.98
      vertex 6.23549 -50.1915 4.98
      vertex 6.52815 -51.5117 4.98
    endloop
  endfacet
  facet normal 0 0 1
    outer loop
      vertex 6 -47.5 4.98
      vertex 8.3 -47.5 4.98
      vertex 6.05899 -46.1491 4.98
    endloop
  endfacet
  facet normal 0 0 1
    outer loop
      vertex 8.35023 -48.6505 4.98
      vertex 6.05899 -48.8509 4.98
      vertex 6.23549 -50.1915 4.98
    endloop
  endfacet
  facet normal 0 0 1
    outer loop
      vertex 8.3 -47.5 4.98
      vertex 6 -47.5 4.98
      vertex 6.05899 -48.8509 4.98
    endloop
  endfacet
  facet normal 0.130531 -0.991444 0
    outer loop
      vertex 22.8509 -62.941 3
      vertex 24.1915 -62.7645 4.98
      vertex 22.8509 -62.941 4.98
    endloop
  endfacet
  facet normal 0.130531 -0.991444 0
    outer loop
      vertex 24.1915 -62.7645 4.98
      vertex 22.8509 -62.941 3
      vertex 24.1915 -62.7645 3
    endloop
  endfacet
  facet normal 0.216453 -0.976293 0
    outer loop
      vertex 24.1915 -62.7645 3
      vertex 25.5117 -62.4718 4.98
      vertex 24.1915 -62.7645 4.98
    endloop
  endfacet
  facet normal 0.216453 -0.976293 0
    outer loop
      vertex 25.5117 -62.4718 4.98
      vertex 24.1915 -62.7645 3
      vertex 25.5117 -62.4718 3
    endloop
  endfacet
  facet normal 0.3007 -0.953719 0
    outer loop
      vertex 25.5117 -62.4718 3
      vertex 26.8013 -62.0652 4.98
      vertex 25.5117 -62.4718 4.98
    endloop
  endfacet
  facet normal 0.3007 -0.953719 0
    outer loop
      vertex 26.8013 -62.0652 4.98
      vertex 25.5117 -62.4718 3
      vertex 26.8013 -62.0652 3
    endloop
  endfacet
  facet normal 0.382635 -0.9239 0
    outer loop
      vertex 26.8013 -62.0652 3
      vertex 28.0506 -61.5478 4.98
      vertex 26.8013 -62.0652 4.98
    endloop
  endfacet
  facet normal 0.382635 -0.9239 0
    outer loop
      vertex 28.0506 -61.5478 4.98
      vertex 26.8013 -62.0652 3
      vertex 28.0506 -61.5478 3
    endloop
  endfacet
  facet normal 0.461767 -0.887001 -3.7778e-05
    outer loop
      vertex 28.0506 -61.5478 4.98
      vertex 28.6226 -61.25 4.5
      vertex 29.25 -60.9234 4.98
    endloop
  endfacet
  facet normal 0.461792 -0.886988 0
    outer loop
      vertex 28.0506 -61.5478 3
      vertex 28.6226 -61.25 4.5
      vertex 28.0506 -61.5478 4.98
    endloop
  endfacet
  facet normal 0.461792 -0.886988 0
    outer loop
      vertex 28.6226 -61.25 4.5
      vertex 28.0506 -61.5478 3
      vertex 28.6226 -61.25 3
    endloop
  endfacet
  facet normal 0.461744 -0.887013 0
    outer loop
      vertex 29.25 -60.9234 4.98
      vertex 28.6226 -61.25 4.5
      vertex 29.25 -60.9234 4.5
    endloop
  endfacet
  facet normal 0.537292 -0.843396 -8.54194e-06
    outer loop
      vertex 29.25 -60.9234 4.98
      vertex 29.4437 -60.8 4.78
      vertex 30.3904 -60.1969 4.98
    endloop
  endfacet
  facet normal 0.537298 -0.843392 0
    outer loop
      vertex 29.25 -60.9234 4.5
      vertex 29.4437 -60.8 4.78
      vertex 29.25 -60.9234 4.98
    endloop
  endfacet
  facet normal 0.537298 -0.843392 0
    outer loop
      vertex 29.4437 -60.8 4.78
      vertex 29.25 -60.9234 4.5
      vertex 29.4437 -60.8 4.5
    endloop
  endfacet
  facet normal 0.53729 -0.843397 0
    outer loop
      vertex 30.3904 -60.1969 4.98
      vertex 29.4437 -60.8 4.78
      vertex 30.3904 -60.1969 4.78
    endloop
  endfacet
  facet normal 0.608767 -0.793349 0
    outer loop
      vertex 30.3904 -60.1969 4.78
      vertex 31.4632 -59.3737 4.98
      vertex 30.3904 -60.1969 4.98
    endloop
  endfacet
  facet normal 0.608767 -0.793349 0
    outer loop
      vertex 31.4632 -59.3737 4.98
      vertex 30.3904 -60.1969 4.78
      vertex 31.4632 -59.3737 4.78
    endloop
  endfacet
  facet normal 0.675634 -0.737237 0
    outer loop
      vertex 31.4632 -59.3737 4.78
      vertex 32.4601 -58.4601 4.98
      vertex 31.4632 -59.3737 4.98
    endloop
  endfacet
  facet normal 0.675634 -0.737237 0
    outer loop
      vertex 32.4601 -58.4601 4.98
      vertex 31.4632 -59.3737 4.78
      vertex 32.4601 -58.4601 4.78
    endloop
  endfacet
  facet normal 0.737237 -0.675634 0
    outer loop
      vertex 32.4601 -58.4601 4.98
      vertex 33.3737 -57.4632 4.78
      vertex 33.3737 -57.4632 4.98
    endloop
  endfacet
  facet normal 0.737237 -0.675634 0
    outer loop
      vertex 33.3737 -57.4632 4.78
      vertex 32.4601 -58.4601 4.98
      vertex 32.4601 -58.4601 4.78
    endloop
  endfacet
  facet normal 0.793349 -0.608767 0
    outer loop
      vertex 33.3737 -57.4632 4.98
      vertex 34.1969 -56.3904 4.78
      vertex 34.1969 -56.3904 4.98
    endloop
  endfacet
  facet normal 0.793349 -0.608767 0
    outer loop
      vertex 34.1969 -56.3904 4.78
      vertex 33.3737 -57.4632 4.98
      vertex 33.3737 -57.4632 4.78
    endloop
  endfacet
  facet normal 0.843396 -0.537292 0
    outer loop
      vertex 34.1969 -56.3904 4.98
      vertex 34.9234 -55.25 4.78
      vertex 34.9234 -55.25 4.98
    endloop
  endfacet
  facet normal 0.843396 -0.537292 0
    outer loop
      vertex 34.9234 -55.25 4.78
      vertex 34.1969 -56.3904 4.98
      vertex 34.1969 -56.3904 4.78
    endloop
  endfacet
  facet normal 0.887001 -0.461767 0
    outer loop
      vertex 34.9234 -55.25 4.98
      vertex 35.5478 -54.0506 4.78
      vertex 35.5478 -54.0506 4.98
    endloop
  endfacet
  facet normal 0.887001 -0.461767 0
    outer loop
      vertex 35.5478 -54.0506 4.78
      vertex 34.9234 -55.25 4.98
      vertex 34.9234 -55.25 4.78
    endloop
  endfacet
  facet normal 0.9239 -0.382635 0
    outer loop
      vertex 35.5478 -54.0506 4.98
      vertex 36.0652 -52.8013 4.78
      vertex 36.0652 -52.8013 4.98
    endloop
  endfacet
  facet normal 0.9239 -0.382635 0
    outer loop
      vertex 36.0652 -52.8013 4.78
      vertex 35.5478 -54.0506 4.98
      vertex 35.5478 -54.0506 4.78
    endloop
  endfacet
  facet normal 0.953719 -0.3007 0
    outer loop
      vertex 36.0652 -52.8013 4.98
      vertex 36.4718 -51.5117 4.78
      vertex 36.4718 -51.5117 4.98
    endloop
  endfacet
  facet normal 0.953719 -0.3007 0
    outer loop
      vertex 36.4718 -51.5117 4.78
      vertex 36.0652 -52.8013 4.98
      vertex 36.0652 -52.8013 4.78
    endloop
  endfacet
  facet normal 0.976293 -0.216453 0
    outer loop
      vertex 36.4718 -51.5117 4.98
      vertex 36.7645 -50.1915 4.78
      vertex 36.7645 -50.1915 4.98
    endloop
  endfacet
  facet normal 0.976293 -0.216453 0
    outer loop
      vertex 36.7645 -50.1915 4.78
      vertex 36.4718 -51.5117 4.98
      vertex 36.4718 -51.5117 4.78
    endloop
  endfacet
  facet normal 0.991444 -0.130531 0
    outer loop
      vertex 36.7645 -50.1915 4.98
      vertex 36.941 -48.8509 4.78
      vertex 36.941 -48.8509 4.98
    endloop
  endfacet
  facet normal 0.991444 -0.130531 0
    outer loop
      vertex 36.941 -48.8509 4.78
      vertex 36.7645 -50.1915 4.98
      vertex 36.7645 -50.1915 4.78
    endloop
  endfacet
  facet normal 0.999048 -0.043633 0
    outer loop
      vertex 36.941 -48.8509 4.98
      vertex 37 -47.5 4.78
      vertex 37 -47.5 4.98
    endloop
  endfacet
  facet normal 0.999048 -0.043633 0
    outer loop
      vertex 37 -47.5 4.78
      vertex 36.941 -48.8509 4.98
      vertex 36.941 -48.8509 4.78
    endloop
  endfacet
  facet normal 0.999048 0.043633 0
    outer loop
      vertex 37 -47.5 4.98
      vertex 36.941 -46.1491 4.78
      vertex 36.941 -46.1491 4.98
    endloop
  endfacet
  facet normal 0.999048 0.043633 0
    outer loop
      vertex 36.941 -46.1491 4.78
      vertex 37 -47.5 4.98
      vertex 37 -47.5 4.78
    endloop
  endfacet
  facet normal 0.991444 0.130531 0
    outer loop
      vertex 36.941 -46.1491 4.98
      vertex 36.7645 -44.8085 4.78
      vertex 36.7645 -44.8085 4.98
    endloop
  endfacet
  facet normal 0.991444 0.130531 0
    outer loop
      vertex 36.7645 -44.8085 4.78
      vertex 36.941 -46.1491 4.98
      vertex 36.941 -46.1491 4.78
    endloop
  endfacet
  facet normal 0.976293 0.216453 0
    outer loop
      vertex 36.7645 -44.8085 4.98
      vertex 36.4718 -43.4883 4.78
      vertex 36.4718 -43.4883 4.98
    endloop
  endfacet
  facet normal 0.976293 0.216453 0
    outer loop
      vertex 36.4718 -43.4883 4.78
      vertex 36.7645 -44.8085 4.98
      vertex 36.7645 -44.8085 4.78
    endloop
  endfacet
  facet normal 0.953719 0.3007 0
    outer loop
      vertex 36.4718 -43.4883 4.98
      vertex 36.0652 -42.1987 4.78
      vertex 36.0652 -42.1987 4.98
    endloop
  endfacet
  facet normal 0.953719 0.3007 0
    outer loop
      vertex 36.0652 -42.1987 4.78
      vertex 36.4718 -43.4883 4.98
      vertex 36.4718 -43.4883 4.78
    endloop
  endfacet
  facet normal 0.9239 0.382635 0
    outer loop
      vertex 36.0652 -42.1987 4.98
      vertex 35.5478 -40.9494 4.78
      vertex 35.5478 -40.9494 4.98
    endloop
  endfacet
  facet normal 0.9239 0.382635 0
    outer loop
      vertex 35.5478 -40.9494 4.78
      vertex 36.0652 -42.1987 4.98
      vertex 36.0652 -42.1987 4.78
    endloop
  endfacet
  facet normal 0.887001 0.461767 0
    outer loop
      vertex 35.5478 -40.9494 4.98
      vertex 34.9234 -39.75 4.78
      vertex 34.9234 -39.75 4.98
    endloop
  endfacet
  facet normal 0.887001 0.461767 0
    outer loop
      vertex 34.9234 -39.75 4.78
      vertex 35.5478 -40.9494 4.98
      vertex 35.5478 -40.9494 4.78
    endloop
  endfacet
  facet normal 0.843396 0.537292 0
    outer loop
      vertex 34.9234 -39.75 4.98
      vertex 34.1969 -38.6096 4.78
      vertex 34.1969 -38.6096 4.98
    endloop
  endfacet
  facet normal 0.843396 0.537292 0
    outer loop
      vertex 34.1969 -38.6096 4.78
      vertex 34.9234 -39.75 4.98
      vertex 34.9234 -39.75 4.78
    endloop
  endfacet
  facet normal 0.793349 0.608767 0
    outer loop
      vertex 34.1969 -38.6096 4.98
      vertex 33.3737 -37.5368 4.78
      vertex 33.3737 -37.5368 4.98
    endloop
  endfacet
  facet normal 0.793349 0.608767 0
    outer loop
      vertex 33.3737 -37.5368 4.78
      vertex 34.1969 -38.6096 4.98
      vertex 34.1969 -38.6096 4.78
    endloop
  endfacet
  facet normal 0.737237 0.675634 0
    outer loop
      vertex 33.3737 -37.5368 4.98
      vertex 32.4601 -36.5399 4.78
      vertex 32.4601 -36.5399 4.98
    endloop
  endfacet
  facet normal 0.737237 0.675634 0
    outer loop
      vertex 32.4601 -36.5399 4.78
      vertex 33.3737 -37.5368 4.98
      vertex 33.3737 -37.5368 4.78
    endloop
  endfacet
  facet normal 0.675634 0.737237 -0
    outer loop
      vertex 32.4601 -36.5399 4.78
      vertex 31.4632 -35.6263 4.98
      vertex 32.4601 -36.5399 4.98
    endloop
  endfacet
  facet normal 0.675634 0.737237 0
    outer loop
      vertex 31.4632 -35.6263 4.98
      vertex 32.4601 -36.5399 4.78
      vertex 31.4632 -35.6263 4.78
    endloop
  endfacet
  facet normal 0.608767 0.793349 -0
    outer loop
      vertex 31.4632 -35.6263 4.78
      vertex 30.3904 -34.8031 4.98
      vertex 31.4632 -35.6263 4.98
    endloop
  endfacet
  facet normal 0.608767 0.793349 0
    outer loop
      vertex 30.3904 -34.8031 4.98
      vertex 31.4632 -35.6263 4.78
      vertex 30.3904 -34.8031 4.78
    endloop
  endfacet
  facet normal 0.537292 0.843396 -0
    outer loop
      vertex 30.3904 -34.8031 4.78
      vertex 29.25 -34.0766 4.98
      vertex 30.3904 -34.8031 4.98
    endloop
  endfacet
  facet normal 0.537292 0.843396 0
    outer loop
      vertex 29.25 -34.0766 4.98
      vertex 30.3904 -34.8031 4.78
      vertex 29.25 -34.0766 4.78
    endloop
  endfacet
  facet normal 0.461618 0.887079 0
    outer loop
      vertex 29.1028 -34 4.78
      vertex 29.25 -34.0766 4.98
      vertex 29.25 -34.0766 4.78
    endloop
  endfacet
  facet normal 0.461767 0.887001 -0.000139181
    outer loop
      vertex 29.25 -34.0766 4.98
      vertex 29.1028 -34 4.78
      vertex 28.0506 -33.4522 4.98
    endloop
  endfacet
  facet normal 0.461788 0.88699 0
    outer loop
      vertex 28.0506 -33.4522 3
      vertex 29.1028 -34 4.78
      vertex 29.1028 -34 3
    endloop
  endfacet
  facet normal 0.461788 0.88699 0
    outer loop
      vertex 29.1028 -34 4.78
      vertex 28.0506 -33.4522 3
      vertex 28.0506 -33.4522 4.98
    endloop
  endfacet
  facet normal 0.382635 0.9239 -0
    outer loop
      vertex 28.0506 -33.4522 3
      vertex 26.8013 -32.9348 4.98
      vertex 28.0506 -33.4522 4.98
    endloop
  endfacet
  facet normal 0.382635 0.9239 0
    outer loop
      vertex 26.8013 -32.9348 4.98
      vertex 28.0506 -33.4522 3
      vertex 26.8013 -32.9348 3
    endloop
  endfacet
  facet normal 0.3007 0.953719 -0
    outer loop
      vertex 26.8013 -32.9348 3
      vertex 25.5117 -32.5282 4.98
      vertex 26.8013 -32.9348 4.98
    endloop
  endfacet
  facet normal 0.3007 0.953719 0
    outer loop
      vertex 25.5117 -32.5282 4.98
      vertex 26.8013 -32.9348 3
      vertex 25.5117 -32.5282 3
    endloop
  endfacet
  facet normal 0.216453 0.976293 -0
    outer loop
      vertex 25.5117 -32.5282 3
      vertex 24.1915 -32.2355 4.98
      vertex 25.5117 -32.5282 4.98
    endloop
  endfacet
  facet normal 0.216453 0.976293 0
    outer loop
      vertex 24.1915 -32.2355 4.98
      vertex 25.5117 -32.5282 3
      vertex 24.1915 -32.2355 3
    endloop
  endfacet
  facet normal 0.130531 0.991444 -0
    outer loop
      vertex 24.1915 -32.2355 3
      vertex 22.8509 -32.059 4.98
      vertex 24.1915 -32.2355 4.98
    endloop
  endfacet
  facet normal 0.130531 0.991444 0
    outer loop
      vertex 22.8509 -32.059 4.98
      vertex 24.1915 -32.2355 3
      vertex 22.8509 -32.059 3
    endloop
  endfacet
  facet normal 0.043633 0.999048 -0
    outer loop
      vertex 22.8509 -32.059 3
      vertex 21.5 -32 4.98
      vertex 22.8509 -32.059 4.98
    endloop
  endfacet
  facet normal 0.043633 0.999048 0
    outer loop
      vertex 21.5 -32 4.98
      vertex 22.8509 -32.059 3
      vertex 21.5 -32 3
    endloop
  endfacet
  facet normal -0.043633 0.999048 0
    outer loop
      vertex 21.5 -32 3
      vertex 20.1491 -32.059 4.98
      vertex 21.5 -32 4.98
    endloop
  endfacet
  facet normal -0.043633 0.999048 0
    outer loop
      vertex 20.1491 -32.059 4.98
      vertex 21.5 -32 3
      vertex 20.1491 -32.059 3
    endloop
  endfacet
  facet normal -0.130531 0.991444 0
    outer loop
      vertex 20.1491 -32.059 3
      vertex 18.8085 -32.2355 4.98
      vertex 20.1491 -32.059 4.98
    endloop
  endfacet
  facet normal -0.130531 0.991444 0
    outer loop
      vertex 18.8085 -32.2355 4.98
      vertex 20.1491 -32.059 3
      vertex 18.8085 -32.2355 3
    endloop
  endfacet
  facet normal -0.216453 0.976293 0
    outer loop
      vertex 18.8085 -32.2355 3
      vertex 17.4883 -32.5282 4.98
      vertex 18.8085 -32.2355 4.98
    endloop
  endfacet
  facet normal -0.216453 0.976293 0
    outer loop
      vertex 17.4883 -32.5282 4.98
      vertex 18.8085 -32.2355 3
      vertex 17.4883 -32.5282 3
    endloop
  endfacet
  facet normal -0.3007 0.953719 0
    outer loop
      vertex 17.4883 -32.5282 3
      vertex 16.1987 -32.9348 4.98
      vertex 17.4883 -32.5282 4.98
    endloop
  endfacet
  facet normal -0.3007 0.953719 0
    outer loop
      vertex 16.1987 -32.9348 4.98
      vertex 17.4883 -32.5282 3
      vertex 16.1987 -32.9348 3
    endloop
  endfacet
  facet normal -0.382635 0.9239 0
    outer loop
      vertex 16.1987 -32.9348 3
      vertex 14.9494 -33.4522 4.98
      vertex 16.1987 -32.9348 4.98
    endloop
  endfacet
  facet normal -0.382635 0.9239 0
    outer loop
      vertex 14.9494 -33.4522 4.98
      vertex 16.1987 -32.9348 3
      vertex 14.9494 -33.4522 3
    endloop
  endfacet
  facet normal -0.461767 0.887001 -0.000139181
    outer loop
      vertex 14.9494 -33.4522 4.98
      vertex 13.8972 -34 4.78
      vertex 13.75 -34.0766 4.98
    endloop
  endfacet
  facet normal -0.461788 0.88699 0
    outer loop
      vertex 14.9494 -33.4522 3
      vertex 13.8972 -34 4.78
      vertex 14.9494 -33.4522 4.98
    endloop
  endfacet
  facet normal -0.461788 0.88699 0
    outer loop
      vertex 13.8972 -34 4.78
      vertex 14.9494 -33.4522 3
      vertex 13.8972 -34 3
    endloop
  endfacet
  facet normal -0.461618 0.887079 0
    outer loop
      vertex 13.75 -34.0766 4.98
      vertex 13.8972 -34 4.78
      vertex 13.75 -34.0766 4.78
    endloop
  endfacet
  facet normal -0.537292 0.843396 0
    outer loop
      vertex 13.75 -34.0766 4.78
      vertex 12.6096 -34.8031 4.98
      vertex 13.75 -34.0766 4.98
    endloop
  endfacet
  facet normal -0.537292 0.843396 0
    outer loop
      vertex 12.6096 -34.8031 4.98
      vertex 13.75 -34.0766 4.78
      vertex 12.6096 -34.8031 4.78
    endloop
  endfacet
  facet normal -0.608767 0.793349 0
    outer loop
      vertex 12.6096 -34.8031 4.78
      vertex 11.5368 -35.6263 4.98
      vertex 12.6096 -34.8031 4.98
    endloop
  endfacet
  facet normal -0.608767 0.793349 0
    outer loop
      vertex 11.5368 -35.6263 4.98
      vertex 12.6096 -34.8031 4.78
      vertex 11.5368 -35.6263 4.78
    endloop
  endfacet
  facet normal -0.675634 0.737237 0
    outer loop
      vertex 11.5368 -35.6263 4.78
      vertex 10.5399 -36.5399 4.98
      vertex 11.5368 -35.6263 4.98
    endloop
  endfacet
  facet normal -0.675634 0.737237 0
    outer loop
      vertex 10.5399 -36.5399 4.98
      vertex 11.5368 -35.6263 4.78
      vertex 10.5399 -36.5399 4.78
    endloop
  endfacet
  facet normal -0.737241 0.67563 0
    outer loop
      vertex 9.62631 -37.5368 4.78
      vertex 10.5399 -36.5399 4.98
      vertex 10.5399 -36.5399 4.78
    endloop
  endfacet
  facet normal -0.737241 0.67563 0
    outer loop
      vertex 10.5399 -36.5399 4.98
      vertex 9.62631 -37.5368 4.78
      vertex 9.62631 -37.5368 4.98
    endloop
  endfacet
  facet normal -0.793363 0.608748 0
    outer loop
      vertex 8.80315 -38.6096 4.78
      vertex 9.62631 -37.5368 4.98
      vertex 9.62631 -37.5368 4.78
    endloop
  endfacet
  facet normal -0.793363 0.608748 0
    outer loop
      vertex 9.62631 -37.5368 4.98
      vertex 8.80315 -38.6096 4.78
      vertex 8.80315 -38.6096 4.98
    endloop
  endfacet
  facet normal -0.843383 0.537313 0
    outer loop
      vertex 8.07661 -39.75 4.78
      vertex 8.80315 -38.6096 4.98
      vertex 8.80315 -38.6096 4.78
    endloop
  endfacet
  facet normal -0.843383 0.537313 0
    outer loop
      vertex 8.80315 -38.6096 4.98
      vertex 8.07661 -39.75 4.78
      vertex 8.07661 -39.75 4.98
    endloop
  endfacet
  facet normal -0.88701 0.46175 0
    outer loop
      vertex 7.45224 -40.9494 4.78
      vertex 8.07661 -39.75 4.98
      vertex 8.07661 -39.75 4.78
    endloop
  endfacet
  facet normal -0.88701 0.46175 0
    outer loop
      vertex 8.07661 -39.75 4.98
      vertex 7.45224 -40.9494 4.78
      vertex 7.45224 -40.9494 4.98
    endloop
  endfacet
  facet normal -0.923897 0.38264 0
    outer loop
      vertex 7 -42.0412 3
      vertex 6.93477 -42.1987 3
      vertex 7 -42.0412 4.78
    endloop
  endfacet
  facet normal -0.923879 0.382685 0
    outer loop
      vertex 7 -42.0412 4.78
      vertex 7.45224 -40.9494 4.98
      vertex 7.45224 -40.9494 4.78
    endloop
  endfacet
  facet normal -0.923881 0.382679 3.58149e-05
    outer loop
      vertex 7 -42.0412 4.78
      vertex 6.93477 -42.1987 4.98
      vertex 7.45224 -40.9494 4.98
    endloop
  endfacet
  facet normal -0.923897 0.38264 0
    outer loop
      vertex 6.93477 -42.1987 4.98
      vertex 7 -42.0412 4.78
      vertex 6.93477 -42.1987 3
    endloop
  endfacet
  facet normal -0.953715 0.300713 0
    outer loop
      vertex 6.52815 -43.4883 3
      vertex 6.93477 -42.1987 4.98
      vertex 6.93477 -42.1987 3
    endloop
  endfacet
  facet normal -0.953715 0.300713 0
    outer loop
      vertex 6.93477 -42.1987 4.98
      vertex 6.52815 -43.4883 3
      vertex 6.52815 -43.4883 4.98
    endloop
  endfacet
  facet normal -0.976299 0.216425 0
    outer loop
      vertex 6.23549 -44.8085 3
      vertex 6.52815 -43.4883 4.98
      vertex 6.52815 -43.4883 3
    endloop
  endfacet
  facet normal -0.976299 0.216425 0
    outer loop
      vertex 6.52815 -43.4883 4.98
      vertex 6.23549 -44.8085 3
      vertex 6.23549 -44.8085 4.98
    endloop
  endfacet
  facet normal -0.991444 0.130531 0
    outer loop
      vertex 6.05899 -46.1491 3
      vertex 6.23549 -44.8085 4.98
      vertex 6.23549 -44.8085 3
    endloop
  endfacet
  facet normal -0.991444 0.130531 0
    outer loop
      vertex 6.23549 -44.8085 4.98
      vertex 6.05899 -46.1491 3
      vertex 6.05899 -46.1491 4.98
    endloop
  endfacet
  facet normal -0.999048 0.0436256 0
    outer loop
      vertex 6 -47.5 3
      vertex 6.05899 -46.1491 4.98
      vertex 6.05899 -46.1491 3
    endloop
  endfacet
  facet normal -0.999048 0.0436256 0
    outer loop
      vertex 6.05899 -46.1491 4.98
      vertex 6 -47.5 3
      vertex 6 -47.5 4.98
    endloop
  endfacet
  facet normal -0.999048 -0.0436256 0
    outer loop
      vertex 6.05899 -48.8509 3
      vertex 6 -47.5 4.98
      vertex 6 -47.5 3
    endloop
  endfacet
  facet normal -0.999048 -0.0436256 0
    outer loop
      vertex 6 -47.5 4.98
      vertex 6.05899 -48.8509 3
      vertex 6.05899 -48.8509 4.98
    endloop
  endfacet
  facet normal -0.991444 -0.130531 0
    outer loop
      vertex 6.23549 -50.1915 3
      vertex 6.05899 -48.8509 4.98
      vertex 6.05899 -48.8509 3
    endloop
  endfacet
  facet normal -0.991444 -0.130531 0
    outer loop
      vertex 6.05899 -48.8509 4.98
      vertex 6.23549 -50.1915 3
      vertex 6.23549 -50.1915 4.98
    endloop
  endfacet
  facet normal -0.976299 -0.216425 0
    outer loop
      vertex 6.52815 -51.5117 3
      vertex 6.23549 -50.1915 4.98
      vertex 6.23549 -50.1915 3
    endloop
  endfacet
  facet normal -0.976299 -0.216425 0
    outer loop
      vertex 6.23549 -50.1915 4.98
      vertex 6.52815 -51.5117 3
      vertex 6.52815 -51.5117 4.98
    endloop
  endfacet
  facet normal -0.953714 -0.300715 -0
    outer loop
      vertex 6.83977 -52.5 4.78
      vertex 6.52815 -51.5117 3
      vertex 6.83977 -52.5 3
    endloop
  endfacet
  facet normal -0.953714 -0.300715 0
    outer loop
      vertex 6.52815 -51.5117 3
      vertex 6.83977 -52.5 4.78
      vertex 6.52815 -51.5117 4.98
    endloop
  endfacet
  facet normal -0.953717 -0.300707 -0
    outer loop
      vertex 6.93477 -52.8013 4.98
      vertex 6.83977 -52.5 4.78
      vertex 6.93477 -52.8013 4.78
    endloop
  endfacet
  facet normal -0.953715 -0.300713 -9.63625e-06
    outer loop
      vertex 6.83977 -52.5 4.78
      vertex 6.93477 -52.8013 4.98
      vertex 6.52815 -51.5117 4.98
    endloop
  endfacet
  facet normal -0.923881 -0.382679 0
    outer loop
      vertex 7.45224 -54.0506 4.78
      vertex 6.93477 -52.8013 4.98
      vertex 6.93477 -52.8013 4.78
    endloop
  endfacet
  facet normal -0.923881 -0.382679 0
    outer loop
      vertex 6.93477 -52.8013 4.98
      vertex 7.45224 -54.0506 4.78
      vertex 7.45224 -54.0506 4.98
    endloop
  endfacet
  facet normal -0.88701 -0.46175 0
    outer loop
      vertex 8.07661 -55.25 4.78
      vertex 7.45224 -54.0506 4.98
      vertex 7.45224 -54.0506 4.78
    endloop
  endfacet
  facet normal -0.88701 -0.46175 0
    outer loop
      vertex 7.45224 -54.0506 4.98
      vertex 8.07661 -55.25 4.78
      vertex 8.07661 -55.25 4.98
    endloop
  endfacet
  facet normal -0.843383 -0.537313 0
    outer loop
      vertex 8.80315 -56.3904 4.78
      vertex 8.07661 -55.25 4.98
      vertex 8.07661 -55.25 4.78
    endloop
  endfacet
  facet normal -0.843383 -0.537313 0
    outer loop
      vertex 8.07661 -55.25 4.98
      vertex 8.80315 -56.3904 4.78
      vertex 8.80315 -56.3904 4.98
    endloop
  endfacet
  facet normal -0.793363 -0.608748 0
    outer loop
      vertex 9.62631 -57.4632 4.78
      vertex 8.80315 -56.3904 4.98
      vertex 8.80315 -56.3904 4.78
    endloop
  endfacet
  facet normal -0.793363 -0.608748 0
    outer loop
      vertex 8.80315 -56.3904 4.98
      vertex 9.62631 -57.4632 4.78
      vertex 9.62631 -57.4632 4.98
    endloop
  endfacet
  facet normal -0.737241 -0.67563 0
    outer loop
      vertex 10.5399 -58.4601 4.78
      vertex 9.62631 -57.4632 4.98
      vertex 9.62631 -57.4632 4.78
    endloop
  endfacet
  facet normal -0.737241 -0.67563 0
    outer loop
      vertex 9.62631 -57.4632 4.98
      vertex 10.5399 -58.4601 4.78
      vertex 10.5399 -58.4601 4.98
    endloop
  endfacet
  facet normal -0.675634 -0.737237 0
    outer loop
      vertex 10.5399 -58.4601 4.78
      vertex 11.5368 -59.3737 4.98
      vertex 10.5399 -58.4601 4.98
    endloop
  endfacet
  facet normal -0.675634 -0.737237 -0
    outer loop
      vertex 11.5368 -59.3737 4.98
      vertex 10.5399 -58.4601 4.78
      vertex 11.5368 -59.3737 4.78
    endloop
  endfacet
  facet normal -0.608681 -0.793415 0
    outer loop
      vertex 12.0509 -59.7681 4.78
      vertex 11.5368 -59.3737 4.98
      vertex 11.5368 -59.3737 4.78
    endloop
  endfacet
  facet normal -0.608767 -0.793349 -0.000350529
    outer loop
      vertex 11.5368 -59.3737 4.98
      vertex 12.0509 -59.7681 4.78
      vertex 12.6096 -60.1969 4.98
    endloop
  endfacet
  facet normal -0.608846 -0.793289 0
    outer loop
      vertex 12.6096 -60.1969 4.5
      vertex 12.0509 -59.7681 4.78
      vertex 12.0509 -59.7681 4.5
    endloop
  endfacet
  facet normal -0.608846 -0.793289 0
    outer loop
      vertex 12.0509 -59.7681 4.78
      vertex 12.6096 -60.1969 4.5
      vertex 12.6096 -60.1969 4.98
    endloop
  endfacet
  facet normal -0.537123 -0.843504 0
    outer loop
      vertex 12.8081 -60.3233 4.5
      vertex 12.6096 -60.1969 4.98
      vertex 12.6096 -60.1969 4.5
    endloop
  endfacet
  facet normal -0.537292 -0.843396 -9.81306e-05
    outer loop
      vertex 12.6096 -60.1969 4.98
      vertex 12.8081 -60.3233 4.5
      vertex 13.75 -60.9234 4.98
    endloop
  endfacet
  facet normal -0.537327 -0.843374 0
    outer loop
      vertex 13.75 -60.9234 3
      vertex 12.8081 -60.3233 4.5
      vertex 12.8081 -60.3233 3
    endloop
  endfacet
  facet normal -0.537327 -0.843374 0
    outer loop
      vertex 12.8081 -60.3233 4.5
      vertex 13.75 -60.9234 3
      vertex 13.75 -60.9234 4.98
    endloop
  endfacet
  facet normal -0.461767 -0.887001 0
    outer loop
      vertex 13.75 -60.9234 3
      vertex 14.9494 -61.5478 4.98
      vertex 13.75 -60.9234 4.98
    endloop
  endfacet
  facet normal -0.461767 -0.887001 -0
    outer loop
      vertex 14.9494 -61.5478 4.98
      vertex 13.75 -60.9234 3
      vertex 14.9494 -61.5478 3
    endloop
  endfacet
  facet normal -0.382635 -0.9239 0
    outer loop
      vertex 14.9494 -61.5478 3
      vertex 16.1987 -62.0652 4.98
      vertex 14.9494 -61.5478 4.98
    endloop
  endfacet
  facet normal -0.382635 -0.9239 -0
    outer loop
      vertex 16.1987 -62.0652 4.98
      vertex 14.9494 -61.5478 3
      vertex 16.1987 -62.0652 3
    endloop
  endfacet
  facet normal -0.3007 -0.953719 0
    outer loop
      vertex 16.1987 -62.0652 3
      vertex 17.4883 -62.4718 4.98
      vertex 16.1987 -62.0652 4.98
    endloop
  endfacet
  facet normal -0.3007 -0.953719 -0
    outer loop
      vertex 17.4883 -62.4718 4.98
      vertex 16.1987 -62.0652 3
      vertex 17.4883 -62.4718 3
    endloop
  endfacet
  facet normal -0.216453 -0.976293 0
    outer loop
      vertex 17.4883 -62.4718 3
      vertex 18.8085 -62.7645 4.98
      vertex 17.4883 -62.4718 4.98
    endloop
  endfacet
  facet normal -0.216453 -0.976293 -0
    outer loop
      vertex 18.8085 -62.7645 4.98
      vertex 17.4883 -62.4718 3
      vertex 18.8085 -62.7645 3
    endloop
  endfacet
  facet normal -0.130531 -0.991444 0
    outer loop
      vertex 18.8085 -62.7645 3
      vertex 20.1491 -62.941 4.98
      vertex 18.8085 -62.7645 4.98
    endloop
  endfacet
  facet normal -0.130531 -0.991444 -0
    outer loop
      vertex 20.1491 -62.941 4.98
      vertex 18.8085 -62.7645 3
      vertex 20.1491 -62.941 3
    endloop
  endfacet
  facet normal -0.043633 -0.999048 0
    outer loop
      vertex 20.1491 -62.941 3
      vertex 21.5 -63 4.98
      vertex 20.1491 -62.941 4.98
    endloop
  endfacet
  facet normal -0.043633 -0.999048 -0
    outer loop
      vertex 21.5 -63 4.98
      vertex 20.1491 -62.941 3
      vertex 21.5 -63 3
    endloop
  endfacet
  facet normal 0.043633 -0.999048 0
    outer loop
      vertex 21.5 -63 3
      vertex 22.8509 -62.941 4.98
      vertex 21.5 -63 4.98
    endloop
  endfacet
  facet normal 0.043633 -0.999048 0
    outer loop
      vertex 22.8509 -62.941 4.98
      vertex 21.5 -63 3
      vertex 22.8509 -62.941 3
    endloop
  endfacet
  facet normal 0.130531 0.991444 -0
    outer loop
      vertex 20.3495 -60.6498 4.5
      vertex 19.2079 -60.4995 4.98
      vertex 20.3495 -60.6498 4.98
    endloop
  endfacet
  facet normal 0.130531 0.991444 0
    outer loop
      vertex 19.2079 -60.4995 4.98
      vertex 20.3495 -60.6498 4.5
      vertex 19.2079 -60.4995 4.5
    endloop
  endfacet
  facet normal 0.21648 0.976287 -0
    outer loop
      vertex 19.2079 -60.4995 4.5
      vertex 18.0836 -60.2502 4.98
      vertex 19.2079 -60.4995 4.98
    endloop
  endfacet
  facet normal 0.21648 0.976287 0
    outer loop
      vertex 18.0836 -60.2502 4.98
      vertex 19.2079 -60.4995 4.5
      vertex 18.0836 -60.2502 4.5
    endloop
  endfacet
  facet normal 0.300712 0.953715 -0
    outer loop
      vertex 18.0836 -60.2502 4.5
      vertex 16.9853 -59.9039 4.98
      vertex 18.0836 -60.2502 4.98
    endloop
  endfacet
  facet normal 0.300712 0.953715 0
    outer loop
      vertex 16.9853 -59.9039 4.98
      vertex 18.0836 -60.2502 4.5
      vertex 16.9853 -59.9039 4.5
    endloop
  endfacet
  facet normal 0.382623 0.923905 -0
    outer loop
      vertex 16.9853 -59.9039 4.5
      vertex 15.9214 -59.4633 4.98
      vertex 16.9853 -59.9039 4.98
    endloop
  endfacet
  facet normal 0.382623 0.923905 0
    outer loop
      vertex 15.9214 -59.4633 4.98
      vertex 16.9853 -59.9039 4.5
      vertex 15.9214 -59.4633 4.5
    endloop
  endfacet
  facet normal 0.461847 0.88696 0
    outer loop
      vertex 15.6051 -59.2986 4.5
      vertex 15.9214 -59.4633 4.98
      vertex 15.9214 -59.4633 4.5
    endloop
  endfacet
  facet normal 0.461812 0.886978 2.93807e-05
    outer loop
      vertex 15.9214 -59.4633 4.98
      vertex 15.6051 -59.2986 4.5
      vertex 14.9 -58.9315 4.98
    endloop
  endfacet
  facet normal 0.461796 0.886986 0
    outer loop
      vertex 14.9 -58.9315 3
      vertex 15.6051 -59.2986 4.5
      vertex 15.6051 -59.2986 3
    endloop
  endfacet
  facet normal 0.461796 0.886986 0
    outer loop
      vertex 15.6051 -59.2986 4.5
      vertex 14.9 -58.9315 3
      vertex 14.9 -58.9315 4.98
    endloop
  endfacet
  facet normal 0.537286 0.8434 -0
    outer loop
      vertex 14.9 -58.9315 3
      vertex 13.9288 -58.3128 4.98
      vertex 14.9 -58.9315 4.98
    endloop
  endfacet
  facet normal 0.537286 0.8434 0
    outer loop
      vertex 13.9288 -58.3128 4.98
      vertex 14.9 -58.9315 3
      vertex 13.9288 -58.3128 3
    endloop
  endfacet
  facet normal 0.608745 0.793366 -0
    outer loop
      vertex 13.9288 -58.3128 3
      vertex 13.0152 -57.6118 4.98
      vertex 13.9288 -58.3128 4.98
    endloop
  endfacet
  facet normal 0.608745 0.793366 0
    outer loop
      vertex 13.0152 -57.6118 4.98
      vertex 13.9288 -58.3128 3
      vertex 13.0152 -57.6118 3
    endloop
  endfacet
  facet normal 0.675607 0.737262 -0
    outer loop
      vertex 13.0152 -57.6118 3
      vertex 12.1662 -56.8338 4.98
      vertex 13.0152 -57.6118 4.98
    endloop
  endfacet
  facet normal 0.675607 0.737262 0
    outer loop
      vertex 12.1662 -56.8338 4.98
      vertex 13.0152 -57.6118 3
      vertex 12.1662 -56.8338 3
    endloop
  endfacet
  facet normal 0.737262 0.675607 0
    outer loop
      vertex 12.1662 -56.8338 4.98
      vertex 11.3882 -55.9848 3
      vertex 11.3882 -55.9848 4.98
    endloop
  endfacet
  facet normal 0.737262 0.675607 0
    outer loop
      vertex 11.3882 -55.9848 3
      vertex 12.1662 -56.8338 4.98
      vertex 12.1662 -56.8338 3
    endloop
  endfacet
  facet normal 0.793366 0.608745 0
    outer loop
      vertex 11.3882 -55.9848 4.98
      vertex 10.6872 -55.0712 3
      vertex 10.6872 -55.0712 4.98
    endloop
  endfacet
  facet normal 0.793366 0.608745 0
    outer loop
      vertex 10.6872 -55.0712 3
      vertex 11.3882 -55.9848 4.98
      vertex 11.3882 -55.9848 3
    endloop
  endfacet
  facet normal 0.8434 0.537286 0
    outer loop
      vertex 10.6872 -55.0712 4.98
      vertex 10.0685 -54.1 3
      vertex 10.0685 -54.1 4.98
    endloop
  endfacet
  facet normal 0.8434 0.537286 0
    outer loop
      vertex 10.0685 -54.1 3
      vertex 10.6872 -55.0712 4.98
      vertex 10.6872 -55.0712 3
    endloop
  endfacet
  facet normal 0.886992 0.461785 0
    outer loop
      vertex 10.0685 -54.1 4.98
      vertex 9.53674 -53.0786 3
      vertex 9.53674 -53.0786 4.98
    endloop
  endfacet
  facet normal 0.886992 0.461785 0
    outer loop
      vertex 9.53674 -53.0786 3
      vertex 10.0685 -54.1 4.98
      vertex 10.0685 -54.1 3
    endloop
  endfacet
  facet normal 0.923883 0.382675 0
    outer loop
      vertex 9.53674 -53.0786 4.98
      vertex 9.09607 -52.0147 3
      vertex 9.09607 -52.0147 4.98
    endloop
  endfacet
  facet normal 0.923883 0.382675 0
    outer loop
      vertex 9.09607 -52.0147 3
      vertex 9.53674 -53.0786 4.98
      vertex 9.53674 -53.0786 3
    endloop
  endfacet
  facet normal 0.95372 0.300696 0
    outer loop
      vertex 9.09607 -52.0147 4.98
      vertex 8.74979 -50.9164 3
      vertex 8.74979 -50.9164 4.98
    endloop
  endfacet
  facet normal 0.95372 0.300696 0
    outer loop
      vertex 8.74979 -50.9164 3
      vertex 9.09607 -52.0147 4.98
      vertex 9.09607 -52.0147 3
    endloop
  endfacet
  facet normal 0.976298 0.21643 0
    outer loop
      vertex 8.74979 -50.9164 4.98
      vertex 8.50055 -49.7921 3
      vertex 8.50055 -49.7921 4.98
    endloop
  endfacet
  facet normal 0.976298 0.21643 0
    outer loop
      vertex 8.50055 -49.7921 3
      vertex 8.74979 -50.9164 4.98
      vertex 8.74979 -50.9164 3
    endloop
  endfacet
  facet normal 0.991442 0.130548 0
    outer loop
      vertex 8.50055 -49.7921 4.98
      vertex 8.35023 -48.6505 3
      vertex 8.35023 -48.6505 4.98
    endloop
  endfacet
  facet normal 0.991442 0.130548 0
    outer loop
      vertex 8.35023 -48.6505 3
      vertex 8.50055 -49.7921 4.98
      vertex 8.50055 -49.7921 3
    endloop
  endfacet
  facet normal 0.999048 0.0436177 0
    outer loop
      vertex 8.35023 -48.6505 4.98
      vertex 8.3 -47.5 3
      vertex 8.3 -47.5 4.98
    endloop
  endfacet
  facet normal 0.999048 0.0436177 0
    outer loop
      vertex 8.3 -47.5 3
      vertex 8.35023 -48.6505 4.98
      vertex 8.35023 -48.6505 3
    endloop
  endfacet
  facet normal 0.999048 -0.0436177 0
    outer loop
      vertex 8.3 -47.5 4.98
      vertex 8.35023 -46.3495 3
      vertex 8.35023 -46.3495 4.98
    endloop
  endfacet
  facet normal 0.999048 -0.0436177 0
    outer loop
      vertex 8.35023 -46.3495 3
      vertex 8.3 -47.5 4.98
      vertex 8.3 -47.5 3
    endloop
  endfacet
  facet normal 0.991442 -0.130548 0
    outer loop
      vertex 8.35023 -46.3495 4.98
      vertex 8.50055 -45.2079 3
      vertex 8.50055 -45.2079 4.98
    endloop
  endfacet
  facet normal 0.991442 -0.130548 0
    outer loop
      vertex 8.50055 -45.2079 3
      vertex 8.35023 -46.3495 4.98
      vertex 8.35023 -46.3495 3
    endloop
  endfacet
  facet normal 0.976298 -0.21643 0
    outer loop
      vertex 8.50055 -45.2079 4.98
      vertex 8.74979 -44.0836 3
      vertex 8.74979 -44.0836 4.98
    endloop
  endfacet
  facet normal 0.976298 -0.21643 0
    outer loop
      vertex 8.74979 -44.0836 3
      vertex 8.50055 -45.2079 4.98
      vertex 8.50055 -45.2079 3
    endloop
  endfacet
  facet normal 0.95372 -0.300696 0
    outer loop
      vertex 8.74979 -44.0836 4.98
      vertex 9.09607 -42.9853 3
      vertex 9.09607 -42.9853 4.98
    endloop
  endfacet
  facet normal 0.95372 -0.300696 0
    outer loop
      vertex 9.09607 -42.9853 3
      vertex 8.74979 -44.0836 4.98
      vertex 8.74979 -44.0836 3
    endloop
  endfacet
  facet normal 0.923883 -0.382675 0
    outer loop
      vertex 9.09607 -42.9853 4.98
      vertex 9.53674 -41.9214 3
      vertex 9.53674 -41.9214 4.98
    endloop
  endfacet
  facet normal 0.923883 -0.382675 0
    outer loop
      vertex 9.53674 -41.9214 3
      vertex 9.09607 -42.9853 4.98
      vertex 9.09607 -42.9853 3
    endloop
  endfacet
  facet normal 0.886992 -0.461785 0
    outer loop
      vertex 9.53674 -41.9214 4.98
      vertex 10.0685 -40.9 3
      vertex 10.0685 -40.9 4.98
    endloop
  endfacet
  facet normal 0.886992 -0.461785 0
    outer loop
      vertex 10.0685 -40.9 3
      vertex 9.53674 -41.9214 4.98
      vertex 9.53674 -41.9214 3
    endloop
  endfacet
  facet normal 0.8434 -0.537286 0
    outer loop
      vertex 10.0685 -40.9 4.98
      vertex 10.6872 -39.9288 3
      vertex 10.6872 -39.9288 4.98
    endloop
  endfacet
  facet normal 0.8434 -0.537286 0
    outer loop
      vertex 10.6872 -39.9288 3
      vertex 10.0685 -40.9 4.98
      vertex 10.0685 -40.9 3
    endloop
  endfacet
  facet normal 0.793366 -0.608745 0
    outer loop
      vertex 10.6872 -39.9288 4.98
      vertex 11.3882 -39.0152 3
      vertex 11.3882 -39.0152 4.98
    endloop
  endfacet
  facet normal 0.793366 -0.608745 0
    outer loop
      vertex 11.3882 -39.0152 3
      vertex 10.6872 -39.9288 4.98
      vertex 10.6872 -39.9288 3
    endloop
  endfacet
  facet normal 0.737262 -0.675607 0
    outer loop
      vertex 11.3882 -39.0152 4.98
      vertex 12.1662 -38.1662 3
      vertex 12.1662 -38.1662 4.98
    endloop
  endfacet
  facet normal 0.737262 -0.675607 0
    outer loop
      vertex 12.1662 -38.1662 3
      vertex 11.3882 -39.0152 4.98
      vertex 11.3882 -39.0152 3
    endloop
  endfacet
  facet normal 0.675607 -0.737262 0
    outer loop
      vertex 12.1662 -38.1662 3
      vertex 13.0152 -37.3882 4.98
      vertex 12.1662 -38.1662 4.98
    endloop
  endfacet
  facet normal 0.675607 -0.737262 0
    outer loop
      vertex 13.0152 -37.3882 4.98
      vertex 12.1662 -38.1662 3
      vertex 13.0152 -37.3882 3
    endloop
  endfacet
  facet normal 0.608745 -0.793366 0
    outer loop
      vertex 13.0152 -37.3882 3
      vertex 13.9288 -36.6872 4.98
      vertex 13.0152 -37.3882 4.98
    endloop
  endfacet
  facet normal 0.608745 -0.793366 0
    outer loop
      vertex 13.9288 -36.6872 4.98
      vertex 13.0152 -37.3882 3
      vertex 13.9288 -36.6872 3
    endloop
  endfacet
  facet normal 0.537286 -0.8434 0
    outer loop
      vertex 13.9288 -36.6872 3
      vertex 14.9 -36.0685 4.98
      vertex 13.9288 -36.6872 4.98
    endloop
  endfacet
  facet normal 0.537286 -0.8434 0
    outer loop
      vertex 14.9 -36.0685 4.98
      vertex 13.9288 -36.6872 3
      vertex 14.9 -36.0685 3
    endloop
  endfacet
  facet normal 0.461812 -0.886978 0
    outer loop
      vertex 14.9 -36.0685 3
      vertex 15.9214 -35.5367 4.98
      vertex 14.9 -36.0685 4.98
    endloop
  endfacet
  facet normal 0.461812 -0.886978 0
    outer loop
      vertex 15.9214 -35.5367 4.98
      vertex 14.9 -36.0685 3
      vertex 15.9214 -35.5367 3
    endloop
  endfacet
  facet normal 0.382623 -0.923905 0
    outer loop
      vertex 15.9214 -35.5367 3
      vertex 16.9853 -35.0961 4.98
      vertex 15.9214 -35.5367 4.98
    endloop
  endfacet
  facet normal 0.382623 -0.923905 0
    outer loop
      vertex 16.9853 -35.0961 4.98
      vertex 15.9214 -35.5367 3
      vertex 16.9853 -35.0961 3
    endloop
  endfacet
  facet normal 0.300712 -0.953715 0
    outer loop
      vertex 16.9853 -35.0961 3
      vertex 18.0836 -34.7498 4.98
      vertex 16.9853 -35.0961 4.98
    endloop
  endfacet
  facet normal 0.300712 -0.953715 0
    outer loop
      vertex 18.0836 -34.7498 4.98
      vertex 16.9853 -35.0961 3
      vertex 18.0836 -34.7498 3
    endloop
  endfacet
  facet normal 0.21648 -0.976287 0
    outer loop
      vertex 18.0836 -34.7498 3
      vertex 19.2079 -34.5005 4.98
      vertex 18.0836 -34.7498 4.98
    endloop
  endfacet
  facet normal 0.21648 -0.976287 0
    outer loop
      vertex 19.2079 -34.5005 4.98
      vertex 18.0836 -34.7498 3
      vertex 19.2079 -34.5005 3
    endloop
  endfacet
  facet normal 0.130531 -0.991444 0
    outer loop
      vertex 19.2079 -34.5005 3
      vertex 20.3495 -34.3502 4.98
      vertex 19.2079 -34.5005 4.98
    endloop
  endfacet
  facet normal 0.130531 -0.991444 0
    outer loop
      vertex 20.3495 -34.3502 4.98
      vertex 19.2079 -34.5005 3
      vertex 20.3495 -34.3502 3
    endloop
  endfacet
  facet normal 0.0435917 -0.999049 0
    outer loop
      vertex 20.3495 -34.3502 3
      vertex 21.5 -34.3 4.98
      vertex 20.3495 -34.3502 4.98
    endloop
  endfacet
  facet normal 0.0435917 -0.999049 0
    outer loop
      vertex 21.5 -34.3 4.98
      vertex 20.3495 -34.3502 3
      vertex 21.5 -34.3 3
    endloop
  endfacet
  facet normal -0.0435917 -0.999049 0
    outer loop
      vertex 21.5 -34.3 3
      vertex 22.6505 -34.3502 4.98
      vertex 21.5 -34.3 4.98
    endloop
  endfacet
  facet normal -0.0435917 -0.999049 -0
    outer loop
      vertex 22.6505 -34.3502 4.98
      vertex 21.5 -34.3 3
      vertex 22.6505 -34.3502 3
    endloop
  endfacet
  facet normal -0.130531 -0.991444 0
    outer loop
      vertex 22.6505 -34.3502 3
      vertex 23.7921 -34.5005 4.98
      vertex 22.6505 -34.3502 4.98
    endloop
  endfacet
  facet normal -0.130531 -0.991444 -0
    outer loop
      vertex 23.7921 -34.5005 4.98
      vertex 22.6505 -34.3502 3
      vertex 23.7921 -34.5005 3
    endloop
  endfacet
  facet normal -0.21648 -0.976287 0
    outer loop
      vertex 23.7921 -34.5005 3
      vertex 24.9164 -34.7498 4.98
      vertex 23.7921 -34.5005 4.98
    endloop
  endfacet
  facet normal -0.21648 -0.976287 -0
    outer loop
      vertex 24.9164 -34.7498 4.98
      vertex 23.7921 -34.5005 3
      vertex 24.9164 -34.7498 3
    endloop
  endfacet
  facet normal -0.300712 -0.953715 0
    outer loop
      vertex 24.9164 -34.7498 3
      vertex 26.0147 -35.0961 4.98
      vertex 24.9164 -34.7498 4.98
    endloop
  endfacet
  facet normal -0.300712 -0.953715 -0
    outer loop
      vertex 26.0147 -35.0961 4.98
      vertex 24.9164 -34.7498 3
      vertex 26.0147 -35.0961 3
    endloop
  endfacet
  facet normal -0.382623 -0.923905 0
    outer loop
      vertex 26.0147 -35.0961 3
      vertex 27.0786 -35.5367 4.98
      vertex 26.0147 -35.0961 4.98
    endloop
  endfacet
  facet normal -0.382623 -0.923905 -0
    outer loop
      vertex 27.0786 -35.5367 4.98
      vertex 26.0147 -35.0961 3
      vertex 27.0786 -35.5367 3
    endloop
  endfacet
  facet normal -0.461812 -0.886978 0
    outer loop
      vertex 27.0786 -35.5367 3
      vertex 28.1 -36.0685 4.98
      vertex 27.0786 -35.5367 4.98
    endloop
  endfacet
  facet normal -0.461812 -0.886978 -0
    outer loop
      vertex 28.1 -36.0685 4.98
      vertex 27.0786 -35.5367 3
      vertex 28.1 -36.0685 3
    endloop
  endfacet
  facet normal -0.537286 -0.8434 0
    outer loop
      vertex 28.1 -36.0685 3
      vertex 29.0712 -36.6872 4.98
      vertex 28.1 -36.0685 4.98
    endloop
  endfacet
  facet normal -0.537286 -0.8434 -0
    outer loop
      vertex 29.0712 -36.6872 4.98
      vertex 28.1 -36.0685 3
      vertex 29.0712 -36.6872 3
    endloop
  endfacet
  facet normal -0.608745 -0.793366 0
    outer loop
      vertex 29.0712 -36.6872 3
      vertex 29.9848 -37.3882 4.98
      vertex 29.0712 -36.6872 4.98
    endloop
  endfacet
  facet normal -0.608745 -0.793366 -0
    outer loop
      vertex 29.9848 -37.3882 4.98
      vertex 29.0712 -36.6872 3
      vertex 29.9848 -37.3882 3
    endloop
  endfacet
  facet normal -0.675607 -0.737262 0
    outer loop
      vertex 29.9848 -37.3882 3
      vertex 30.8338 -38.1662 4.98
      vertex 29.9848 -37.3882 4.98
    endloop
  endfacet
  facet normal -0.675607 -0.737262 -0
    outer loop
      vertex 30.8338 -38.1662 4.98
      vertex 29.9848 -37.3882 3
      vertex 30.8338 -38.1662 3
    endloop
  endfacet
  facet normal -0.737262 -0.675607 0
    outer loop
      vertex 31.6118 -39.0152 3
      vertex 30.8338 -38.1662 4.98
      vertex 30.8338 -38.1662 3
    endloop
  endfacet
  facet normal -0.737262 -0.675607 0
    outer loop
      vertex 30.8338 -38.1662 4.98
      vertex 31.6118 -39.0152 3
      vertex 31.6118 -39.0152 4.98
    endloop
  endfacet
  facet normal -0.793366 -0.608745 0
    outer loop
      vertex 32.3128 -39.9288 3
      vertex 31.6118 -39.0152 4.98
      vertex 31.6118 -39.0152 3
    endloop
  endfacet
  facet normal -0.793366 -0.608745 0
    outer loop
      vertex 31.6118 -39.0152 4.98
      vertex 32.3128 -39.9288 3
      vertex 32.3128 -39.9288 4.98
    endloop
  endfacet
  facet normal -0.8434 -0.537286 0
    outer loop
      vertex 32.9315 -40.9 3
      vertex 32.3128 -39.9288 4.98
      vertex 32.3128 -39.9288 3
    endloop
  endfacet
  facet normal -0.8434 -0.537286 0
    outer loop
      vertex 32.3128 -39.9288 4.98
      vertex 32.9315 -40.9 3
      vertex 32.9315 -40.9 4.98
    endloop
  endfacet
  facet normal -0.886978 -0.461812 0
    outer loop
      vertex 33.4633 -41.9214 3
      vertex 32.9315 -40.9 4.98
      vertex 32.9315 -40.9 3
    endloop
  endfacet
  facet normal -0.886978 -0.461812 0
    outer loop
      vertex 32.9315 -40.9 4.98
      vertex 33.4633 -41.9214 3
      vertex 33.4633 -41.9214 4.98
    endloop
  endfacet
  facet normal -0.923905 -0.382623 0
    outer loop
      vertex 33.9039 -42.9853 3
      vertex 33.4633 -41.9214 4.98
      vertex 33.4633 -41.9214 3
    endloop
  endfacet
  facet normal -0.923905 -0.382623 0
    outer loop
      vertex 33.4633 -41.9214 4.98
      vertex 33.9039 -42.9853 3
      vertex 33.9039 -42.9853 4.98
    endloop
  endfacet
  facet normal -0.953715 -0.300712 0
    outer loop
      vertex 34.2502 -44.0836 3
      vertex 33.9039 -42.9853 4.98
      vertex 33.9039 -42.9853 3
    endloop
  endfacet
  facet normal -0.953715 -0.300712 0
    outer loop
      vertex 33.9039 -42.9853 4.98
      vertex 34.2502 -44.0836 3
      vertex 34.2502 -44.0836 4.98
    endloop
  endfacet
  facet normal -0.976287 -0.21648 0
    outer loop
      vertex 34.4995 -45.2079 3
      vertex 34.2502 -44.0836 4.98
      vertex 34.2502 -44.0836 3
    endloop
  endfacet
  facet normal -0.976287 -0.21648 0
    outer loop
      vertex 34.2502 -44.0836 4.98
      vertex 34.4995 -45.2079 3
      vertex 34.4995 -45.2079 4.98
    endloop
  endfacet
  facet normal -0.991444 -0.130531 0
    outer loop
      vertex 34.6498 -46.3495 3
      vertex 34.4995 -45.2079 4.98
      vertex 34.4995 -45.2079 3
    endloop
  endfacet
  facet normal -0.991444 -0.130531 0
    outer loop
      vertex 34.4995 -45.2079 4.98
      vertex 34.6498 -46.3495 3
      vertex 34.6498 -46.3495 4.98
    endloop
  endfacet
  facet normal -0.999049 -0.0435917 0
    outer loop
      vertex 34.7 -47.5 3
      vertex 34.6498 -46.3495 4.98
      vertex 34.6498 -46.3495 3
    endloop
  endfacet
  facet normal -0.999049 -0.0435917 0
    outer loop
      vertex 34.6498 -46.3495 4.98
      vertex 34.7 -47.5 3
      vertex 34.7 -47.5 4.98
    endloop
  endfacet
  facet normal -0.999049 0.0435917 0
    outer loop
      vertex 34.6498 -48.6505 3
      vertex 34.7 -47.5 4.98
      vertex 34.7 -47.5 3
    endloop
  endfacet
  facet normal -0.999049 0.0435917 0
    outer loop
      vertex 34.7 -47.5 4.98
      vertex 34.6498 -48.6505 3
      vertex 34.6498 -48.6505 4.98
    endloop
  endfacet
  facet normal -0.991444 0.130531 0
    outer loop
      vertex 34.4995 -49.7921 3
      vertex 34.6498 -48.6505 4.98
      vertex 34.6498 -48.6505 3
    endloop
  endfacet
  facet normal -0.991444 0.130531 0
    outer loop
      vertex 34.6498 -48.6505 4.98
      vertex 34.4995 -49.7921 3
      vertex 34.4995 -49.7921 4.98
    endloop
  endfacet
  facet normal -0.976287 0.21648 0
    outer loop
      vertex 34.2502 -50.9164 3
      vertex 34.4995 -49.7921 4.98
      vertex 34.4995 -49.7921 3
    endloop
  endfacet
  facet normal -0.976287 0.21648 0
    outer loop
      vertex 34.4995 -49.7921 4.98
      vertex 34.2502 -50.9164 3
      vertex 34.2502 -50.9164 4.98
    endloop
  endfacet
  facet normal -0.953715 0.300712 0
    outer loop
      vertex 33.9039 -52.0147 3
      vertex 34.2502 -50.9164 4.98
      vertex 34.2502 -50.9164 3
    endloop
  endfacet
  facet normal -0.953715 0.300712 0
    outer loop
      vertex 34.2502 -50.9164 4.98
      vertex 33.9039 -52.0147 3
      vertex 33.9039 -52.0147 4.98
    endloop
  endfacet
  facet normal -0.923905 0.382623 0
    outer loop
      vertex 33.4633 -53.0786 3
      vertex 33.9039 -52.0147 4.98
      vertex 33.9039 -52.0147 3
    endloop
  endfacet
  facet normal -0.923905 0.382623 0
    outer loop
      vertex 33.9039 -52.0147 4.98
      vertex 33.4633 -53.0786 3
      vertex 33.4633 -53.0786 4.98
    endloop
  endfacet
  facet normal -0.886978 0.461812 0
    outer loop
      vertex 32.9315 -54.1 3
      vertex 33.4633 -53.0786 4.98
      vertex 33.4633 -53.0786 3
    endloop
  endfacet
  facet normal -0.886978 0.461812 0
    outer loop
      vertex 33.4633 -53.0786 4.98
      vertex 32.9315 -54.1 3
      vertex 32.9315 -54.1 4.98
    endloop
  endfacet
  facet normal -0.8434 0.537286 0
    outer loop
      vertex 32.3128 -55.0712 3
      vertex 32.9315 -54.1 4.98
      vertex 32.9315 -54.1 3
    endloop
  endfacet
  facet normal -0.8434 0.537286 0
    outer loop
      vertex 32.9315 -54.1 4.98
      vertex 32.3128 -55.0712 3
      vertex 32.3128 -55.0712 4.98
    endloop
  endfacet
  facet normal -0.793366 0.608745 0
    outer loop
      vertex 31.6118 -55.9848 3
      vertex 32.3128 -55.0712 4.98
      vertex 32.3128 -55.0712 3
    endloop
  endfacet
  facet normal -0.793366 0.608745 0
    outer loop
      vertex 32.3128 -55.0712 4.98
      vertex 31.6118 -55.9848 3
      vertex 31.6118 -55.9848 4.98
    endloop
  endfacet
  facet normal -0.737262 0.675607 0
    outer loop
      vertex 30.8338 -56.8338 3
      vertex 31.6118 -55.9848 4.98
      vertex 31.6118 -55.9848 3
    endloop
  endfacet
  facet normal -0.737262 0.675607 0
    outer loop
      vertex 31.6118 -55.9848 4.98
      vertex 30.8338 -56.8338 3
      vertex 30.8338 -56.8338 4.98
    endloop
  endfacet
  facet normal -0.675607 0.737262 0
    outer loop
      vertex 30.8338 -56.8338 3
      vertex 29.9848 -57.6118 4.98
      vertex 30.8338 -56.8338 4.98
    endloop
  endfacet
  facet normal -0.675607 0.737262 0
    outer loop
      vertex 29.9848 -57.6118 4.98
      vertex 30.8338 -56.8338 3
      vertex 29.9848 -57.6118 3
    endloop
  endfacet
  facet normal -0.608745 0.793366 0
    outer loop
      vertex 29.9848 -57.6118 3
      vertex 29.0712 -58.3128 4.98
      vertex 29.9848 -57.6118 4.98
    endloop
  endfacet
  facet normal -0.608745 0.793366 0
    outer loop
      vertex 29.0712 -58.3128 4.98
      vertex 29.9848 -57.6118 3
      vertex 29.0712 -58.3128 3
    endloop
  endfacet
  facet normal -0.537286 0.8434 0
    outer loop
      vertex 29.0712 -58.3128 3
      vertex 28.1 -58.9315 4.98
      vertex 29.0712 -58.3128 4.98
    endloop
  endfacet
  facet normal -0.537286 0.8434 0
    outer loop
      vertex 28.1 -58.9315 4.98
      vertex 29.0712 -58.3128 3
      vertex 28.1 -58.9315 3
    endloop
  endfacet
  facet normal -0.461812 0.886978 0
    outer loop
      vertex 28.1 -58.9315 3
      vertex 27.0786 -59.4633 4.98
      vertex 28.1 -58.9315 4.98
    endloop
  endfacet
  facet normal -0.461812 0.886978 0
    outer loop
      vertex 27.0786 -59.4633 4.98
      vertex 28.1 -58.9315 3
      vertex 27.0786 -59.4633 3
    endloop
  endfacet
  facet normal -0.382623 0.923905 -1.32614e-05
    outer loop
      vertex 27.0786 -59.4633 4.98
      vertex 26.2656 -59.8 4.5
      vertex 26.0147 -59.9039 4.98
    endloop
  endfacet
  facet normal -0.382629 0.923902 0
    outer loop
      vertex 27.0786 -59.4633 3
      vertex 26.2656 -59.8 4.5
      vertex 27.0786 -59.4633 4.98
    endloop
  endfacet
  facet normal -0.382629 0.923902 0
    outer loop
      vertex 26.2656 -59.8 4.5
      vertex 27.0786 -59.4633 3
      vertex 26.2656 -59.8 3
    endloop
  endfacet
  facet normal -0.382601 0.923914 0
    outer loop
      vertex 26.0147 -59.9039 4.98
      vertex 26.2656 -59.8 4.5
      vertex 26.0147 -59.9039 4.5
    endloop
  endfacet
  facet normal -0.300712 0.953715 0
    outer loop
      vertex 26.0147 -59.9039 4.5
      vertex 24.9164 -60.2502 4.98
      vertex 26.0147 -59.9039 4.98
    endloop
  endfacet
  facet normal -0.300712 0.953715 0
    outer loop
      vertex 24.9164 -60.2502 4.98
      vertex 26.0147 -59.9039 4.5
      vertex 24.9164 -60.2502 4.5
    endloop
  endfacet
  facet normal -0.21648 0.976287 0
    outer loop
      vertex 24.9164 -60.2502 4.5
      vertex 23.7921 -60.4995 4.98
      vertex 24.9164 -60.2502 4.98
    endloop
  endfacet
  facet normal -0.21648 0.976287 0
    outer loop
      vertex 23.7921 -60.4995 4.98
      vertex 24.9164 -60.2502 4.5
      vertex 23.7921 -60.4995 4.5
    endloop
  endfacet
  facet normal -0.130531 0.991444 0
    outer loop
      vertex 23.7921 -60.4995 4.5
      vertex 22.6505 -60.6498 4.98
      vertex 23.7921 -60.4995 4.98
    endloop
  endfacet
  facet normal -0.130531 0.991444 0
    outer loop
      vertex 22.6505 -60.6498 4.98
      vertex 23.7921 -60.4995 4.5
      vertex 22.6505 -60.6498 4.5
    endloop
  endfacet
  facet normal -0.0435917 0.999049 0
    outer loop
      vertex 22.6505 -60.6498 4.5
      vertex 21.5 -60.7 4.98
      vertex 22.6505 -60.6498 4.98
    endloop
  endfacet
  facet normal -0.0435917 0.999049 0
    outer loop
      vertex 21.5 -60.7 4.98
      vertex 22.6505 -60.6498 4.5
      vertex 21.5 -60.7 4.5
    endloop
  endfacet
  facet normal 0.0435917 0.999049 -0
    outer loop
      vertex 21.5 -60.7 4.5
      vertex 20.3495 -60.6498 4.98
      vertex 21.5 -60.7 4.98
    endloop
  endfacet
  facet normal 0.0435917 0.999049 0
    outer loop
      vertex 20.3495 -60.6498 4.98
      vertex 21.5 -60.7 4.5
      vertex 20.3495 -60.6498 4.5
    endloop
  endfacet
  facet normal 0 0 1
    outer loop
      vertex 11.5368 -59.3737 4.78
      vertex 10.9765 -59.6246 4.78
      vertex 12.0509 -59.7681 4.78
    endloop
  endfacet
  facet normal 0 0 1
    outer loop
      vertex 10.5399 -58.4601 4.78
      vertex 10.9765 -59.6246 4.78
      vertex 11.5368 -59.3737 4.78
    endloop
  endfacet
  facet normal 0 0 1
    outer loop
      vertex 8.29947 -59.3523 4.78
      vertex 10.5399 -58.4601 4.78
      vertex 9.62631 -57.4632 4.78
    endloop
  endfacet
  facet normal 0 0 1
    outer loop
      vertex 8.29947 -59.3523 4.78
      vertex 9.62631 -57.4632 4.78
      vertex 8.80315 -56.3904 4.78
    endloop
  endfacet
  facet normal 0 0 1
    outer loop
      vertex 10.5399 -58.4601 4.78
      vertex 8.29947 -59.3523 4.78
      vertex 10.9765 -59.6246 4.78
    endloop
  endfacet
  facet normal 0 0 1
    outer loop
      vertex 5.56514 -59.1568 4.78
      vertex 8.80315 -56.3904 4.78
      vertex 8.07661 -55.25 4.78
    endloop
  endfacet
  facet normal 0 0 1
    outer loop
      vertex 5.56514 -59.1568 4.78
      vertex 8.07661 -55.25 4.78
      vertex 7.45224 -54.0506 4.78
    endloop
  endfacet
  facet normal 0 0 1
    outer loop
      vertex 2.79227 -59.039 4.78
      vertex 7.45224 -54.0506 4.78
      vertex 6.93477 -52.8013 4.78
    endloop
  endfacet
  facet normal 0 0 1
    outer loop
      vertex 2.79227 -59.039 4.78
      vertex 6.93477 -52.8013 4.78
      vertex 6.83977 -52.5 4.78
    endloop
  endfacet
  facet normal 0 0 1
    outer loop
      vertex 8.80315 -56.3904 4.78
      vertex 5.56514 -59.1568 4.78
      vertex 8.29947 -59.3523 4.78
    endloop
  endfacet
  facet normal 0 0 1
    outer loop
      vertex 7.45224 -54.0506 4.78
      vertex 2.79227 -59.039 4.78
      vertex 5.56514 -59.1568 4.78
    endloop
  endfacet
  facet normal 0 0 1
    outer loop
      vertex 6.83977 -52.5 4.78
      vertex 0 -58.9997 4.78
      vertex 2.79227 -59.039 4.78
    endloop
  endfacet
  facet normal -0 0 1
    outer loop
      vertex -6.83977 -52.5 4.78
      vertex 0 -58.9997 4.78
      vertex 6.83977 -52.5 4.78
    endloop
  endfacet
  facet normal 0 0 1
    outer loop
      vertex 0 -58.9997 4.78
      vertex -6.83977 -52.5 4.78
      vertex -2.79227 -59.039 4.78
    endloop
  endfacet
  facet normal -0 0 1
    outer loop
      vertex -6.93477 -52.8013 4.78
      vertex -2.79227 -59.039 4.78
      vertex -6.83977 -52.5 4.78
    endloop
  endfacet
  facet normal -0 0 1
    outer loop
      vertex -7.45224 -54.0506 4.78
      vertex -2.79227 -59.039 4.78
      vertex -6.93477 -52.8013 4.78
    endloop
  endfacet
  facet normal 0 0 1
    outer loop
      vertex -2.79227 -59.039 4.78
      vertex -7.45224 -54.0506 4.78
      vertex -5.56514 -59.1568 4.78
    endloop
  endfacet
  facet normal -0 0 1
    outer loop
      vertex -8.07661 -55.25 4.78
      vertex -5.56514 -59.1568 4.78
      vertex -7.45224 -54.0506 4.78
    endloop
  endfacet
  facet normal -0 0 1
    outer loop
      vertex -8.80315 -56.3904 4.78
      vertex -5.56514 -59.1568 4.78
      vertex -8.07661 -55.25 4.78
    endloop
  endfacet
  facet normal 0 0 1
    outer loop
      vertex -5.56514 -59.1568 4.78
      vertex -8.80315 -56.3904 4.78
      vertex -8.29947 -59.3523 4.78
    endloop
  endfacet
  facet normal -0 0 1
    outer loop
      vertex -9.62631 -57.4632 4.78
      vertex -8.29947 -59.3523 4.78
      vertex -8.80315 -56.3904 4.78
    endloop
  endfacet
  facet normal -0 0 1
    outer loop
      vertex -10.5399 -58.4601 4.78
      vertex -8.29947 -59.3523 4.78
      vertex -9.62631 -57.4632 4.78
    endloop
  endfacet
  facet normal 0 0 1
    outer loop
      vertex -10.5399 -58.4601 4.78
      vertex -10.9765 -59.6246 4.78
      vertex -8.29947 -59.3523 4.78
    endloop
  endfacet
  facet normal -0 0 1
    outer loop
      vertex -11.5368 -59.3737 4.78
      vertex -10.9765 -59.6246 4.78
      vertex -10.5399 -58.4601 4.78
    endloop
  endfacet
  facet normal 0 0 1
    outer loop
      vertex -10.9765 -59.6246 4.78
      vertex -11.5368 -59.3737 4.78
      vertex -12.0509 -59.7681 4.78
    endloop
  endfacet
  facet normal 0 0 1
    outer loop
      vertex -34.1969 -56.3904 4.78
      vertex -37.8986 -59.5677 4.78
      vertex -37.3984 -59.8864 4.78
    endloop
  endfacet
  facet normal 0 0 1
    outer loop
      vertex -39.7848 -41.6398 4.78
      vertex -37 -47.5 4.78
      vertex -36.941 -46.1491 4.78
    endloop
  endfacet
  facet normal 0 0 1
    outer loop
      vertex -40.797 -54 4.78
      vertex -36.941 -48.8509 4.78
      vertex -40.7678 -53.3322 4.78
    endloop
  endfacet
  facet normal 0 0 1
    outer loop
      vertex -36.941 -48.8509 4.78
      vertex -38.3689 -59.2068 4.78
      vertex -37.8986 -59.5677 4.78
    endloop
  endfacet
  facet normal 0 0 1
    outer loop
      vertex -39.7848 -41.6398 4.78
      vertex -36.941 -46.1491 4.78
      vertex -36.7645 -44.8085 4.78
    endloop
  endfacet
  facet normal -0 0 1
    outer loop
      vertex -39.0196 -34 4.78
      vertex -29.25 -34.0766 4.78
      vertex -29.1028 -34 4.78
    endloop
  endfacet
  facet normal 0 0 1
    outer loop
      vertex -39.0196 -34 4.78
      vertex -30.3904 -34.8031 4.78
      vertex -29.25 -34.0766 4.78
    endloop
  endfacet
  facet normal 0 0 1
    outer loop
      vertex -39.0196 -34 4.78
      vertex -31.4632 -35.6263 4.78
      vertex -30.3904 -34.8031 4.78
    endloop
  endfacet
  facet normal 0 0 1
    outer loop
      vertex -39.0196 -34 4.78
      vertex -32.4601 -36.5399 4.78
      vertex -31.4632 -35.6263 4.78
    endloop
  endfacet
  facet normal 0 0 1
    outer loop
      vertex -39.0196 -34 4.78
      vertex -33.3737 -37.5368 4.78
      vertex -32.4601 -36.5399 4.78
    endloop
  endfacet
  facet normal 0 0 1
    outer loop
      vertex -39.0196 -34 4.78
      vertex -34.1969 -38.6096 4.78
      vertex -33.3737 -37.5368 4.78
    endloop
  endfacet
  facet normal 0 0 1
    outer loop
      vertex -39.0196 -34 4.78
      vertex -34.9234 -39.75 4.78
      vertex -34.1969 -38.6096 4.78
    endloop
  endfacet
  facet normal 0 0 1
    outer loop
      vertex -39.7848 -41.6398 4.78
      vertex -34.9234 -39.75 4.78
      vertex -39.0196 -34 4.78
    endloop
  endfacet
  facet normal 0 0 1
    outer loop
      vertex -34.9234 -39.75 4.78
      vertex -39.7848 -41.6398 4.78
      vertex -35.5478 -40.9494 4.78
    endloop
  endfacet
  facet normal 0 0 1
    outer loop
      vertex -35.5478 -40.9494 4.78
      vertex -39.7848 -41.6398 4.78
      vertex -36.0652 -42.1987 4.78
    endloop
  endfacet
  facet normal 0 0 1
    outer loop
      vertex -36.0652 -42.1987 4.78
      vertex -39.7848 -41.6398 4.78
      vertex -36.4718 -43.4883 4.78
    endloop
  endfacet
  facet normal 0 0 1
    outer loop
      vertex -36.4718 -43.4883 4.78
      vertex -39.7848 -41.6398 4.78
      vertex -36.7645 -44.8085 4.78
    endloop
  endfacet
  facet normal 0 0 1
    outer loop
      vertex -37 -47.5 4.78
      vertex -39.7848 -41.6398 4.78
      vertex -40.7678 -53.3322 4.78
    endloop
  endfacet
  facet normal 0 0 1
    outer loop
      vertex -36.941 -48.8509 4.78
      vertex -38.8062 -58.8062 4.78
      vertex -38.3689 -59.2068 4.78
    endloop
  endfacet
  facet normal 0 0 1
    outer loop
      vertex -36.941 -48.8509 4.78
      vertex -39.2068 -58.3689 4.78
      vertex -38.8062 -58.8062 4.78
    endloop
  endfacet
  facet normal 0 0 1
    outer loop
      vertex -36.941 -48.8509 4.78
      vertex -39.5677 -57.8986 4.78
      vertex -39.2068 -58.3689 4.78
    endloop
  endfacet
  facet normal 0 0 1
    outer loop
      vertex -36.941 -48.8509 4.78
      vertex -39.8864 -57.3984 4.78
      vertex -39.5677 -57.8986 4.78
    endloop
  endfacet
  facet normal 0 0 1
    outer loop
      vertex -36.941 -48.8509 4.78
      vertex -40.1601 -56.8726 4.78
      vertex -39.8864 -57.3984 4.78
    endloop
  endfacet
  facet normal 0 0 1
    outer loop
      vertex -36.941 -48.8509 4.78
      vertex -40.3871 -56.3246 4.78
      vertex -40.1601 -56.8726 4.78
    endloop
  endfacet
  facet normal 0 0 1
    outer loop
      vertex -36.941 -48.8509 4.78
      vertex -40.5654 -55.7591 4.78
      vertex -40.3871 -56.3246 4.78
    endloop
  endfacet
  facet normal 0 0 1
    outer loop
      vertex -36.941 -48.8509 4.78
      vertex -40.6937 -55.1803 4.78
      vertex -40.5654 -55.7591 4.78
    endloop
  endfacet
  facet normal 0 0 1
    outer loop
      vertex -36.941 -48.8509 4.78
      vertex -40.7711 -54.5924 4.78
      vertex -40.6937 -55.1803 4.78
    endloop
  endfacet
  facet normal 0 0 1
    outer loop
      vertex -36.941 -48.8509 4.78
      vertex -40.797 -54 4.78
      vertex -40.7711 -54.5924 4.78
    endloop
  endfacet
  facet normal 0 0 1
    outer loop
      vertex -30.3904 -60.1969 4.78
      vertex -33.93 -60.8 4.78
      vertex -29.4437 -60.8 4.78
    endloop
  endfacet
  facet normal 0 0 1
    outer loop
      vertex -31.4632 -59.3737 4.78
      vertex -33.93 -60.8 4.78
      vertex -30.3904 -60.1969 4.78
    endloop
  endfacet
  facet normal 0 0 1
    outer loop
      vertex -32.4601 -58.4601 4.78
      vertex -33.93 -60.8 4.78
      vertex -31.4632 -59.3737 4.78
    endloop
  endfacet
  facet normal 0 0 1
    outer loop
      vertex -33.3737 -57.4632 4.78
      vertex -33.93 -60.8 4.78
      vertex -32.4601 -58.4601 4.78
    endloop
  endfacet
  facet normal 0 0 1
    outer loop
      vertex -36.3246 -60.3871 4.78
      vertex -33.3737 -57.4632 4.78
      vertex -34.1969 -56.3904 4.78
    endloop
  endfacet
  facet normal 0 0 1
    outer loop
      vertex -33.3737 -57.4632 4.78
      vertex -34.5924 -60.7711 4.78
      vertex -33.93 -60.8 4.78
    endloop
  endfacet
  facet normal 0 0 1
    outer loop
      vertex -37.8986 -59.5677 4.78
      vertex -34.1969 -56.3904 4.78
      vertex -34.9234 -55.25 4.78
    endloop
  endfacet
  facet normal 0 0 1
    outer loop
      vertex -33.3737 -57.4632 4.78
      vertex -35.1803 -60.6937 4.78
      vertex -34.5924 -60.7711 4.78
    endloop
  endfacet
  facet normal 0 0 1
    outer loop
      vertex -37.8986 -59.5677 4.78
      vertex -34.9234 -55.25 4.78
      vertex -35.5478 -54.0506 4.78
    endloop
  endfacet
  facet normal 0 0 1
    outer loop
      vertex -33.3737 -57.4632 4.78
      vertex -35.7591 -60.5654 4.78
      vertex -35.1803 -60.6937 4.78
    endloop
  endfacet
  facet normal 0 0 1
    outer loop
      vertex -37.8986 -59.5677 4.78
      vertex -35.5478 -54.0506 4.78
      vertex -36.0652 -52.8013 4.78
    endloop
  endfacet
  facet normal 0 0 1
    outer loop
      vertex -33.3737 -57.4632 4.78
      vertex -36.3246 -60.3871 4.78
      vertex -35.7591 -60.5654 4.78
    endloop
  endfacet
  facet normal 0 0 1
    outer loop
      vertex -37.8986 -59.5677 4.78
      vertex -36.0652 -52.8013 4.78
      vertex -36.4718 -51.5117 4.78
    endloop
  endfacet
  facet normal 0 0 1
    outer loop
      vertex -37.8986 -59.5677 4.78
      vertex -36.4718 -51.5117 4.78
      vertex -36.7645 -50.1915 4.78
    endloop
  endfacet
  facet normal 0 0 1
    outer loop
      vertex -34.1969 -56.3904 4.78
      vertex -36.8726 -60.1601 4.78
      vertex -36.3246 -60.3871 4.78
    endloop
  endfacet
  facet normal 0 0 1
    outer loop
      vertex -37.8986 -59.5677 4.78
      vertex -36.7645 -50.1915 4.78
      vertex -36.941 -48.8509 4.78
    endloop
  endfacet
  facet normal 0 0 1
    outer loop
      vertex -40.7678 -53.3322 4.78
      vertex -36.941 -48.8509 4.78
      vertex -37 -47.5 4.78
    endloop
  endfacet
  facet normal 0 0 1
    outer loop
      vertex -34.1969 -56.3904 4.78
      vertex -37.3984 -59.8864 4.78
      vertex -36.8726 -60.1601 4.78
    endloop
  endfacet
  facet normal 0 0 1
    outer loop
      vertex 8.07661 -39.75 4.78
      vertex 7 -34.5 4.78
      vertex 7.45224 -40.9494 4.78
    endloop
  endfacet
  facet normal 0 0 1
    outer loop
      vertex 8.80315 -38.6096 4.78
      vertex 7 -34.5 4.78
      vertex 8.07661 -39.75 4.78
    endloop
  endfacet
  facet normal 0 0 1
    outer loop
      vertex 9.62631 -37.5368 4.78
      vertex 7 -34.5 4.78
      vertex 8.80315 -38.6096 4.78
    endloop
  endfacet
  facet normal 0 0 1
    outer loop
      vertex 10.5399 -36.5399 4.78
      vertex 7 -34.5 4.78
      vertex 9.62631 -37.5368 4.78
    endloop
  endfacet
  facet normal 0 0 1
    outer loop
      vertex 11.5368 -35.6263 4.78
      vertex 7 -34.5 4.78
      vertex 10.5399 -36.5399 4.78
    endloop
  endfacet
  facet normal 0 0 1
    outer loop
      vertex 12.6096 -34.8031 4.78
      vertex 7 -34.5 4.78
      vertex 11.5368 -35.6263 4.78
    endloop
  endfacet
  facet normal 0 0 1
    outer loop
      vertex 13.75 -34.0766 4.78
      vertex 7 -34.5 4.78
      vertex 12.6096 -34.8031 4.78
    endloop
  endfacet
  facet normal 0 0 1
    outer loop
      vertex 13.8972 -34 4.78
      vertex 7 -34.5 4.78
      vertex 13.75 -34.0766 4.78
    endloop
  endfacet
  facet normal 0 0 1
    outer loop
      vertex 13.8972 -34 4.78
      vertex -7 -34.5 4.78
      vertex 7 -34.5 4.78
    endloop
  endfacet
  facet normal 0 0 1
    outer loop
      vertex -7 -34.5 4.78
      vertex -7.45224 -40.9494 4.78
      vertex -7 -42.0412 4.78
    endloop
  endfacet
  facet normal 0 0 1
    outer loop
      vertex -7 -34.5 4.78
      vertex -8.07661 -39.75 4.78
      vertex -7.45224 -40.9494 4.78
    endloop
  endfacet
  facet normal 0 0 1
    outer loop
      vertex -7 -34.5 4.78
      vertex -8.80315 -38.6096 4.78
      vertex -8.07661 -39.75 4.78
    endloop
  endfacet
  facet normal 0 0 1
    outer loop
      vertex -7 -34.5 4.78
      vertex -9.62631 -37.5368 4.78
      vertex -8.80315 -38.6096 4.78
    endloop
  endfacet
  facet normal 0 0 1
    outer loop
      vertex -7 -34.5 4.78
      vertex -10.5399 -36.5399 4.78
      vertex -9.62631 -37.5368 4.78
    endloop
  endfacet
  facet normal 0 0 1
    outer loop
      vertex -7 -34.5 4.78
      vertex -11.5368 -35.6263 4.78
      vertex -10.5399 -36.5399 4.78
    endloop
  endfacet
  facet normal 0 0 1
    outer loop
      vertex -7 -34.5 4.78
      vertex -12.6096 -34.8031 4.78
      vertex -11.5368 -35.6263 4.78
    endloop
  endfacet
  facet normal 0 0 1
    outer loop
      vertex -7 -34.5 4.78
      vertex -13.75 -34.0766 4.78
      vertex -12.6096 -34.8031 4.78
    endloop
  endfacet
  facet normal -0 0 1
    outer loop
      vertex -13.8972 -34 4.78
      vertex -7 -34.5 4.78
      vertex 13.8972 -34 4.78
    endloop
  endfacet
  facet normal 0 0 1
    outer loop
      vertex -7 -34.5 4.78
      vertex -13.8972 -34 4.78
      vertex -13.75 -34.0766 4.78
    endloop
  endfacet
  facet normal 0 0 1
    outer loop
      vertex 7.45224 -40.9494 4.78
      vertex 7 -34.5 4.78
      vertex 7 -42.0412 4.78
    endloop
  endfacet
  facet normal 0 0 1
    outer loop
      vertex 36.0652 -52.8013 4.78
      vertex 40.797 -54 4.78
      vertex 40.7678 -53.3322 4.78
    endloop
  endfacet
  facet normal 0 0 1
    outer loop
      vertex 40.797 -54 4.78
      vertex 36.0652 -52.8013 4.78
      vertex 40.7711 -54.5924 4.78
    endloop
  endfacet
  facet normal -0 0 1
    outer loop
      vertex 35.5478 -54.0506 4.78
      vertex 40.7711 -54.5924 4.78
      vertex 36.0652 -52.8013 4.78
    endloop
  endfacet
  facet normal 0 0 1
    outer loop
      vertex 40.7711 -54.5924 4.78
      vertex 35.5478 -54.0506 4.78
      vertex 40.6937 -55.1803 4.78
    endloop
  endfacet
  facet normal 0 0 1
    outer loop
      vertex 40.5654 -55.7591 4.78
      vertex 35.5478 -54.0506 4.78
      vertex 40.3871 -56.3246 4.78
    endloop
  endfacet
  facet normal 0 0 1
    outer loop
      vertex 40.3871 -56.3246 4.78
      vertex 35.5478 -54.0506 4.78
      vertex 40.1601 -56.8726 4.78
    endloop
  endfacet
  facet normal -0 0 1
    outer loop
      vertex 37 -47.5 4.78
      vertex 40.7678 -53.3322 4.78
      vertex 39.7848 -41.6398 4.78
    endloop
  endfacet
  facet normal -0 0 1
    outer loop
      vertex 36.7645 -50.1915 4.78
      vertex 40.7678 -53.3322 4.78
      vertex 36.941 -48.8509 4.78
    endloop
  endfacet
  facet normal -0 0 1
    outer loop
      vertex 36.4718 -51.5117 4.78
      vertex 40.7678 -53.3322 4.78
      vertex 36.7645 -50.1915 4.78
    endloop
  endfacet
  facet normal -0 0 1
    outer loop
      vertex 34.9234 -39.75 4.78
      vertex 39.7848 -41.6398 4.78
      vertex 39.0196 -34 4.78
    endloop
  endfacet
  facet normal 0 0 1
    outer loop
      vertex 40.7678 -53.3322 4.78
      vertex 37 -47.5 4.78
      vertex 36.941 -48.8509 4.78
    endloop
  endfacet
  facet normal -0 0 1
    outer loop
      vertex 36.0652 -52.8013 4.78
      vertex 40.7678 -53.3322 4.78
      vertex 36.4718 -51.5117 4.78
    endloop
  endfacet
  facet normal 0 0 1
    outer loop
      vertex 40.6937 -55.1803 4.78
      vertex 35.5478 -54.0506 4.78
      vertex 40.5654 -55.7591 4.78
    endloop
  endfacet
  facet normal 0 0 1
    outer loop
      vertex 40.1601 -56.8726 4.78
      vertex 35.5478 -54.0506 4.78
      vertex 39.8864 -57.3984 4.78
    endloop
  endfacet
  facet normal -0 0 1
    outer loop
      vertex 34.9234 -55.25 4.78
      vertex 39.8864 -57.3984 4.78
      vertex 35.5478 -54.0506 4.78
    endloop
  endfacet
  facet normal 0 0 1
    outer loop
      vertex 39.7848 -41.6398 4.78
      vertex 36.941 -46.1491 4.78
      vertex 37 -47.5 4.78
    endloop
  endfacet
  facet normal 0 0 1
    outer loop
      vertex 39.7848 -41.6398 4.78
      vertex 36.7645 -44.8085 4.78
      vertex 36.941 -46.1491 4.78
    endloop
  endfacet
  facet normal 0 0 1
    outer loop
      vertex 39.7848 -41.6398 4.78
      vertex 36.4718 -43.4883 4.78
      vertex 36.7645 -44.8085 4.78
    endloop
  endfacet
  facet normal 0 0 1
    outer loop
      vertex 39.7848 -41.6398 4.78
      vertex 36.0652 -42.1987 4.78
      vertex 36.4718 -43.4883 4.78
    endloop
  endfacet
  facet normal 0 0 1
    outer loop
      vertex 39.7848 -41.6398 4.78
      vertex 35.5478 -40.9494 4.78
      vertex 36.0652 -42.1987 4.78
    endloop
  endfacet
  facet normal 0 0 1
    outer loop
      vertex 39.7848 -41.6398 4.78
      vertex 34.9234 -39.75 4.78
      vertex 35.5478 -40.9494 4.78
    endloop
  endfacet
  facet normal 0 0 1
    outer loop
      vertex 39.0196 -34 4.78
      vertex 34.1969 -38.6096 4.78
      vertex 34.9234 -39.75 4.78
    endloop
  endfacet
  facet normal 0 0 1
    outer loop
      vertex 39.0196 -34 4.78
      vertex 33.3737 -37.5368 4.78
      vertex 34.1969 -38.6096 4.78
    endloop
  endfacet
  facet normal 0 0 1
    outer loop
      vertex 39.0196 -34 4.78
      vertex 32.4601 -36.5399 4.78
      vertex 33.3737 -37.5368 4.78
    endloop
  endfacet
  facet normal 0 0 1
    outer loop
      vertex 39.0196 -34 4.78
      vertex 31.4632 -35.6263 4.78
      vertex 32.4601 -36.5399 4.78
    endloop
  endfacet
  facet normal 0 0 1
    outer loop
      vertex 39.0196 -34 4.78
      vertex 30.3904 -34.8031 4.78
      vertex 31.4632 -35.6263 4.78
    endloop
  endfacet
  facet normal 0 0 1
    outer loop
      vertex 39.0196 -34 4.78
      vertex 29.25 -34.0766 4.78
      vertex 30.3904 -34.8031 4.78
    endloop
  endfacet
  facet normal 0 -0 1
    outer loop
      vertex 29.25 -34.0766 4.78
      vertex 39.0196 -34 4.78
      vertex 29.1028 -34 4.78
    endloop
  endfacet
  facet normal 0 0 1
    outer loop
      vertex 39.8864 -57.3984 4.78
      vertex 34.9234 -55.25 4.78
      vertex 39.5677 -57.8986 4.78
    endloop
  endfacet
  facet normal 0 0 1
    outer loop
      vertex 39.5677 -57.8986 4.78
      vertex 34.9234 -55.25 4.78
      vertex 39.2068 -58.3689 4.78
    endloop
  endfacet
  facet normal 0 0 1
    outer loop
      vertex 39.2068 -58.3689 4.78
      vertex 34.9234 -55.25 4.78
      vertex 38.8062 -58.8062 4.78
    endloop
  endfacet
  facet normal 0 0 1
    outer loop
      vertex 38.8062 -58.8062 4.78
      vertex 34.9234 -55.25 4.78
      vertex 38.3689 -59.2068 4.78
    endloop
  endfacet
  facet normal -0 0 1
    outer loop
      vertex 34.1969 -56.3904 4.78
      vertex 38.3689 -59.2068 4.78
      vertex 34.9234 -55.25 4.78
    endloop
  endfacet
  facet normal 0 0 1
    outer loop
      vertex 38.3689 -59.2068 4.78
      vertex 34.1969 -56.3904 4.78
      vertex 37.8986 -59.5677 4.78
    endloop
  endfacet
  facet normal 0 0 1
    outer loop
      vertex 37.8986 -59.5677 4.78
      vertex 34.1969 -56.3904 4.78
      vertex 37.3984 -59.8864 4.78
    endloop
  endfacet
  facet normal 0 0 1
    outer loop
      vertex 37.3984 -59.8864 4.78
      vertex 34.1969 -56.3904 4.78
      vertex 36.8726 -60.1601 4.78
    endloop
  endfacet
  facet normal 0 0 1
    outer loop
      vertex 36.8726 -60.1601 4.78
      vertex 34.1969 -56.3904 4.78
      vertex 36.3246 -60.3871 4.78
    endloop
  endfacet
  facet normal -0 0 1
    outer loop
      vertex 33.3737 -57.4632 4.78
      vertex 36.3246 -60.3871 4.78
      vertex 34.1969 -56.3904 4.78
    endloop
  endfacet
  facet normal 0 0 1
    outer loop
      vertex 36.3246 -60.3871 4.78
      vertex 33.3737 -57.4632 4.78
      vertex 35.7591 -60.5654 4.78
    endloop
  endfacet
  facet normal 0 0 1
    outer loop
      vertex 35.7591 -60.5654 4.78
      vertex 33.3737 -57.4632 4.78
      vertex 35.1803 -60.6937 4.78
    endloop
  endfacet
  facet normal 0 0 1
    outer loop
      vertex 35.1803 -60.6937 4.78
      vertex 33.3737 -57.4632 4.78
      vertex 34.5924 -60.7711 4.78
    endloop
  endfacet
  facet normal 0 0 1
    outer loop
      vertex 34.5924 -60.7711 4.78
      vertex 33.3737 -57.4632 4.78
      vertex 33.93 -60.8 4.78
    endloop
  endfacet
  facet normal -0 0 1
    outer loop
      vertex 32.4601 -58.4601 4.78
      vertex 33.93 -60.8 4.78
      vertex 33.3737 -57.4632 4.78
    endloop
  endfacet
  facet normal -0 0 1
    outer loop
      vertex 31.4632 -59.3737 4.78
      vertex 33.93 -60.8 4.78
      vertex 32.4601 -58.4601 4.78
    endloop
  endfacet
  facet normal -0 0 1
    outer loop
      vertex 30.3904 -60.1969 4.78
      vertex 33.93 -60.8 4.78
      vertex 31.4632 -59.3737 4.78
    endloop
  endfacet
  facet normal 0 0 1
    outer loop
      vertex 33.93 -60.8 4.78
      vertex 30.3904 -60.1969 4.78
      vertex 29.4437 -60.8 4.78
    endloop
  endfacet
  facet normal 0.132387 -0.991198 0
    outer loop
      vertex -12.0509 -59.7681 4.5
      vertex -10.9765 -59.6246 4.78
      vertex -12.0509 -59.7681 4.78
    endloop
  endfacet
  facet normal 0.132387 -0.991198 0
    outer loop
      vertex -10.9765 -59.6246 4.78
      vertex -12.0509 -59.7681 4.5
      vertex -10.9765 -59.6246 4.5
    endloop
  endfacet
  facet normal 0.101195 -0.994867 0
    outer loop
      vertex -10.9765 -59.6246 4.5
      vertex -8.29947 -59.3523 4.78
      vertex -10.9765 -59.6246 4.78
    endloop
  endfacet
  facet normal 0.101195 -0.994867 0
    outer loop
      vertex -8.29947 -59.3523 4.78
      vertex -10.9765 -59.6246 4.5
      vertex -8.29947 -59.3523 4.5
    endloop
  endfacet
  facet normal 0.0713163 -0.997454 0
    outer loop
      vertex -8.29947 -59.3523 4.5
      vertex -5.56514 -59.1568 4.78
      vertex -8.29947 -59.3523 4.78
    endloop
  endfacet
  facet normal 0.0713163 -0.997454 0
    outer loop
      vertex -5.56514 -59.1568 4.78
      vertex -8.29947 -59.3523 4.5
      vertex -5.56514 -59.1568 4.5
    endloop
  endfacet
  facet normal 0.0424448 -0.999099 0
    outer loop
      vertex -5.56514 -59.1568 4.5
      vertex -2.79227 -59.039 4.78
      vertex -5.56514 -59.1568 4.78
    endloop
  endfacet
  facet normal 0.0424448 -0.999099 0
    outer loop
      vertex -2.79227 -59.039 4.78
      vertex -5.56514 -59.1568 4.5
      vertex -2.79227 -59.039 4.5
    endloop
  endfacet
  facet normal 0.0140732 -0.999901 0
    outer loop
      vertex -2.79227 -59.039 4.5
      vertex 0 -58.9997 4.78
      vertex -2.79227 -59.039 4.78
    endloop
  endfacet
  facet normal 0.0140732 -0.999901 0
    outer loop
      vertex 0 -58.9997 4.78
      vertex -2.79227 -59.039 4.5
      vertex 0 -58.9997 4.5
    endloop
  endfacet
  facet normal -0.0140732 -0.999901 0
    outer loop
      vertex 0 -58.9997 4.5
      vertex 2.79227 -59.039 4.78
      vertex 0 -58.9997 4.78
    endloop
  endfacet
  facet normal -0.0140732 -0.999901 -0
    outer loop
      vertex 2.79227 -59.039 4.78
      vertex 0 -58.9997 4.5
      vertex 2.79227 -59.039 4.5
    endloop
  endfacet
  facet normal -0.0424448 -0.999099 0
    outer loop
      vertex 2.79227 -59.039 4.5
      vertex 5.56514 -59.1568 4.78
      vertex 2.79227 -59.039 4.78
    endloop
  endfacet
  facet normal -0.0424448 -0.999099 -0
    outer loop
      vertex 5.56514 -59.1568 4.78
      vertex 2.79227 -59.039 4.5
      vertex 5.56514 -59.1568 4.5
    endloop
  endfacet
  facet normal -0.0713163 -0.997454 0
    outer loop
      vertex 5.56514 -59.1568 4.5
      vertex 8.29947 -59.3523 4.78
      vertex 5.56514 -59.1568 4.78
    endloop
  endfacet
  facet normal -0.0713163 -0.997454 -0
    outer loop
      vertex 8.29947 -59.3523 4.78
      vertex 5.56514 -59.1568 4.5
      vertex 8.29947 -59.3523 4.5
    endloop
  endfacet
  facet normal -0.101195 -0.994867 0
    outer loop
      vertex 8.29947 -59.3523 4.5
      vertex 10.9765 -59.6246 4.78
      vertex 8.29947 -59.3523 4.78
    endloop
  endfacet
  facet normal -0.101195 -0.994867 -0
    outer loop
      vertex 10.9765 -59.6246 4.78
      vertex 8.29947 -59.3523 4.5
      vertex 10.9765 -59.6246 4.5
    endloop
  endfacet
  facet normal -0.132387 -0.991198 0
    outer loop
      vertex 10.9765 -59.6246 4.5
      vertex 12.0509 -59.7681 4.78
      vertex 10.9765 -59.6246 4.78
    endloop
  endfacet
  facet normal -0.132387 -0.991198 -0
    outer loop
      vertex 12.0509 -59.7681 4.78
      vertex 10.9765 -59.6246 4.5
      vertex 12.0509 -59.7681 4.5
    endloop
  endfacet
  facet normal 0 -1 0
    outer loop
      vertex 29.4437 -60.8 4.5
      vertex 33.93 -60.8 4.78
      vertex 29.4437 -60.8 4.78
    endloop
  endfacet
  facet normal 0 -1 -0
    outer loop
      vertex 33.93 -60.8 4.78
      vertex 29.4437 -60.8 4.5
      vertex 33.93 -60.8 4.5
    endloop
  endfacet
  facet normal 0.0435878 -0.99905 0
    outer loop
      vertex 33.93 -60.8 4.5
      vertex 34.5924 -60.7711 4.78
      vertex 33.93 -60.8 4.78
    endloop
  endfacet
  facet normal 0.0435878 -0.99905 0
    outer loop
      vertex 34.5924 -60.7711 4.78
      vertex 33.93 -60.8 4.5
      vertex 34.5924 -60.7711 4.5
    endloop
  endfacet
  facet normal 0.130529 -0.991445 0
    outer loop
      vertex 34.5924 -60.7711 4.5
      vertex 35.1803 -60.6937 4.78
      vertex 34.5924 -60.7711 4.78
    endloop
  endfacet
  facet normal 0.130529 -0.991445 0
    outer loop
      vertex 35.1803 -60.6937 4.78
      vertex 34.5924 -60.7711 4.5
      vertex 35.1803 -60.6937 4.5
    endloop
  endfacet
  facet normal 0.216412 -0.976302 0
    outer loop
      vertex 35.1803 -60.6937 4.5
      vertex 35.7591 -60.5654 4.78
      vertex 35.1803 -60.6937 4.78
    endloop
  endfacet
  facet normal 0.216412 -0.976302 0
    outer loop
      vertex 35.7591 -60.5654 4.78
      vertex 35.1803 -60.6937 4.5
      vertex 35.7591 -60.5654 4.5
    endloop
  endfacet
  facet normal 0.300704 -0.953718 0
    outer loop
      vertex 35.7591 -60.5654 4.5
      vertex 36.3246 -60.3871 4.78
      vertex 35.7591 -60.5654 4.78
    endloop
  endfacet
  facet normal 0.300704 -0.953718 0
    outer loop
      vertex 36.3246 -60.3871 4.78
      vertex 35.7591 -60.5654 4.5
      vertex 36.3246 -60.3871 4.5
    endloop
  endfacet
  facet normal 0.382699 -0.923873 0
    outer loop
      vertex 36.3246 -60.3871 4.5
      vertex 36.8726 -60.1601 4.78
      vertex 36.3246 -60.3871 4.78
    endloop
  endfacet
  facet normal 0.382699 -0.923873 0
    outer loop
      vertex 36.8726 -60.1601 4.78
      vertex 36.3246 -60.3871 4.5
      vertex 36.8726 -60.1601 4.5
    endloop
  endfacet
  facet normal 0.46173 -0.887021 0
    outer loop
      vertex 36.8726 -60.1601 4.5
      vertex 37.3984 -59.8864 4.78
      vertex 36.8726 -60.1601 4.78
    endloop
  endfacet
  facet normal 0.46173 -0.887021 0
    outer loop
      vertex 37.3984 -59.8864 4.78
      vertex 36.8726 -60.1601 4.5
      vertex 37.3984 -59.8864 4.5
    endloop
  endfacet
  facet normal 0.537345 -0.843363 0
    outer loop
      vertex 37.3984 -59.8864 4.5
      vertex 37.8986 -59.5677 4.78
      vertex 37.3984 -59.8864 4.78
    endloop
  endfacet
  facet normal 0.537345 -0.843363 0
    outer loop
      vertex 37.8986 -59.5677 4.78
      vertex 37.3984 -59.8864 4.5
      vertex 37.8986 -59.5677 4.5
    endloop
  endfacet
  facet normal 0.608789 -0.793332 0
    outer loop
      vertex 37.8986 -59.5677 4.5
      vertex 38.3689 -59.2068 4.78
      vertex 37.8986 -59.5677 4.78
    endloop
  endfacet
  facet normal 0.608789 -0.793332 0
    outer loop
      vertex 38.3689 -59.2068 4.78
      vertex 37.8986 -59.5677 4.5
      vertex 38.3689 -59.2068 4.5
    endloop
  endfacet
  facet normal 0.675488 -0.737371 0
    outer loop
      vertex 38.3689 -59.2068 4.5
      vertex 38.8062 -58.8062 4.78
      vertex 38.3689 -59.2068 4.78
    endloop
  endfacet
  facet normal 0.675488 -0.737371 0
    outer loop
      vertex 38.8062 -58.8062 4.78
      vertex 38.3689 -59.2068 4.5
      vertex 38.8062 -58.8062 4.5
    endloop
  endfacet
  facet normal 0.737371 -0.675488 0
    outer loop
      vertex 38.8062 -58.8062 4.78
      vertex 39.2068 -58.3689 4.5
      vertex 39.2068 -58.3689 4.78
    endloop
  endfacet
  facet normal 0.737371 -0.675488 0
    outer loop
      vertex 39.2068 -58.3689 4.5
      vertex 38.8062 -58.8062 4.78
      vertex 38.8062 -58.8062 4.5
    endloop
  endfacet
  facet normal 0.793332 -0.608789 0
    outer loop
      vertex 39.2068 -58.3689 4.78
      vertex 39.5677 -57.8986 4.5
      vertex 39.5677 -57.8986 4.78
    endloop
  endfacet
  facet normal 0.793332 -0.608789 0
    outer loop
      vertex 39.5677 -57.8986 4.5
      vertex 39.2068 -58.3689 4.78
      vertex 39.2068 -58.3689 4.5
    endloop
  endfacet
  facet normal 0.843363 -0.537345 0
    outer loop
      vertex 39.5677 -57.8986 4.78
      vertex 39.8864 -57.3984 4.5
      vertex 39.8864 -57.3984 4.78
    endloop
  endfacet
  facet normal 0.843363 -0.537345 0
    outer loop
      vertex 39.8864 -57.3984 4.5
      vertex 39.5677 -57.8986 4.78
      vertex 39.5677 -57.8986 4.5
    endloop
  endfacet
  facet normal 0.887021 -0.46173 0
    outer loop
      vertex 39.8864 -57.3984 4.78
      vertex 40.1601 -56.8726 4.5
      vertex 40.1601 -56.8726 4.78
    endloop
  endfacet
  facet normal 0.887021 -0.46173 0
    outer loop
      vertex 40.1601 -56.8726 4.5
      vertex 39.8864 -57.3984 4.78
      vertex 39.8864 -57.3984 4.5
    endloop
  endfacet
  facet normal 0.923873 -0.382699 0
    outer loop
      vertex 40.1601 -56.8726 4.78
      vertex 40.3871 -56.3246 4.5
      vertex 40.3871 -56.3246 4.78
    endloop
  endfacet
  facet normal 0.923873 -0.382699 0
    outer loop
      vertex 40.3871 -56.3246 4.5
      vertex 40.1601 -56.8726 4.78
      vertex 40.1601 -56.8726 4.5
    endloop
  endfacet
  facet normal 0.953718 -0.300704 0
    outer loop
      vertex 40.3871 -56.3246 4.78
      vertex 40.5654 -55.7591 4.5
      vertex 40.5654 -55.7591 4.78
    endloop
  endfacet
  facet normal 0.953718 -0.300704 0
    outer loop
      vertex 40.5654 -55.7591 4.5
      vertex 40.3871 -56.3246 4.78
      vertex 40.3871 -56.3246 4.5
    endloop
  endfacet
  facet normal 0.976302 -0.216412 0
    outer loop
      vertex 40.5654 -55.7591 4.78
      vertex 40.6937 -55.1803 4.5
      vertex 40.6937 -55.1803 4.78
    endloop
  endfacet
  facet normal 0.976302 -0.216412 0
    outer loop
      vertex 40.6937 -55.1803 4.5
      vertex 40.5654 -55.7591 4.78
      vertex 40.5654 -55.7591 4.5
    endloop
  endfacet
  facet normal 0.991445 -0.130529 0
    outer loop
      vertex 40.6937 -55.1803 4.78
      vertex 40.7711 -54.5924 4.5
      vertex 40.7711 -54.5924 4.78
    endloop
  endfacet
  facet normal 0.991445 -0.130529 0
    outer loop
      vertex 40.7711 -54.5924 4.5
      vertex 40.6937 -55.1803 4.78
      vertex 40.6937 -55.1803 4.5
    endloop
  endfacet
  facet normal 0.999046 -0.0436787 0
    outer loop
      vertex 40.7711 -54.5924 4.78
      vertex 40.797 -54 4.5
      vertex 40.797 -54 4.78
    endloop
  endfacet
  facet normal 0.999046 -0.0436787 0
    outer loop
      vertex 40.797 -54 4.5
      vertex 40.7711 -54.5924 4.78
      vertex 40.7711 -54.5924 4.5
    endloop
  endfacet
  facet normal 0.999045 0.0436839 0
    outer loop
      vertex 40.797 -54 4.78
      vertex 40.7678 -53.3322 4.5
      vertex 40.7678 -53.3322 4.78
    endloop
  endfacet
  facet normal 0.999045 0.0436839 0
    outer loop
      vertex 40.7678 -53.3322 4.5
      vertex 40.797 -54 4.78
      vertex 40.797 -54 4.5
    endloop
  endfacet
  facet normal 0.996485 0.0837762 0
    outer loop
      vertex 40.7678 -53.3322 4.78
      vertex 39.7848 -41.6398 4.5
      vertex 39.7848 -41.6398 4.78
    endloop
  endfacet
  facet normal 0.996485 0.0837762 0
    outer loop
      vertex 39.7848 -41.6398 4.5
      vertex 40.7678 -53.3322 4.78
      vertex 40.7678 -53.3322 4.5
    endloop
  endfacet
  facet normal 0.995021 0.099661 0
    outer loop
      vertex 39.7848 -41.6398 4.78
      vertex 39.0196 -34 4.5
      vertex 39.0196 -34 4.78
    endloop
  endfacet
  facet normal 0.995021 0.099661 0
    outer loop
      vertex 39.0196 -34 4.5
      vertex 39.7848 -41.6398 4.78
      vertex 39.7848 -41.6398 4.5
    endloop
  endfacet
  facet normal 0 1 0
    outer loop
      vertex -29.1028 -34 4.78
      vertex -38.0146 -34 4.5
      vertex -39.0196 -34 4.78
    endloop
  endfacet
  facet normal 0 1 -0
    outer loop
      vertex -29.1028 -34 3
      vertex -38.0146 -34 4.5
      vertex -29.1028 -34 4.78
    endloop
  endfacet
  facet normal 0 1 0
    outer loop
      vertex -38.0146 -34 4.5
      vertex -29.1028 -34 3
      vertex -38.0146 -34 3
    endloop
  endfacet
  facet normal 0 1 0
    outer loop
      vertex -39.0196 -34 4.78
      vertex -38.0146 -34 4.5
      vertex -39.0196 -34 4.5
    endloop
  endfacet
  facet normal 0 1 0
    outer loop
      vertex 38.0146 -34 4.5
      vertex 39.0196 -34 4.78
      vertex 39.0196 -34 4.5
    endloop
  endfacet
  facet normal 0 1 0
    outer loop
      vertex 39.0196 -34 4.78
      vertex 38.0146 -34 4.5
      vertex 29.1028 -34 4.78
    endloop
  endfacet
  facet normal 0 1 0
    outer loop
      vertex 29.1028 -34 3
      vertex 38.0146 -34 4.5
      vertex 38.0146 -34 3
    endloop
  endfacet
  facet normal 0 1 0
    outer loop
      vertex 38.0146 -34 4.5
      vertex 29.1028 -34 3
      vertex 29.1028 -34 4.78
    endloop
  endfacet
  facet normal 0 1 -0
    outer loop
      vertex 13.8972 -34 3
      vertex -13.8972 -34 4.78
      vertex 13.8972 -34 4.78
    endloop
  endfacet
  facet normal 0 1 0
    outer loop
      vertex -13.8972 -34 4.78
      vertex 13.8972 -34 3
      vertex -13.8972 -34 3
    endloop
  endfacet
  facet normal -0.995021 0.099661 0
    outer loop
      vertex -39.7848 -41.6398 4.5
      vertex -39.0196 -34 4.78
      vertex -39.0196 -34 4.5
    endloop
  endfacet
  facet normal -0.995021 0.099661 0
    outer loop
      vertex -39.0196 -34 4.78
      vertex -39.7848 -41.6398 4.5
      vertex -39.7848 -41.6398 4.78
    endloop
  endfacet
  facet normal -0.996485 0.0837762 0
    outer loop
      vertex -40.7678 -53.3322 4.5
      vertex -39.7848 -41.6398 4.78
      vertex -39.7848 -41.6398 4.5
    endloop
  endfacet
  facet normal -0.996485 0.0837762 0
    outer loop
      vertex -39.7848 -41.6398 4.78
      vertex -40.7678 -53.3322 4.5
      vertex -40.7678 -53.3322 4.78
    endloop
  endfacet
  facet normal -0.999045 0.0436839 0
    outer loop
      vertex -40.797 -54 4.5
      vertex -40.7678 -53.3322 4.78
      vertex -40.7678 -53.3322 4.5
    endloop
  endfacet
  facet normal -0.999045 0.0436839 0
    outer loop
      vertex -40.7678 -53.3322 4.78
      vertex -40.797 -54 4.5
      vertex -40.797 -54 4.78
    endloop
  endfacet
  facet normal -0.999046 -0.0436787 0
    outer loop
      vertex -40.7711 -54.5924 4.5
      vertex -40.797 -54 4.78
      vertex -40.797 -54 4.5
    endloop
  endfacet
  facet normal -0.999046 -0.0436787 0
    outer loop
      vertex -40.797 -54 4.78
      vertex -40.7711 -54.5924 4.5
      vertex -40.7711 -54.5924 4.78
    endloop
  endfacet
  facet normal -0.991445 -0.130529 0
    outer loop
      vertex -40.6937 -55.1803 4.5
      vertex -40.7711 -54.5924 4.78
      vertex -40.7711 -54.5924 4.5
    endloop
  endfacet
  facet normal -0.991445 -0.130529 0
    outer loop
      vertex -40.7711 -54.5924 4.78
      vertex -40.6937 -55.1803 4.5
      vertex -40.6937 -55.1803 4.78
    endloop
  endfacet
  facet normal -0.976302 -0.216412 0
    outer loop
      vertex -40.5654 -55.7591 4.5
      vertex -40.6937 -55.1803 4.78
      vertex -40.6937 -55.1803 4.5
    endloop
  endfacet
  facet normal -0.976302 -0.216412 0
    outer loop
      vertex -40.6937 -55.1803 4.78
      vertex -40.5654 -55.7591 4.5
      vertex -40.5654 -55.7591 4.78
    endloop
  endfacet
  facet normal -0.953718 -0.300704 0
    outer loop
      vertex -40.3871 -56.3246 4.5
      vertex -40.5654 -55.7591 4.78
      vertex -40.5654 -55.7591 4.5
    endloop
  endfacet
  facet normal -0.953718 -0.300704 0
    outer loop
      vertex -40.5654 -55.7591 4.78
      vertex -40.3871 -56.3246 4.5
      vertex -40.3871 -56.3246 4.78
    endloop
  endfacet
  facet normal -0.923873 -0.382699 0
    outer loop
      vertex -40.1601 -56.8726 4.5
      vertex -40.3871 -56.3246 4.78
      vertex -40.3871 -56.3246 4.5
    endloop
  endfacet
  facet normal -0.923873 -0.382699 0
    outer loop
      vertex -40.3871 -56.3246 4.78
      vertex -40.1601 -56.8726 4.5
      vertex -40.1601 -56.8726 4.78
    endloop
  endfacet
  facet normal -0.887021 -0.46173 0
    outer loop
      vertex -39.8864 -57.3984 4.5
      vertex -40.1601 -56.8726 4.78
      vertex -40.1601 -56.8726 4.5
    endloop
  endfacet
  facet normal -0.887021 -0.46173 0
    outer loop
      vertex -40.1601 -56.8726 4.78
      vertex -39.8864 -57.3984 4.5
      vertex -39.8864 -57.3984 4.78
    endloop
  endfacet
  facet normal -0.843363 -0.537345 0
    outer loop
      vertex -39.5677 -57.8986 4.5
      vertex -39.8864 -57.3984 4.78
      vertex -39.8864 -57.3984 4.5
    endloop
  endfacet
  facet normal -0.843363 -0.537345 0
    outer loop
      vertex -39.8864 -57.3984 4.78
      vertex -39.5677 -57.8986 4.5
      vertex -39.5677 -57.8986 4.78
    endloop
  endfacet
  facet normal -0.793332 -0.608789 0
    outer loop
      vertex -39.2068 -58.3689 4.5
      vertex -39.5677 -57.8986 4.78
      vertex -39.5677 -57.8986 4.5
    endloop
  endfacet
  facet normal -0.793332 -0.608789 0
    outer loop
      vertex -39.5677 -57.8986 4.78
      vertex -39.2068 -58.3689 4.5
      vertex -39.2068 -58.3689 4.78
    endloop
  endfacet
  facet normal -0.737371 -0.675488 0
    outer loop
      vertex -38.8062 -58.8062 4.5
      vertex -39.2068 -58.3689 4.78
      vertex -39.2068 -58.3689 4.5
    endloop
  endfacet
  facet normal -0.737371 -0.675488 0
    outer loop
      vertex -39.2068 -58.3689 4.78
      vertex -38.8062 -58.8062 4.5
      vertex -38.8062 -58.8062 4.78
    endloop
  endfacet
  facet normal -0.675488 -0.737371 0
    outer loop
      vertex -38.8062 -58.8062 4.5
      vertex -38.3689 -59.2068 4.78
      vertex -38.8062 -58.8062 4.78
    endloop
  endfacet
  facet normal -0.675488 -0.737371 -0
    outer loop
      vertex -38.3689 -59.2068 4.78
      vertex -38.8062 -58.8062 4.5
      vertex -38.3689 -59.2068 4.5
    endloop
  endfacet
  facet normal -0.608789 -0.793332 0
    outer loop
      vertex -38.3689 -59.2068 4.5
      vertex -37.8986 -59.5677 4.78
      vertex -38.3689 -59.2068 4.78
    endloop
  endfacet
  facet normal -0.608789 -0.793332 -0
    outer loop
      vertex -37.8986 -59.5677 4.78
      vertex -38.3689 -59.2068 4.5
      vertex -37.8986 -59.5677 4.5
    endloop
  endfacet
  facet normal -0.537345 -0.843363 0
    outer loop
      vertex -37.8986 -59.5677 4.5
      vertex -37.3984 -59.8864 4.78
      vertex -37.8986 -59.5677 4.78
    endloop
  endfacet
  facet normal -0.537345 -0.843363 -0
    outer loop
      vertex -37.3984 -59.8864 4.78
      vertex -37.8986 -59.5677 4.5
      vertex -37.3984 -59.8864 4.5
    endloop
  endfacet
  facet normal -0.46173 -0.887021 0
    outer loop
      vertex -37.3984 -59.8864 4.5
      vertex -36.8726 -60.1601 4.78
      vertex -37.3984 -59.8864 4.78
    endloop
  endfacet
  facet normal -0.46173 -0.887021 -0
    outer loop
      vertex -36.8726 -60.1601 4.78
      vertex -37.3984 -59.8864 4.5
      vertex -36.8726 -60.1601 4.5
    endloop
  endfacet
  facet normal -0.382699 -0.923873 0
    outer loop
      vertex -36.8726 -60.1601 4.5
      vertex -36.3246 -60.3871 4.78
      vertex -36.8726 -60.1601 4.78
    endloop
  endfacet
  facet normal -0.382699 -0.923873 -0
    outer loop
      vertex -36.3246 -60.3871 4.78
      vertex -36.8726 -60.1601 4.5
      vertex -36.3246 -60.3871 4.5
    endloop
  endfacet
  facet normal -0.300704 -0.953718 0
    outer loop
      vertex -36.3246 -60.3871 4.5
      vertex -35.7591 -60.5654 4.78
      vertex -36.3246 -60.3871 4.78
    endloop
  endfacet
  facet normal -0.300704 -0.953718 -0
    outer loop
      vertex -35.7591 -60.5654 4.78
      vertex -36.3246 -60.3871 4.5
      vertex -35.7591 -60.5654 4.5
    endloop
  endfacet
  facet normal -0.216412 -0.976302 0
    outer loop
      vertex -35.7591 -60.5654 4.5
      vertex -35.1803 -60.6937 4.78
      vertex -35.7591 -60.5654 4.78
    endloop
  endfacet
  facet normal -0.216412 -0.976302 -0
    outer loop
      vertex -35.1803 -60.6937 4.78
      vertex -35.7591 -60.5654 4.5
      vertex -35.1803 -60.6937 4.5
    endloop
  endfacet
  facet normal -0.130529 -0.991445 0
    outer loop
      vertex -35.1803 -60.6937 4.5
      vertex -34.5924 -60.7711 4.78
      vertex -35.1803 -60.6937 4.78
    endloop
  endfacet
  facet normal -0.130529 -0.991445 -0
    outer loop
      vertex -34.5924 -60.7711 4.78
      vertex -35.1803 -60.6937 4.5
      vertex -34.5924 -60.7711 4.5
    endloop
  endfacet
  facet normal -0.0435878 -0.99905 0
    outer loop
      vertex -34.5924 -60.7711 4.5
      vertex -33.93 -60.8 4.78
      vertex -34.5924 -60.7711 4.78
    endloop
  endfacet
  facet normal -0.0435878 -0.99905 -0
    outer loop
      vertex -33.93 -60.8 4.78
      vertex -34.5924 -60.7711 4.5
      vertex -33.93 -60.8 4.5
    endloop
  endfacet
  facet normal 0 -1 0
    outer loop
      vertex -33.93 -60.8 4.5
      vertex -29.4437 -60.8 4.78
      vertex -33.93 -60.8 4.78
    endloop
  endfacet
  facet normal 0 -1 -0
    outer loop
      vertex -29.4437 -60.8 4.78
      vertex -33.93 -60.8 4.5
      vertex -29.4437 -60.8 4.5
    endloop
  endfacet
  facet normal 1 -0 0
    outer loop
      vertex -7 -42.0412 4.78
      vertex -7 -34.5 3
      vertex -7 -34.5 4.78
    endloop
  endfacet
  facet normal 1 0 0
    outer loop
      vertex -7 -34.5 3
      vertex -7 -42.0412 4.78
      vertex -7 -42.0412 3
    endloop
  endfacet
  facet normal 0 -1 0
    outer loop
      vertex -7 -34.5 3
      vertex 7 -34.5 4.78
      vertex -7 -34.5 4.78
    endloop
  endfacet
  facet normal 0 -1 -0
    outer loop
      vertex 7 -34.5 4.78
      vertex -7 -34.5 3
      vertex 7 -34.5 3
    endloop
  endfacet
  facet normal -1 0 0
    outer loop
      vertex 7 -42.0412 3
      vertex 7 -34.5 4.78
      vertex 7 -34.5 3
    endloop
  endfacet
  facet normal -1 -0 0
    outer loop
      vertex 7 -34.5 4.78
      vertex 7 -42.0412 3
      vertex 7 -42.0412 4.78
    endloop
  endfacet
  facet normal 0 1 -0
    outer loop
      vertex 6.83977 -52.5 3
      vertex -6.83977 -52.5 4.78
      vertex 6.83977 -52.5 4.78
    endloop
  endfacet
  facet normal 0 1 0
    outer loop
      vertex -6.83977 -52.5 4.78
      vertex 6.83977 -52.5 3
      vertex -6.83977 -52.5 3
    endloop
  endfacet
  facet normal 0 0 -1
    outer loop
      vertex -41.5 25 0
      vertex -28.25 48.88 0
      vertex -28.25 -19.8 0
    endloop
  endfacet
  facet normal 0 0 -1
    outer loop
      vertex -41.975 50.3057 0
      vertex -28.25 48.88 0
      vertex -41.5 25 0
    endloop
  endfacet
  facet normal 0 0 -1
    outer loop
      vertex -42 52 0
      vertex -28.25 48.88 0
      vertex -41.975 50.3057 0
    endloop
  endfacet
  facet normal 0 0 -1
    outer loop
      vertex -28.25 48.88 0
      vertex -29.6735 62.5934 0
      vertex -28.4862 62.7882 0
    endloop
  endfacet
  facet normal 0 0 -1
    outer loop
      vertex -40.0092 -11.7725 0
      vertex -28.25 -19.8 0
      vertex -32.3 -19.8 0
    endloop
  endfacet
  facet normal 0 0 -1
    outer loop
      vertex -40.0092 -11.7725 0
      vertex -32.3 -19.8 0
      vertex -32.4917 -19.8084 0
    endloop
  endfacet
  facet normal 0 0 -1
    outer loop
      vertex -40.0092 -11.7725 0
      vertex -32.4917 -19.8084 0
      vertex -32.682 -19.8334 0
    endloop
  endfacet
  facet normal 0 0 -1
    outer loop
      vertex -40.0092 -11.7725 0
      vertex -32.682 -19.8334 0
      vertex -32.8694 -19.875 0
    endloop
  endfacet
  facet normal 0 0 -1
    outer loop
      vertex -28.25 48.88 0
      vertex -30.7984 62.3836 0
      vertex -29.6735 62.5934 0
    endloop
  endfacet
  facet normal 0 0 -1
    outer loop
      vertex -40.0092 -11.7725 0
      vertex -32.8694 -19.875 0
      vertex -33.0524 -19.9327 0
    endloop
  endfacet
  facet normal 0 0 -1
    outer loop
      vertex -40.0092 -11.7725 0
      vertex -33.0524 -19.9327 0
      vertex -33.2298 -20.0061 0
    endloop
  endfacet
  facet normal 0 0 -1
    outer loop
      vertex -40.0092 -11.7725 0
      vertex -33.2298 -20.0061 0
      vertex -33.4 -20.0947 0
    endloop
  endfacet
  facet normal 0 0 -1
    outer loop
      vertex -40.0092 -11.7725 0
      vertex -33.4 -20.0947 0
      vertex -33.5619 -20.1979 0
    endloop
  endfacet
  facet normal 0 0 -1
    outer loop
      vertex -40.0092 -11.7725 0
      vertex -33.5619 -20.1979 0
      vertex -33.7141 -20.3147 0
    endloop
  endfacet
  facet normal 0 0 -1
    outer loop
      vertex -28.25 48.88 0
      vertex -31.8633 62.1587 0
      vertex -30.7984 62.3836 0
    endloop
  endfacet
  facet normal 0 0 -1
    outer loop
      vertex -40.0092 -11.7725 0
      vertex -33.7141 -20.3147 0
      vertex -33.8556 -20.4444 0
    endloop
  endfacet
  facet normal 0 0 -1
    outer loop
      vertex -40.0092 -11.7725 0
      vertex -33.8556 -20.4444 0
      vertex -33.9853 -20.5859 0
    endloop
  endfacet
  facet normal 0 0 -1
    outer loop
      vertex -40.0092 -11.7725 0
      vertex -33.9853 -20.5859 0
      vertex -34.1021 -20.7381 0
    endloop
  endfacet
  facet normal 0 0 -1
    outer loop
      vertex -40.0092 -11.7725 0
      vertex -34.1021 -20.7381 0
      vertex -34.2052 -20.9 0
    endloop
  endfacet
  facet normal 0 0 -1
    outer loop
      vertex -40.0092 -11.7725 0
      vertex -34.2052 -20.9 0
      vertex -34.2939 -21.0702 0
    endloop
  endfacet
  facet normal 0 0 -1
    outer loop
      vertex -40.0092 -11.7725 0
      vertex -34.2939 -21.0702 0
      vertex -34.3673 -21.2476 0
    endloop
  endfacet
  facet normal 0 0 -1
    outer loop
      vertex -40.0092 -11.7725 0
      vertex -34.3673 -21.2476 0
      vertex -34.425 -21.4306 0
    endloop
  endfacet
  facet normal 0 0 -1
    outer loop
      vertex -40.0092 -11.7725 0
      vertex -34.425 -21.4306 0
      vertex -34.4666 -21.618 0
    endloop
  endfacet
  facet normal 0 0 -1
    outer loop
      vertex -40.0092 -11.7725 0
      vertex -34.4666 -21.618 0
      vertex -34.4932 -21.8276 0
    endloop
  endfacet
  facet normal 0 0 -1
    outer loop
      vertex -28.25 48.88 0
      vertex -32.8701 61.9186 0
      vertex -31.8633 62.1587 0
    endloop
  endfacet
  facet normal 0 0 -1
    outer loop
      vertex -28.25 48.88 0
      vertex -33.8203 61.6629 0
      vertex -32.8701 61.9186 0
    endloop
  endfacet
  facet normal 0 0 -1
    outer loop
      vertex -28.25 48.88 0
      vertex -34.7151 61.3915 0
      vertex -33.8203 61.6629 0
    endloop
  endfacet
  facet normal 0 0 -1
    outer loop
      vertex -42.9715 -41.3463 0
      vertex -34.4932 -21.8276 0
      vertex -36.9932 -53.6276 0
    endloop
  endfacet
  facet normal 0 0 -1
    outer loop
      vertex -43.9619 -53.1284 0
      vertex -36.9932 -53.6276 0
      vertex -36.9999 -53.8194 0
    endloop
  endfacet
  facet normal 0 0 -1
    outer loop
      vertex -28.25 -19.8 0
      vertex -40.0092 -11.7725 0
      vertex -41.5 25 0
    endloop
  endfacet
  facet normal 0 0 -1
    outer loop
      vertex 36.9916 -53.9917 0
      vertex 44 -54 0
      vertex 43.9619 -54.8716 0
    endloop
  endfacet
  facet normal 0 0 -1
    outer loop
      vertex 36.9666 -54.182 0
      vertex 43.9619 -54.8716 0
      vertex 43.8481 -55.7365 0
    endloop
  endfacet
  facet normal 0 0 -1
    outer loop
      vertex 36.925 -54.3694 0
      vertex 43.8481 -55.7365 0
      vertex 43.6593 -56.5882 0
    endloop
  endfacet
  facet normal 0 0 -1
    outer loop
      vertex 36.8673 -54.5524 0
      vertex 43.6593 -56.5882 0
      vertex 43.3969 -57.4202 0
    endloop
  endfacet
  facet normal 0 0 -1
    outer loop
      vertex 36.7939 -54.7298 0
      vertex 43.3969 -57.4202 0
      vertex 43.0631 -58.2262 0
    endloop
  endfacet
  facet normal 0 0 -1
    outer loop
      vertex 43.8481 -55.7365 0
      vertex 36.925 -54.3694 0
      vertex 36.9666 -54.182 0
    endloop
  endfacet
  facet normal 0 0 -1
    outer loop
      vertex 36.6021 -55.0619 0
      vertex 43.0631 -58.2262 0
      vertex 42.6602 -59 0
    endloop
  endfacet
  facet normal 0 0 -1
    outer loop
      vertex 36.4853 -55.2141 0
      vertex 42.6602 -59 0
      vertex 42.1915 -59.7358 0
    endloop
  endfacet
  facet normal 0 0 -1
    outer loop
      vertex 36.3556 -55.3556 0
      vertex 42.1915 -59.7358 0
      vertex 41.6604 -60.4279 0
    endloop
  endfacet
  facet normal 0 0 -1
    outer loop
      vertex 36.2141 -55.4853 0
      vertex 41.6604 -60.4279 0
      vertex 41.0711 -61.0711 0
    endloop
  endfacet
  facet normal 0 0 -1
    outer loop
      vertex 36.0619 -55.6021 0
      vertex 41.0711 -61.0711 0
      vertex 40.4279 -61.6604 0
    endloop
  endfacet
  facet normal -0 0 -1
    outer loop
      vertex 43.9619 -53.1284 0
      vertex 36.9932 -53.6276 0
      vertex 42.9715 -41.3463 0
    endloop
  endfacet
  facet normal 0 0 -1
    outer loop
      vertex 35.9 -55.7052 0
      vertex 40.4279 -61.6604 0
      vertex 39.7358 -62.1915 0
    endloop
  endfacet
  facet normal 0 0 -1
    outer loop
      vertex 34.4932 -21.8276 0
      vertex 42.9715 -41.3463 0
      vertex 36.9932 -53.6276 0
    endloop
  endfacet
  facet normal 0 0 -1
    outer loop
      vertex 34.4698 -21.6371 0
      vertex 40.0092 -11.7725 0
      vertex 34.4932 -21.8276 0
    endloop
  endfacet
  facet normal 0 0 -1
    outer loop
      vertex 35.7298 -55.7939 0
      vertex 39.7358 -62.1915 0
      vertex 39 -62.6602 0
    endloop
  endfacet
  facet normal 0 0 -1
    outer loop
      vertex 34.43 -21.4493 0
      vertex 40.0092 -11.7725 0
      vertex 34.4698 -21.6371 0
    endloop
  endfacet
  facet normal 0 0 -1
    outer loop
      vertex 34.3739 -21.2658 0
      vertex 40.0092 -11.7725 0
      vertex 34.43 -21.4493 0
    endloop
  endfacet
  facet normal 0 0 -1
    outer loop
      vertex 35.5524 -55.8673 0
      vertex 39 -62.6602 0
      vertex 38.2262 -63.0631 0
    endloop
  endfacet
  facet normal 0 0 -1
    outer loop
      vertex 42.9715 -41.3463 0
      vertex 34.4932 -21.8276 0
      vertex 40.0092 -11.7725 0
    endloop
  endfacet
  facet normal 0 0 -1
    outer loop
      vertex 35.3694 -55.925 0
      vertex 38.2262 -63.0631 0
      vertex 37.4202 -63.3969 0
    endloop
  endfacet
  facet normal 0 0 -1
    outer loop
      vertex 43.9619 -53.1284 0
      vertex 37 -53.8 0
      vertex 36.9932 -53.6276 0
    endloop
  endfacet
  facet normal 0 0 -1
    outer loop
      vertex 34.302 -21.0878 0
      vertex 40.0092 -11.7725 0
      vertex 34.3739 -21.2658 0
    endloop
  endfacet
  facet normal 0 0 -1
    outer loop
      vertex 44 -54 0
      vertex 37 -53.8 0
      vertex 43.9619 -53.1284 0
    endloop
  endfacet
  facet normal 0 0 -1
    outer loop
      vertex 44 -54 0
      vertex 36.9916 -53.9917 0
      vertex 37 -53.8 0
    endloop
  endfacet
  facet normal 0 0 -1
    outer loop
      vertex 43.9619 -54.8716 0
      vertex 36.9666 -54.182 0
      vertex 36.9916 -53.9917 0
    endloop
  endfacet
  facet normal 0 0 -1
    outer loop
      vertex 43.6593 -56.5882 0
      vertex 36.8673 -54.5524 0
      vertex 36.925 -54.3694 0
    endloop
  endfacet
  facet normal 0 0 -1
    outer loop
      vertex 43.3969 -57.4202 0
      vertex 36.7939 -54.7298 0
      vertex 36.8673 -54.5524 0
    endloop
  endfacet
  facet normal 0 0 -1
    outer loop
      vertex 43.0631 -58.2262 0
      vertex 36.7052 -54.9 0
      vertex 36.7939 -54.7298 0
    endloop
  endfacet
  facet normal 0 0 -1
    outer loop
      vertex 43.0631 -58.2262 0
      vertex 36.6021 -55.0619 0
      vertex 36.7052 -54.9 0
    endloop
  endfacet
  facet normal 0 0 -1
    outer loop
      vertex 35.182 -55.9666 0
      vertex 37.4202 -63.3969 0
      vertex 36.5882 -63.6593 0
    endloop
  endfacet
  facet normal 0 0 -1
    outer loop
      vertex 42.6602 -59 0
      vertex 36.4853 -55.2141 0
      vertex 36.6021 -55.0619 0
    endloop
  endfacet
  facet normal 0 0 -1
    outer loop
      vertex 42.1915 -59.7358 0
      vertex 36.3556 -55.3556 0
      vertex 36.4853 -55.2141 0
    endloop
  endfacet
  facet normal 0 0 -1
    outer loop
      vertex 41.6604 -60.4279 0
      vertex 36.2141 -55.4853 0
      vertex 36.3556 -55.3556 0
    endloop
  endfacet
  facet normal 0 0 -1
    outer loop
      vertex 41.0711 -61.0711 0
      vertex 36.0619 -55.6021 0
      vertex 36.2141 -55.4853 0
    endloop
  endfacet
  facet normal 0 0 -1
    outer loop
      vertex 40.4279 -61.6604 0
      vertex 35.9 -55.7052 0
      vertex 36.0619 -55.6021 0
    endloop
  endfacet
  facet normal 0 0 -1
    outer loop
      vertex 34.9917 -55.9916 0
      vertex 36.5882 -63.6593 0
      vertex 35.7365 -63.8481 0
    endloop
  endfacet
  facet normal 0 0 -1
    outer loop
      vertex 39.7358 -62.1915 0
      vertex 35.7298 -55.7939 0
      vertex 35.9 -55.7052 0
    endloop
  endfacet
  facet normal 0 0 -1
    outer loop
      vertex 39 -62.6602 0
      vertex 35.5524 -55.8673 0
      vertex 35.7298 -55.7939 0
    endloop
  endfacet
  facet normal 0 0 -1
    outer loop
      vertex 38.2262 -63.0631 0
      vertex 35.3694 -55.925 0
      vertex 35.5524 -55.8673 0
    endloop
  endfacet
  facet normal 0 0 -1
    outer loop
      vertex 37.4202 -63.3969 0
      vertex 35.182 -55.9666 0
      vertex 35.3694 -55.925 0
    endloop
  endfacet
  facet normal 0 0 -1
    outer loop
      vertex 36.5882 -63.6593 0
      vertex 34.9917 -55.9916 0
      vertex 35.182 -55.9666 0
    endloop
  endfacet
  facet normal 0 0 -1
    outer loop
      vertex 34.8 -56 0
      vertex 35.7365 -63.8481 0
      vertex 34.8716 -63.9619 0
    endloop
  endfacet
  facet normal 0 0 -1
    outer loop
      vertex 35.7365 -63.8481 0
      vertex 34.8 -56 0
      vertex 34.9917 -55.9916 0
    endloop
  endfacet
  facet normal 0 0 -1
    outer loop
      vertex 34 -64 0
      vertex 34.8 -56 0
      vertex 34.8716 -63.9619 0
    endloop
  endfacet
  facet normal 0 0 -1
    outer loop
      vertex 29.1813 -56.6542 0
      vertex 34.8 -56 0
      vertex 34 -64 0
    endloop
  endfacet
  facet normal -0 0 -1
    outer loop
      vertex 34.8 -56 0
      vertex 29.1813 -56.6542 0
      vertex 29.8953 -56 0
    endloop
  endfacet
  facet normal 0 0 -1
    outer loop
      vertex 34 -64 0
      vertex 28.3542 -57.2889 0
      vertex 29.1813 -56.6542 0
    endloop
  endfacet
  facet normal 0 0 -1
    outer loop
      vertex 34 -64 0
      vertex 27.475 -57.849 0
      vertex 28.3542 -57.2889 0
    endloop
  endfacet
  facet normal 0 0 -1
    outer loop
      vertex 34 -64 0
      vertex 26.5503 -58.3304 0
      vertex 27.475 -57.849 0
    endloop
  endfacet
  facet normal 0 0 -1
    outer loop
      vertex 34 -64 0
      vertex 25.5871 -58.7293 0
      vertex 26.5503 -58.3304 0
    endloop
  endfacet
  facet normal 0 0 -1
    outer loop
      vertex 34 -64 0
      vertex 24.5929 -59.0428 0
      vertex 25.5871 -58.7293 0
    endloop
  endfacet
  facet normal 0 0 -1
    outer loop
      vertex 34 -64 0
      vertex 23.5751 -59.2685 0
      vertex 24.5929 -59.0428 0
    endloop
  endfacet
  facet normal 0 0 -1
    outer loop
      vertex 17.7397 -64 0
      vertex 23.5751 -59.2685 0
      vertex 34 -64 0
    endloop
  endfacet
  facet normal 0 0 -1
    outer loop
      vertex 23.5751 -59.2685 0
      vertex 17.7397 -64 0
      vertex 22.5415 -59.4045 0
    endloop
  endfacet
  facet normal 0 0 -1
    outer loop
      vertex 22.5415 -59.4045 0
      vertex 17.7397 -64 0
      vertex 21.5 -59.45 0
    endloop
  endfacet
  facet normal -0 0 -1
    outer loop
      vertex 21.5 -59.45 0
      vertex 17.7397 -64 0
      vertex 20.4585 -59.4045 0
    endloop
  endfacet
  facet normal -0 0 -1
    outer loop
      vertex 20.4585 -59.4045 0
      vertex 17.7397 -64 0
      vertex 19.4249 -59.2685 0
    endloop
  endfacet
  facet normal -0 0 -1
    outer loop
      vertex 19.4249 -59.2685 0
      vertex 17.7397 -64 0
      vertex 18.4071 -59.0428 0
    endloop
  endfacet
  facet normal 0 0 -1
    outer loop
      vertex 17.7397 -64 0
      vertex 17.4129 -58.7293 0
      vertex 18.4071 -59.0428 0
    endloop
  endfacet
  facet normal 0 0 -1
    outer loop
      vertex 15.5 -63.5397 0
      vertex 17.4129 -58.7293 0
      vertex 17.7397 -64 0
    endloop
  endfacet
  facet normal -0 0 -1
    outer loop
      vertex 17.4129 -58.7293 0
      vertex 15.5 -63.5397 0
      vertex 16.4497 -58.3304 0
    endloop
  endfacet
  facet normal 0 0 -1
    outer loop
      vertex 13.1012 -63.1369 0
      vertex 16.4497 -58.3304 0
      vertex 15.5 -63.5397 0
    endloop
  endfacet
  facet normal -0 0 -1
    outer loop
      vertex 16.4497 -58.3304 0
      vertex 13.1012 -63.1369 0
      vertex 15.525 -57.849 0
    endloop
  endfacet
  facet normal -0 0 -1
    outer loop
      vertex 15.525 -57.849 0
      vertex 13.1012 -63.1369 0
      vertex 14.6458 -57.2889 0
    endloop
  endfacet
  facet normal 0 0 -1
    outer loop
      vertex 10.6026 -62.8031 0
      vertex 14.6458 -57.2889 0
      vertex 13.1012 -63.1369 0
    endloop
  endfacet
  facet normal -0 0 -1
    outer loop
      vertex 14.6458 -57.2889 0
      vertex 10.6026 -62.8031 0
      vertex 13.8187 -56.6542 0
    endloop
  endfacet
  facet normal -0 0 -1
    outer loop
      vertex 13.8187 -56.6542 0
      vertex 10.6026 -62.8031 0
      vertex 13.1047 -56 0
    endloop
  endfacet
  facet normal 0 0 -1
    outer loop
      vertex 8.02338 -62.5407 0
      vertex 13.1047 -56 0
      vertex 10.6026 -62.8031 0
    endloop
  endfacet
  facet normal 0 0 -1
    outer loop
      vertex 5.38309 -62.3519 0
      vertex 13.1047 -56 0
      vertex 8.02338 -62.5407 0
    endloop
  endfacet
  facet normal 0 0 -1
    outer loop
      vertex 2.70183 -62.2381 0
      vertex 13.1047 -56 0
      vertex 5.38309 -62.3519 0
    endloop
  endfacet
  facet normal 0 0 -1
    outer loop
      vertex 0 -62.2 0
      vertex 13.1047 -56 0
      vertex 2.70183 -62.2381 0
    endloop
  endfacet
  facet normal 0 0 -1
    outer loop
      vertex -13.1047 -56 0
      vertex 0 -62.2 0
      vertex -2.70183 -62.2381 0
    endloop
  endfacet
  facet normal 0 0 -1
    outer loop
      vertex -13.1047 -56 0
      vertex -2.70183 -62.2381 0
      vertex -5.38309 -62.3519 0
    endloop
  endfacet
  facet normal 0 0 -1
    outer loop
      vertex -13.1047 -56 0
      vertex -5.38309 -62.3519 0
      vertex -8.02338 -62.5407 0
    endloop
  endfacet
  facet normal 0 0 -1
    outer loop
      vertex -13.1047 -56 0
      vertex -8.02338 -62.5407 0
      vertex -10.6026 -62.8031 0
    endloop
  endfacet
  facet normal 0 0 -1
    outer loop
      vertex -14.6458 -57.2889 0
      vertex -10.6026 -62.8031 0
      vertex -13.1012 -63.1369 0
    endloop
  endfacet
  facet normal 0 0 -1
    outer loop
      vertex 0 -62.2 0
      vertex -13.1047 -56 0
      vertex 13.1047 -56 0
    endloop
  endfacet
  facet normal 0 0 -1
    outer loop
      vertex -10.6026 -62.8031 0
      vertex -13.8187 -56.6542 0
      vertex -13.1047 -56 0
    endloop
  endfacet
  facet normal 0 0 -1
    outer loop
      vertex -10.6026 -62.8031 0
      vertex -14.6458 -57.2889 0
      vertex -13.8187 -56.6542 0
    endloop
  endfacet
  facet normal 0 0 -1
    outer loop
      vertex -16.4497 -58.3304 0
      vertex -13.1012 -63.1369 0
      vertex -15.5 -63.5397 0
    endloop
  endfacet
  facet normal 0 0 -1
    outer loop
      vertex -13.1012 -63.1369 0
      vertex -15.525 -57.849 0
      vertex -14.6458 -57.2889 0
    endloop
  endfacet
  facet normal 0 0 -1
    outer loop
      vertex -13.1012 -63.1369 0
      vertex -16.4497 -58.3304 0
      vertex -15.525 -57.849 0
    endloop
  endfacet
  facet normal 0 0 -1
    outer loop
      vertex -15.5 -63.5397 0
      vertex -17.4129 -58.7293 0
      vertex -16.4497 -58.3304 0
    endloop
  endfacet
  facet normal 0 0 -1
    outer loop
      vertex -17.7397 -64 0
      vertex -17.4129 -58.7293 0
      vertex -15.5 -63.5397 0
    endloop
  endfacet
  facet normal 0 0 -1
    outer loop
      vertex -17.7397 -64 0
      vertex -18.4071 -59.0428 0
      vertex -17.4129 -58.7293 0
    endloop
  endfacet
  facet normal 0 0 -1
    outer loop
      vertex -17.7397 -64 0
      vertex -19.4249 -59.2685 0
      vertex -18.4071 -59.0428 0
    endloop
  endfacet
  facet normal 0 0 -1
    outer loop
      vertex -17.7397 -64 0
      vertex -20.4585 -59.4045 0
      vertex -19.4249 -59.2685 0
    endloop
  endfacet
  facet normal 0 0 -1
    outer loop
      vertex -17.7397 -64 0
      vertex -21.5 -59.45 0
      vertex -20.4585 -59.4045 0
    endloop
  endfacet
  facet normal 0 0 -1
    outer loop
      vertex -17.7397 -64 0
      vertex -22.5415 -59.4045 0
      vertex -21.5 -59.45 0
    endloop
  endfacet
  facet normal 0 0 -1
    outer loop
      vertex -17.7397 -64 0
      vertex -23.5751 -59.2685 0
      vertex -22.5415 -59.4045 0
    endloop
  endfacet
  facet normal 0 0 -1
    outer loop
      vertex -34 -64 0
      vertex -23.5751 -59.2685 0
      vertex -17.7397 -64 0
    endloop
  endfacet
  facet normal -0 0 -1
    outer loop
      vertex -23.5751 -59.2685 0
      vertex -34 -64 0
      vertex -24.5929 -59.0428 0
    endloop
  endfacet
  facet normal -0 0 -1
    outer loop
      vertex -24.5929 -59.0428 0
      vertex -34 -64 0
      vertex -25.5871 -58.7293 0
    endloop
  endfacet
  facet normal -0 0 -1
    outer loop
      vertex -25.5871 -58.7293 0
      vertex -34 -64 0
      vertex -26.5503 -58.3304 0
    endloop
  endfacet
  facet normal -0 0 -1
    outer loop
      vertex -26.5503 -58.3304 0
      vertex -34 -64 0
      vertex -27.475 -57.849 0
    endloop
  endfacet
  facet normal 0 0 -1
    outer loop
      vertex -34 -64 0
      vertex -28.3542 -57.2889 0
      vertex -27.475 -57.849 0
    endloop
  endfacet
  facet normal 0 0 -1
    outer loop
      vertex -34 -64 0
      vertex -29.1813 -56.6542 0
      vertex -28.3542 -57.2889 0
    endloop
  endfacet
  facet normal 0 0 -1
    outer loop
      vertex -34.8 -56 0
      vertex -29.1813 -56.6542 0
      vertex -34 -64 0
    endloop
  endfacet
  facet normal 0 0 -1
    outer loop
      vertex -29.1813 -56.6542 0
      vertex -34.8 -56 0
      vertex -29.8953 -56 0
    endloop
  endfacet
  facet normal 0 0 -1
    outer loop
      vertex -34.8716 -63.9619 0
      vertex -34.8 -56 0
      vertex -34 -64 0
    endloop
  endfacet
  facet normal 0 0 -1
    outer loop
      vertex -35.7365 -63.8481 0
      vertex -34.8 -56 0
      vertex -34.8716 -63.9619 0
    endloop
  endfacet
  facet normal -0 0 -1
    outer loop
      vertex -34.8 -56 0
      vertex -35.7365 -63.8481 0
      vertex -34.9724 -55.9932 0
    endloop
  endfacet
  facet normal 0 0 -1
    outer loop
      vertex -36.5882 -63.6593 0
      vertex -34.9724 -55.9932 0
      vertex -35.7365 -63.8481 0
    endloop
  endfacet
  facet normal -0 0 -1
    outer loop
      vertex -34.9724 -55.9932 0
      vertex -36.5882 -63.6593 0
      vertex -35.1629 -55.9698 0
    endloop
  endfacet
  facet normal 0 0 -1
    outer loop
      vertex -37.4202 -63.3969 0
      vertex -35.1629 -55.9698 0
      vertex -36.5882 -63.6593 0
    endloop
  endfacet
  facet normal -0 0 -1
    outer loop
      vertex -35.1629 -55.9698 0
      vertex -37.4202 -63.3969 0
      vertex -35.3506 -55.93 0
    endloop
  endfacet
  facet normal 0 0 -1
    outer loop
      vertex -38.2262 -63.0631 0
      vertex -35.3506 -55.93 0
      vertex -37.4202 -63.3969 0
    endloop
  endfacet
  facet normal -0 0 -1
    outer loop
      vertex -35.3506 -55.93 0
      vertex -38.2262 -63.0631 0
      vertex -35.5342 -55.8739 0
    endloop
  endfacet
  facet normal 0 0 -1
    outer loop
      vertex -39 -62.6602 0
      vertex -35.5342 -55.8739 0
      vertex -38.2262 -63.0631 0
    endloop
  endfacet
  facet normal -0 0 -1
    outer loop
      vertex -35.5342 -55.8739 0
      vertex -39 -62.6602 0
      vertex -35.7121 -55.802 0
    endloop
  endfacet
  facet normal 0 0 -1
    outer loop
      vertex -39.7358 -62.1915 0
      vertex -35.7121 -55.802 0
      vertex -39 -62.6602 0
    endloop
  endfacet
  facet normal -0 0 -1
    outer loop
      vertex -35.7121 -55.802 0
      vertex -39.7358 -62.1915 0
      vertex -35.8832 -55.7149 0
    endloop
  endfacet
  facet normal 0 0 -1
    outer loop
      vertex -40.4279 -61.6604 0
      vertex -35.8832 -55.7149 0
      vertex -39.7358 -62.1915 0
    endloop
  endfacet
  facet normal -0 0 -1
    outer loop
      vertex -35.8832 -55.7149 0
      vertex -40.4279 -61.6604 0
      vertex -36.0459 -55.6132 0
    endloop
  endfacet
  facet normal 0 0 -1
    outer loop
      vertex -41.0711 -61.0711 0
      vertex -36.0459 -55.6132 0
      vertex -40.4279 -61.6604 0
    endloop
  endfacet
  facet normal -0 0 -1
    outer loop
      vertex -36.0459 -55.6132 0
      vertex -41.0711 -61.0711 0
      vertex -36.1992 -55.4977 0
    endloop
  endfacet
  facet normal 0 0 -1
    outer loop
      vertex -41.6604 -60.4279 0
      vertex -36.1992 -55.4977 0
      vertex -41.0711 -61.0711 0
    endloop
  endfacet
  facet normal -0 0 -1
    outer loop
      vertex -36.1992 -55.4977 0
      vertex -41.6604 -60.4279 0
      vertex -36.3419 -55.3693 0
    endloop
  endfacet
  facet normal 0 0 -1
    outer loop
      vertex -42.1915 -59.7358 0
      vertex -36.3419 -55.3693 0
      vertex -41.6604 -60.4279 0
    endloop
  endfacet
  facet normal -0 0 -1
    outer loop
      vertex -36.3419 -55.3693 0
      vertex -42.1915 -59.7358 0
      vertex -36.4728 -55.2289 0
    endloop
  endfacet
  facet normal 0 0 -1
    outer loop
      vertex -42.6602 -59 0
      vertex -36.4728 -55.2289 0
      vertex -42.1915 -59.7358 0
    endloop
  endfacet
  facet normal -0 0 -1
    outer loop
      vertex -36.4728 -55.2289 0
      vertex -42.6602 -59 0
      vertex -36.5909 -55.0777 0
    endloop
  endfacet
  facet normal 0 -0 -1
    outer loop
      vertex -41.975 53.6943 0
      vertex -28.25 48.88 0
      vertex -42 52 0
    endloop
  endfacet
  facet normal -0 0 -1
    outer loop
      vertex -36.5909 -55.0777 0
      vertex -42.6602 -59 0
      vertex -36.6955 -54.9167 0
    endloop
  endfacet
  facet normal 0 0 -1
    outer loop
      vertex -28.25 48.88 0
      vertex -35.5556 61.1038 0
      vertex -34.7151 61.3915 0
    endloop
  endfacet
  facet normal 0 0 -1
    outer loop
      vertex -28.25 48.88 0
      vertex -36.3426 60.7995 0
      vertex -35.5556 61.1038 0
    endloop
  endfacet
  facet normal 0 0 -1
    outer loop
      vertex -43.0631 -58.2262 0
      vertex -36.6955 -54.9167 0
      vertex -42.6602 -59 0
    endloop
  endfacet
  facet normal 0 0 -1
    outer loop
      vertex -28.25 48.88 0
      vertex -37.0768 60.4781 0
      vertex -36.3426 60.7995 0
    endloop
  endfacet
  facet normal -0 0 -1
    outer loop
      vertex -36.6955 -54.9167 0
      vertex -43.0631 -58.2262 0
      vertex -36.7856 -54.7473 0
    endloop
  endfacet
  facet normal 0 -0 -1
    outer loop
      vertex -38.3889 59.781 0
      vertex -28.25 48.88 0
      vertex -41.975 53.6943 0
    endloop
  endfacet
  facet normal 0 0 -1
    outer loop
      vertex -28.25 48.88 0
      vertex -37.7587 60.1389 0
      vertex -37.0768 60.4781 0
    endloop
  endfacet
  facet normal 0 0 -1
    outer loop
      vertex -43.3969 -57.4202 0
      vertex -36.7856 -54.7473 0
      vertex -43.0631 -58.2262 0
    endloop
  endfacet
  facet normal -0 0 -1
    outer loop
      vertex -36.7856 -54.7473 0
      vertex -43.3969 -57.4202 0
      vertex -36.8606 -54.5706 0
    endloop
  endfacet
  facet normal 0 0 -1
    outer loop
      vertex -43.6593 -56.5882 0
      vertex -36.8606 -54.5706 0
      vertex -43.3969 -57.4202 0
    endloop
  endfacet
  facet normal -0 0 -1
    outer loop
      vertex -36.8606 -54.5706 0
      vertex -43.6593 -56.5882 0
      vertex -36.9199 -54.3881 0
    endloop
  endfacet
  facet normal 0 0 -1
    outer loop
      vertex -43.8481 -55.7365 0
      vertex -36.9199 -54.3881 0
      vertex -43.6593 -56.5882 0
    endloop
  endfacet
  facet normal -0 0 -1
    outer loop
      vertex -34.4932 -21.8276 0
      vertex -42.9715 -41.3463 0
      vertex -40.0092 -11.7725 0
    endloop
  endfacet
  facet normal -0 0 -1
    outer loop
      vertex -36.9199 -54.3881 0
      vertex -43.8481 -55.7365 0
      vertex -36.9631 -54.2011 0
    endloop
  endfacet
  facet normal 0 0 -1
    outer loop
      vertex -43.9619 -54.8716 0
      vertex -36.9631 -54.2011 0
      vertex -43.8481 -55.7365 0
    endloop
  endfacet
  facet normal -0 0 -1
    outer loop
      vertex -36.9631 -54.2011 0
      vertex -43.9619 -54.8716 0
      vertex -36.9898 -54.011 0
    endloop
  endfacet
  facet normal 0 0 -1
    outer loop
      vertex -44 -54 0
      vertex -36.9898 -54.011 0
      vertex -43.9619 -54.8716 0
    endloop
  endfacet
  facet normal 0 0 -1
    outer loop
      vertex -36.9898 -54.011 0
      vertex -44 -54 0
      vertex -36.9999 -53.8194 0
    endloop
  endfacet
  facet normal 0 0 -1
    outer loop
      vertex -36.9932 -53.6276 0
      vertex -43.9619 -53.1284 0
      vertex -42.9715 -41.3463 0
    endloop
  endfacet
  facet normal -0 0 -1
    outer loop
      vertex -36.9999 -53.8194 0
      vertex -44 -54 0
      vertex -43.9619 -53.1284 0
    endloop
  endfacet
  facet normal 0 0 -1
    outer loop
      vertex 39.9723 58.5835 0
      vertex 42 52 0
      vertex 41.975 50.3057 0
    endloop
  endfacet
  facet normal 0 0 -1
    outer loop
      vertex 42 52 0
      vertex 39.9723 58.5835 0
      vertex 41.975 53.6943 0
    endloop
  endfacet
  facet normal 0 0 -1
    outer loop
      vertex 41.975 53.6943 0
      vertex 39.9723 58.5835 0
      vertex 41.9 54.6113 0
    endloop
  endfacet
  facet normal 0 0 -1
    outer loop
      vertex 41.9 54.6113 0
      vertex 39.9723 58.5835 0
      vertex 41.7751 55.3612 0
    endloop
  endfacet
  facet normal 0 0 -1
    outer loop
      vertex 39.9723 58.5835 0
      vertex 41.975 50.3057 0
      vertex 41.5 25 0
    endloop
  endfacet
  facet normal 0 0 -1
    outer loop
      vertex 41.7751 55.3612 0
      vertex 39.9723 58.5835 0
      vertex 41.6001 56.0177 0
    endloop
  endfacet
  facet normal 0 0 -1
    outer loop
      vertex 41.6001 56.0177 0
      vertex 39.9723 58.5835 0
      vertex 41.375 56.6107 0
    endloop
  endfacet
  facet normal 0 0 -1
    outer loop
      vertex 41.375 56.6107 0
      vertex 39.9723 58.5835 0
      vertex 41.0997 57.1559 0
    endloop
  endfacet
  facet normal 0 0 -1
    outer loop
      vertex 41.0997 57.1559 0
      vertex 39.9723 58.5835 0
      vertex 40.7743 57.6626 0
    endloop
  endfacet
  facet normal 0 0 -1
    outer loop
      vertex 39.9723 58.5835 0
      vertex 41.5 25 0
      vertex 40.0092 -11.7725 0
    endloop
  endfacet
  facet normal 0 0 -1
    outer loop
      vertex 40.7743 57.6626 0
      vertex 39.9723 58.5835 0
      vertex 40.3985 58.1371 0
    endloop
  endfacet
  facet normal 0 0 -1
    outer loop
      vertex 34.2149 -20.9168 0
      vertex 40.0092 -11.7725 0
      vertex 34.302 -21.0878 0
    endloop
  endfacet
  facet normal 0 0 -1
    outer loop
      vertex 34.1132 -20.7541 0
      vertex 40.0092 -11.7725 0
      vertex 34.2149 -20.9168 0
    endloop
  endfacet
  facet normal 0 0 -1
    outer loop
      vertex 33.9977 -20.6008 0
      vertex 40.0092 -11.7725 0
      vertex 34.1132 -20.7541 0
    endloop
  endfacet
  facet normal 0 0 -1
    outer loop
      vertex 33.8693 -20.4581 0
      vertex 40.0092 -11.7725 0
      vertex 33.9977 -20.6008 0
    endloop
  endfacet
  facet normal 0 0 -1
    outer loop
      vertex 33.7289 -20.3272 0
      vertex 40.0092 -11.7725 0
      vertex 33.8693 -20.4581 0
    endloop
  endfacet
  facet normal 0 0 -1
    outer loop
      vertex 33.5777 -20.2091 0
      vertex 40.0092 -11.7725 0
      vertex 33.7289 -20.3272 0
    endloop
  endfacet
  facet normal 0 0 -1
    outer loop
      vertex 40.0092 -11.7725 0
      vertex 28.25 48.88 0
      vertex 39.9723 58.5835 0
    endloop
  endfacet
  facet normal 0 0 -1
    outer loop
      vertex 28.168 49.8177 0
      vertex 39.9723 58.5835 0
      vertex 28.2294 49.3506 0
    endloop
  endfacet
  facet normal 0 0 -1
    outer loop
      vertex 27.9243 50.7269 0
      vertex 39.9723 58.5835 0
      vertex 28.066 50.2776 0
    endloop
  endfacet
  facet normal -0 0 -1
    outer loop
      vertex 39.4954 59.0048 0
      vertex 27.9243 50.7269 0
      vertex 38.9677 59.4035 0
    endloop
  endfacet
  facet normal -0 0 -1
    outer loop
      vertex 38.9677 59.4035 0
      vertex 27.9243 50.7269 0
      vertex 38.3889 59.781 0
    endloop
  endfacet
  facet normal -0 0 -1
    outer loop
      vertex 39.9723 58.5835 0
      vertex 27.9243 50.7269 0
      vertex 39.4954 59.0048 0
    endloop
  endfacet
  facet normal 0 0 -1
    outer loop
      vertex 28.066 50.2776 0
      vertex 39.9723 58.5835 0
      vertex 28.168 49.8177 0
    endloop
  endfacet
  facet normal -0 0 -1
    outer loop
      vertex 38.3889 59.781 0
      vertex 27.9243 50.7269 0
      vertex 37.7587 60.1389 0
    endloop
  endfacet
  facet normal 0 0 -1
    outer loop
      vertex 28.2294 49.3506 0
      vertex 39.9723 58.5835 0
      vertex 28.25 48.88 0
    endloop
  endfacet
  facet normal 0 0 -1
    outer loop
      vertex 33.4167 -20.1045 0
      vertex 40.0092 -11.7725 0
      vertex 33.5777 -20.2091 0
    endloop
  endfacet
  facet normal 0 0 -1
    outer loop
      vertex 33.2473 -20.0144 0
      vertex 40.0092 -11.7725 0
      vertex 33.4167 -20.1045 0
    endloop
  endfacet
  facet normal 0 0 -1
    outer loop
      vertex 33.0706 -19.9394 0
      vertex 40.0092 -11.7725 0
      vertex 33.2473 -20.0144 0
    endloop
  endfacet
  facet normal 0 0 -1
    outer loop
      vertex 32.8881 -19.8801 0
      vertex 40.0092 -11.7725 0
      vertex 33.0706 -19.9394 0
    endloop
  endfacet
  facet normal 0 0 -1
    outer loop
      vertex 32.7011 -19.8369 0
      vertex 40.0092 -11.7725 0
      vertex 32.8881 -19.8801 0
    endloop
  endfacet
  facet normal 0 0 -1
    outer loop
      vertex 27.744 51.1621 0
      vertex 37.7587 60.1389 0
      vertex 27.9243 50.7269 0
    endloop
  endfacet
  facet normal 0 0 -1
    outer loop
      vertex 32.511 -19.8102 0
      vertex 40.0092 -11.7725 0
      vertex 32.7011 -19.8369 0
    endloop
  endfacet
  facet normal 0 0 -1
    outer loop
      vertex 32.3 -19.8 0
      vertex 40.0092 -11.7725 0
      vertex 32.511 -19.8102 0
    endloop
  endfacet
  facet normal 0 0 -1
    outer loop
      vertex 28.25 -19.8 0
      vertex 40.0092 -11.7725 0
      vertex 32.3 -19.8 0
    endloop
  endfacet
  facet normal -0 0 -1
    outer loop
      vertex 37.7587 60.1389 0
      vertex 27.744 51.1621 0
      vertex 37.0768 60.4781 0
    endloop
  endfacet
  facet normal -0 0 -1
    outer loop
      vertex 37.0768 60.4781 0
      vertex 27.744 51.1621 0
      vertex 36.3426 60.7995 0
    endloop
  endfacet
  facet normal 0 0 -1
    outer loop
      vertex 27.5265 51.58 0
      vertex 36.3426 60.7995 0
      vertex 27.744 51.1621 0
    endloop
  endfacet
  facet normal -0 0 -1
    outer loop
      vertex 36.3426 60.7995 0
      vertex 27.5265 51.58 0
      vertex 35.5556 61.1038 0
    endloop
  endfacet
  facet normal -0 0 -1
    outer loop
      vertex 40.0092 -11.7725 0
      vertex 28.25 -19.8 0
      vertex 28.25 48.88 0
    endloop
  endfacet
  facet normal -0 0 -1
    outer loop
      vertex 35.5556 61.1038 0
      vertex 27.5265 51.58 0
      vertex 34.7151 61.3915 0
    endloop
  endfacet
  facet normal 0 0 -1
    outer loop
      vertex 27.2734 51.9773 0
      vertex 34.7151 61.3915 0
      vertex 27.5265 51.58 0
    endloop
  endfacet
  facet normal -0 0 -1
    outer loop
      vertex 34.7151 61.3915 0
      vertex 27.2734 51.9773 0
      vertex 33.8203 61.6629 0
    endloop
  endfacet
  facet normal 0 0 -1
    outer loop
      vertex 26.9866 52.351 0
      vertex 33.8203 61.6629 0
      vertex 27.2734 51.9773 0
    endloop
  endfacet
  facet normal -0 0 -1
    outer loop
      vertex 33.8203 61.6629 0
      vertex 26.9866 52.351 0
      vertex 32.8701 61.9186 0
    endloop
  endfacet
  facet normal -0 0 -1
    outer loop
      vertex 32.8701 61.9186 0
      vertex 26.9866 52.351 0
      vertex 31.8633 62.1587 0
    endloop
  endfacet
  facet normal 0 0 -1
    outer loop
      vertex 26.6684 52.6984 0
      vertex 31.8633 62.1587 0
      vertex 26.9866 52.351 0
    endloop
  endfacet
  facet normal -0 0 -1
    outer loop
      vertex 31.8633 62.1587 0
      vertex 26.6684 52.6984 0
      vertex 30.7984 62.3836 0
    endloop
  endfacet
  facet normal 0 0 -1
    outer loop
      vertex 26.321 53.0166 0
      vertex 30.7984 62.3836 0
      vertex 26.6684 52.6984 0
    endloop
  endfacet
  facet normal 0 0 -1
    outer loop
      vertex 25.9473 53.3034 0
      vertex 30.7984 62.3836 0
      vertex 26.321 53.0166 0
    endloop
  endfacet
  facet normal -0 0 -1
    outer loop
      vertex 30.7984 62.3836 0
      vertex 25.9473 53.3034 0
      vertex 29.6735 62.5934 0
    endloop
  endfacet
  facet normal 0 0 -1
    outer loop
      vertex 25.55 53.5565 0
      vertex 29.6735 62.5934 0
      vertex 25.9473 53.3034 0
    endloop
  endfacet
  facet normal -0 0 -1
    outer loop
      vertex 29.6735 62.5934 0
      vertex 25.55 53.5565 0
      vertex 28.4862 62.7882 0
    endloop
  endfacet
  facet normal 0 0 -1
    outer loop
      vertex 25.1321 53.774 0
      vertex 28.4862 62.7882 0
      vertex 25.55 53.5565 0
    endloop
  endfacet
  facet normal -0 0 -1
    outer loop
      vertex 28.4862 62.7882 0
      vertex 25.1321 53.774 0
      vertex 27.2336 62.9683 0
    endloop
  endfacet
  facet normal 0 0 -1
    outer loop
      vertex 24.6969 53.9543 0
      vertex 27.2336 62.9683 0
      vertex 25.1321 53.774 0
    endloop
  endfacet
  facet normal -0 0 -1
    outer loop
      vertex 27.2336 62.9683 0
      vertex 24.6969 53.9543 0
      vertex 25.9121 63.1336 0
    endloop
  endfacet
  facet normal 0 0 -1
    outer loop
      vertex 24.2476 54.096 0
      vertex 25.9121 63.1336 0
      vertex 24.6969 53.9543 0
    endloop
  endfacet
  facet normal 0 0 -1
    outer loop
      vertex 23.7877 54.198 0
      vertex 25.9121 63.1336 0
      vertex 24.2476 54.096 0
    endloop
  endfacet
  facet normal -0 0 -1
    outer loop
      vertex 25.9121 63.1336 0
      vertex 23.7877 54.198 0
      vertex 24.517 63.2844 0
    endloop
  endfacet
  facet normal 0 0 -1
    outer loop
      vertex 23.3206 54.2594 0
      vertex 24.517 63.2844 0
      vertex 23.7877 54.198 0
    endloop
  endfacet
  facet normal 0 0 -1
    outer loop
      vertex 23.3206 54.2594 0
      vertex 23.0422 63.4206 0
      vertex 24.517 63.2844 0
    endloop
  endfacet
  facet normal 0 0 -1
    outer loop
      vertex 22.85 54.28 0
      vertex 23.0422 63.4206 0
      vertex 23.3206 54.2594 0
    endloop
  endfacet
  facet normal 0 0 -1
    outer loop
      vertex 22.85 54.28 0
      vertex 21.4799 63.5424 0
      vertex 23.0422 63.4206 0
    endloop
  endfacet
  facet normal 0 0 -1
    outer loop
      vertex 22.85 54.28 0
      vertex 19.8193 63.6498 0
      vertex 21.4799 63.5424 0
    endloop
  endfacet
  facet normal 0 0 -1
    outer loop
      vertex 22.85 54.28 0
      vertex 18.0456 63.7428 0
      vertex 19.8193 63.6498 0
    endloop
  endfacet
  facet normal 0 0 -1
    outer loop
      vertex 22.85 54.28 0
      vertex 16.1374 63.8214 0
      vertex 18.0456 63.7428 0
    endloop
  endfacet
  facet normal 0 0 -1
    outer loop
      vertex 22.85 54.28 0
      vertex 14.0619 63.8857 0
      vertex 16.1374 63.8214 0
    endloop
  endfacet
  facet normal 0 0 -1
    outer loop
      vertex 22.85 54.28 0
      vertex 11.7641 63.9357 0
      vertex 14.0619 63.8857 0
    endloop
  endfacet
  facet normal 0 0 -1
    outer loop
      vertex 22.85 54.28 0
      vertex 9.13974 63.9714 0
      vertex 11.7641 63.9357 0
    endloop
  endfacet
  facet normal 0 0 -1
    outer loop
      vertex 22.85 54.28 0
      vertex 5.92992 63.9929 0
      vertex 9.13974 63.9714 0
    endloop
  endfacet
  facet normal 0 0 -1
    outer loop
      vertex 22.85 54.28 0
      vertex 0 64 0
      vertex 5.92992 63.9929 0
    endloop
  endfacet
  facet normal 0 0 -1
    outer loop
      vertex -22.85 54.28 0
      vertex 0 64 0
      vertex 22.85 54.28 0
    endloop
  endfacet
  facet normal 0 0 -1
    outer loop
      vertex 0 64 0
      vertex -22.85 54.28 0
      vertex -5.92992 63.9929 0
    endloop
  endfacet
  facet normal 0 0 -1
    outer loop
      vertex -5.92992 63.9929 0
      vertex -22.85 54.28 0
      vertex -9.13974 63.9714 0
    endloop
  endfacet
  facet normal 0 0 -1
    outer loop
      vertex -9.13974 63.9714 0
      vertex -22.85 54.28 0
      vertex -11.7641 63.9357 0
    endloop
  endfacet
  facet normal 0 0 -1
    outer loop
      vertex -11.7641 63.9357 0
      vertex -22.85 54.28 0
      vertex -14.0619 63.8857 0
    endloop
  endfacet
  facet normal 0 0 -1
    outer loop
      vertex -14.0619 63.8857 0
      vertex -22.85 54.28 0
      vertex -16.1374 63.8214 0
    endloop
  endfacet
  facet normal 0 0 -1
    outer loop
      vertex -16.1374 63.8214 0
      vertex -22.85 54.28 0
      vertex -18.0456 63.7428 0
    endloop
  endfacet
  facet normal 0 0 -1
    outer loop
      vertex -18.0456 63.7428 0
      vertex -22.85 54.28 0
      vertex -19.8193 63.6498 0
    endloop
  endfacet
  facet normal 0 0 -1
    outer loop
      vertex -19.8193 63.6498 0
      vertex -22.85 54.28 0
      vertex -21.4799 63.5424 0
    endloop
  endfacet
  facet normal 0 0 -1
    outer loop
      vertex -22.85 54.28 0
      vertex -23.0422 63.4206 0
      vertex -21.4799 63.5424 0
    endloop
  endfacet
  facet normal 0 0 -1
    outer loop
      vertex -23.3206 54.2594 0
      vertex -23.0422 63.4206 0
      vertex -22.85 54.28 0
    endloop
  endfacet
  facet normal 0 0 -1
    outer loop
      vertex -24.517 63.2844 0
      vertex -23.3206 54.2594 0
      vertex -23.7877 54.198 0
    endloop
  endfacet
  facet normal 0 0 -1
    outer loop
      vertex -25.9121 63.1336 0
      vertex -23.7877 54.198 0
      vertex -24.2476 54.096 0
    endloop
  endfacet
  facet normal 0 0 -1
    outer loop
      vertex -23.3206 54.2594 0
      vertex -24.517 63.2844 0
      vertex -23.0422 63.4206 0
    endloop
  endfacet
  facet normal 0 0 -1
    outer loop
      vertex -25.9121 63.1336 0
      vertex -24.2476 54.096 0
      vertex -24.6969 53.9543 0
    endloop
  endfacet
  facet normal 0 0 -1
    outer loop
      vertex -27.2336 62.9683 0
      vertex -24.6969 53.9543 0
      vertex -25.1321 53.774 0
    endloop
  endfacet
  facet normal 0 0 -1
    outer loop
      vertex -28.4862 62.7882 0
      vertex -25.1321 53.774 0
      vertex -25.55 53.5565 0
    endloop
  endfacet
  facet normal 0 0 -1
    outer loop
      vertex -23.7877 54.198 0
      vertex -25.9121 63.1336 0
      vertex -24.517 63.2844 0
    endloop
  endfacet
  facet normal 0 0 -1
    outer loop
      vertex -28.4862 62.7882 0
      vertex -25.55 53.5565 0
      vertex -25.9473 53.3034 0
    endloop
  endfacet
  facet normal 0 0 -1
    outer loop
      vertex -28.4862 62.7882 0
      vertex -25.9473 53.3034 0
      vertex -26.321 53.0166 0
    endloop
  endfacet
  facet normal 0 0 -1
    outer loop
      vertex -28.4862 62.7882 0
      vertex -26.321 53.0166 0
      vertex -26.6684 52.6984 0
    endloop
  endfacet
  facet normal 0 0 -1
    outer loop
      vertex -28.4862 62.7882 0
      vertex -26.6684 52.6984 0
      vertex -26.9866 52.351 0
    endloop
  endfacet
  facet normal 0 0 -1
    outer loop
      vertex -24.6969 53.9543 0
      vertex -27.2336 62.9683 0
      vertex -25.9121 63.1336 0
    endloop
  endfacet
  facet normal 0 0 -1
    outer loop
      vertex -28.4862 62.7882 0
      vertex -26.9866 52.351 0
      vertex -27.2734 51.9773 0
    endloop
  endfacet
  facet normal 0 0 -1
    outer loop
      vertex -28.4862 62.7882 0
      vertex -27.2734 51.9773 0
      vertex -27.5265 51.58 0
    endloop
  endfacet
  facet normal 0 0 -1
    outer loop
      vertex -28.4862 62.7882 0
      vertex -27.5265 51.58 0
      vertex -27.744 51.1621 0
    endloop
  endfacet
  facet normal 0 0 -1
    outer loop
      vertex -28.4862 62.7882 0
      vertex -27.744 51.1621 0
      vertex -27.9243 50.7269 0
    endloop
  endfacet
  facet normal 0 0 -1
    outer loop
      vertex -28.4862 62.7882 0
      vertex -27.9243 50.7269 0
      vertex -28.066 50.2776 0
    endloop
  endfacet
  facet normal 0 0 -1
    outer loop
      vertex -28.4862 62.7882 0
      vertex -28.066 50.2776 0
      vertex -28.168 49.8177 0
    endloop
  endfacet
  facet normal 0 0 -1
    outer loop
      vertex -28.4862 62.7882 0
      vertex -28.168 49.8177 0
      vertex -28.2294 49.3506 0
    endloop
  endfacet
  facet normal 0 0 -1
    outer loop
      vertex -25.1321 53.774 0
      vertex -28.4862 62.7882 0
      vertex -27.2336 62.9683 0
    endloop
  endfacet
  facet normal 0 0 -1
    outer loop
      vertex -28.4862 62.7882 0
      vertex -28.2294 49.3506 0
      vertex -28.25 48.88 0
    endloop
  endfacet
  facet normal 0 0 -1
    outer loop
      vertex -28.25 48.88 0
      vertex -38.3889 59.781 0
      vertex -37.7587 60.1389 0
    endloop
  endfacet
  facet normal 0 0 -1
    outer loop
      vertex -38.3889 59.781 0
      vertex -41.975 53.6943 0
      vertex -38.9677 59.4035 0
    endloop
  endfacet
  facet normal 0 -0 -1
    outer loop
      vertex -41.9 54.6113 0
      vertex -38.9677 59.4035 0
      vertex -41.975 53.6943 0
    endloop
  endfacet
  facet normal 0 0 -1
    outer loop
      vertex -38.9677 59.4035 0
      vertex -41.9 54.6113 0
      vertex -39.4954 59.0048 0
    endloop
  endfacet
  facet normal 0 0 -1
    outer loop
      vertex -39.4954 59.0048 0
      vertex -41.9 54.6113 0
      vertex -39.9723 58.5835 0
    endloop
  endfacet
  facet normal 0 -0 -1
    outer loop
      vertex -41.7751 55.3612 0
      vertex -39.9723 58.5835 0
      vertex -41.9 54.6113 0
    endloop
  endfacet
  facet normal 0 0 -1
    outer loop
      vertex -39.9723 58.5835 0
      vertex -41.7751 55.3612 0
      vertex -40.3985 58.1371 0
    endloop
  endfacet
  facet normal 0 0 -1
    outer loop
      vertex -40.3985 58.1371 0
      vertex -41.7751 55.3612 0
      vertex -40.7743 57.6626 0
    endloop
  endfacet
  facet normal 0 0 -1
    outer loop
      vertex -40.7743 57.6626 0
      vertex -41.7751 55.3612 0
      vertex -41.0997 57.1559 0
    endloop
  endfacet
  facet normal 0 0 -1
    outer loop
      vertex -41.0997 57.1559 0
      vertex -41.7751 55.3612 0
      vertex -41.375 56.6107 0
    endloop
  endfacet
  facet normal 0 0 -1
    outer loop
      vertex -41.375 56.6107 0
      vertex -41.7751 55.3612 0
      vertex -41.6001 56.0177 0
    endloop
  endfacet
  facet normal -0 0 1
    outer loop
      vertex 39.2267 53.5616 3
      vertex 42 52 3
      vertex 41.975 53.6943 3
    endloop
  endfacet
  facet normal 0 0 1
    outer loop
      vertex 39.2267 53.5616 3
      vertex 41.975 53.6943 3
      vertex 41.9 54.6113 3
    endloop
  endfacet
  facet normal 0 0 1
    outer loop
      vertex 39.1685 54.2727 3
      vertex 41.9 54.6113 3
      vertex 41.7751 55.3612 3
    endloop
  endfacet
  facet normal 0 0 1
    outer loop
      vertex 39.084 54.7796 3
      vertex 41.7751 55.3612 3
      vertex 41.6001 56.0177 3
    endloop
  endfacet
  facet normal 0 0 1
    outer loop
      vertex 42 52 3
      vertex 39.2267 53.5616 3
      vertex 39.2497 52 3
    endloop
  endfacet
  facet normal 0 0 1
    outer loop
      vertex 38.979 55.1735 3
      vertex 41.6001 56.0177 3
      vertex 41.375 56.6107 3
    endloop
  endfacet
  facet normal 0 0 1
    outer loop
      vertex 38.8551 55.5 3
      vertex 41.375 56.6107 3
      vertex 41.0997 57.1559 3
    endloop
  endfacet
  facet normal 0 0 1
    outer loop
      vertex 38.709 55.7896 3
      vertex 41.0997 57.1559 3
      vertex 40.7743 57.6626 3
    endloop
  endfacet
  facet normal 0 0 1
    outer loop
      vertex 38.534 56.062 3
      vertex 40.7743 57.6626 3
      vertex 40.3985 58.1371 3
    endloop
  endfacet
  facet normal 0 0 1
    outer loop
      vertex 41.975 50.3057 3
      vertex 39.2254 50.3523 3
      vertex 41.5 25 3
    endloop
  endfacet
  facet normal 0 0 1
    outer loop
      vertex 38.3217 56.33 3
      vertex 40.3985 58.1371 3
      vertex 39.9723 58.5835 3
    endloop
  endfacet
  facet normal 0 0 1
    outer loop
      vertex 41.2474 -54 3
      vertex 44 -54 3
      vertex 43.9619 -53.1284 3
    endloop
  endfacet
  facet normal 0 0 1
    outer loop
      vertex 44 -54 3
      vertex 41.2474 -54 3
      vertex 43.9619 -54.8716 3
    endloop
  endfacet
  facet normal 0 0 1
    outer loop
      vertex 43.9619 -54.8716 3
      vertex 41.2198 -54.6316 3
      vertex 43.8481 -55.7365 3
    endloop
  endfacet
  facet normal -0 0 1
    outer loop
      vertex 41.1373 -55.2585 3
      vertex 43.8481 -55.7365 3
      vertex 41.2198 -54.6316 3
    endloop
  endfacet
  facet normal -0 0 1
    outer loop
      vertex 41.0004 -55.8757 3
      vertex 43.6593 -56.5882 3
      vertex 41.1373 -55.2585 3
    endloop
  endfacet
  facet normal 0 0 1
    outer loop
      vertex 41.217 -53.304 3
      vertex 43.9619 -53.1284 3
      vertex 42.9715 -41.3463 3
    endloop
  endfacet
  facet normal 0 -0 1
    outer loop
      vertex 41.2474 -54 3
      vertex 43.9619 -53.1284 3
      vertex 41.217 -53.304 3
    endloop
  endfacet
  facet normal 0 0 1
    outer loop
      vertex 43.9619 -54.8716 3
      vertex 41.2474 -54 3
      vertex 41.2198 -54.6316 3
    endloop
  endfacet
  facet normal 0 0 1
    outer loop
      vertex 43.8481 -55.7365 3
      vertex 41.1373 -55.2585 3
      vertex 43.6593 -56.5882 3
    endloop
  endfacet
  facet normal -0 0 1
    outer loop
      vertex 40.8103 -56.4788 3
      vertex 43.3969 -57.4202 3
      vertex 41.0004 -55.8757 3
    endloop
  endfacet
  facet normal 0 0 1
    outer loop
      vertex 43.6593 -56.5882 3
      vertex 41.0004 -55.8757 3
      vertex 43.3969 -57.4202 3
    endloop
  endfacet
  facet normal 0 0 1
    outer loop
      vertex 42.9715 -41.3463 3
      vertex 40.2329 -41.5984 3
      vertex 41.217 -53.304 3
    endloop
  endfacet
  facet normal 0 0 1
    outer loop
      vertex 40.0092 -11.7725 3
      vertex 40.2329 -41.5984 3
      vertex 42.9715 -41.3463 3
    endloop
  endfacet
  facet normal 0 0 1
    outer loop
      vertex 38.064 56.5999 3
      vertex 39.9723 58.5835 3
      vertex 39.4954 59.0048 3
    endloop
  endfacet
  facet normal 0 0 1
    outer loop
      vertex 41.975 50.3057 3
      vertex 39.2497 52 3
      vertex 39.2254 50.3523 3
    endloop
  endfacet
  facet normal 0 0 1
    outer loop
      vertex 41.5 25 3
      vertex 39.2254 50.3523 3
      vertex 38.7511 25.0816 3
    endloop
  endfacet
  facet normal 0 0 1
    outer loop
      vertex 41.5 25 3
      vertex 38.7511 25.0816 3
      vertex 40.0092 -11.7725 3
    endloop
  endfacet
  facet normal 0 0 1
    outer loop
      vertex 37.2536 -11.8542 3
      vertex 40.0092 -11.7725 3
      vertex 38.7511 25.0816 3
    endloop
  endfacet
  facet normal 0 0 1
    outer loop
      vertex 40.0092 -11.7725 3
      vertex 37.2536 -11.8542 3
      vertex 40.2329 -41.5984 3
    endloop
  endfacet
  facet normal 0 0 1
    outer loop
      vertex 43.3969 -57.4202 3
      vertex 40.8103 -56.4788 3
      vertex 43.0631 -58.2262 3
    endloop
  endfacet
  facet normal -0 0 1
    outer loop
      vertex 40.5684 -57.0628 3
      vertex 43.0631 -58.2262 3
      vertex 40.8103 -56.4788 3
    endloop
  endfacet
  facet normal 0 0 1
    outer loop
      vertex 43.0631 -58.2262 3
      vertex 40.5684 -57.0628 3
      vertex 42.6602 -59 3
    endloop
  endfacet
  facet normal -0 0 1
    outer loop
      vertex 40.2764 -57.6237 3
      vertex 42.6602 -59 3
      vertex 40.5684 -57.0628 3
    endloop
  endfacet
  facet normal 0 0 1
    outer loop
      vertex 42.6602 -59 3
      vertex 40.2764 -57.6237 3
      vertex 42.1915 -59.7358 3
    endloop
  endfacet
  facet normal -0 0 1
    outer loop
      vertex 39.9367 -58.1569 3
      vertex 42.1915 -59.7358 3
      vertex 40.2764 -57.6237 3
    endloop
  endfacet
  facet normal 0 0 1
    outer loop
      vertex 42.1915 -59.7358 3
      vertex 39.9367 -58.1569 3
      vertex 41.6604 -60.4279 3
    endloop
  endfacet
  facet normal -0 0 1
    outer loop
      vertex 39.5518 -58.6586 3
      vertex 41.6604 -60.4279 3
      vertex 39.9367 -58.1569 3
    endloop
  endfacet
  facet normal 0 0 1
    outer loop
      vertex 41.6604 -60.4279 3
      vertex 39.5518 -58.6586 3
      vertex 41.0711 -61.0711 3
    endloop
  endfacet
  facet normal -0 0 1
    outer loop
      vertex 39.1247 -59.1247 3
      vertex 41.0711 -61.0711 3
      vertex 39.5518 -58.6586 3
    endloop
  endfacet
  facet normal 0 0 1
    outer loop
      vertex 41.0711 -61.0711 3
      vertex 39.1247 -59.1247 3
      vertex 40.4279 -61.6604 3
    endloop
  endfacet
  facet normal -0 0 1
    outer loop
      vertex 38.6586 -59.5518 3
      vertex 40.4279 -61.6604 3
      vertex 39.1247 -59.1247 3
    endloop
  endfacet
  facet normal 0 0 1
    outer loop
      vertex 40.4279 -61.6604 3
      vertex 38.6586 -59.5518 3
      vertex 39.7358 -62.1915 3
    endloop
  endfacet
  facet normal -0 0 1
    outer loop
      vertex 38.1569 -59.9367 3
      vertex 39.7358 -62.1915 3
      vertex 38.6586 -59.5518 3
    endloop
  endfacet
  facet normal 0 0 1
    outer loop
      vertex 39.7358 -62.1915 3
      vertex 38.1569 -59.9367 3
      vertex 39 -62.6602 3
    endloop
  endfacet
  facet normal -0 0 1
    outer loop
      vertex 37.6237 -60.2764 3
      vertex 39 -62.6602 3
      vertex 38.1569 -59.9367 3
    endloop
  endfacet
  facet normal 0 0 1
    outer loop
      vertex 39 -62.6602 3
      vertex 37.6237 -60.2764 3
      vertex 38.2262 -63.0631 3
    endloop
  endfacet
  facet normal -0 0 1
    outer loop
      vertex 37.0628 -60.5684 3
      vertex 38.2262 -63.0631 3
      vertex 37.6237 -60.2764 3
    endloop
  endfacet
  facet normal 0 0 1
    outer loop
      vertex 38.2262 -63.0631 3
      vertex 37.0628 -60.5684 3
      vertex 37.4202 -63.3969 3
    endloop
  endfacet
  facet normal -0 0 1
    outer loop
      vertex 36.4788 -60.8103 3
      vertex 37.4202 -63.3969 3
      vertex 37.0628 -60.5684 3
    endloop
  endfacet
  facet normal 0 0 1
    outer loop
      vertex 37.4202 -63.3969 3
      vertex 36.4788 -60.8103 3
      vertex 36.5882 -63.6593 3
    endloop
  endfacet
  facet normal -0 0 1
    outer loop
      vertex 35.8757 -61.0004 3
      vertex 36.5882 -63.6593 3
      vertex 36.4788 -60.8103 3
    endloop
  endfacet
  facet normal 0 0 1
    outer loop
      vertex 35.8757 -61.0004 3
      vertex 35.7365 -63.8481 3
      vertex 36.5882 -63.6593 3
    endloop
  endfacet
  facet normal -0 0 1
    outer loop
      vertex 35.2585 -61.1373 3
      vertex 35.7365 -63.8481 3
      vertex 35.8757 -61.0004 3
    endloop
  endfacet
  facet normal 0 0 1
    outer loop
      vertex 35.2585 -61.1373 3
      vertex 34.8716 -63.9619 3
      vertex 35.7365 -63.8481 3
    endloop
  endfacet
  facet normal -0 0 1
    outer loop
      vertex 34.6316 -61.2198 3
      vertex 34.8716 -63.9619 3
      vertex 35.2585 -61.1373 3
    endloop
  endfacet
  facet normal 0 0 1
    outer loop
      vertex 34.6316 -61.2198 3
      vertex 34 -64 3
      vertex 34.8716 -63.9619 3
    endloop
  endfacet
  facet normal -0 0 1
    outer loop
      vertex 33.9401 -61.25 3
      vertex 34 -64 3
      vertex 34.6316 -61.2198 3
    endloop
  endfacet
  facet normal -0 0 1
    outer loop
      vertex 28.6226 -61.25 3
      vertex 34 -64 3
      vertex 33.9401 -61.25 3
    endloop
  endfacet
  facet normal -0 0 1
    outer loop
      vertex 28.0506 -61.5478 3
      vertex 34 -64 3
      vertex 28.6226 -61.25 3
    endloop
  endfacet
  facet normal -0 0 1
    outer loop
      vertex 26.8013 -62.0652 3
      vertex 34 -64 3
      vertex 28.0506 -61.5478 3
    endloop
  endfacet
  facet normal -0 0 1
    outer loop
      vertex 25.5117 -62.4718 3
      vertex 34 -64 3
      vertex 26.8013 -62.0652 3
    endloop
  endfacet
  facet normal -0 0 1
    outer loop
      vertex 24.1915 -62.7645 3
      vertex 34 -64 3
      vertex 25.5117 -62.4718 3
    endloop
  endfacet
  facet normal -0 0 1
    outer loop
      vertex 22.8509 -62.941 3
      vertex 34 -64 3
      vertex 24.1915 -62.7645 3
    endloop
  endfacet
  facet normal 0 0 1
    outer loop
      vertex 17.7397 -64 3
      vertex 22.8509 -62.941 3
      vertex 21.5 -63 3
    endloop
  endfacet
  facet normal 0 0 1
    outer loop
      vertex 17.7397 -64 3
      vertex 21.5 -63 3
      vertex 20.1491 -62.941 3
    endloop
  endfacet
  facet normal 0 0 1
    outer loop
      vertex 22.8509 -62.941 3
      vertex 17.7397 -64 3
      vertex 34 -64 3
    endloop
  endfacet
  facet normal 0 0 1
    outer loop
      vertex 18.8085 -62.7645 3
      vertex 17.7397 -64 3
      vertex 20.1491 -62.941 3
    endloop
  endfacet
  facet normal 0 0 1
    outer loop
      vertex 17.4883 -62.4718 3
      vertex 17.7397 -64 3
      vertex 18.8085 -62.7645 3
    endloop
  endfacet
  facet normal 0 0 1
    outer loop
      vertex 15.5 -63.5397 3
      vertex 17.4883 -62.4718 3
      vertex 16.1987 -62.0652 3
    endloop
  endfacet
  facet normal 0 0 1
    outer loop
      vertex 17.4883 -62.4718 3
      vertex 15.5 -63.5397 3
      vertex 17.7397 -64 3
    endloop
  endfacet
  facet normal 0 0 1
    outer loop
      vertex 14.9494 -61.5478 3
      vertex 15.5 -63.5397 3
      vertex 16.1987 -62.0652 3
    endloop
  endfacet
  facet normal 0 0 1
    outer loop
      vertex 13.1012 -63.1369 3
      vertex 14.9494 -61.5478 3
      vertex 13.75 -60.9234 3
    endloop
  endfacet
  facet normal 0 0 1
    outer loop
      vertex 14.9494 -61.5478 3
      vertex 13.1012 -63.1369 3
      vertex 15.5 -63.5397 3
    endloop
  endfacet
  facet normal 0 0 1
    outer loop
      vertex 12.8081 -60.3233 3
      vertex 13.1012 -63.1369 3
      vertex 13.75 -60.9234 3
    endloop
  endfacet
  facet normal 0 0 1
    outer loop
      vertex 10.6026 -62.8031 3
      vertex 12.8081 -60.3233 3
      vertex 10.9239 -60.0716 3
    endloop
  endfacet
  facet normal 0 0 1
    outer loop
      vertex 12.8081 -60.3233 3
      vertex 10.6026 -62.8031 3
      vertex 13.1012 -63.1369 3
    endloop
  endfacet
  facet normal 0 0 1
    outer loop
      vertex 8.26065 -59.8007 3
      vertex 10.6026 -62.8031 3
      vertex 10.9239 -60.0716 3
    endloop
  endfacet
  facet normal 0 0 1
    outer loop
      vertex 8.26065 -59.8007 3
      vertex 8.02338 -62.5407 3
      vertex 10.6026 -62.8031 3
    endloop
  endfacet
  facet normal 0 0 1
    outer loop
      vertex 5.53955 -59.6061 3
      vertex 8.02338 -62.5407 3
      vertex 8.26065 -59.8007 3
    endloop
  endfacet
  facet normal 0 0 1
    outer loop
      vertex 5.53955 -59.6061 3
      vertex 5.38309 -62.3519 3
      vertex 8.02338 -62.5407 3
    endloop
  endfacet
  facet normal 0 0 1
    outer loop
      vertex 2.77954 -59.4889 3
      vertex 5.38309 -62.3519 3
      vertex 5.53955 -59.6061 3
    endloop
  endfacet
  facet normal 0 0 1
    outer loop
      vertex 2.77954 -59.4889 3
      vertex 2.70183 -62.2381 3
      vertex 5.38309 -62.3519 3
    endloop
  endfacet
  facet normal 0 0 1
    outer loop
      vertex 0 -59.4497 3
      vertex 2.70183 -62.2381 3
      vertex 2.77954 -59.4889 3
    endloop
  endfacet
  facet normal 0 0 1
    outer loop
      vertex 0 -59.4497 3
      vertex 0 -62.2 3
      vertex 2.70183 -62.2381 3
    endloop
  endfacet
  facet normal 0 0 1
    outer loop
      vertex 0 -59.4497 3
      vertex -2.70183 -62.2381 3
      vertex 0 -62.2 3
    endloop
  endfacet
  facet normal -0 0 1
    outer loop
      vertex -2.77954 -59.4889 3
      vertex -2.70183 -62.2381 3
      vertex 0 -59.4497 3
    endloop
  endfacet
  facet normal 0 0 1
    outer loop
      vertex -2.77954 -59.4889 3
      vertex -5.38309 -62.3519 3
      vertex -2.70183 -62.2381 3
    endloop
  endfacet
  facet normal -0 0 1
    outer loop
      vertex -5.53955 -59.6061 3
      vertex -5.38309 -62.3519 3
      vertex -2.77954 -59.4889 3
    endloop
  endfacet
  facet normal 0 0 1
    outer loop
      vertex -5.53955 -59.6061 3
      vertex -8.02338 -62.5407 3
      vertex -5.38309 -62.3519 3
    endloop
  endfacet
  facet normal -0 0 1
    outer loop
      vertex -8.26065 -59.8007 3
      vertex -8.02338 -62.5407 3
      vertex -5.53955 -59.6061 3
    endloop
  endfacet
  facet normal 0 0 1
    outer loop
      vertex -8.26065 -59.8007 3
      vertex -10.6026 -62.8031 3
      vertex -8.02338 -62.5407 3
    endloop
  endfacet
  facet normal -0 0 1
    outer loop
      vertex -10.9239 -60.0716 3
      vertex -10.6026 -62.8031 3
      vertex -8.26065 -59.8007 3
    endloop
  endfacet
  facet normal -0 0 1
    outer loop
      vertex -12.8081 -60.3233 3
      vertex -10.6026 -62.8031 3
      vertex -10.9239 -60.0716 3
    endloop
  endfacet
  facet normal 0 0 1
    outer loop
      vertex -12.8081 -60.3233 3
      vertex -13.1012 -63.1369 3
      vertex -10.6026 -62.8031 3
    endloop
  endfacet
  facet normal -0 0 1
    outer loop
      vertex -13.75 -60.9234 3
      vertex -13.1012 -63.1369 3
      vertex -12.8081 -60.3233 3
    endloop
  endfacet
  facet normal -0 0 1
    outer loop
      vertex -14.9494 -61.5478 3
      vertex -13.1012 -63.1369 3
      vertex -13.75 -60.9234 3
    endloop
  endfacet
  facet normal 0 0 1
    outer loop
      vertex -14.9494 -61.5478 3
      vertex -15.5 -63.5397 3
      vertex -13.1012 -63.1369 3
    endloop
  endfacet
  facet normal -0 0 1
    outer loop
      vertex -16.1987 -62.0652 3
      vertex -15.5 -63.5397 3
      vertex -14.9494 -61.5478 3
    endloop
  endfacet
  facet normal -0 0 1
    outer loop
      vertex -17.4883 -62.4718 3
      vertex -15.5 -63.5397 3
      vertex -16.1987 -62.0652 3
    endloop
  endfacet
  facet normal 0 0 1
    outer loop
      vertex -17.4883 -62.4718 3
      vertex -17.7397 -64 3
      vertex -15.5 -63.5397 3
    endloop
  endfacet
  facet normal -0 0 1
    outer loop
      vertex -18.8085 -62.7645 3
      vertex -17.7397 -64 3
      vertex -17.4883 -62.4718 3
    endloop
  endfacet
  facet normal -0 0 1
    outer loop
      vertex -20.1491 -62.941 3
      vertex -17.7397 -64 3
      vertex -18.8085 -62.7645 3
    endloop
  endfacet
  facet normal -0 0 1
    outer loop
      vertex -21.5 -63 3
      vertex -17.7397 -64 3
      vertex -20.1491 -62.941 3
    endloop
  endfacet
  facet normal 0 0 1
    outer loop
      vertex -22.8509 -62.941 3
      vertex -17.7397 -64 3
      vertex -21.5 -63 3
    endloop
  endfacet
  facet normal 0 0 1
    outer loop
      vertex -34 -64 3
      vertex -22.8509 -62.941 3
      vertex -24.1915 -62.7645 3
    endloop
  endfacet
  facet normal 0 0 1
    outer loop
      vertex -34 -64 3
      vertex -28.6226 -61.25 3
      vertex -33.9401 -61.25 3
    endloop
  endfacet
  facet normal 0 0 1
    outer loop
      vertex -28.6226 -61.25 3
      vertex -34 -64 3
      vertex -28.0506 -61.5478 3
    endloop
  endfacet
  facet normal 0 0 1
    outer loop
      vertex -28.0506 -61.5478 3
      vertex -34 -64 3
      vertex -26.8013 -62.0652 3
    endloop
  endfacet
  facet normal 0 0 1
    outer loop
      vertex -26.8013 -62.0652 3
      vertex -34 -64 3
      vertex -25.5117 -62.4718 3
    endloop
  endfacet
  facet normal 0 0 1
    outer loop
      vertex -25.5117 -62.4718 3
      vertex -34 -64 3
      vertex -24.1915 -62.7645 3
    endloop
  endfacet
  facet normal 0 0 1
    outer loop
      vertex -22.8509 -62.941 3
      vertex -34 -64 3
      vertex -17.7397 -64 3
    endloop
  endfacet
  facet normal 0 0 1
    outer loop
      vertex -34.6316 -61.2198 3
      vertex -34 -64 3
      vertex -33.9401 -61.25 3
    endloop
  endfacet
  facet normal 0 0 1
    outer loop
      vertex -34.6316 -61.2198 3
      vertex -34.8716 -63.9619 3
      vertex -34 -64 3
    endloop
  endfacet
  facet normal 0 0 1
    outer loop
      vertex -35.2585 -61.1373 3
      vertex -34.8716 -63.9619 3
      vertex -34.6316 -61.2198 3
    endloop
  endfacet
  facet normal 0 0 1
    outer loop
      vertex -35.2585 -61.1373 3
      vertex -35.7365 -63.8481 3
      vertex -34.8716 -63.9619 3
    endloop
  endfacet
  facet normal 0 0 1
    outer loop
      vertex -35.8757 -61.0004 3
      vertex -35.7365 -63.8481 3
      vertex -35.2585 -61.1373 3
    endloop
  endfacet
  facet normal 0 0 1
    outer loop
      vertex -36.5882 -63.6593 3
      vertex -35.8757 -61.0004 3
      vertex -36.4788 -60.8103 3
    endloop
  endfacet
  facet normal 0 0 1
    outer loop
      vertex -35.8757 -61.0004 3
      vertex -36.5882 -63.6593 3
      vertex -35.7365 -63.8481 3
    endloop
  endfacet
  facet normal 0 0 1
    outer loop
      vertex -37.4202 -63.3969 3
      vertex -36.4788 -60.8103 3
      vertex -37.0628 -60.5684 3
    endloop
  endfacet
  facet normal 0 0 1
    outer loop
      vertex -36.4788 -60.8103 3
      vertex -37.4202 -63.3969 3
      vertex -36.5882 -63.6593 3
    endloop
  endfacet
  facet normal 0 0 1
    outer loop
      vertex -38.2262 -63.0631 3
      vertex -37.0628 -60.5684 3
      vertex -37.6237 -60.2764 3
    endloop
  endfacet
  facet normal 0 0 1
    outer loop
      vertex -39 -62.6602 3
      vertex -37.6237 -60.2764 3
      vertex -38.1569 -59.9367 3
    endloop
  endfacet
  facet normal 0 0 1
    outer loop
      vertex -37.0628 -60.5684 3
      vertex -38.2262 -63.0631 3
      vertex -37.4202 -63.3969 3
    endloop
  endfacet
  facet normal 0 0 1
    outer loop
      vertex -39.7358 -62.1915 3
      vertex -38.1569 -59.9367 3
      vertex -38.6586 -59.5518 3
    endloop
  endfacet
  facet normal 0 0 1
    outer loop
      vertex -37.6237 -60.2764 3
      vertex -39 -62.6602 3
      vertex -38.2262 -63.0631 3
    endloop
  endfacet
  facet normal 0 0 1
    outer loop
      vertex -40.4279 -61.6604 3
      vertex -38.6586 -59.5518 3
      vertex -39.1247 -59.1247 3
    endloop
  endfacet
  facet normal 0 0 1
    outer loop
      vertex -41.0711 -61.0711 3
      vertex -39.1247 -59.1247 3
      vertex -39.5518 -58.6586 3
    endloop
  endfacet
  facet normal 0 0 1
    outer loop
      vertex -38.1569 -59.9367 3
      vertex -39.7358 -62.1915 3
      vertex -39 -62.6602 3
    endloop
  endfacet
  facet normal 0 0 1
    outer loop
      vertex -41.6604 -60.4279 3
      vertex -39.5518 -58.6586 3
      vertex -39.9367 -58.1569 3
    endloop
  endfacet
  facet normal 0 0 1
    outer loop
      vertex -42.1915 -59.7358 3
      vertex -39.9367 -58.1569 3
      vertex -40.2764 -57.6237 3
    endloop
  endfacet
  facet normal 0 0 1
    outer loop
      vertex -38.6586 -59.5518 3
      vertex -40.4279 -61.6604 3
      vertex -39.7358 -62.1915 3
    endloop
  endfacet
  facet normal 0 0 1
    outer loop
      vertex -42.6602 -59 3
      vertex -40.2764 -57.6237 3
      vertex -40.5684 -57.0628 3
    endloop
  endfacet
  facet normal 0 0 1
    outer loop
      vertex -43.0631 -58.2262 3
      vertex -40.5684 -57.0628 3
      vertex -40.8103 -56.4788 3
    endloop
  endfacet
  facet normal 0 0 1
    outer loop
      vertex -43.3969 -57.4202 3
      vertex -40.8103 -56.4788 3
      vertex -41.0004 -55.8757 3
    endloop
  endfacet
  facet normal 0 0 1
    outer loop
      vertex -39.1247 -59.1247 3
      vertex -41.0711 -61.0711 3
      vertex -40.4279 -61.6604 3
    endloop
  endfacet
  facet normal 0 0 1
    outer loop
      vertex -43.6593 -56.5882 3
      vertex -41.0004 -55.8757 3
      vertex -41.1373 -55.2585 3
    endloop
  endfacet
  facet normal 0 0 1
    outer loop
      vertex -43.8481 -55.7365 3
      vertex -41.1373 -55.2585 3
      vertex -41.2198 -54.6316 3
    endloop
  endfacet
  facet normal 0 0 1
    outer loop
      vertex -43.9619 -54.8716 3
      vertex -41.2198 -54.6316 3
      vertex -41.2474 -54 3
    endloop
  endfacet
  facet normal 0 0 1
    outer loop
      vertex -39.5518 -58.6586 3
      vertex -41.6604 -60.4279 3
      vertex -41.0711 -61.0711 3
    endloop
  endfacet
  facet normal 0 0 1
    outer loop
      vertex -39.2254 50.3523 3
      vertex -41.975 50.3057 3
      vertex -38.7511 25.0816 3
    endloop
  endfacet
  facet normal 0 0 1
    outer loop
      vertex -41.7751 55.3612 3
      vertex -40.3985 58.1371 3
      vertex -40.7743 57.6626 3
    endloop
  endfacet
  facet normal 0 0 1
    outer loop
      vertex -41.7751 55.3612 3
      vertex -40.7743 57.6626 3
      vertex -41.0997 57.1559 3
    endloop
  endfacet
  facet normal 0 0 1
    outer loop
      vertex -41.7751 55.3612 3
      vertex -41.0997 57.1559 3
      vertex -41.375 56.6107 3
    endloop
  endfacet
  facet normal 0 0 1
    outer loop
      vertex -38.7511 25.0816 3
      vertex -41.5 25 3
      vertex -40.0092 -11.7725 3
    endloop
  endfacet
  facet normal 0 0 1
    outer loop
      vertex -41.7751 55.3612 3
      vertex -41.375 56.6107 3
      vertex -41.6001 56.0177 3
    endloop
  endfacet
  facet normal 0 0 1
    outer loop
      vertex -40.3985 58.1371 3
      vertex -41.7751 55.3612 3
      vertex -41.9 54.6113 3
    endloop
  endfacet
  facet normal 0 0 1
    outer loop
      vertex -40.3985 58.1371 3
      vertex -41.9 54.6113 3
      vertex -41.975 53.6943 3
    endloop
  endfacet
  facet normal 0 0 1
    outer loop
      vertex -40.3985 58.1371 3
      vertex -41.975 53.6943 3
      vertex -42 52 3
    endloop
  endfacet
  facet normal 0 0 1
    outer loop
      vertex -38.7511 25.0816 3
      vertex -41.975 50.3057 3
      vertex -41.5 25 3
    endloop
  endfacet
  facet normal 0 0 1
    outer loop
      vertex -40.3985 58.1371 3
      vertex -42 52 3
      vertex -41.975 50.3057 3
    endloop
  endfacet
  facet normal 0 0 1
    outer loop
      vertex 42 52 3
      vertex 39.2497 52 3
      vertex 41.975 50.3057 3
    endloop
  endfacet
  facet normal 0 0 1
    outer loop
      vertex 41.9 54.6113 3
      vertex 39.1685 54.2727 3
      vertex 39.2267 53.5616 3
    endloop
  endfacet
  facet normal 0 0 1
    outer loop
      vertex 41.7751 55.3612 3
      vertex 39.084 54.7796 3
      vertex 39.1685 54.2727 3
    endloop
  endfacet
  facet normal 0 0 1
    outer loop
      vertex 41.6001 56.0177 3
      vertex 38.979 55.1735 3
      vertex 39.084 54.7796 3
    endloop
  endfacet
  facet normal 0 0 1
    outer loop
      vertex 37.7536 56.8741 3
      vertex 39.4954 59.0048 3
      vertex 38.9677 59.4035 3
    endloop
  endfacet
  facet normal 0 0 1
    outer loop
      vertex 41.375 56.6107 3
      vertex 38.8551 55.5 3
      vertex 38.979 55.1735 3
    endloop
  endfacet
  facet normal 0 0 1
    outer loop
      vertex 41.0997 57.1559 3
      vertex 38.709 55.7896 3
      vertex 38.8551 55.5 3
    endloop
  endfacet
  facet normal 0 0 1
    outer loop
      vertex 40.7743 57.6626 3
      vertex 38.534 56.062 3
      vertex 38.709 55.7896 3
    endloop
  endfacet
  facet normal 0 0 1
    outer loop
      vertex 37.3857 57.152 3
      vertex 38.9677 59.4035 3
      vertex 38.3889 59.781 3
    endloop
  endfacet
  facet normal 0 0 1
    outer loop
      vertex 40.3985 58.1371 3
      vertex 38.3217 56.33 3
      vertex 38.534 56.062 3
    endloop
  endfacet
  facet normal 0 0 1
    outer loop
      vertex 39.9723 58.5835 3
      vertex 38.064 56.5999 3
      vertex 38.3217 56.33 3
    endloop
  endfacet
  facet normal 0 0 1
    outer loop
      vertex 36.9572 57.4316 3
      vertex 38.3889 59.781 3
      vertex 37.7587 60.1389 3
    endloop
  endfacet
  facet normal 0 0 1
    outer loop
      vertex 39.4954 59.0048 3
      vertex 37.7536 56.8741 3
      vertex 38.064 56.5999 3
    endloop
  endfacet
  facet normal 0 0 1
    outer loop
      vertex 38.9677 59.4035 3
      vertex 37.3857 57.152 3
      vertex 37.7536 56.8741 3
    endloop
  endfacet
  facet normal 0 0 1
    outer loop
      vertex 36.4665 57.7103 3
      vertex 37.7587 60.1389 3
      vertex 37.0768 60.4781 3
    endloop
  endfacet
  facet normal 0 0 1
    outer loop
      vertex 38.3889 59.781 3
      vertex 36.9572 57.4316 3
      vertex 37.3857 57.152 3
    endloop
  endfacet
  facet normal 0 0 1
    outer loop
      vertex 37.7587 60.1389 3
      vertex 36.4665 57.7103 3
      vertex 36.9572 57.4316 3
    endloop
  endfacet
  facet normal 0 0 1
    outer loop
      vertex 35.9122 57.986 3
      vertex 37.0768 60.4781 3
      vertex 36.3426 60.7995 3
    endloop
  endfacet
  facet normal 0 0 1
    outer loop
      vertex 37.0768 60.4781 3
      vertex 35.9122 57.986 3
      vertex 36.4665 57.7103 3
    endloop
  endfacet
  facet normal 0 0 1
    outer loop
      vertex 35.2949 58.2562 3
      vertex 36.3426 60.7995 3
      vertex 35.5556 61.1038 3
    endloop
  endfacet
  facet normal 0 0 1
    outer loop
      vertex 36.3426 60.7995 3
      vertex 35.2949 58.2562 3
      vertex 35.9122 57.986 3
    endloop
  endfacet
  facet normal 0 0 1
    outer loop
      vertex 34.6142 58.5194 3
      vertex 35.5556 61.1038 3
      vertex 34.7151 61.3915 3
    endloop
  endfacet
  facet normal 0 0 1
    outer loop
      vertex 35.5556 61.1038 3
      vertex 34.6142 58.5194 3
      vertex 35.2949 58.2562 3
    endloop
  endfacet
  facet normal 0 0 1
    outer loop
      vertex 34.7151 61.3915 3
      vertex 33.8702 58.774 3
      vertex 34.6142 58.5194 3
    endloop
  endfacet
  facet normal 0 0 1
    outer loop
      vertex 33.8203 61.6629 3
      vertex 33.8702 58.774 3
      vertex 34.7151 61.3915 3
    endloop
  endfacet
  facet normal 0 0 1
    outer loop
      vertex 33.8203 61.6629 3
      vertex 33.0636 59.0187 3
      vertex 33.8702 58.774 3
    endloop
  endfacet
  facet normal 0 0 1
    outer loop
      vertex 32.8701 61.9186 3
      vertex 33.0636 59.0187 3
      vertex 33.8203 61.6629 3
    endloop
  endfacet
  facet normal 0 0 1
    outer loop
      vertex 32.8701 61.9186 3
      vertex 32.1938 59.2528 3
      vertex 33.0636 59.0187 3
    endloop
  endfacet
  facet normal 0 0 1
    outer loop
      vertex 31.8633 62.1587 3
      vertex 32.1938 59.2528 3
      vertex 32.8701 61.9186 3
    endloop
  endfacet
  facet normal 0 0 1
    outer loop
      vertex 31.8633 62.1587 3
      vertex 31.2601 59.4755 3
      vertex 32.1938 59.2528 3
    endloop
  endfacet
  facet normal 0 0 1
    outer loop
      vertex 30.7984 62.3836 3
      vertex 31.2601 59.4755 3
      vertex 31.8633 62.1587 3
    endloop
  endfacet
  facet normal 0 0 1
    outer loop
      vertex 30.7984 62.3836 3
      vertex 30.2621 59.6862 3
      vertex 31.2601 59.4755 3
    endloop
  endfacet
  facet normal 0 0 1
    outer loop
      vertex 29.6735 62.5934 3
      vertex 30.2621 59.6862 3
      vertex 30.7984 62.3836 3
    endloop
  endfacet
  facet normal 0 0 1
    outer loop
      vertex 29.6735 62.5934 3
      vertex 29.199 59.8844 3
      vertex 30.2621 59.6862 3
    endloop
  endfacet
  facet normal 0 0 1
    outer loop
      vertex 28.4862 62.7882 3
      vertex 29.199 59.8844 3
      vertex 29.6735 62.5934 3
    endloop
  endfacet
  facet normal 0 0 1
    outer loop
      vertex 28.4862 62.7882 3
      vertex 28.0675 60.0701 3
      vertex 29.199 59.8844 3
    endloop
  endfacet
  facet normal 0 0 1
    outer loop
      vertex 27.2336 62.9683 3
      vertex 28.0675 60.0701 3
      vertex 28.4862 62.7882 3
    endloop
  endfacet
  facet normal 0 0 1
    outer loop
      vertex 27.2336 62.9683 3
      vertex 26.8672 60.2427 3
      vertex 28.0675 60.0701 3
    endloop
  endfacet
  facet normal 0 0 1
    outer loop
      vertex 25.9121 63.1336 3
      vertex 26.8672 60.2427 3
      vertex 27.2336 62.9683 3
    endloop
  endfacet
  facet normal 0 0 1
    outer loop
      vertex 25.9121 63.1336 3
      vertex 25.5943 60.4019 3
      vertex 26.8672 60.2427 3
    endloop
  endfacet
  facet normal 0 0 1
    outer loop
      vertex 24.517 63.2844 3
      vertex 25.5943 60.4019 3
      vertex 25.9121 63.1336 3
    endloop
  endfacet
  facet normal 0 0 1
    outer loop
      vertex 24.517 63.2844 3
      vertex 24.2426 60.548 3
      vertex 25.5943 60.4019 3
    endloop
  endfacet
  facet normal 0 0 1
    outer loop
      vertex 23.0422 63.4206 3
      vertex 24.2426 60.548 3
      vertex 24.517 63.2844 3
    endloop
  endfacet
  facet normal 0 0 1
    outer loop
      vertex 23.0422 63.4206 3
      vertex 22.8086 60.6805 3
      vertex 24.2426 60.548 3
    endloop
  endfacet
  facet normal 0 0 1
    outer loop
      vertex 21.4799 63.5424 3
      vertex 22.8086 60.6805 3
      vertex 23.0422 63.4206 3
    endloop
  endfacet
  facet normal 0 0 1
    outer loop
      vertex 21.4799 63.5424 3
      vertex 21.2838 60.7994 3
      vertex 22.8086 60.6805 3
    endloop
  endfacet
  facet normal 0 0 1
    outer loop
      vertex 19.8193 63.6498 3
      vertex 21.2838 60.7994 3
      vertex 21.4799 63.5424 3
    endloop
  endfacet
  facet normal 0 0 1
    outer loop
      vertex 19.8193 63.6498 3
      vertex 19.6593 60.9044 3
      vertex 21.2838 60.7994 3
    endloop
  endfacet
  facet normal 0 0 1
    outer loop
      vertex 18.0456 63.7428 3
      vertex 19.6593 60.9044 3
      vertex 19.8193 63.6498 3
    endloop
  endfacet
  facet normal 0 0 1
    outer loop
      vertex 18.0456 63.7428 3
      vertex 17.9165 60.9958 3
      vertex 19.6593 60.9044 3
    endloop
  endfacet
  facet normal 0 0 1
    outer loop
      vertex 16.1374 63.8214 3
      vertex 17.9165 60.9958 3
      vertex 18.0456 63.7428 3
    endloop
  endfacet
  facet normal 0 0 1
    outer loop
      vertex 16.1374 63.8214 3
      vertex 16.0392 61.0731 3
      vertex 17.9165 60.9958 3
    endloop
  endfacet
  facet normal 0 0 1
    outer loop
      vertex 14.0619 63.8857 3
      vertex 16.0392 61.0731 3
      vertex 16.1374 63.8214 3
    endloop
  endfacet
  facet normal 0 0 1
    outer loop
      vertex 14.0619 63.8857 3
      vertex 13.988 61.1367 3
      vertex 16.0392 61.0731 3
    endloop
  endfacet
  facet normal 0 0 1
    outer loop
      vertex 11.7641 63.9357 3
      vertex 13.988 61.1367 3
      vertex 14.0619 63.8857 3
    endloop
  endfacet
  facet normal 0 0 1
    outer loop
      vertex 11.7641 63.9357 3
      vertex 11.7155 61.1861 3
      vertex 13.988 61.1367 3
    endloop
  endfacet
  facet normal 0 0 1
    outer loop
      vertex 9.13974 63.9714 3
      vertex 11.7155 61.1861 3
      vertex 11.7641 63.9357 3
    endloop
  endfacet
  facet normal 0 0 1
    outer loop
      vertex 9.13974 63.9714 3
      vertex 9.11259 61.2216 3
      vertex 11.7155 61.1861 3
    endloop
  endfacet
  facet normal 0 0 1
    outer loop
      vertex 5.92992 63.9929 3
      vertex 9.11259 61.2216 3
      vertex 9.13974 63.9714 3
    endloop
  endfacet
  facet normal 0 0 1
    outer loop
      vertex 5.92992 63.9929 3
      vertex 5.9194 61.2429 3
      vertex 9.11259 61.2216 3
    endloop
  endfacet
  facet normal 0 0 1
    outer loop
      vertex 0 64 3
      vertex 5.9194 61.2429 3
      vertex 5.92992 63.9929 3
    endloop
  endfacet
  facet normal 0 0 1
    outer loop
      vertex 0 64 3
      vertex 0 61.25 3
      vertex 5.9194 61.2429 3
    endloop
  endfacet
  facet normal 0 0 1
    outer loop
      vertex 0 64 3
      vertex -5.9194 61.2429 3
      vertex 0 61.25 3
    endloop
  endfacet
  facet normal -0 0 1
    outer loop
      vertex -5.92992 63.9929 3
      vertex -5.9194 61.2429 3
      vertex 0 64 3
    endloop
  endfacet
  facet normal 0 0 1
    outer loop
      vertex -5.92992 63.9929 3
      vertex -9.11259 61.2216 3
      vertex -5.9194 61.2429 3
    endloop
  endfacet
  facet normal -0 0 1
    outer loop
      vertex -9.13974 63.9714 3
      vertex -9.11259 61.2216 3
      vertex -5.92992 63.9929 3
    endloop
  endfacet
  facet normal 0 0 1
    outer loop
      vertex -9.13974 63.9714 3
      vertex -11.7155 61.1861 3
      vertex -9.11259 61.2216 3
    endloop
  endfacet
  facet normal -0 0 1
    outer loop
      vertex -11.7641 63.9357 3
      vertex -11.7155 61.1861 3
      vertex -9.13974 63.9714 3
    endloop
  endfacet
  facet normal 0 0 1
    outer loop
      vertex -11.7641 63.9357 3
      vertex -13.988 61.1367 3
      vertex -11.7155 61.1861 3
    endloop
  endfacet
  facet normal -0 0 1
    outer loop
      vertex -14.0619 63.8857 3
      vertex -13.988 61.1367 3
      vertex -11.7641 63.9357 3
    endloop
  endfacet
  facet normal 0 0 1
    outer loop
      vertex -14.0619 63.8857 3
      vertex -16.0392 61.0731 3
      vertex -13.988 61.1367 3
    endloop
  endfacet
  facet normal -0 0 1
    outer loop
      vertex -16.1374 63.8214 3
      vertex -16.0392 61.0731 3
      vertex -14.0619 63.8857 3
    endloop
  endfacet
  facet normal 0 0 1
    outer loop
      vertex -16.1374 63.8214 3
      vertex -17.9165 60.9958 3
      vertex -16.0392 61.0731 3
    endloop
  endfacet
  facet normal -0 0 1
    outer loop
      vertex -18.0456 63.7428 3
      vertex -17.9165 60.9958 3
      vertex -16.1374 63.8214 3
    endloop
  endfacet
  facet normal 0 0 1
    outer loop
      vertex -18.0456 63.7428 3
      vertex -19.6593 60.9044 3
      vertex -17.9165 60.9958 3
    endloop
  endfacet
  facet normal -0 0 1
    outer loop
      vertex -19.8193 63.6498 3
      vertex -19.6593 60.9044 3
      vertex -18.0456 63.7428 3
    endloop
  endfacet
  facet normal 0 0 1
    outer loop
      vertex -19.8193 63.6498 3
      vertex -21.2838 60.7994 3
      vertex -19.6593 60.9044 3
    endloop
  endfacet
  facet normal -0 0 1
    outer loop
      vertex -21.4799 63.5424 3
      vertex -21.2838 60.7994 3
      vertex -19.8193 63.6498 3
    endloop
  endfacet
  facet normal 0 0 1
    outer loop
      vertex -21.4799 63.5424 3
      vertex -22.8086 60.6805 3
      vertex -21.2838 60.7994 3
    endloop
  endfacet
  facet normal -0 0 1
    outer loop
      vertex -23.0422 63.4206 3
      vertex -22.8086 60.6805 3
      vertex -21.4799 63.5424 3
    endloop
  endfacet
  facet normal 0 0 1
    outer loop
      vertex -23.0422 63.4206 3
      vertex -24.2426 60.548 3
      vertex -22.8086 60.6805 3
    endloop
  endfacet
  facet normal -0 0 1
    outer loop
      vertex -24.517 63.2844 3
      vertex -24.2426 60.548 3
      vertex -23.0422 63.4206 3
    endloop
  endfacet
  facet normal 0 0 1
    outer loop
      vertex -24.517 63.2844 3
      vertex -25.5943 60.4019 3
      vertex -24.2426 60.548 3
    endloop
  endfacet
  facet normal -0 0 1
    outer loop
      vertex -25.9121 63.1336 3
      vertex -25.5943 60.4019 3
      vertex -24.517 63.2844 3
    endloop
  endfacet
  facet normal 0 0 1
    outer loop
      vertex -25.9121 63.1336 3
      vertex -26.8672 60.2427 3
      vertex -25.5943 60.4019 3
    endloop
  endfacet
  facet normal -0 0 1
    outer loop
      vertex -27.2336 62.9683 3
      vertex -26.8672 60.2427 3
      vertex -25.9121 63.1336 3
    endloop
  endfacet
  facet normal 0 0 1
    outer loop
      vertex -27.2336 62.9683 3
      vertex -28.0675 60.0701 3
      vertex -26.8672 60.2427 3
    endloop
  endfacet
  facet normal -0 0 1
    outer loop
      vertex -28.4862 62.7882 3
      vertex -28.0675 60.0701 3
      vertex -27.2336 62.9683 3
    endloop
  endfacet
  facet normal 0 0 1
    outer loop
      vertex -28.4862 62.7882 3
      vertex -29.199 59.8844 3
      vertex -28.0675 60.0701 3
    endloop
  endfacet
  facet normal -0 0 1
    outer loop
      vertex -29.6735 62.5934 3
      vertex -29.199 59.8844 3
      vertex -28.4862 62.7882 3
    endloop
  endfacet
  facet normal 0 0 1
    outer loop
      vertex -29.6735 62.5934 3
      vertex -30.2621 59.6862 3
      vertex -29.199 59.8844 3
    endloop
  endfacet
  facet normal -0 0 1
    outer loop
      vertex -30.7984 62.3836 3
      vertex -30.2621 59.6862 3
      vertex -29.6735 62.5934 3
    endloop
  endfacet
  facet normal 0 0 1
    outer loop
      vertex -30.7984 62.3836 3
      vertex -31.2601 59.4755 3
      vertex -30.2621 59.6862 3
    endloop
  endfacet
  facet normal -0 0 1
    outer loop
      vertex -31.8633 62.1587 3
      vertex -31.2601 59.4755 3
      vertex -30.7984 62.3836 3
    endloop
  endfacet
  facet normal 0 0 1
    outer loop
      vertex -31.8633 62.1587 3
      vertex -32.1938 59.2528 3
      vertex -31.2601 59.4755 3
    endloop
  endfacet
  facet normal -0 0 1
    outer loop
      vertex -32.8701 61.9186 3
      vertex -32.1938 59.2528 3
      vertex -31.8633 62.1587 3
    endloop
  endfacet
  facet normal 0 0 1
    outer loop
      vertex -32.8701 61.9186 3
      vertex -33.0636 59.0187 3
      vertex -32.1938 59.2528 3
    endloop
  endfacet
  facet normal -0 0 1
    outer loop
      vertex -33.8203 61.6629 3
      vertex -33.0636 59.0187 3
      vertex -32.8701 61.9186 3
    endloop
  endfacet
  facet normal 0 0 1
    outer loop
      vertex -33.8203 61.6629 3
      vertex -33.8702 58.774 3
      vertex -33.0636 59.0187 3
    endloop
  endfacet
  facet normal -0 0 1
    outer loop
      vertex -34.7151 61.3915 3
      vertex -33.8702 58.774 3
      vertex -33.8203 61.6629 3
    endloop
  endfacet
  facet normal 0 0 1
    outer loop
      vertex -33.8702 58.774 3
      vertex -34.7151 61.3915 3
      vertex -34.6142 58.5194 3
    endloop
  endfacet
  facet normal -0 0 1
    outer loop
      vertex -35.5556 61.1038 3
      vertex -34.6142 58.5194 3
      vertex -34.7151 61.3915 3
    endloop
  endfacet
  facet normal 0 0 1
    outer loop
      vertex -34.6142 58.5194 3
      vertex -35.5556 61.1038 3
      vertex -35.2949 58.2562 3
    endloop
  endfacet
  facet normal -0 0 1
    outer loop
      vertex -36.3426 60.7995 3
      vertex -35.2949 58.2562 3
      vertex -35.5556 61.1038 3
    endloop
  endfacet
  facet normal 0 0 1
    outer loop
      vertex -35.2949 58.2562 3
      vertex -36.3426 60.7995 3
      vertex -35.9122 57.986 3
    endloop
  endfacet
  facet normal -0 0 1
    outer loop
      vertex -37.0768 60.4781 3
      vertex -35.9122 57.986 3
      vertex -36.3426 60.7995 3
    endloop
  endfacet
  facet normal 0 0 1
    outer loop
      vertex -35.9122 57.986 3
      vertex -37.0768 60.4781 3
      vertex -36.4665 57.7103 3
    endloop
  endfacet
  facet normal -0 0 1
    outer loop
      vertex -37.7587 60.1389 3
      vertex -36.4665 57.7103 3
      vertex -37.0768 60.4781 3
    endloop
  endfacet
  facet normal 0 0 1
    outer loop
      vertex -36.4665 57.7103 3
      vertex -37.7587 60.1389 3
      vertex -36.9572 57.4316 3
    endloop
  endfacet
  facet normal -0 0 1
    outer loop
      vertex -38.3889 59.781 3
      vertex -36.9572 57.4316 3
      vertex -37.7587 60.1389 3
    endloop
  endfacet
  facet normal 0 0 1
    outer loop
      vertex -36.9572 57.4316 3
      vertex -38.3889 59.781 3
      vertex -37.3857 57.152 3
    endloop
  endfacet
  facet normal -0 0 1
    outer loop
      vertex -38.9677 59.4035 3
      vertex -37.3857 57.152 3
      vertex -38.3889 59.781 3
    endloop
  endfacet
  facet normal 0 0 1
    outer loop
      vertex -37.3857 57.152 3
      vertex -38.9677 59.4035 3
      vertex -37.7536 56.8741 3
    endloop
  endfacet
  facet normal -0 0 1
    outer loop
      vertex -39.4954 59.0048 3
      vertex -37.7536 56.8741 3
      vertex -38.9677 59.4035 3
    endloop
  endfacet
  facet normal 0 0 1
    outer loop
      vertex -37.7536 56.8741 3
      vertex -39.4954 59.0048 3
      vertex -38.064 56.5999 3
    endloop
  endfacet
  facet normal -0 0 1
    outer loop
      vertex -39.9723 58.5835 3
      vertex -38.064 56.5999 3
      vertex -39.4954 59.0048 3
    endloop
  endfacet
  facet normal 0 0 1
    outer loop
      vertex -38.064 56.5999 3
      vertex -39.9723 58.5835 3
      vertex -38.3217 56.33 3
    endloop
  endfacet
  facet normal -0 0 1
    outer loop
      vertex -40.3985 58.1371 3
      vertex -38.3217 56.33 3
      vertex -39.9723 58.5835 3
    endloop
  endfacet
  facet normal 0 0 1
    outer loop
      vertex -38.3217 56.33 3
      vertex -40.3985 58.1371 3
      vertex -38.534 56.062 3
    endloop
  endfacet
  facet normal 0 0 1
    outer loop
      vertex -38.534 56.062 3
      vertex -40.3985 58.1371 3
      vertex -38.709 55.7896 3
    endloop
  endfacet
  facet normal 0 0 1
    outer loop
      vertex -38.709 55.7896 3
      vertex -40.3985 58.1371 3
      vertex -38.8551 55.5 3
    endloop
  endfacet
  facet normal 0 0 1
    outer loop
      vertex -38.8551 55.5 3
      vertex -40.3985 58.1371 3
      vertex -38.979 55.1735 3
    endloop
  endfacet
  facet normal 0 0 1
    outer loop
      vertex -39.084 54.7796 3
      vertex -40.3985 58.1371 3
      vertex -39.1685 54.2727 3
    endloop
  endfacet
  facet normal 0 0 1
    outer loop
      vertex -38.979 55.1735 3
      vertex -40.3985 58.1371 3
      vertex -39.084 54.7796 3
    endloop
  endfacet
  facet normal 0 0 1
    outer loop
      vertex -41.975 50.3057 3
      vertex -39.1685 54.2727 3
      vertex -40.3985 58.1371 3
    endloop
  endfacet
  facet normal 0 0 1
    outer loop
      vertex -39.1685 54.2727 3
      vertex -41.975 50.3057 3
      vertex -39.2267 53.5616 3
    endloop
  endfacet
  facet normal 0 0 1
    outer loop
      vertex -39.2267 53.5616 3
      vertex -41.975 50.3057 3
      vertex -39.2497 52 3
    endloop
  endfacet
  facet normal 0 0 1
    outer loop
      vertex -39.2497 52 3
      vertex -41.975 50.3057 3
      vertex -39.2254 50.3523 3
    endloop
  endfacet
  facet normal -0 0 1
    outer loop
      vertex -40.0092 -11.7725 3
      vertex -37.2536 -11.8542 3
      vertex -38.7511 25.0816 3
    endloop
  endfacet
  facet normal 0 0 1
    outer loop
      vertex -40.0092 -11.7725 3
      vertex -40.2329 -41.5984 3
      vertex -37.2536 -11.8542 3
    endloop
  endfacet
  facet normal -0 0 1
    outer loop
      vertex -42.9715 -41.3463 3
      vertex -40.2329 -41.5984 3
      vertex -40.0092 -11.7725 3
    endloop
  endfacet
  facet normal 0 0 1
    outer loop
      vertex -40.2329 -41.5984 3
      vertex -42.9715 -41.3463 3
      vertex -41.217 -53.304 3
    endloop
  endfacet
  facet normal -0 0 1
    outer loop
      vertex -43.9619 -53.1284 3
      vertex -41.217 -53.304 3
      vertex -42.9715 -41.3463 3
    endloop
  endfacet
  facet normal 0 0 1
    outer loop
      vertex -41.217 -53.304 3
      vertex -43.9619 -53.1284 3
      vertex -41.2474 -54 3
    endloop
  endfacet
  facet normal 0 0 1
    outer loop
      vertex -44 -54 3
      vertex -41.2474 -54 3
      vertex -43.9619 -53.1284 3
    endloop
  endfacet
  facet normal 0 0 1
    outer loop
      vertex -39.9367 -58.1569 3
      vertex -42.1915 -59.7358 3
      vertex -41.6604 -60.4279 3
    endloop
  endfacet
  facet normal 0 0 1
    outer loop
      vertex -40.2764 -57.6237 3
      vertex -42.6602 -59 3
      vertex -42.1915 -59.7358 3
    endloop
  endfacet
  facet normal 0 0 1
    outer loop
      vertex -40.5684 -57.0628 3
      vertex -43.0631 -58.2262 3
      vertex -42.6602 -59 3
    endloop
  endfacet
  facet normal 0 0 1
    outer loop
      vertex -40.8103 -56.4788 3
      vertex -43.3969 -57.4202 3
      vertex -43.0631 -58.2262 3
    endloop
  endfacet
  facet normal 0 0 1
    outer loop
      vertex -41.0004 -55.8757 3
      vertex -43.6593 -56.5882 3
      vertex -43.3969 -57.4202 3
    endloop
  endfacet
  facet normal 0 0 1
    outer loop
      vertex -41.1373 -55.2585 3
      vertex -43.8481 -55.7365 3
      vertex -43.6593 -56.5882 3
    endloop
  endfacet
  facet normal 0 0 1
    outer loop
      vertex -41.2198 -54.6316 3
      vertex -43.9619 -54.8716 3
      vertex -43.8481 -55.7365 3
    endloop
  endfacet
  facet normal 0 0 1
    outer loop
      vertex -41.2474 -54 3
      vertex -44 -54 3
      vertex -43.9619 -54.8716 3
    endloop
  endfacet
  facet normal 0 0 1
    outer loop
      vertex 31.1 55 3
      vertex 37.7995 52 3
      vertex 37.7775 53.4918 3
    endloop
  endfacet
  facet normal 0 0 1
    outer loop
      vertex 36.5516 55.9649 3
      vertex 37.7775 53.4918 3
      vertex 37.7283 54.0942 3
    endloop
  endfacet
  facet normal 0 0 1
    outer loop
      vertex 36.8353 55.7507 3
      vertex 37.7283 54.0942 3
      vertex 37.6652 54.4729 3
    endloop
  endfacet
  facet normal 0 0 1
    outer loop
      vertex 37.0578 55.554 3
      vertex 37.6652 54.4729 3
      vertex 37.5971 54.7283 3
    endloop
  endfacet
  facet normal 0 0 1
    outer loop
      vertex 37.2267 55.3772 3
      vertex 37.5971 54.7283 3
      vertex 37.5264 54.9145 3
    endloop
  endfacet
  facet normal 0 0 1
    outer loop
      vertex 37.2267 55.3772 3
      vertex 37.5264 54.9145 3
      vertex 37.4484 55.0691 3
    endloop
  endfacet
  facet normal 0 0 1
    outer loop
      vertex 37.2267 55.3772 3
      vertex 37.4484 55.0691 3
      vertex 37.3527 55.218 3
    endloop
  endfacet
  facet normal 0 0 1
    outer loop
      vertex 37.7995 52 3
      vertex 31.1 55 3
      vertex 37.7756 50.3782 3
    endloop
  endfacet
  facet normal 0 0 1
    outer loop
      vertex 37.5971 54.7283 3
      vertex 37.2267 55.3772 3
      vertex 37.0578 55.554 3
    endloop
  endfacet
  facet normal 0 0 1
    outer loop
      vertex 37.6652 54.4729 3
      vertex 37.0578 55.554 3
      vertex 36.8353 55.7507 3
    endloop
  endfacet
  facet normal 0 0 1
    outer loop
      vertex 37.7283 54.0942 3
      vertex 36.8353 55.7507 3
      vertex 36.5516 55.9649 3
    endloop
  endfacet
  facet normal 0 0 1
    outer loop
      vertex 37.7775 53.4918 3
      vertex 36.5516 55.9649 3
      vertex 36.2024 56.1928 3
    endloop
  endfacet
  facet normal 0 0 1
    outer loop
      vertex 37.7775 53.4918 3
      vertex 36.2024 56.1928 3
      vertex 31.1 55 3
    endloop
  endfacet
  facet normal 0 0 1
    outer loop
      vertex 37.7756 50.3782 3
      vertex 31.1 55 3
      vertex 37.3016 25.1241 3
    endloop
  endfacet
  facet normal 0 0 1
    outer loop
      vertex 31.1 55 3
      vertex 36.2024 56.1928 3
      vertex 35.7849 56.4299 3
    endloop
  endfacet
  facet normal 0 0 1
    outer loop
      vertex 31.1 55 3
      vertex 35.7849 56.4299 3
      vertex 35.2984 56.6718 3
    endloop
  endfacet
  facet normal 0 0 1
    outer loop
      vertex 31.1 55 3
      vertex 35.2984 56.6718 3
      vertex 34.7425 56.9152 3
    endloop
  endfacet
  facet normal 0 0 1
    outer loop
      vertex 31.1 55 3
      vertex 34.7425 56.9152 3
      vertex 34.1177 57.1568 3
    endloop
  endfacet
  facet normal 0 0 1
    outer loop
      vertex 31.1 55 3
      vertex 34.1177 57.1568 3
      vertex 33.4252 57.3938 3
    endloop
  endfacet
  facet normal 0 0 1
    outer loop
      vertex 31.1 55 3
      vertex 33.4252 57.3938 3
      vertex 32.6647 57.6245 3
    endloop
  endfacet
  facet normal 0 0 1
    outer loop
      vertex 31.1 55 3
      vertex 32.6647 57.6245 3
      vertex 31.8368 57.8472 3
    endloop
  endfacet
  facet normal 0 0 1
    outer loop
      vertex 31.1 -27.44 3
      vertex 37.3016 25.1241 3
      vertex 31.1 55 3
    endloop
  endfacet
  facet normal 0 0 1
    outer loop
      vertex 37.3016 25.1241 3
      vertex 31.1 -27.44 3
      vertex 35.8007 -11.8974 3
    endloop
  endfacet
  facet normal -0 0 1
    outer loop
      vertex 31.1 -27.44 3
      vertex 38.0146 -34 3
      vertex 35.8007 -11.8974 3
    endloop
  endfacet
  facet normal 0 0 1
    outer loop
      vertex 31.1 -27.44 3
      vertex 29.1028 -34 3
      vertex 38.0146 -34 3
    endloop
  endfacet
  facet normal 0 0 1
    outer loop
      vertex 28.0506 -33.4522 3
      vertex 31.1 -27.44 3
      vertex 29.1 -27.44 3
    endloop
  endfacet
  facet normal 0 0 1
    outer loop
      vertex 29.1 55 3
      vertex 23.93 48.35 3
      vertex 29.1 -27.44 3
    endloop
  endfacet
  facet normal -0 0 1
    outer loop
      vertex 23.9239 -20.9294 3
      vertex 29.1 -27.44 3
      vertex 23.93 -20.79 3
    endloop
  endfacet
  facet normal 0 0 1
    outer loop
      vertex 23.5557 49.3784 3
      vertex 28.9489 58.4561 3
      vertex 27.8471 58.6369 3
    endloop
  endfacet
  facet normal -0 0 1
    outer loop
      vertex 23.9057 -21.0678 3
      vertex 29.1 -27.44 3
      vertex 23.9239 -20.9294 3
    endloop
  endfacet
  facet normal 0 0 1
    outer loop
      vertex 23.3585 49.5757 3
      vertex 27.8471 58.6369 3
      vertex 26.6735 58.8056 3
    endloop
  endfacet
  facet normal -0 0 1
    outer loop
      vertex 23.8755 -21.2041 3
      vertex 29.1 -27.44 3
      vertex 23.9057 -21.0678 3
    endloop
  endfacet
  facet normal 0 0 1
    outer loop
      vertex 23.13 49.7356 3
      vertex 26.6735 58.8056 3
      vertex 25.4262 58.9617 3
    endloop
  endfacet
  facet normal -0 0 1
    outer loop
      vertex 23.8335 -21.3372 3
      vertex 29.1 -27.44 3
      vertex 23.8755 -21.2041 3
    endloop
  endfacet
  facet normal 0 0 1
    outer loop
      vertex 22.8772 49.8535 3
      vertex 25.4262 58.9617 3
      vertex 24.0979 59.1052 3
    endloop
  endfacet
  facet normal 0 0 1
    outer loop
      vertex 29.1 -27.44 3
      vertex 23.93 48.35 3
      vertex 23.93 -20.79 3
    endloop
  endfacet
  facet normal -0 0 1
    outer loop
      vertex 23.7801 -21.4662 3
      vertex 29.1 -27.44 3
      vertex 23.8335 -21.3372 3
    endloop
  endfacet
  facet normal 0 0 1
    outer loop
      vertex 31.1 -27.44 3
      vertex 28.0506 -33.4522 3
      vertex 29.1028 -34 3
    endloop
  endfacet
  facet normal -0 0 1
    outer loop
      vertex 23.7156 -21.59 3
      vertex 29.1 -27.44 3
      vertex 23.7801 -21.4662 3
    endloop
  endfacet
  facet normal -0 0 1
    outer loop
      vertex 23.6406 -21.7077 3
      vertex 29.1 -27.44 3
      vertex 23.7156 -21.59 3
    endloop
  endfacet
  facet normal 0 0 1
    outer loop
      vertex 29.1 -27.44 3
      vertex 26.8013 -32.9348 3
      vertex 28.0506 -33.4522 3
    endloop
  endfacet
  facet normal -0 0 1
    outer loop
      vertex 23.5557 -21.8184 3
      vertex 29.1 -27.44 3
      vertex 23.6406 -21.7077 3
    endloop
  endfacet
  facet normal -0 0 1
    outer loop
      vertex 23.4614 -21.9214 3
      vertex 29.1 -27.44 3
      vertex 23.5557 -21.8184 3
    endloop
  endfacet
  facet normal -0 0 1
    outer loop
      vertex 23.3585 -22.0157 3
      vertex 29.1 -27.44 3
      vertex 23.4614 -21.9214 3
    endloop
  endfacet
  facet normal 0 0 1
    outer loop
      vertex 29.1 -27.44 3
      vertex 25.5117 -32.5282 3
      vertex 26.8013 -32.9348 3
    endloop
  endfacet
  facet normal -0 0 1
    outer loop
      vertex 23.2477 -22.1006 3
      vertex 29.1 -27.44 3
      vertex 23.3585 -22.0157 3
    endloop
  endfacet
  facet normal -0 0 1
    outer loop
      vertex 23.13 -22.1756 3
      vertex 29.1 -27.44 3
      vertex 23.2477 -22.1006 3
    endloop
  endfacet
  facet normal -0 0 1
    outer loop
      vertex 23.0062 -22.2401 3
      vertex 29.1 -27.44 3
      vertex 23.13 -22.1756 3
    endloop
  endfacet
  facet normal 0 0 1
    outer loop
      vertex 29.1 -27.44 3
      vertex 24.1915 -32.2355 3
      vertex 25.5117 -32.5282 3
    endloop
  endfacet
  facet normal -0 0 1
    outer loop
      vertex 22.8772 -22.2935 3
      vertex 29.1 -27.44 3
      vertex 23.0062 -22.2401 3
    endloop
  endfacet
  facet normal -0 0 1
    outer loop
      vertex 22.7441 -22.3355 3
      vertex 29.1 -27.44 3
      vertex 22.8772 -22.2935 3
    endloop
  endfacet
  facet normal 0 -0 1
    outer loop
      vertex 22.8509 -32.059 3
      vertex 29.1 -27.44 3
      vertex 22.7441 -22.3355 3
    endloop
  endfacet
  facet normal 0 0 1
    outer loop
      vertex 29.1 -27.44 3
      vertex 22.8509 -32.059 3
      vertex 24.1915 -32.2355 3
    endloop
  endfacet
  facet normal -0 0 1
    outer loop
      vertex 22.6078 -22.3657 3
      vertex 22.8509 -32.059 3
      vertex 22.7441 -22.3355 3
    endloop
  endfacet
  facet normal -0 0 1
    outer loop
      vertex 22.4694 -22.3839 3
      vertex 22.8509 -32.059 3
      vertex 22.6078 -22.3657 3
    endloop
  endfacet
  facet normal -0 0 1
    outer loop
      vertex 22.33 -22.39 3
      vertex 22.8509 -32.059 3
      vertex 22.4694 -22.3839 3
    endloop
  endfacet
  facet normal 0 0 1
    outer loop
      vertex 22.33 -22.39 3
      vertex 21.5 -32 3
      vertex 22.8509 -32.059 3
    endloop
  endfacet
  facet normal 0 0 1
    outer loop
      vertex 22.33 -22.39 3
      vertex 20.1491 -32.059 3
      vertex 21.5 -32 3
    endloop
  endfacet
  facet normal 0 0 1
    outer loop
      vertex 22.33 -22.39 3
      vertex 18.8085 -32.2355 3
      vertex 20.1491 -32.059 3
    endloop
  endfacet
  facet normal 0 0 1
    outer loop
      vertex 22.33 -22.39 3
      vertex 17.4883 -32.5282 3
      vertex 18.8085 -32.2355 3
    endloop
  endfacet
  facet normal 0 0 1
    outer loop
      vertex 22.33 -22.39 3
      vertex 16.1987 -32.9348 3
      vertex 17.4883 -32.5282 3
    endloop
  endfacet
  facet normal 0 0 1
    outer loop
      vertex 22.33 -22.39 3
      vertex 14.9494 -33.4522 3
      vertex 16.1987 -32.9348 3
    endloop
  endfacet
  facet normal 0 0 1
    outer loop
      vertex 22.33 -22.39 3
      vertex 13.8972 -34 3
      vertex 14.9494 -33.4522 3
    endloop
  endfacet
  facet normal 0 0 1
    outer loop
      vertex 22.33 -22.39 3
      vertex -13.8972 -34 3
      vertex 13.8972 -34 3
    endloop
  endfacet
  facet normal -0 0 1
    outer loop
      vertex -22.33 -22.39 3
      vertex -13.8972 -34 3
      vertex 22.33 -22.39 3
    endloop
  endfacet
  facet normal 0 0 1
    outer loop
      vertex -13.8972 -34 3
      vertex -22.33 -22.39 3
      vertex -14.9494 -33.4522 3
    endloop
  endfacet
  facet normal 0 0 1
    outer loop
      vertex -14.9494 -33.4522 3
      vertex -22.33 -22.39 3
      vertex -16.1987 -32.9348 3
    endloop
  endfacet
  facet normal 0 0 1
    outer loop
      vertex -16.1987 -32.9348 3
      vertex -22.33 -22.39 3
      vertex -17.4883 -32.5282 3
    endloop
  endfacet
  facet normal 0 0 1
    outer loop
      vertex -17.4883 -32.5282 3
      vertex -22.33 -22.39 3
      vertex -18.8085 -32.2355 3
    endloop
  endfacet
  facet normal 0 0 1
    outer loop
      vertex -18.8085 -32.2355 3
      vertex -22.33 -22.39 3
      vertex -20.1491 -32.059 3
    endloop
  endfacet
  facet normal 0 0 1
    outer loop
      vertex -20.1491 -32.059 3
      vertex -22.33 -22.39 3
      vertex -21.5 -32 3
    endloop
  endfacet
  facet normal 0 0 1
    outer loop
      vertex -22.8509 -32.059 3
      vertex -22.33 -22.39 3
      vertex -22.4694 -22.3839 3
    endloop
  endfacet
  facet normal 0 0 1
    outer loop
      vertex -22.8509 -32.059 3
      vertex -22.4694 -22.3839 3
      vertex -22.6078 -22.3657 3
    endloop
  endfacet
  facet normal 0 0 1
    outer loop
      vertex -22.8509 -32.059 3
      vertex -22.6078 -22.3657 3
      vertex -22.7441 -22.3355 3
    endloop
  endfacet
  facet normal 0 0 1
    outer loop
      vertex -22.33 -22.39 3
      vertex -22.8509 -32.059 3
      vertex -21.5 -32 3
    endloop
  endfacet
  facet normal 0 0 1
    outer loop
      vertex -29.1 -27.44 3
      vertex -22.7441 -22.3355 3
      vertex -22.8772 -22.2935 3
    endloop
  endfacet
  facet normal 0 0 1
    outer loop
      vertex -29.1 -27.44 3
      vertex -22.8772 -22.2935 3
      vertex -23.0062 -22.2401 3
    endloop
  endfacet
  facet normal 0 0 1
    outer loop
      vertex -29.1 -27.44 3
      vertex -23.0062 -22.2401 3
      vertex -23.13 -22.1756 3
    endloop
  endfacet
  facet normal 0 0 1
    outer loop
      vertex -29.1 -27.44 3
      vertex -23.13 -22.1756 3
      vertex -23.2477 -22.1006 3
    endloop
  endfacet
  facet normal 0 0 1
    outer loop
      vertex -29.1 -27.44 3
      vertex -23.2477 -22.1006 3
      vertex -23.3585 -22.0157 3
    endloop
  endfacet
  facet normal 0 0 1
    outer loop
      vertex -29.1 -27.44 3
      vertex -23.3585 -22.0157 3
      vertex -23.4614 -21.9214 3
    endloop
  endfacet
  facet normal 0 0 1
    outer loop
      vertex -29.1 -27.44 3
      vertex -23.4614 -21.9214 3
      vertex -23.5557 -21.8184 3
    endloop
  endfacet
  facet normal 0 0 1
    outer loop
      vertex -29.1 -27.44 3
      vertex -23.5557 -21.8184 3
      vertex -23.6406 -21.7077 3
    endloop
  endfacet
  facet normal 0 0 1
    outer loop
      vertex -29.1 -27.44 3
      vertex -23.6406 -21.7077 3
      vertex -23.7156 -21.59 3
    endloop
  endfacet
  facet normal 0 0 1
    outer loop
      vertex -29.1 -27.44 3
      vertex -23.7156 -21.59 3
      vertex -23.7801 -21.4662 3
    endloop
  endfacet
  facet normal 0 0 1
    outer loop
      vertex -29.1 -27.44 3
      vertex -23.7801 -21.4662 3
      vertex -23.8335 -21.3372 3
    endloop
  endfacet
  facet normal 0 0 1
    outer loop
      vertex -29.1 -27.44 3
      vertex -23.8335 -21.3372 3
      vertex -23.8755 -21.2041 3
    endloop
  endfacet
  facet normal 0 0 1
    outer loop
      vertex -29.1 -27.44 3
      vertex -23.8755 -21.2041 3
      vertex -23.9057 -21.0678 3
    endloop
  endfacet
  facet normal 0 0 1
    outer loop
      vertex -29.1 -27.44 3
      vertex -23.9057 -21.0678 3
      vertex -23.9239 -20.9294 3
    endloop
  endfacet
  facet normal 0 0 1
    outer loop
      vertex -22.7441 -22.3355 3
      vertex -29.1 -27.44 3
      vertex -22.8509 -32.059 3
    endloop
  endfacet
  facet normal 0 0 1
    outer loop
      vertex -29.1 -27.44 3
      vertex -23.9239 -20.9294 3
      vertex -23.93 -20.79 3
    endloop
  endfacet
  facet normal 0 0 1
    outer loop
      vertex -23.93 48.35 3
      vertex -29.1 55 3
      vertex -23.93 -20.79 3
    endloop
  endfacet
  facet normal 0 0 1
    outer loop
      vertex -29.1 55 3
      vertex -24.0979 59.1052 3
      vertex -25.4262 58.9617 3
    endloop
  endfacet
  facet normal 0 0 1
    outer loop
      vertex -23.93 -20.79 3
      vertex -29.1 55 3
      vertex -29.1 -27.44 3
    endloop
  endfacet
  facet normal 0 0 1
    outer loop
      vertex -29.1 55 3
      vertex -25.4262 58.9617 3
      vertex -26.6735 58.8056 3
    endloop
  endfacet
  facet normal 0 0 1
    outer loop
      vertex -22.8509 -32.059 3
      vertex -29.1 -27.44 3
      vertex -24.1915 -32.2355 3
    endloop
  endfacet
  facet normal 0 0 1
    outer loop
      vertex -29.1 55 3
      vertex -26.6735 58.8056 3
      vertex -27.8471 58.6369 3
    endloop
  endfacet
  facet normal 0 0 1
    outer loop
      vertex -24.1915 -32.2355 3
      vertex -29.1 -27.44 3
      vertex -25.5117 -32.5282 3
    endloop
  endfacet
  facet normal 0 0 1
    outer loop
      vertex -29.1 55 3
      vertex -27.8471 58.6369 3
      vertex -28.9489 58.4561 3
    endloop
  endfacet
  facet normal 0 0 1
    outer loop
      vertex -25.5117 -32.5282 3
      vertex -29.1 -27.44 3
      vertex -26.8013 -32.9348 3
    endloop
  endfacet
  facet normal 0 0 1
    outer loop
      vertex -26.8013 -32.9348 3
      vertex -29.1 -27.44 3
      vertex -28.0506 -33.4522 3
    endloop
  endfacet
  facet normal -0 0 1
    outer loop
      vertex -31.1 -27.44 3
      vertex -28.0506 -33.4522 3
      vertex -29.1 -27.44 3
    endloop
  endfacet
  facet normal 0 0 1
    outer loop
      vertex -28.0506 -33.4522 3
      vertex -31.1 -27.44 3
      vertex -29.1028 -34 3
    endloop
  endfacet
  facet normal -0 0 1
    outer loop
      vertex -33.4252 57.3938 3
      vertex -31.1 55 3
      vertex -32.6647 57.6245 3
    endloop
  endfacet
  facet normal -0 0 1
    outer loop
      vertex -34.1177 57.1568 3
      vertex -31.1 55 3
      vertex -33.4252 57.3938 3
    endloop
  endfacet
  facet normal -0 0 1
    outer loop
      vertex -34.7425 56.9152 3
      vertex -31.1 55 3
      vertex -34.1177 57.1568 3
    endloop
  endfacet
  facet normal -0 0 1
    outer loop
      vertex -35.2984 56.6718 3
      vertex -31.1 55 3
      vertex -34.7425 56.9152 3
    endloop
  endfacet
  facet normal -0 0 1
    outer loop
      vertex -35.7849 56.4299 3
      vertex -31.1 55 3
      vertex -35.2984 56.6718 3
    endloop
  endfacet
  facet normal 0 0 1
    outer loop
      vertex -31.1 55 3
      vertex -35.7849 56.4299 3
      vertex -37.7775 53.4918 3
    endloop
  endfacet
  facet normal 0 0 1
    outer loop
      vertex -31.1 55 3
      vertex -37.3016 25.1241 3
      vertex -31.1 -27.44 3
    endloop
  endfacet
  facet normal 0 0 1
    outer loop
      vertex -31.1 -27.44 3
      vertex -38.0146 -34 3
      vertex -29.1028 -34 3
    endloop
  endfacet
  facet normal 0 0 1
    outer loop
      vertex -38.0146 -34 3
      vertex -31.1 -27.44 3
      vertex -35.8007 -11.8974 3
    endloop
  endfacet
  facet normal 0 0 1
    outer loop
      vertex -37.7775 53.4918 3
      vertex -35.7849 56.4299 3
      vertex -36.2024 56.1928 3
    endloop
  endfacet
  facet normal 0 0 1
    outer loop
      vertex -37.7775 53.4918 3
      vertex -36.2024 56.1928 3
      vertex -36.5516 55.9649 3
    endloop
  endfacet
  facet normal 0 0 1
    outer loop
      vertex -37.7283 54.0942 3
      vertex -36.5516 55.9649 3
      vertex -36.8353 55.7507 3
    endloop
  endfacet
  facet normal 0 0 1
    outer loop
      vertex -37.7283 54.0942 3
      vertex -36.8353 55.7507 3
      vertex -37.0578 55.554 3
    endloop
  endfacet
  facet normal 0 0 1
    outer loop
      vertex -37.6652 54.4729 3
      vertex -37.0578 55.554 3
      vertex -37.2267 55.3772 3
    endloop
  endfacet
  facet normal 0 0 1
    outer loop
      vertex -31.1 -27.44 3
      vertex -37.3016 25.1241 3
      vertex -35.8007 -11.8974 3
    endloop
  endfacet
  facet normal 0 0 1
    outer loop
      vertex -37.5971 54.7283 3
      vertex -37.2267 55.3772 3
      vertex -37.3527 55.218 3
    endloop
  endfacet
  facet normal 0 0 1
    outer loop
      vertex -37.5971 54.7283 3
      vertex -37.3527 55.218 3
      vertex -37.4484 55.0691 3
    endloop
  endfacet
  facet normal 0 0 1
    outer loop
      vertex -37.5971 54.7283 3
      vertex -37.4484 55.0691 3
      vertex -37.5264 54.9145 3
    endloop
  endfacet
  facet normal 0 0 1
    outer loop
      vertex -37.2267 55.3772 3
      vertex -37.5971 54.7283 3
      vertex -37.6652 54.4729 3
    endloop
  endfacet
  facet normal 0 0 1
    outer loop
      vertex -37.0578 55.554 3
      vertex -37.6652 54.4729 3
      vertex -37.7283 54.0942 3
    endloop
  endfacet
  facet normal 0 0 1
    outer loop
      vertex -36.5516 55.9649 3
      vertex -37.7283 54.0942 3
      vertex -37.7775 53.4918 3
    endloop
  endfacet
  facet normal 0 0 1
    outer loop
      vertex -31.1 55 3
      vertex -37.7756 50.3782 3
      vertex -37.3016 25.1241 3
    endloop
  endfacet
  facet normal 0 0 1
    outer loop
      vertex -31.1 55 3
      vertex -37.7775 53.4918 3
      vertex -37.7995 52 3
    endloop
  endfacet
  facet normal 0 0 1
    outer loop
      vertex -31.1 55 3
      vertex -37.7995 52 3
      vertex -37.7756 50.3782 3
    endloop
  endfacet
  facet normal -0 0 1
    outer loop
      vertex -29.9794 58.2639 3
      vertex -29.1 55 3
      vertex -28.9489 58.4561 3
    endloop
  endfacet
  facet normal -0 0 1
    outer loop
      vertex -30.942 58.0607 3
      vertex -29.1 55 3
      vertex -29.9794 58.2639 3
    endloop
  endfacet
  facet normal 0 0 1
    outer loop
      vertex -30.942 58.0607 3
      vertex -31.1 55 3
      vertex -29.1 55 3
    endloop
  endfacet
  facet normal -0 0 1
    outer loop
      vertex -32.6647 57.6245 3
      vertex -31.1 55 3
      vertex -31.8368 57.8472 3
    endloop
  endfacet
  facet normal -0 0 1
    outer loop
      vertex -31.8368 57.8472 3
      vertex -31.1 55 3
      vertex -30.942 58.0607 3
    endloop
  endfacet
  facet normal 0 0 1
    outer loop
      vertex 28.9489 58.4561 3
      vertex 23.9239 48.4894 3
      vertex 23.93 48.35 3
    endloop
  endfacet
  facet normal 0 0 1
    outer loop
      vertex 28.9489 58.4561 3
      vertex 23.9057 48.6278 3
      vertex 23.9239 48.4894 3
    endloop
  endfacet
  facet normal 0 0 1
    outer loop
      vertex 28.9489 58.4561 3
      vertex 23.8755 48.7641 3
      vertex 23.9057 48.6278 3
    endloop
  endfacet
  facet normal 0 0 1
    outer loop
      vertex 28.9489 58.4561 3
      vertex 23.8335 48.8972 3
      vertex 23.8755 48.7641 3
    endloop
  endfacet
  facet normal 0 0 1
    outer loop
      vertex 28.9489 58.4561 3
      vertex 23.7801 49.0262 3
      vertex 23.8335 48.8972 3
    endloop
  endfacet
  facet normal 0 0 1
    outer loop
      vertex 28.9489 58.4561 3
      vertex 23.7156 49.15 3
      vertex 23.7801 49.0262 3
    endloop
  endfacet
  facet normal 0 0 1
    outer loop
      vertex 28.9489 58.4561 3
      vertex 23.6406 49.2677 3
      vertex 23.7156 49.15 3
    endloop
  endfacet
  facet normal 0 0 1
    outer loop
      vertex 28.9489 58.4561 3
      vertex 23.5557 49.3784 3
      vertex 23.6406 49.2677 3
    endloop
  endfacet
  facet normal 0 0 1
    outer loop
      vertex 27.8471 58.6369 3
      vertex 23.4614 49.4814 3
      vertex 23.5557 49.3784 3
    endloop
  endfacet
  facet normal 0 0 1
    outer loop
      vertex 27.8471 58.6369 3
      vertex 23.3585 49.5757 3
      vertex 23.4614 49.4814 3
    endloop
  endfacet
  facet normal 0 0 1
    outer loop
      vertex 26.6735 58.8056 3
      vertex 23.2477 49.6606 3
      vertex 23.3585 49.5757 3
    endloop
  endfacet
  facet normal 0 0 1
    outer loop
      vertex 26.6735 58.8056 3
      vertex 23.13 49.7356 3
      vertex 23.2477 49.6606 3
    endloop
  endfacet
  facet normal 0 0 1
    outer loop
      vertex 25.4262 58.9617 3
      vertex 23.0062 49.8001 3
      vertex 23.13 49.7356 3
    endloop
  endfacet
  facet normal 0 0 1
    outer loop
      vertex 25.4262 58.9617 3
      vertex 22.8772 49.8535 3
      vertex 23.0062 49.8001 3
    endloop
  endfacet
  facet normal 0 0 1
    outer loop
      vertex 24.0979 59.1052 3
      vertex 22.7441 49.8955 3
      vertex 22.8772 49.8535 3
    endloop
  endfacet
  facet normal 0 0 1
    outer loop
      vertex 22.4694 49.9439 3
      vertex 24.0979 59.1052 3
      vertex 22.6861 59.2357 3
    endloop
  endfacet
  facet normal 0 0 1
    outer loop
      vertex 24.0979 59.1052 3
      vertex 22.6078 49.9257 3
      vertex 22.7441 49.8955 3
    endloop
  endfacet
  facet normal 0 0 1
    outer loop
      vertex 24.0979 59.1052 3
      vertex 22.4694 49.9439 3
      vertex 22.6078 49.9257 3
    endloop
  endfacet
  facet normal 0 0 1
    outer loop
      vertex 22.6861 59.2357 3
      vertex 22.33 49.95 3
      vertex 22.4694 49.9439 3
    endloop
  endfacet
  facet normal 0 0 1
    outer loop
      vertex 21.1814 59.3529 3
      vertex 22.33 49.95 3
      vertex 22.6861 59.2357 3
    endloop
  endfacet
  facet normal 0 0 1
    outer loop
      vertex 19.5737 59.4569 3
      vertex 22.33 49.95 3
      vertex 21.1814 59.3529 3
    endloop
  endfacet
  facet normal 0 0 1
    outer loop
      vertex 17.849 59.5473 3
      vertex 22.33 49.95 3
      vertex 19.5737 59.4569 3
    endloop
  endfacet
  facet normal 0 0 1
    outer loop
      vertex 15.9855 59.6241 3
      vertex 22.33 49.95 3
      vertex 17.849 59.5473 3
    endloop
  endfacet
  facet normal 0 0 1
    outer loop
      vertex 13.9513 59.6871 3
      vertex 22.33 49.95 3
      vertex 15.9855 59.6241 3
    endloop
  endfacet
  facet normal 0 0 1
    outer loop
      vertex 11.6905 59.7363 3
      vertex 22.33 49.95 3
      vertex 13.9513 59.6871 3
    endloop
  endfacet
  facet normal 0 0 1
    outer loop
      vertex 9.09639 59.7716 3
      vertex 22.33 49.95 3
      vertex 11.6905 59.7363 3
    endloop
  endfacet
  facet normal 0 0 1
    outer loop
      vertex 5.91356 59.7929 3
      vertex 22.33 49.95 3
      vertex 9.09639 59.7716 3
    endloop
  endfacet
  facet normal 0 0 1
    outer loop
      vertex 0 59.8 3
      vertex 22.33 49.95 3
      vertex 5.91356 59.7929 3
    endloop
  endfacet
  facet normal 0 0 1
    outer loop
      vertex -22.33 49.95 3
      vertex 0 59.8 3
      vertex -5.91356 59.7929 3
    endloop
  endfacet
  facet normal 0 0 1
    outer loop
      vertex -22.33 49.95 3
      vertex -5.91356 59.7929 3
      vertex -9.09639 59.7716 3
    endloop
  endfacet
  facet normal 0 0 1
    outer loop
      vertex -22.33 49.95 3
      vertex -9.09639 59.7716 3
      vertex -11.6905 59.7363 3
    endloop
  endfacet
  facet normal 0 0 1
    outer loop
      vertex -22.33 49.95 3
      vertex -11.6905 59.7363 3
      vertex -13.9513 59.6871 3
    endloop
  endfacet
  facet normal 0 0 1
    outer loop
      vertex -22.33 49.95 3
      vertex -13.9513 59.6871 3
      vertex -15.9855 59.6241 3
    endloop
  endfacet
  facet normal 0 0 1
    outer loop
      vertex -22.33 49.95 3
      vertex -15.9855 59.6241 3
      vertex -17.849 59.5473 3
    endloop
  endfacet
  facet normal 0 0 1
    outer loop
      vertex -22.33 49.95 3
      vertex -17.849 59.5473 3
      vertex -19.5737 59.4569 3
    endloop
  endfacet
  facet normal 0 0 1
    outer loop
      vertex -22.33 49.95 3
      vertex -19.5737 59.4569 3
      vertex -21.1814 59.3529 3
    endloop
  endfacet
  facet normal 0 0 1
    outer loop
      vertex 0 59.8 3
      vertex -22.33 49.95 3
      vertex 22.33 49.95 3
    endloop
  endfacet
  facet normal -0 0 1
    outer loop
      vertex -22.6861 59.2357 3
      vertex -22.33 49.95 3
      vertex -21.1814 59.3529 3
    endloop
  endfacet
  facet normal 0 0 1
    outer loop
      vertex -22.33 49.95 3
      vertex -22.6861 59.2357 3
      vertex -22.4694 49.9439 3
    endloop
  endfacet
  facet normal -0 0 1
    outer loop
      vertex -24.0979 59.1052 3
      vertex -22.4694 49.9439 3
      vertex -22.6861 59.2357 3
    endloop
  endfacet
  facet normal 0 0 1
    outer loop
      vertex -22.4694 49.9439 3
      vertex -24.0979 59.1052 3
      vertex -22.6078 49.9257 3
    endloop
  endfacet
  facet normal 0 0 1
    outer loop
      vertex -22.6078 49.9257 3
      vertex -24.0979 59.1052 3
      vertex -22.7441 49.8955 3
    endloop
  endfacet
  facet normal 0 0 1
    outer loop
      vertex -22.7441 49.8955 3
      vertex -24.0979 59.1052 3
      vertex -22.8772 49.8535 3
    endloop
  endfacet
  facet normal -0 0 1
    outer loop
      vertex -29.1 55 3
      vertex -22.8772 49.8535 3
      vertex -24.0979 59.1052 3
    endloop
  endfacet
  facet normal 0 0 1
    outer loop
      vertex -22.8772 49.8535 3
      vertex -29.1 55 3
      vertex -23.0062 49.8001 3
    endloop
  endfacet
  facet normal 0 0 1
    outer loop
      vertex -23.0062 49.8001 3
      vertex -29.1 55 3
      vertex -23.13 49.7356 3
    endloop
  endfacet
  facet normal 0 0 1
    outer loop
      vertex -23.13 49.7356 3
      vertex -29.1 55 3
      vertex -23.2477 49.6606 3
    endloop
  endfacet
  facet normal 0 0 1
    outer loop
      vertex -23.2477 49.6606 3
      vertex -29.1 55 3
      vertex -23.3585 49.5757 3
    endloop
  endfacet
  facet normal 0 0 1
    outer loop
      vertex -23.3585 49.5757 3
      vertex -29.1 55 3
      vertex -23.4614 49.4814 3
    endloop
  endfacet
  facet normal 0 0 1
    outer loop
      vertex -23.4614 49.4814 3
      vertex -29.1 55 3
      vertex -23.5557 49.3784 3
    endloop
  endfacet
  facet normal 0 0 1
    outer loop
      vertex -23.5557 49.3784 3
      vertex -29.1 55 3
      vertex -23.6406 49.2677 3
    endloop
  endfacet
  facet normal 0 0 1
    outer loop
      vertex -23.6406 49.2677 3
      vertex -29.1 55 3
      vertex -23.7156 49.15 3
    endloop
  endfacet
  facet normal 0 0 1
    outer loop
      vertex -23.7156 49.15 3
      vertex -29.1 55 3
      vertex -23.7801 49.0262 3
    endloop
  endfacet
  facet normal 0 0 1
    outer loop
      vertex -23.7801 49.0262 3
      vertex -29.1 55 3
      vertex -23.8335 48.8972 3
    endloop
  endfacet
  facet normal 0 0 1
    outer loop
      vertex -23.8335 48.8972 3
      vertex -29.1 55 3
      vertex -23.8755 48.7641 3
    endloop
  endfacet
  facet normal 0 0 1
    outer loop
      vertex -23.9239 48.4894 3
      vertex -29.1 55 3
      vertex -23.93 48.35 3
    endloop
  endfacet
  facet normal 0 0 1
    outer loop
      vertex -23.9057 48.6278 3
      vertex -29.1 55 3
      vertex -23.9239 48.4894 3
    endloop
  endfacet
  facet normal 0 0 1
    outer loop
      vertex -23.8755 48.7641 3
      vertex -29.1 55 3
      vertex -23.9057 48.6278 3
    endloop
  endfacet
  facet normal 0 0 1
    outer loop
      vertex 30.942 58.0607 3
      vertex 31.1 55 3
      vertex 31.8368 57.8472 3
    endloop
  endfacet
  facet normal 0 0 1
    outer loop
      vertex 29.9794 58.2639 3
      vertex 31.1 55 3
      vertex 30.942 58.0607 3
    endloop
  endfacet
  facet normal 0 0 1
    outer loop
      vertex 29.9794 58.2639 3
      vertex 29.1 55 3
      vertex 31.1 55 3
    endloop
  endfacet
  facet normal 0 0 1
    outer loop
      vertex 23.93 48.35 3
      vertex 29.1 55 3
      vertex 28.9489 58.4561 3
    endloop
  endfacet
  facet normal 0 0 1
    outer loop
      vertex 28.9489 58.4561 3
      vertex 29.1 55 3
      vertex 29.9794 58.2639 3
    endloop
  endfacet
  facet normal 0 0 1
    outer loop
      vertex -9.55 -47.5 3
      vertex -8.3 -47.5 3
      vertex -8.35023 -46.3495 3
    endloop
  endfacet
  facet normal 0 0 1
    outer loop
      vertex -9.59547 -46.4585 3
      vertex -8.35023 -46.3495 3
      vertex -8.50055 -45.2079 3
    endloop
  endfacet
  facet normal 0 0 1
    outer loop
      vertex -8.3 -47.5 3
      vertex -9.55 -47.5 3
      vertex -8.35023 -48.6505 3
    endloop
  endfacet
  facet normal 0 0 1
    outer loop
      vertex -9.73155 -45.4249 3
      vertex -8.50055 -45.2079 3
      vertex -8.74979 -44.0836 3
    endloop
  endfacet
  facet normal -0 0 1
    outer loop
      vertex -9.59547 -48.5415 3
      vertex -8.35023 -48.6505 3
      vertex -9.55 -47.5 3
    endloop
  endfacet
  facet normal 0 0 1
    outer loop
      vertex -9.95719 -44.4071 3
      vertex -8.74979 -44.0836 3
      vertex -9.09607 -42.9853 3
    endloop
  endfacet
  facet normal 0 0 1
    outer loop
      vertex -8.35023 -48.6505 3
      vertex -9.59547 -48.5415 3
      vertex -8.50055 -49.7921 3
    endloop
  endfacet
  facet normal 0 0 1
    outer loop
      vertex -10.2707 -43.4129 3
      vertex -9.09607 -42.9853 3
      vertex -9.53674 -41.9214 3
    endloop
  endfacet
  facet normal -0 0 1
    outer loop
      vertex -9.73155 -49.5751 3
      vertex -8.50055 -49.7921 3
      vertex -9.59547 -48.5415 3
    endloop
  endfacet
  facet normal 0 0 1
    outer loop
      vertex -8.50055 -49.7921 3
      vertex -9.73155 -49.5751 3
      vertex -8.74979 -50.9164 3
    endloop
  endfacet
  facet normal 0 0 1
    outer loop
      vertex -8.35023 -46.3495 3
      vertex -9.59547 -46.4585 3
      vertex -9.55 -47.5 3
    endloop
  endfacet
  facet normal 0 0 1
    outer loop
      vertex -8.50055 -45.2079 3
      vertex -9.73155 -45.4249 3
      vertex -9.59547 -46.4585 3
    endloop
  endfacet
  facet normal 0 0 1
    outer loop
      vertex -8.74979 -44.0836 3
      vertex -9.95719 -44.4071 3
      vertex -9.73155 -45.4249 3
    endloop
  endfacet
  facet normal 0 0 1
    outer loop
      vertex -10.6696 -42.4497 3
      vertex -9.53674 -41.9214 3
      vertex -10.0685 -40.9 3
    endloop
  endfacet
  facet normal 0 0 1
    outer loop
      vertex -9.09607 -42.9853 3
      vertex -10.2707 -43.4129 3
      vertex -9.95719 -44.4071 3
    endloop
  endfacet
  facet normal 0 0 1
    outer loop
      vertex -9.53674 -41.9214 3
      vertex -10.6696 -42.4497 3
      vertex -10.2707 -43.4129 3
    endloop
  endfacet
  facet normal 0 0 1
    outer loop
      vertex -11.151 -41.525 3
      vertex -10.0685 -40.9 3
      vertex -10.6872 -39.9288 3
    endloop
  endfacet
  facet normal 0 0 1
    outer loop
      vertex -10.0685 -40.9 3
      vertex -11.151 -41.525 3
      vertex -10.6696 -42.4497 3
    endloop
  endfacet
  facet normal 0 0 1
    outer loop
      vertex -11.7111 -40.6458 3
      vertex -10.6872 -39.9288 3
      vertex -11.3882 -39.0152 3
    endloop
  endfacet
  facet normal 0 0 1
    outer loop
      vertex -10.6872 -39.9288 3
      vertex -11.7111 -40.6458 3
      vertex -11.151 -41.525 3
    endloop
  endfacet
  facet normal 0 0 1
    outer loop
      vertex -12.3458 -39.8187 3
      vertex -11.3882 -39.0152 3
      vertex -12.1662 -38.1662 3
    endloop
  endfacet
  facet normal 0 0 1
    outer loop
      vertex -11.3882 -39.0152 3
      vertex -12.3458 -39.8187 3
      vertex -11.7111 -40.6458 3
    endloop
  endfacet
  facet normal 0 0 1
    outer loop
      vertex -13.0501 -39.0501 3
      vertex -12.1662 -38.1662 3
      vertex -13.0152 -37.3882 3
    endloop
  endfacet
  facet normal 0 0 1
    outer loop
      vertex -12.1662 -38.1662 3
      vertex -13.0501 -39.0501 3
      vertex -12.3458 -39.8187 3
    endloop
  endfacet
  facet normal 0 0 1
    outer loop
      vertex -13.0152 -37.3882 3
      vertex -13.8187 -38.3458 3
      vertex -13.0501 -39.0501 3
    endloop
  endfacet
  facet normal 0 0 1
    outer loop
      vertex -13.9288 -36.6872 3
      vertex -13.8187 -38.3458 3
      vertex -13.0152 -37.3882 3
    endloop
  endfacet
  facet normal 0 0 1
    outer loop
      vertex -13.9288 -36.6872 3
      vertex -14.6458 -37.7111 3
      vertex -13.8187 -38.3458 3
    endloop
  endfacet
  facet normal 0 0 1
    outer loop
      vertex -14.9 -36.0685 3
      vertex -14.6458 -37.7111 3
      vertex -13.9288 -36.6872 3
    endloop
  endfacet
  facet normal 0 0 1
    outer loop
      vertex -14.9 -36.0685 3
      vertex -15.525 -37.151 3
      vertex -14.6458 -37.7111 3
    endloop
  endfacet
  facet normal 0 0 1
    outer loop
      vertex -15.9214 -35.5367 3
      vertex -15.525 -37.151 3
      vertex -14.9 -36.0685 3
    endloop
  endfacet
  facet normal 0 0 1
    outer loop
      vertex -15.9214 -35.5367 3
      vertex -16.4497 -36.6696 3
      vertex -15.525 -37.151 3
    endloop
  endfacet
  facet normal 0 0 1
    outer loop
      vertex -16.9853 -35.0961 3
      vertex -16.4497 -36.6696 3
      vertex -15.9214 -35.5367 3
    endloop
  endfacet
  facet normal 0 0 1
    outer loop
      vertex -16.9853 -35.0961 3
      vertex -17.4129 -36.2707 3
      vertex -16.4497 -36.6696 3
    endloop
  endfacet
  facet normal 0 0 1
    outer loop
      vertex -18.0836 -34.7498 3
      vertex -17.4129 -36.2707 3
      vertex -16.9853 -35.0961 3
    endloop
  endfacet
  facet normal 0 0 1
    outer loop
      vertex -18.0836 -34.7498 3
      vertex -18.4071 -35.9572 3
      vertex -17.4129 -36.2707 3
    endloop
  endfacet
  facet normal 0 0 1
    outer loop
      vertex -19.2079 -34.5005 3
      vertex -18.4071 -35.9572 3
      vertex -18.0836 -34.7498 3
    endloop
  endfacet
  facet normal 0 0 1
    outer loop
      vertex -19.2079 -34.5005 3
      vertex -19.4249 -35.7315 3
      vertex -18.4071 -35.9572 3
    endloop
  endfacet
  facet normal 0 0 1
    outer loop
      vertex -20.3495 -34.3502 3
      vertex -19.4249 -35.7315 3
      vertex -19.2079 -34.5005 3
    endloop
  endfacet
  facet normal 0 0 1
    outer loop
      vertex -20.3495 -34.3502 3
      vertex -20.4585 -35.5955 3
      vertex -19.4249 -35.7315 3
    endloop
  endfacet
  facet normal 0 0 1
    outer loop
      vertex -21.5 -34.3 3
      vertex -20.4585 -35.5955 3
      vertex -20.3495 -34.3502 3
    endloop
  endfacet
  facet normal 0 0 1
    outer loop
      vertex -21.5 -34.3 3
      vertex -21.5 -35.55 3
      vertex -20.4585 -35.5955 3
    endloop
  endfacet
  facet normal 0 0 1
    outer loop
      vertex -21.5 -34.3 3
      vertex -22.5415 -35.5955 3
      vertex -21.5 -35.55 3
    endloop
  endfacet
  facet normal -0 0 1
    outer loop
      vertex -22.6505 -34.3502 3
      vertex -22.5415 -35.5955 3
      vertex -21.5 -34.3 3
    endloop
  endfacet
  facet normal 0 0 1
    outer loop
      vertex -22.6505 -34.3502 3
      vertex -23.5751 -35.7315 3
      vertex -22.5415 -35.5955 3
    endloop
  endfacet
  facet normal -0 0 1
    outer loop
      vertex -23.7921 -34.5005 3
      vertex -23.5751 -35.7315 3
      vertex -22.6505 -34.3502 3
    endloop
  endfacet
  facet normal 0 0 1
    outer loop
      vertex -23.7921 -34.5005 3
      vertex -24.5929 -35.9572 3
      vertex -23.5751 -35.7315 3
    endloop
  endfacet
  facet normal -0 0 1
    outer loop
      vertex -24.9164 -34.7498 3
      vertex -24.5929 -35.9572 3
      vertex -23.7921 -34.5005 3
    endloop
  endfacet
  facet normal 0 0 1
    outer loop
      vertex -24.9164 -34.7498 3
      vertex -25.5871 -36.2707 3
      vertex -24.5929 -35.9572 3
    endloop
  endfacet
  facet normal -0 0 1
    outer loop
      vertex -26.0147 -35.0961 3
      vertex -25.5871 -36.2707 3
      vertex -24.9164 -34.7498 3
    endloop
  endfacet
  facet normal 0 0 1
    outer loop
      vertex -26.0147 -35.0961 3
      vertex -26.5503 -36.6696 3
      vertex -25.5871 -36.2707 3
    endloop
  endfacet
  facet normal -0 0 1
    outer loop
      vertex -27.0786 -35.5367 3
      vertex -26.5503 -36.6696 3
      vertex -26.0147 -35.0961 3
    endloop
  endfacet
  facet normal 0 0 1
    outer loop
      vertex -27.0786 -35.5367 3
      vertex -27.475 -37.151 3
      vertex -26.5503 -36.6696 3
    endloop
  endfacet
  facet normal -0 0 1
    outer loop
      vertex -28.1 -36.0685 3
      vertex -27.475 -37.151 3
      vertex -27.0786 -35.5367 3
    endloop
  endfacet
  facet normal 0 0 1
    outer loop
      vertex -28.1 -36.0685 3
      vertex -28.3542 -37.7111 3
      vertex -27.475 -37.151 3
    endloop
  endfacet
  facet normal -0 0 1
    outer loop
      vertex -29.0712 -36.6872 3
      vertex -28.3542 -37.7111 3
      vertex -28.1 -36.0685 3
    endloop
  endfacet
  facet normal 0 0 1
    outer loop
      vertex -29.0712 -36.6872 3
      vertex -29.1813 -38.3458 3
      vertex -28.3542 -37.7111 3
    endloop
  endfacet
  facet normal -0 0 1
    outer loop
      vertex -29.9848 -37.3882 3
      vertex -29.1813 -38.3458 3
      vertex -29.0712 -36.6872 3
    endloop
  endfacet
  facet normal 0 0 1
    outer loop
      vertex -29.1813 -38.3458 3
      vertex -29.9848 -37.3882 3
      vertex -29.9499 -39.0501 3
    endloop
  endfacet
  facet normal -0 0 1
    outer loop
      vertex -30.8338 -38.1662 3
      vertex -29.9499 -39.0501 3
      vertex -29.9848 -37.3882 3
    endloop
  endfacet
  facet normal 0 0 1
    outer loop
      vertex -29.9499 -39.0501 3
      vertex -30.8338 -38.1662 3
      vertex -30.6542 -39.8187 3
    endloop
  endfacet
  facet normal -0 0 1
    outer loop
      vertex -31.6118 -39.0152 3
      vertex -30.6542 -39.8187 3
      vertex -30.8338 -38.1662 3
    endloop
  endfacet
  facet normal 0 0 1
    outer loop
      vertex -30.6542 -39.8187 3
      vertex -31.6118 -39.0152 3
      vertex -31.2889 -40.6458 3
    endloop
  endfacet
  facet normal -0 0 1
    outer loop
      vertex -32.3128 -39.9288 3
      vertex -31.2889 -40.6458 3
      vertex -31.6118 -39.0152 3
    endloop
  endfacet
  facet normal 0 0 1
    outer loop
      vertex -31.2889 -40.6458 3
      vertex -32.3128 -39.9288 3
      vertex -31.849 -41.525 3
    endloop
  endfacet
  facet normal -0 0 1
    outer loop
      vertex -32.9315 -40.9 3
      vertex -31.849 -41.525 3
      vertex -32.3128 -39.9288 3
    endloop
  endfacet
  facet normal 0 0 1
    outer loop
      vertex -31.849 -41.525 3
      vertex -32.9315 -40.9 3
      vertex -32.3304 -42.4497 3
    endloop
  endfacet
  facet normal -0 0 1
    outer loop
      vertex -33.4633 -41.9214 3
      vertex -32.3304 -42.4497 3
      vertex -32.9315 -40.9 3
    endloop
  endfacet
  facet normal 0 0 1
    outer loop
      vertex -32.3304 -42.4497 3
      vertex -33.4633 -41.9214 3
      vertex -32.7293 -43.4129 3
    endloop
  endfacet
  facet normal -0 0 1
    outer loop
      vertex -33.9039 -42.9853 3
      vertex -32.7293 -43.4129 3
      vertex -33.4633 -41.9214 3
    endloop
  endfacet
  facet normal 0 0 1
    outer loop
      vertex -32.7293 -43.4129 3
      vertex -33.9039 -42.9853 3
      vertex -33.0428 -44.4071 3
    endloop
  endfacet
  facet normal 0 0 1
    outer loop
      vertex -33.0428 -44.4071 3
      vertex -34.2502 -44.0836 3
      vertex -33.2685 -45.4249 3
    endloop
  endfacet
  facet normal -0 0 1
    outer loop
      vertex -34.2502 -44.0836 3
      vertex -33.0428 -44.4071 3
      vertex -33.9039 -42.9853 3
    endloop
  endfacet
  facet normal -0 0 1
    outer loop
      vertex -9.95719 -50.5929 3
      vertex -8.74979 -50.9164 3
      vertex -9.73155 -49.5751 3
    endloop
  endfacet
  facet normal 0 0 1
    outer loop
      vertex -8.74979 -50.9164 3
      vertex -9.95719 -50.5929 3
      vertex -9.09607 -52.0147 3
    endloop
  endfacet
  facet normal -0 0 1
    outer loop
      vertex -10.2707 -51.5871 3
      vertex -9.09607 -52.0147 3
      vertex -9.95719 -50.5929 3
    endloop
  endfacet
  facet normal 0 0 1
    outer loop
      vertex -9.09607 -52.0147 3
      vertex -10.2707 -51.5871 3
      vertex -9.53674 -53.0786 3
    endloop
  endfacet
  facet normal -0 0 1
    outer loop
      vertex -10.6696 -52.5503 3
      vertex -9.53674 -53.0786 3
      vertex -10.2707 -51.5871 3
    endloop
  endfacet
  facet normal 0 0 1
    outer loop
      vertex -9.53674 -53.0786 3
      vertex -10.6696 -52.5503 3
      vertex -10.0685 -54.1 3
    endloop
  endfacet
  facet normal -0 0 1
    outer loop
      vertex -11.151 -53.475 3
      vertex -10.0685 -54.1 3
      vertex -10.6696 -52.5503 3
    endloop
  endfacet
  facet normal 0 0 1
    outer loop
      vertex -10.0685 -54.1 3
      vertex -11.151 -53.475 3
      vertex -10.6872 -55.0712 3
    endloop
  endfacet
  facet normal -0 0 1
    outer loop
      vertex -11.7111 -54.3542 3
      vertex -10.6872 -55.0712 3
      vertex -11.151 -53.475 3
    endloop
  endfacet
  facet normal 0 0 1
    outer loop
      vertex -10.6872 -55.0712 3
      vertex -11.7111 -54.3542 3
      vertex -11.3882 -55.9848 3
    endloop
  endfacet
  facet normal -0 0 1
    outer loop
      vertex -12.3458 -55.1813 3
      vertex -11.3882 -55.9848 3
      vertex -11.7111 -54.3542 3
    endloop
  endfacet
  facet normal 0 0 1
    outer loop
      vertex -11.3882 -55.9848 3
      vertex -12.3458 -55.1813 3
      vertex -12.1662 -56.8338 3
    endloop
  endfacet
  facet normal -0 0 1
    outer loop
      vertex -13.0501 -55.9499 3
      vertex -12.1662 -56.8338 3
      vertex -12.3458 -55.1813 3
    endloop
  endfacet
  facet normal 0 0 1
    outer loop
      vertex -12.1662 -56.8338 3
      vertex -13.0501 -55.9499 3
      vertex -13.0152 -57.6118 3
    endloop
  endfacet
  facet normal -0 0 1
    outer loop
      vertex -13.8187 -56.6542 3
      vertex -13.0152 -57.6118 3
      vertex -13.0501 -55.9499 3
    endloop
  endfacet
  facet normal 0 0 1
    outer loop
      vertex -13.8187 -56.6542 3
      vertex -13.9288 -58.3128 3
      vertex -13.0152 -57.6118 3
    endloop
  endfacet
  facet normal -0 0 1
    outer loop
      vertex -14.6458 -57.2889 3
      vertex -13.9288 -58.3128 3
      vertex -13.8187 -56.6542 3
    endloop
  endfacet
  facet normal 0 0 1
    outer loop
      vertex -14.6458 -57.2889 3
      vertex -14.9 -58.9315 3
      vertex -13.9288 -58.3128 3
    endloop
  endfacet
  facet normal -0 0 1
    outer loop
      vertex -15.525 -57.849 3
      vertex -14.9 -58.9315 3
      vertex -14.6458 -57.2889 3
    endloop
  endfacet
  facet normal 0 0 1
    outer loop
      vertex -15.525 -57.849 3
      vertex -15.6051 -59.2986 3
      vertex -14.9 -58.9315 3
    endloop
  endfacet
  facet normal -0 0 1
    outer loop
      vertex -16.4497 -58.3304 3
      vertex -15.6051 -59.2986 3
      vertex -15.525 -57.849 3
    endloop
  endfacet
  facet normal 0 0 1
    outer loop
      vertex -15.6051 -59.2986 3
      vertex -16.4497 -58.3304 3
      vertex -16.2708 -59.4104 3
    endloop
  endfacet
  facet normal -0 0 1
    outer loop
      vertex -17.4129 -58.7293 3
      vertex -16.2708 -59.4104 3
      vertex -16.4497 -58.3304 3
    endloop
  endfacet
  facet normal 0 0 1
    outer loop
      vertex -17.4129 -58.7293 3
      vertex -18.1668 -59.8 3
      vertex -16.2708 -59.4104 3
    endloop
  endfacet
  facet normal -0 0 1
    outer loop
      vertex -18.4071 -59.0428 3
      vertex -18.1668 -59.8 3
      vertex -17.4129 -58.7293 3
    endloop
  endfacet
  facet normal -0 0 1
    outer loop
      vertex -19.4249 -59.2685 3
      vertex -18.1668 -59.8 3
      vertex -18.4071 -59.0428 3
    endloop
  endfacet
  facet normal -0 0 1
    outer loop
      vertex -20.4585 -59.4045 3
      vertex -18.1668 -59.8 3
      vertex -19.4249 -59.2685 3
    endloop
  endfacet
  facet normal -0 0 1
    outer loop
      vertex -21.5 -59.45 3
      vertex -18.1668 -59.8 3
      vertex -20.4585 -59.4045 3
    endloop
  endfacet
  facet normal 0 0 1
    outer loop
      vertex -26.2656 -59.8 3
      vertex -21.5 -59.45 3
      vertex -22.5415 -59.4045 3
    endloop
  endfacet
  facet normal 0 0 1
    outer loop
      vertex -21.5 -59.45 3
      vertex -26.2656 -59.8 3
      vertex -18.1668 -59.8 3
    endloop
  endfacet
  facet normal 0 0 1
    outer loop
      vertex -23.5751 -59.2685 3
      vertex -26.2656 -59.8 3
      vertex -22.5415 -59.4045 3
    endloop
  endfacet
  facet normal 0 0 1
    outer loop
      vertex -24.5929 -59.0428 3
      vertex -26.2656 -59.8 3
      vertex -23.5751 -59.2685 3
    endloop
  endfacet
  facet normal 0 0 1
    outer loop
      vertex -25.5871 -58.7293 3
      vertex -26.2656 -59.8 3
      vertex -24.5929 -59.0428 3
    endloop
  endfacet
  facet normal 0 0 1
    outer loop
      vertex -26.5503 -58.3304 3
      vertex -26.2656 -59.8 3
      vertex -25.5871 -58.7293 3
    endloop
  endfacet
  facet normal 0 0 1
    outer loop
      vertex -26.5503 -58.3304 3
      vertex -27.0786 -59.4633 3
      vertex -26.2656 -59.8 3
    endloop
  endfacet
  facet normal 0 0 1
    outer loop
      vertex -27.475 -57.849 3
      vertex -27.0786 -59.4633 3
      vertex -26.5503 -58.3304 3
    endloop
  endfacet
  facet normal 0 0 1
    outer loop
      vertex -27.475 -57.849 3
      vertex -28.1 -58.9315 3
      vertex -27.0786 -59.4633 3
    endloop
  endfacet
  facet normal 0 0 1
    outer loop
      vertex -28.3542 -57.2889 3
      vertex -28.1 -58.9315 3
      vertex -27.475 -57.849 3
    endloop
  endfacet
  facet normal 0 0 1
    outer loop
      vertex -28.3542 -57.2889 3
      vertex -29.0712 -58.3128 3
      vertex -28.1 -58.9315 3
    endloop
  endfacet
  facet normal 0 0 1
    outer loop
      vertex -29.1813 -56.6542 3
      vertex -29.0712 -58.3128 3
      vertex -28.3542 -57.2889 3
    endloop
  endfacet
  facet normal 0 0 1
    outer loop
      vertex -29.9848 -57.6118 3
      vertex -29.1813 -56.6542 3
      vertex -29.9499 -55.9499 3
    endloop
  endfacet
  facet normal 0 0 1
    outer loop
      vertex -29.1813 -56.6542 3
      vertex -29.9848 -57.6118 3
      vertex -29.0712 -58.3128 3
    endloop
  endfacet
  facet normal 0 0 1
    outer loop
      vertex -30.8338 -56.8338 3
      vertex -29.9499 -55.9499 3
      vertex -30.6542 -55.1813 3
    endloop
  endfacet
  facet normal 0 0 1
    outer loop
      vertex -29.9499 -55.9499 3
      vertex -30.8338 -56.8338 3
      vertex -29.9848 -57.6118 3
    endloop
  endfacet
  facet normal 0 0 1
    outer loop
      vertex -31.6118 -55.9848 3
      vertex -30.6542 -55.1813 3
      vertex -31.2889 -54.3542 3
    endloop
  endfacet
  facet normal 0 0 1
    outer loop
      vertex -30.6542 -55.1813 3
      vertex -31.6118 -55.9848 3
      vertex -30.8338 -56.8338 3
    endloop
  endfacet
  facet normal 0 0 1
    outer loop
      vertex -32.3128 -55.0712 3
      vertex -31.2889 -54.3542 3
      vertex -31.849 -53.475 3
    endloop
  endfacet
  facet normal 0 0 1
    outer loop
      vertex -31.2889 -54.3542 3
      vertex -32.3128 -55.0712 3
      vertex -31.6118 -55.9848 3
    endloop
  endfacet
  facet normal 0 0 1
    outer loop
      vertex -32.9315 -54.1 3
      vertex -31.849 -53.475 3
      vertex -32.3304 -52.5503 3
    endloop
  endfacet
  facet normal 0 0 1
    outer loop
      vertex -33.4633 -53.0786 3
      vertex -32.3304 -52.5503 3
      vertex -32.7293 -51.5871 3
    endloop
  endfacet
  facet normal 0 0 1
    outer loop
      vertex -31.849 -53.475 3
      vertex -32.9315 -54.1 3
      vertex -32.3128 -55.0712 3
    endloop
  endfacet
  facet normal 0 0 1
    outer loop
      vertex -33.9039 -52.0147 3
      vertex -32.7293 -51.5871 3
      vertex -33.0428 -50.5929 3
    endloop
  endfacet
  facet normal 0 0 1
    outer loop
      vertex -34.2502 -50.9164 3
      vertex -33.0428 -50.5929 3
      vertex -33.2685 -49.5751 3
    endloop
  endfacet
  facet normal 0 0 1
    outer loop
      vertex -34.4995 -49.7921 3
      vertex -33.2685 -49.5751 3
      vertex -33.4045 -48.5415 3
    endloop
  endfacet
  facet normal 0 0 1
    outer loop
      vertex -32.3304 -52.5503 3
      vertex -33.4633 -53.0786 3
      vertex -32.9315 -54.1 3
    endloop
  endfacet
  facet normal 0 0 1
    outer loop
      vertex -34.6498 -48.6505 3
      vertex -33.4045 -48.5415 3
      vertex -33.45 -47.5 3
    endloop
  endfacet
  facet normal -0 0 1
    outer loop
      vertex -34.4995 -45.2079 3
      vertex -33.2685 -45.4249 3
      vertex -34.2502 -44.0836 3
    endloop
  endfacet
  facet normal 0 0 1
    outer loop
      vertex -33.2685 -45.4249 3
      vertex -34.4995 -45.2079 3
      vertex -33.4045 -46.4585 3
    endloop
  endfacet
  facet normal 0 0 1
    outer loop
      vertex -32.7293 -51.5871 3
      vertex -33.9039 -52.0147 3
      vertex -33.4633 -53.0786 3
    endloop
  endfacet
  facet normal -0 0 1
    outer loop
      vertex -34.6498 -46.3495 3
      vertex -33.4045 -46.4585 3
      vertex -34.4995 -45.2079 3
    endloop
  endfacet
  facet normal 0 0 1
    outer loop
      vertex -33.0428 -50.5929 3
      vertex -34.2502 -50.9164 3
      vertex -33.9039 -52.0147 3
    endloop
  endfacet
  facet normal 0 0 1
    outer loop
      vertex -33.4045 -46.4585 3
      vertex -34.6498 -46.3495 3
      vertex -33.45 -47.5 3
    endloop
  endfacet
  facet normal 0 0 1
    outer loop
      vertex -33.2685 -49.5751 3
      vertex -34.4995 -49.7921 3
      vertex -34.2502 -50.9164 3
    endloop
  endfacet
  facet normal 0 0 1
    outer loop
      vertex -34.7 -47.5 3
      vertex -33.45 -47.5 3
      vertex -34.6498 -46.3495 3
    endloop
  endfacet
  facet normal 0 0 1
    outer loop
      vertex -33.4045 -48.5415 3
      vertex -34.6498 -48.6505 3
      vertex -34.4995 -49.7921 3
    endloop
  endfacet
  facet normal 0 0 1
    outer loop
      vertex -33.45 -47.5 3
      vertex -34.7 -47.5 3
      vertex -34.6498 -48.6505 3
    endloop
  endfacet
  facet normal 0 0 1
    outer loop
      vertex 33.45 -47.5 3
      vertex 34.7 -47.5 3
      vertex 34.6498 -46.3495 3
    endloop
  endfacet
  facet normal 0 0 1
    outer loop
      vertex 33.4045 -46.4585 3
      vertex 34.6498 -46.3495 3
      vertex 34.4995 -45.2079 3
    endloop
  endfacet
  facet normal 0 0 1
    outer loop
      vertex 34.7 -47.5 3
      vertex 33.45 -47.5 3
      vertex 34.6498 -48.6505 3
    endloop
  endfacet
  facet normal 0 0 1
    outer loop
      vertex 33.2685 -45.4249 3
      vertex 34.4995 -45.2079 3
      vertex 34.2502 -44.0836 3
    endloop
  endfacet
  facet normal -0 0 1
    outer loop
      vertex 33.4045 -48.5415 3
      vertex 34.6498 -48.6505 3
      vertex 33.45 -47.5 3
    endloop
  endfacet
  facet normal 0 0 1
    outer loop
      vertex 33.0428 -44.4071 3
      vertex 34.2502 -44.0836 3
      vertex 33.9039 -42.9853 3
    endloop
  endfacet
  facet normal 0 0 1
    outer loop
      vertex 34.6498 -48.6505 3
      vertex 33.4045 -48.5415 3
      vertex 34.4995 -49.7921 3
    endloop
  endfacet
  facet normal 0 0 1
    outer loop
      vertex 32.7293 -43.4129 3
      vertex 33.9039 -42.9853 3
      vertex 33.4633 -41.9214 3
    endloop
  endfacet
  facet normal -0 0 1
    outer loop
      vertex 33.2685 -49.5751 3
      vertex 34.4995 -49.7921 3
      vertex 33.4045 -48.5415 3
    endloop
  endfacet
  facet normal 0 0 1
    outer loop
      vertex 34.4995 -49.7921 3
      vertex 33.2685 -49.5751 3
      vertex 34.2502 -50.9164 3
    endloop
  endfacet
  facet normal 0 0 1
    outer loop
      vertex 34.6498 -46.3495 3
      vertex 33.4045 -46.4585 3
      vertex 33.45 -47.5 3
    endloop
  endfacet
  facet normal 0 0 1
    outer loop
      vertex 34.4995 -45.2079 3
      vertex 33.2685 -45.4249 3
      vertex 33.4045 -46.4585 3
    endloop
  endfacet
  facet normal 0 0 1
    outer loop
      vertex 34.2502 -44.0836 3
      vertex 33.0428 -44.4071 3
      vertex 33.2685 -45.4249 3
    endloop
  endfacet
  facet normal 0 0 1
    outer loop
      vertex 32.3304 -42.4497 3
      vertex 33.4633 -41.9214 3
      vertex 32.9315 -40.9 3
    endloop
  endfacet
  facet normal 0 0 1
    outer loop
      vertex 33.9039 -42.9853 3
      vertex 32.7293 -43.4129 3
      vertex 33.0428 -44.4071 3
    endloop
  endfacet
  facet normal 0 0 1
    outer loop
      vertex 33.4633 -41.9214 3
      vertex 32.3304 -42.4497 3
      vertex 32.7293 -43.4129 3
    endloop
  endfacet
  facet normal 0 0 1
    outer loop
      vertex 31.849 -41.525 3
      vertex 32.9315 -40.9 3
      vertex 32.3128 -39.9288 3
    endloop
  endfacet
  facet normal 0 0 1
    outer loop
      vertex 32.9315 -40.9 3
      vertex 31.849 -41.525 3
      vertex 32.3304 -42.4497 3
    endloop
  endfacet
  facet normal 0 0 1
    outer loop
      vertex 31.2889 -40.6458 3
      vertex 32.3128 -39.9288 3
      vertex 31.6118 -39.0152 3
    endloop
  endfacet
  facet normal 0 0 1
    outer loop
      vertex 32.3128 -39.9288 3
      vertex 31.2889 -40.6458 3
      vertex 31.849 -41.525 3
    endloop
  endfacet
  facet normal 0 0 1
    outer loop
      vertex 30.6542 -39.8187 3
      vertex 31.6118 -39.0152 3
      vertex 30.8338 -38.1662 3
    endloop
  endfacet
  facet normal 0 0 1
    outer loop
      vertex 31.6118 -39.0152 3
      vertex 30.6542 -39.8187 3
      vertex 31.2889 -40.6458 3
    endloop
  endfacet
  facet normal 0 0 1
    outer loop
      vertex 29.9499 -39.0501 3
      vertex 30.8338 -38.1662 3
      vertex 29.9848 -37.3882 3
    endloop
  endfacet
  facet normal 0 0 1
    outer loop
      vertex 30.8338 -38.1662 3
      vertex 29.9499 -39.0501 3
      vertex 30.6542 -39.8187 3
    endloop
  endfacet
  facet normal 0 0 1
    outer loop
      vertex 29.9848 -37.3882 3
      vertex 29.1813 -38.3458 3
      vertex 29.9499 -39.0501 3
    endloop
  endfacet
  facet normal 0 0 1
    outer loop
      vertex 29.0712 -36.6872 3
      vertex 29.1813 -38.3458 3
      vertex 29.9848 -37.3882 3
    endloop
  endfacet
  facet normal 0 0 1
    outer loop
      vertex 29.0712 -36.6872 3
      vertex 28.3542 -37.7111 3
      vertex 29.1813 -38.3458 3
    endloop
  endfacet
  facet normal 0 0 1
    outer loop
      vertex 28.1 -36.0685 3
      vertex 28.3542 -37.7111 3
      vertex 29.0712 -36.6872 3
    endloop
  endfacet
  facet normal 0 0 1
    outer loop
      vertex 28.1 -36.0685 3
      vertex 27.475 -37.151 3
      vertex 28.3542 -37.7111 3
    endloop
  endfacet
  facet normal 0 0 1
    outer loop
      vertex 27.0786 -35.5367 3
      vertex 27.475 -37.151 3
      vertex 28.1 -36.0685 3
    endloop
  endfacet
  facet normal 0 0 1
    outer loop
      vertex 27.0786 -35.5367 3
      vertex 26.5503 -36.6696 3
      vertex 27.475 -37.151 3
    endloop
  endfacet
  facet normal 0 0 1
    outer loop
      vertex 26.0147 -35.0961 3
      vertex 26.5503 -36.6696 3
      vertex 27.0786 -35.5367 3
    endloop
  endfacet
  facet normal 0 0 1
    outer loop
      vertex 26.0147 -35.0961 3
      vertex 25.5871 -36.2707 3
      vertex 26.5503 -36.6696 3
    endloop
  endfacet
  facet normal 0 0 1
    outer loop
      vertex 24.9164 -34.7498 3
      vertex 25.5871 -36.2707 3
      vertex 26.0147 -35.0961 3
    endloop
  endfacet
  facet normal 0 0 1
    outer loop
      vertex 24.9164 -34.7498 3
      vertex 24.5929 -35.9572 3
      vertex 25.5871 -36.2707 3
    endloop
  endfacet
  facet normal 0 0 1
    outer loop
      vertex 23.7921 -34.5005 3
      vertex 24.5929 -35.9572 3
      vertex 24.9164 -34.7498 3
    endloop
  endfacet
  facet normal 0 0 1
    outer loop
      vertex 23.7921 -34.5005 3
      vertex 23.5751 -35.7315 3
      vertex 24.5929 -35.9572 3
    endloop
  endfacet
  facet normal 0 0 1
    outer loop
      vertex 22.6505 -34.3502 3
      vertex 23.5751 -35.7315 3
      vertex 23.7921 -34.5005 3
    endloop
  endfacet
  facet normal 0 0 1
    outer loop
      vertex 22.6505 -34.3502 3
      vertex 22.5415 -35.5955 3
      vertex 23.5751 -35.7315 3
    endloop
  endfacet
  facet normal 0 0 1
    outer loop
      vertex 21.5 -34.3 3
      vertex 22.5415 -35.5955 3
      vertex 22.6505 -34.3502 3
    endloop
  endfacet
  facet normal 0 0 1
    outer loop
      vertex 21.5 -34.3 3
      vertex 21.5 -35.55 3
      vertex 22.5415 -35.5955 3
    endloop
  endfacet
  facet normal 0 0 1
    outer loop
      vertex 21.5 -34.3 3
      vertex 20.4585 -35.5955 3
      vertex 21.5 -35.55 3
    endloop
  endfacet
  facet normal -0 0 1
    outer loop
      vertex 20.3495 -34.3502 3
      vertex 20.4585 -35.5955 3
      vertex 21.5 -34.3 3
    endloop
  endfacet
  facet normal 0 0 1
    outer loop
      vertex 20.3495 -34.3502 3
      vertex 19.4249 -35.7315 3
      vertex 20.4585 -35.5955 3
    endloop
  endfacet
  facet normal -0 0 1
    outer loop
      vertex 19.2079 -34.5005 3
      vertex 19.4249 -35.7315 3
      vertex 20.3495 -34.3502 3
    endloop
  endfacet
  facet normal 0 0 1
    outer loop
      vertex 19.2079 -34.5005 3
      vertex 18.4071 -35.9572 3
      vertex 19.4249 -35.7315 3
    endloop
  endfacet
  facet normal -0 0 1
    outer loop
      vertex 18.0836 -34.7498 3
      vertex 18.4071 -35.9572 3
      vertex 19.2079 -34.5005 3
    endloop
  endfacet
  facet normal 0 0 1
    outer loop
      vertex 18.0836 -34.7498 3
      vertex 17.4129 -36.2707 3
      vertex 18.4071 -35.9572 3
    endloop
  endfacet
  facet normal -0 0 1
    outer loop
      vertex 16.9853 -35.0961 3
      vertex 17.4129 -36.2707 3
      vertex 18.0836 -34.7498 3
    endloop
  endfacet
  facet normal 0 0 1
    outer loop
      vertex 16.9853 -35.0961 3
      vertex 16.4497 -36.6696 3
      vertex 17.4129 -36.2707 3
    endloop
  endfacet
  facet normal -0 0 1
    outer loop
      vertex 15.9214 -35.5367 3
      vertex 16.4497 -36.6696 3
      vertex 16.9853 -35.0961 3
    endloop
  endfacet
  facet normal 0 0 1
    outer loop
      vertex 15.9214 -35.5367 3
      vertex 15.525 -37.151 3
      vertex 16.4497 -36.6696 3
    endloop
  endfacet
  facet normal -0 0 1
    outer loop
      vertex 14.9 -36.0685 3
      vertex 15.525 -37.151 3
      vertex 15.9214 -35.5367 3
    endloop
  endfacet
  facet normal 0 0 1
    outer loop
      vertex 14.9 -36.0685 3
      vertex 14.6458 -37.7111 3
      vertex 15.525 -37.151 3
    endloop
  endfacet
  facet normal -0 0 1
    outer loop
      vertex 13.9288 -36.6872 3
      vertex 14.6458 -37.7111 3
      vertex 14.9 -36.0685 3
    endloop
  endfacet
  facet normal 0 0 1
    outer loop
      vertex 13.9288 -36.6872 3
      vertex 13.8187 -38.3458 3
      vertex 14.6458 -37.7111 3
    endloop
  endfacet
  facet normal -0 0 1
    outer loop
      vertex 13.0152 -37.3882 3
      vertex 13.8187 -38.3458 3
      vertex 13.9288 -36.6872 3
    endloop
  endfacet
  facet normal 0 0 1
    outer loop
      vertex 13.8187 -38.3458 3
      vertex 13.0152 -37.3882 3
      vertex 13.0501 -39.0501 3
    endloop
  endfacet
  facet normal -0 0 1
    outer loop
      vertex 12.1662 -38.1662 3
      vertex 13.0501 -39.0501 3
      vertex 13.0152 -37.3882 3
    endloop
  endfacet
  facet normal 0 0 1
    outer loop
      vertex 13.0501 -39.0501 3
      vertex 12.1662 -38.1662 3
      vertex 12.3458 -39.8187 3
    endloop
  endfacet
  facet normal -0 0 1
    outer loop
      vertex 11.3882 -39.0152 3
      vertex 12.3458 -39.8187 3
      vertex 12.1662 -38.1662 3
    endloop
  endfacet
  facet normal 0 0 1
    outer loop
      vertex 12.3458 -39.8187 3
      vertex 11.3882 -39.0152 3
      vertex 11.7111 -40.6458 3
    endloop
  endfacet
  facet normal -0 0 1
    outer loop
      vertex 10.6872 -39.9288 3
      vertex 11.7111 -40.6458 3
      vertex 11.3882 -39.0152 3
    endloop
  endfacet
  facet normal 0 0 1
    outer loop
      vertex 11.7111 -40.6458 3
      vertex 10.6872 -39.9288 3
      vertex 11.151 -41.525 3
    endloop
  endfacet
  facet normal -0 0 1
    outer loop
      vertex 10.0685 -40.9 3
      vertex 11.151 -41.525 3
      vertex 10.6872 -39.9288 3
    endloop
  endfacet
  facet normal 0 0 1
    outer loop
      vertex 11.151 -41.525 3
      vertex 10.0685 -40.9 3
      vertex 10.6696 -42.4497 3
    endloop
  endfacet
  facet normal -0 0 1
    outer loop
      vertex 9.53674 -41.9214 3
      vertex 10.6696 -42.4497 3
      vertex 10.0685 -40.9 3
    endloop
  endfacet
  facet normal 0 0 1
    outer loop
      vertex 10.6696 -42.4497 3
      vertex 9.53674 -41.9214 3
      vertex 10.2707 -43.4129 3
    endloop
  endfacet
  facet normal -0 0 1
    outer loop
      vertex 9.09607 -42.9853 3
      vertex 10.2707 -43.4129 3
      vertex 9.53674 -41.9214 3
    endloop
  endfacet
  facet normal 0 0 1
    outer loop
      vertex 10.2707 -43.4129 3
      vertex 9.09607 -42.9853 3
      vertex 9.95719 -44.4071 3
    endloop
  endfacet
  facet normal 0 0 1
    outer loop
      vertex 9.95719 -44.4071 3
      vertex 8.74979 -44.0836 3
      vertex 9.73155 -45.4249 3
    endloop
  endfacet
  facet normal -0 0 1
    outer loop
      vertex 8.74979 -44.0836 3
      vertex 9.95719 -44.4071 3
      vertex 9.09607 -42.9853 3
    endloop
  endfacet
  facet normal -0 0 1
    outer loop
      vertex 33.0428 -50.5929 3
      vertex 34.2502 -50.9164 3
      vertex 33.2685 -49.5751 3
    endloop
  endfacet
  facet normal 0 0 1
    outer loop
      vertex 34.2502 -50.9164 3
      vertex 33.0428 -50.5929 3
      vertex 33.9039 -52.0147 3
    endloop
  endfacet
  facet normal -0 0 1
    outer loop
      vertex 32.7293 -51.5871 3
      vertex 33.9039 -52.0147 3
      vertex 33.0428 -50.5929 3
    endloop
  endfacet
  facet normal 0 0 1
    outer loop
      vertex 33.9039 -52.0147 3
      vertex 32.7293 -51.5871 3
      vertex 33.4633 -53.0786 3
    endloop
  endfacet
  facet normal -0 0 1
    outer loop
      vertex 32.3304 -52.5503 3
      vertex 33.4633 -53.0786 3
      vertex 32.7293 -51.5871 3
    endloop
  endfacet
  facet normal 0 0 1
    outer loop
      vertex 33.4633 -53.0786 3
      vertex 32.3304 -52.5503 3
      vertex 32.9315 -54.1 3
    endloop
  endfacet
  facet normal -0 0 1
    outer loop
      vertex 31.849 -53.475 3
      vertex 32.9315 -54.1 3
      vertex 32.3304 -52.5503 3
    endloop
  endfacet
  facet normal 0 0 1
    outer loop
      vertex 32.9315 -54.1 3
      vertex 31.849 -53.475 3
      vertex 32.3128 -55.0712 3
    endloop
  endfacet
  facet normal -0 0 1
    outer loop
      vertex 31.2889 -54.3542 3
      vertex 32.3128 -55.0712 3
      vertex 31.849 -53.475 3
    endloop
  endfacet
  facet normal 0 0 1
    outer loop
      vertex 32.3128 -55.0712 3
      vertex 31.2889 -54.3542 3
      vertex 31.6118 -55.9848 3
    endloop
  endfacet
  facet normal -0 0 1
    outer loop
      vertex 30.6542 -55.1813 3
      vertex 31.6118 -55.9848 3
      vertex 31.2889 -54.3542 3
    endloop
  endfacet
  facet normal 0 0 1
    outer loop
      vertex 31.6118 -55.9848 3
      vertex 30.6542 -55.1813 3
      vertex 30.8338 -56.8338 3
    endloop
  endfacet
  facet normal -0 0 1
    outer loop
      vertex 29.9499 -55.9499 3
      vertex 30.8338 -56.8338 3
      vertex 30.6542 -55.1813 3
    endloop
  endfacet
  facet normal 0 0 1
    outer loop
      vertex 30.8338 -56.8338 3
      vertex 29.9499 -55.9499 3
      vertex 29.9848 -57.6118 3
    endloop
  endfacet
  facet normal -0 0 1
    outer loop
      vertex 29.1813 -56.6542 3
      vertex 29.9848 -57.6118 3
      vertex 29.9499 -55.9499 3
    endloop
  endfacet
  facet normal 0 0 1
    outer loop
      vertex 29.1813 -56.6542 3
      vertex 29.0712 -58.3128 3
      vertex 29.9848 -57.6118 3
    endloop
  endfacet
  facet normal -0 0 1
    outer loop
      vertex 28.3542 -57.2889 3
      vertex 29.0712 -58.3128 3
      vertex 29.1813 -56.6542 3
    endloop
  endfacet
  facet normal 0 0 1
    outer loop
      vertex 28.3542 -57.2889 3
      vertex 28.1 -58.9315 3
      vertex 29.0712 -58.3128 3
    endloop
  endfacet
  facet normal -0 0 1
    outer loop
      vertex 27.475 -57.849 3
      vertex 28.1 -58.9315 3
      vertex 28.3542 -57.2889 3
    endloop
  endfacet
  facet normal 0 0 1
    outer loop
      vertex 27.475 -57.849 3
      vertex 27.0786 -59.4633 3
      vertex 28.1 -58.9315 3
    endloop
  endfacet
  facet normal -0 0 1
    outer loop
      vertex 26.5503 -58.3304 3
      vertex 27.0786 -59.4633 3
      vertex 27.475 -57.849 3
    endloop
  endfacet
  facet normal 0 0 1
    outer loop
      vertex 26.5503 -58.3304 3
      vertex 26.2656 -59.8 3
      vertex 27.0786 -59.4633 3
    endloop
  endfacet
  facet normal -0 0 1
    outer loop
      vertex 25.5871 -58.7293 3
      vertex 26.2656 -59.8 3
      vertex 26.5503 -58.3304 3
    endloop
  endfacet
  facet normal -0 0 1
    outer loop
      vertex 24.5929 -59.0428 3
      vertex 26.2656 -59.8 3
      vertex 25.5871 -58.7293 3
    endloop
  endfacet
  facet normal -0 0 1
    outer loop
      vertex 23.5751 -59.2685 3
      vertex 26.2656 -59.8 3
      vertex 24.5929 -59.0428 3
    endloop
  endfacet
  facet normal -0 0 1
    outer loop
      vertex 22.5415 -59.4045 3
      vertex 26.2656 -59.8 3
      vertex 23.5751 -59.2685 3
    endloop
  endfacet
  facet normal -0 0 1
    outer loop
      vertex 21.5 -59.45 3
      vertex 26.2656 -59.8 3
      vertex 22.5415 -59.4045 3
    endloop
  endfacet
  facet normal 0 0 1
    outer loop
      vertex 18.1668 -59.8 3
      vertex 21.5 -59.45 3
      vertex 20.4585 -59.4045 3
    endloop
  endfacet
  facet normal 0 0 1
    outer loop
      vertex 21.5 -59.45 3
      vertex 18.1668 -59.8 3
      vertex 26.2656 -59.8 3
    endloop
  endfacet
  facet normal 0 0 1
    outer loop
      vertex 19.4249 -59.2685 3
      vertex 18.1668 -59.8 3
      vertex 20.4585 -59.4045 3
    endloop
  endfacet
  facet normal 0 0 1
    outer loop
      vertex 18.4071 -59.0428 3
      vertex 18.1668 -59.8 3
      vertex 19.4249 -59.2685 3
    endloop
  endfacet
  facet normal 0 0 1
    outer loop
      vertex 17.4129 -58.7293 3
      vertex 18.1668 -59.8 3
      vertex 18.4071 -59.0428 3
    endloop
  endfacet
  facet normal 0 0 1
    outer loop
      vertex 16.2708 -59.4104 3
      vertex 17.4129 -58.7293 3
      vertex 16.4497 -58.3304 3
    endloop
  endfacet
  facet normal 0 0 1
    outer loop
      vertex 17.4129 -58.7293 3
      vertex 16.2708 -59.4104 3
      vertex 18.1668 -59.8 3
    endloop
  endfacet
  facet normal 0 0 1
    outer loop
      vertex 16.4497 -58.3304 3
      vertex 15.6051 -59.2986 3
      vertex 16.2708 -59.4104 3
    endloop
  endfacet
  facet normal 0 0 1
    outer loop
      vertex 15.525 -57.849 3
      vertex 15.6051 -59.2986 3
      vertex 16.4497 -58.3304 3
    endloop
  endfacet
  facet normal 0 0 1
    outer loop
      vertex 15.525 -57.849 3
      vertex 14.9 -58.9315 3
      vertex 15.6051 -59.2986 3
    endloop
  endfacet
  facet normal 0 0 1
    outer loop
      vertex 14.6458 -57.2889 3
      vertex 14.9 -58.9315 3
      vertex 15.525 -57.849 3
    endloop
  endfacet
  facet normal 0 0 1
    outer loop
      vertex 14.6458 -57.2889 3
      vertex 13.9288 -58.3128 3
      vertex 14.9 -58.9315 3
    endloop
  endfacet
  facet normal 0 0 1
    outer loop
      vertex 13.8187 -56.6542 3
      vertex 13.9288 -58.3128 3
      vertex 14.6458 -57.2889 3
    endloop
  endfacet
  facet normal 0 0 1
    outer loop
      vertex 13.0152 -57.6118 3
      vertex 13.8187 -56.6542 3
      vertex 13.0501 -55.9499 3
    endloop
  endfacet
  facet normal 0 0 1
    outer loop
      vertex 13.8187 -56.6542 3
      vertex 13.0152 -57.6118 3
      vertex 13.9288 -58.3128 3
    endloop
  endfacet
  facet normal 0 0 1
    outer loop
      vertex 12.1662 -56.8338 3
      vertex 13.0501 -55.9499 3
      vertex 12.3458 -55.1813 3
    endloop
  endfacet
  facet normal 0 0 1
    outer loop
      vertex 13.0501 -55.9499 3
      vertex 12.1662 -56.8338 3
      vertex 13.0152 -57.6118 3
    endloop
  endfacet
  facet normal 0 0 1
    outer loop
      vertex 11.3882 -55.9848 3
      vertex 12.3458 -55.1813 3
      vertex 11.7111 -54.3542 3
    endloop
  endfacet
  facet normal 0 0 1
    outer loop
      vertex 12.3458 -55.1813 3
      vertex 11.3882 -55.9848 3
      vertex 12.1662 -56.8338 3
    endloop
  endfacet
  facet normal 0 0 1
    outer loop
      vertex 10.6872 -55.0712 3
      vertex 11.7111 -54.3542 3
      vertex 11.151 -53.475 3
    endloop
  endfacet
  facet normal 0 0 1
    outer loop
      vertex 11.7111 -54.3542 3
      vertex 10.6872 -55.0712 3
      vertex 11.3882 -55.9848 3
    endloop
  endfacet
  facet normal 0 0 1
    outer loop
      vertex 10.0685 -54.1 3
      vertex 11.151 -53.475 3
      vertex 10.6696 -52.5503 3
    endloop
  endfacet
  facet normal 0 0 1
    outer loop
      vertex 9.53674 -53.0786 3
      vertex 10.6696 -52.5503 3
      vertex 10.2707 -51.5871 3
    endloop
  endfacet
  facet normal 0 0 1
    outer loop
      vertex 11.151 -53.475 3
      vertex 10.0685 -54.1 3
      vertex 10.6872 -55.0712 3
    endloop
  endfacet
  facet normal 0 0 1
    outer loop
      vertex 9.09607 -52.0147 3
      vertex 10.2707 -51.5871 3
      vertex 9.95719 -50.5929 3
    endloop
  endfacet
  facet normal 0 0 1
    outer loop
      vertex 8.74979 -50.9164 3
      vertex 9.95719 -50.5929 3
      vertex 9.73155 -49.5751 3
    endloop
  endfacet
  facet normal 0 0 1
    outer loop
      vertex 8.50055 -49.7921 3
      vertex 9.73155 -49.5751 3
      vertex 9.59547 -48.5415 3
    endloop
  endfacet
  facet normal 0 0 1
    outer loop
      vertex 10.6696 -52.5503 3
      vertex 9.53674 -53.0786 3
      vertex 10.0685 -54.1 3
    endloop
  endfacet
  facet normal 0 0 1
    outer loop
      vertex 8.35023 -48.6505 3
      vertex 9.59547 -48.5415 3
      vertex 9.55 -47.5 3
    endloop
  endfacet
  facet normal -0 0 1
    outer loop
      vertex 8.50055 -45.2079 3
      vertex 9.73155 -45.4249 3
      vertex 8.74979 -44.0836 3
    endloop
  endfacet
  facet normal 0 0 1
    outer loop
      vertex 9.73155 -45.4249 3
      vertex 8.50055 -45.2079 3
      vertex 9.59547 -46.4585 3
    endloop
  endfacet
  facet normal 0 0 1
    outer loop
      vertex 10.2707 -51.5871 3
      vertex 9.09607 -52.0147 3
      vertex 9.53674 -53.0786 3
    endloop
  endfacet
  facet normal -0 0 1
    outer loop
      vertex 8.35023 -46.3495 3
      vertex 9.59547 -46.4585 3
      vertex 8.50055 -45.2079 3
    endloop
  endfacet
  facet normal 0 0 1
    outer loop
      vertex 9.95719 -50.5929 3
      vertex 8.74979 -50.9164 3
      vertex 9.09607 -52.0147 3
    endloop
  endfacet
  facet normal 0 0 1
    outer loop
      vertex 9.59547 -46.4585 3
      vertex 8.35023 -46.3495 3
      vertex 9.55 -47.5 3
    endloop
  endfacet
  facet normal 0 0 1
    outer loop
      vertex 9.73155 -49.5751 3
      vertex 8.50055 -49.7921 3
      vertex 8.74979 -50.9164 3
    endloop
  endfacet
  facet normal 0 0 1
    outer loop
      vertex 8.3 -47.5 3
      vertex 9.55 -47.5 3
      vertex 8.35023 -46.3495 3
    endloop
  endfacet
  facet normal 0 0 1
    outer loop
      vertex 9.59547 -48.5415 3
      vertex 8.35023 -48.6505 3
      vertex 8.50055 -49.7921 3
    endloop
  endfacet
  facet normal 0 0 1
    outer loop
      vertex 9.55 -47.5 3
      vertex 8.3 -47.5 3
      vertex 8.35023 -48.6505 3
    endloop
  endfacet
  facet normal -0 0 1
    outer loop
      vertex -4.5 -45.1 3
      vertex 4.5 -47.4 3
      vertex 4.5 -45.1 3
    endloop
  endfacet
  facet normal 0 0 1
    outer loop
      vertex 4.5 -47.4 3
      vertex -4.5 -45.1 3
      vertex -4.5 -47.4 3
    endloop
  endfacet
  facet normal -0 0 1
    outer loop
      vertex -4.5 -41.9 3
      vertex 4.5 -44.2 3
      vertex 4.5 -41.9 3
    endloop
  endfacet
  facet normal 0 0 1
    outer loop
      vertex 4.5 -44.2 3
      vertex -4.5 -41.9 3
      vertex -4.5 -44.2 3
    endloop
  endfacet
  facet normal -0 0 1
    outer loop
      vertex -4.5 -38.7 3
      vertex 4.5 -41 3
      vertex 4.5 -38.7 3
    endloop
  endfacet
  facet normal 0 0 1
    outer loop
      vertex 4.5 -41 3
      vertex -4.5 -38.7 3
      vertex -4.5 -41 3
    endloop
  endfacet
  facet normal -0 0 1
    outer loop
      vertex 4.5 -38.7 3
      vertex 7 -42.0412 3
      vertex 7 -34.5 3
    endloop
  endfacet
  facet normal -0 0 1
    outer loop
      vertex 4.5 -41 3
      vertex 7 -42.0412 3
      vertex 4.5 -38.7 3
    endloop
  endfacet
  facet normal -0 0 1
    outer loop
      vertex 4.5 -41.9 3
      vertex 7 -42.0412 3
      vertex 4.5 -41 3
    endloop
  endfacet
  facet normal 0 0 1
    outer loop
      vertex 6.93477 -42.1987 3
      vertex 4.5 -41.9 3
      vertex 6.52815 -43.4883 3
    endloop
  endfacet
  facet normal 0 0 1
    outer loop
      vertex 7 -42.0412 3
      vertex 4.5 -41.9 3
      vertex 6.93477 -42.1987 3
    endloop
  endfacet
  facet normal 0 0 1
    outer loop
      vertex 4.5 -38.7 3
      vertex 7 -34.5 3
      vertex 4.5 -37.8 3
    endloop
  endfacet
  facet normal 0 0 1
    outer loop
      vertex 7 -34.5 3
      vertex -4.5 -37.8 3
      vertex 4.5 -37.8 3
    endloop
  endfacet
  facet normal 0 0 1
    outer loop
      vertex -7 -42.0412 3
      vertex -4.5 -38.7 3
      vertex -4.5 -37.8 3
    endloop
  endfacet
  facet normal 0 0 1
    outer loop
      vertex -4.5 -38.7 3
      vertex -7 -42.0412 3
      vertex -4.5 -41 3
    endloop
  endfacet
  facet normal 0 0 1
    outer loop
      vertex -4.5 -41 3
      vertex -7 -42.0412 3
      vertex -4.5 -41.9 3
    endloop
  endfacet
  facet normal 0 -0 1
    outer loop
      vertex -6.52815 -43.4883 3
      vertex -4.5 -41.9 3
      vertex -6.93477 -42.1987 3
    endloop
  endfacet
  facet normal 0 0 1
    outer loop
      vertex -4.5 -41.9 3
      vertex -6.52815 -43.4883 3
      vertex -4.5 -44.2 3
    endloop
  endfacet
  facet normal 0 0 1
    outer loop
      vertex -4.5 -44.2 3
      vertex -6.23549 -44.8085 3
      vertex -4.5 -45.1 3
    endloop
  endfacet
  facet normal 0 0 1
    outer loop
      vertex -4.5 -45.1 3
      vertex -6.05899 -46.1491 3
      vertex -4.5 -47.4 3
    endloop
  endfacet
  facet normal 0 0 1
    outer loop
      vertex -4.5 -47.4 3
      vertex -6 -47.5 3
      vertex -4.5 -48.3 3
    endloop
  endfacet
  facet normal 0 -0 1
    outer loop
      vertex -6 -47.5 3
      vertex -4.5 -47.4 3
      vertex -6.05899 -46.1491 3
    endloop
  endfacet
  facet normal 0 -0 1
    outer loop
      vertex -6.05899 -46.1491 3
      vertex -4.5 -45.1 3
      vertex -6.23549 -44.8085 3
    endloop
  endfacet
  facet normal 0 -0 1
    outer loop
      vertex -6.23549 -44.8085 3
      vertex -4.5 -44.2 3
      vertex -6.52815 -43.4883 3
    endloop
  endfacet
  facet normal -0 0 1
    outer loop
      vertex -7 -34.5 3
      vertex -4.5 -37.8 3
      vertex 7 -34.5 3
    endloop
  endfacet
  facet normal 0 0 1
    outer loop
      vertex -7 -42.0412 3
      vertex -4.5 -37.8 3
      vertex -7 -34.5 3
    endloop
  endfacet
  facet normal 0 0 1
    outer loop
      vertex -4.5 -41.9 3
      vertex -7 -42.0412 3
      vertex -6.93477 -42.1987 3
    endloop
  endfacet
  facet normal 0 0 1
    outer loop
      vertex 4.5 -44.2 3
      vertex 6.52815 -43.4883 3
      vertex 4.5 -41.9 3
    endloop
  endfacet
  facet normal 0 0 1
    outer loop
      vertex 6.52815 -43.4883 3
      vertex 4.5 -44.2 3
      vertex 6.23549 -44.8085 3
    endloop
  endfacet
  facet normal 0 0 1
    outer loop
      vertex 4.5 -45.1 3
      vertex 6.23549 -44.8085 3
      vertex 4.5 -44.2 3
    endloop
  endfacet
  facet normal 0 0 1
    outer loop
      vertex 6.23549 -44.8085 3
      vertex 4.5 -45.1 3
      vertex 6.05899 -46.1491 3
    endloop
  endfacet
  facet normal 0 0 1
    outer loop
      vertex 4.5 -47.4 3
      vertex 6.05899 -46.1491 3
      vertex 4.5 -45.1 3
    endloop
  endfacet
  facet normal 0 0 1
    outer loop
      vertex 6.05899 -46.1491 3
      vertex 4.5 -47.4 3
      vertex 6 -47.5 3
    endloop
  endfacet
  facet normal 0 0 1
    outer loop
      vertex 4.5 -48.3 3
      vertex 6 -47.5 3
      vertex 4.5 -47.4 3
    endloop
  endfacet
  facet normal 0 0 1
    outer loop
      vertex 6 -47.5 3
      vertex 4.5 -48.3 3
      vertex 6.05899 -48.8509 3
    endloop
  endfacet
  facet normal 0 0 1
    outer loop
      vertex 6.05899 -48.8509 3
      vertex 4.5 -48.3 3
      vertex 6.23549 -50.1915 3
    endloop
  endfacet
  facet normal 0 0 1
    outer loop
      vertex 6.23549 -50.1915 3
      vertex 4.5 -48.3 3
      vertex 6.52815 -51.5117 3
    endloop
  endfacet
  facet normal 0 0 1
    outer loop
      vertex -6.52815 -51.5117 3
      vertex 6.52815 -51.5117 3
      vertex 4.5 -48.3 3
    endloop
  endfacet
  facet normal 0 0 1
    outer loop
      vertex -6.52815 -51.5117 3
      vertex 4.5 -48.3 3
      vertex -4.5 -48.3 3
    endloop
  endfacet
  facet normal 0 0 1
    outer loop
      vertex -6.05899 -48.8509 3
      vertex -4.5 -48.3 3
      vertex -6 -47.5 3
    endloop
  endfacet
  facet normal 0 0 1
    outer loop
      vertex -6.23549 -50.1915 3
      vertex -4.5 -48.3 3
      vertex -6.05899 -48.8509 3
    endloop
  endfacet
  facet normal 0 0 1
    outer loop
      vertex -6.52815 -51.5117 3
      vertex -4.5 -48.3 3
      vertex -6.23549 -50.1915 3
    endloop
  endfacet
  facet normal 0 0 1
    outer loop
      vertex 6.52815 -51.5117 3
      vertex -6.52815 -51.5117 3
      vertex 6.83977 -52.5 3
    endloop
  endfacet
  facet normal 0 0 1
    outer loop
      vertex 6.83977 -52.5 3
      vertex -6.52815 -51.5117 3
      vertex -6.83977 -52.5 3
    endloop
  endfacet
  facet normal 0.165599 -0.986193 0
    outer loop
      vertex -15.5 -63.5397 0
      vertex -13.1012 -63.1369 3
      vertex -15.5 -63.5397 3
    endloop
  endfacet
  facet normal 0.165599 -0.986193 0
    outer loop
      vertex -13.1012 -63.1369 3
      vertex -15.5 -63.5397 0
      vertex -13.1012 -63.1369 0
    endloop
  endfacet
  facet normal 0.132418 -0.991194 0
    outer loop
      vertex -13.1012 -63.1369 0
      vertex -10.6026 -62.8031 3
      vertex -13.1012 -63.1369 3
    endloop
  endfacet
  facet normal 0.132418 -0.991194 0
    outer loop
      vertex -10.6026 -62.8031 3
      vertex -13.1012 -63.1369 0
      vertex -10.6026 -62.8031 0
    endloop
  endfacet
  facet normal 0.101214 -0.994865 0
    outer loop
      vertex -10.6026 -62.8031 0
      vertex -8.02338 -62.5407 3
      vertex -10.6026 -62.8031 3
    endloop
  endfacet
  facet normal 0.101214 -0.994865 0
    outer loop
      vertex -8.02338 -62.5407 3
      vertex -10.6026 -62.8031 0
      vertex -8.02338 -62.5407 0
    endloop
  endfacet
  facet normal 0.0713252 -0.997453 0
    outer loop
      vertex -8.02338 -62.5407 0
      vertex -5.38309 -62.3519 3
      vertex -8.02338 -62.5407 3
    endloop
  endfacet
  facet normal 0.0713252 -0.997453 0
    outer loop
      vertex -5.38309 -62.3519 3
      vertex -8.02338 -62.5407 0
      vertex -5.38309 -62.3519 0
    endloop
  endfacet
  facet normal 0.0424046 -0.999101 0
    outer loop
      vertex -5.38309 -62.3519 0
      vertex -2.70183 -62.2381 3
      vertex -5.38309 -62.3519 3
    endloop
  endfacet
  facet normal 0.0424046 -0.999101 0
    outer loop
      vertex -2.70183 -62.2381 3
      vertex -5.38309 -62.3519 0
      vertex -2.70183 -62.2381 0
    endloop
  endfacet
  facet normal 0.0141002 -0.999901 0
    outer loop
      vertex -2.70183 -62.2381 0
      vertex 0 -62.2 3
      vertex -2.70183 -62.2381 3
    endloop
  endfacet
  facet normal 0.0141002 -0.999901 0
    outer loop
      vertex 0 -62.2 3
      vertex -2.70183 -62.2381 0
      vertex 0 -62.2 0
    endloop
  endfacet
  facet normal -0.0141002 -0.999901 0
    outer loop
      vertex 0 -62.2 0
      vertex 2.70183 -62.2381 3
      vertex 0 -62.2 3
    endloop
  endfacet
  facet normal -0.0141002 -0.999901 -0
    outer loop
      vertex 2.70183 -62.2381 3
      vertex 0 -62.2 0
      vertex 2.70183 -62.2381 0
    endloop
  endfacet
  facet normal -0.0424046 -0.999101 0
    outer loop
      vertex 2.70183 -62.2381 0
      vertex 5.38309 -62.3519 3
      vertex 2.70183 -62.2381 3
    endloop
  endfacet
  facet normal -0.0424046 -0.999101 -0
    outer loop
      vertex 5.38309 -62.3519 3
      vertex 2.70183 -62.2381 0
      vertex 5.38309 -62.3519 0
    endloop
  endfacet
  facet normal -0.0713252 -0.997453 0
    outer loop
      vertex 5.38309 -62.3519 0
      vertex 8.02338 -62.5407 3
      vertex 5.38309 -62.3519 3
    endloop
  endfacet
  facet normal -0.0713252 -0.997453 -0
    outer loop
      vertex 8.02338 -62.5407 3
      vertex 5.38309 -62.3519 0
      vertex 8.02338 -62.5407 0
    endloop
  endfacet
  facet normal -0.101214 -0.994865 0
    outer loop
      vertex 8.02338 -62.5407 0
      vertex 10.6026 -62.8031 3
      vertex 8.02338 -62.5407 3
    endloop
  endfacet
  facet normal -0.101214 -0.994865 -0
    outer loop
      vertex 10.6026 -62.8031 3
      vertex 8.02338 -62.5407 0
      vertex 10.6026 -62.8031 0
    endloop
  endfacet
  facet normal -0.132418 -0.991194 0
    outer loop
      vertex 10.6026 -62.8031 0
      vertex 13.1012 -63.1369 3
      vertex 10.6026 -62.8031 3
    endloop
  endfacet
  facet normal -0.132418 -0.991194 -0
    outer loop
      vertex 13.1012 -63.1369 3
      vertex 10.6026 -62.8031 0
      vertex 13.1012 -63.1369 0
    endloop
  endfacet
  facet normal -0.165599 -0.986193 0
    outer loop
      vertex 13.1012 -63.1369 0
      vertex 15.5 -63.5397 3
      vertex 13.1012 -63.1369 3
    endloop
  endfacet
  facet normal -0.165599 -0.986193 -0
    outer loop
      vertex 15.5 -63.5397 3
      vertex 13.1012 -63.1369 0
      vertex 15.5 -63.5397 0
    endloop
  endfacet
  facet normal -0.201311 -0.979527 0
    outer loop
      vertex 15.5 -63.5397 0
      vertex 17.7397 -64 3
      vertex 15.5 -63.5397 3
    endloop
  endfacet
  facet normal -0.201311 -0.979527 -0
    outer loop
      vertex 17.7397 -64 3
      vertex 15.5 -63.5397 0
      vertex 17.7397 -64 0
    endloop
  endfacet
  facet normal 0 -1 0
    outer loop
      vertex 17.7397 -64 0
      vertex 34 -64 3
      vertex 17.7397 -64 3
    endloop
  endfacet
  facet normal 0 -1 -0
    outer loop
      vertex 34 -64 3
      vertex 17.7397 -64 0
      vertex 34 -64 0
    endloop
  endfacet
  facet normal 0.043671 -0.999046 0
    outer loop
      vertex 34 -64 0
      vertex 34.8716 -63.9619 3
      vertex 34 -64 3
    endloop
  endfacet
  facet normal 0.043671 -0.999046 0
    outer loop
      vertex 34.8716 -63.9619 3
      vertex 34 -64 0
      vertex 34.8716 -63.9619 0
    endloop
  endfacet
  facet normal 0.130452 -0.991455 0
    outer loop
      vertex 34.8716 -63.9619 0
      vertex 35.7365 -63.8481 3
      vertex 34.8716 -63.9619 3
    endloop
  endfacet
  facet normal 0.130452 -0.991455 0
    outer loop
      vertex 35.7365 -63.8481 3
      vertex 34.8716 -63.9619 0
      vertex 35.7365 -63.8481 0
    endloop
  endfacet
  facet normal 0.216421 -0.9763 0
    outer loop
      vertex 35.7365 -63.8481 0
      vertex 36.5882 -63.6593 3
      vertex 35.7365 -63.8481 3
    endloop
  endfacet
  facet normal 0.216421 -0.9763 0
    outer loop
      vertex 36.5882 -63.6593 3
      vertex 35.7365 -63.8481 0
      vertex 36.5882 -63.6593 0
    endloop
  endfacet
  facet normal 0.30078 -0.953693 0
    outer loop
      vertex 36.5882 -63.6593 0
      vertex 37.4202 -63.3969 3
      vertex 36.5882 -63.6593 3
    endloop
  endfacet
  facet normal 0.30078 -0.953693 0
    outer loop
      vertex 37.4202 -63.3969 3
      vertex 36.5882 -63.6593 0
      vertex 37.4202 -63.3969 0
    endloop
  endfacet
  facet normal 0.382629 -0.923902 0
    outer loop
      vertex 37.4202 -63.3969 0
      vertex 38.2262 -63.0631 3
      vertex 37.4202 -63.3969 3
    endloop
  endfacet
  facet normal 0.382629 -0.923902 0
    outer loop
      vertex 38.2262 -63.0631 3
      vertex 37.4202 -63.3969 0
      vertex 38.2262 -63.0631 0
    endloop
  endfacet
  facet normal 0.461825 -0.886971 0
    outer loop
      vertex 38.2262 -63.0631 0
      vertex 39 -62.6602 3
      vertex 38.2262 -63.0631 3
    endloop
  endfacet
  facet normal 0.461825 -0.886971 0
    outer loop
      vertex 39 -62.6602 3
      vertex 38.2262 -63.0631 0
      vertex 39 -62.6602 0
    endloop
  endfacet
  facet normal 0.537254 -0.843421 0
    outer loop
      vertex 39 -62.6602 0
      vertex 39.7358 -62.1915 3
      vertex 39 -62.6602 3
    endloop
  endfacet
  facet normal 0.537254 -0.843421 0
    outer loop
      vertex 39.7358 -62.1915 3
      vertex 39 -62.6602 0
      vertex 39.7358 -62.1915 0
    endloop
  endfacet
  facet normal 0.608785 -0.793335 0
    outer loop
      vertex 39.7358 -62.1915 0
      vertex 40.4279 -61.6604 3
      vertex 39.7358 -62.1915 3
    endloop
  endfacet
  facet normal 0.608785 -0.793335 0
    outer loop
      vertex 40.4279 -61.6604 3
      vertex 39.7358 -62.1915 0
      vertex 40.4279 -61.6604 0
    endloop
  endfacet
  facet normal 0.675538 -0.737325 0
    outer loop
      vertex 40.4279 -61.6604 0
      vertex 41.0711 -61.0711 3
      vertex 40.4279 -61.6604 3
    endloop
  endfacet
  facet normal 0.675538 -0.737325 0
    outer loop
      vertex 41.0711 -61.0711 3
      vertex 40.4279 -61.6604 0
      vertex 41.0711 -61.0711 0
    endloop
  endfacet
  facet normal 0.737325 -0.675538 0
    outer loop
      vertex 41.0711 -61.0711 3
      vertex 41.6604 -60.4279 0
      vertex 41.6604 -60.4279 3
    endloop
  endfacet
  facet normal 0.737325 -0.675538 0
    outer loop
      vertex 41.6604 -60.4279 0
      vertex 41.0711 -61.0711 3
      vertex 41.0711 -61.0711 0
    endloop
  endfacet
  facet normal 0.793335 -0.608785 0
    outer loop
      vertex 41.6604 -60.4279 3
      vertex 42.1915 -59.7358 0
      vertex 42.1915 -59.7358 3
    endloop
  endfacet
  facet normal 0.793335 -0.608785 0
    outer loop
      vertex 42.1915 -59.7358 0
      vertex 41.6604 -60.4279 3
      vertex 41.6604 -60.4279 0
    endloop
  endfacet
  facet normal 0.843421 -0.537254 0
    outer loop
      vertex 42.1915 -59.7358 3
      vertex 42.6602 -59 0
      vertex 42.6602 -59 3
    endloop
  endfacet
  facet normal 0.843421 -0.537254 0
    outer loop
      vertex 42.6602 -59 0
      vertex 42.1915 -59.7358 3
      vertex 42.1915 -59.7358 0
    endloop
  endfacet
  facet normal 0.886971 -0.461825 0
    outer loop
      vertex 42.6602 -59 3
      vertex 43.0631 -58.2262 0
      vertex 43.0631 -58.2262 3
    endloop
  endfacet
  facet normal 0.886971 -0.461825 0
    outer loop
      vertex 43.0631 -58.2262 0
      vertex 42.6602 -59 3
      vertex 42.6602 -59 0
    endloop
  endfacet
  facet normal 0.923902 -0.382629 0
    outer loop
      vertex 43.0631 -58.2262 3
      vertex 43.3969 -57.4202 0
      vertex 43.3969 -57.4202 3
    endloop
  endfacet
  facet normal 0.923902 -0.382629 0
    outer loop
      vertex 43.3969 -57.4202 0
      vertex 43.0631 -58.2262 3
      vertex 43.0631 -58.2262 0
    endloop
  endfacet
  facet normal 0.953693 -0.30078 0
    outer loop
      vertex 43.3969 -57.4202 3
      vertex 43.6593 -56.5882 0
      vertex 43.6593 -56.5882 3
    endloop
  endfacet
  facet normal 0.953693 -0.30078 0
    outer loop
      vertex 43.6593 -56.5882 0
      vertex 43.3969 -57.4202 3
      vertex 43.3969 -57.4202 0
    endloop
  endfacet
  facet normal 0.9763 -0.216421 0
    outer loop
      vertex 43.6593 -56.5882 3
      vertex 43.8481 -55.7365 0
      vertex 43.8481 -55.7365 3
    endloop
  endfacet
  facet normal 0.9763 -0.216421 0
    outer loop
      vertex 43.8481 -55.7365 0
      vertex 43.6593 -56.5882 3
      vertex 43.6593 -56.5882 0
    endloop
  endfacet
  facet normal 0.991455 -0.130452 0
    outer loop
      vertex 43.8481 -55.7365 3
      vertex 43.9619 -54.8716 0
      vertex 43.9619 -54.8716 3
    endloop
  endfacet
  facet normal 0.991455 -0.130452 0
    outer loop
      vertex 43.9619 -54.8716 0
      vertex 43.8481 -55.7365 3
      vertex 43.8481 -55.7365 0
    endloop
  endfacet
  facet normal 0.999046 -0.043671 0
    outer loop
      vertex 43.9619 -54.8716 3
      vertex 44 -54 0
      vertex 44 -54 3
    endloop
  endfacet
  facet normal 0.999046 -0.043671 0
    outer loop
      vertex 44 -54 0
      vertex 43.9619 -54.8716 3
      vertex 43.9619 -54.8716 0
    endloop
  endfacet
  facet normal 0.999046 0.043671 0
    outer loop
      vertex 44 -54 3
      vertex 43.9619 -53.1284 0
      vertex 43.9619 -53.1284 3
    endloop
  endfacet
  facet normal 0.999046 0.043671 0
    outer loop
      vertex 43.9619 -53.1284 0
      vertex 44 -54 3
      vertex 44 -54 0
    endloop
  endfacet
  facet normal 0.996486 0.0837643 0
    outer loop
      vertex 43.9619 -53.1284 3
      vertex 42.9715 -41.3463 0
      vertex 42.9715 -41.3463 3
    endloop
  endfacet
  facet normal 0.996486 0.0837643 0
    outer loop
      vertex 42.9715 -41.3463 0
      vertex 43.9619 -53.1284 3
      vertex 43.9619 -53.1284 0
    endloop
  endfacet
  facet normal 0.995021 0.0996676 0
    outer loop
      vertex 42.9715 -41.3463 3
      vertex 40.0092 -11.7725 0
      vertex 40.0092 -11.7725 3
    endloop
  endfacet
  facet normal 0.995021 0.0996676 0
    outer loop
      vertex 40.0092 -11.7725 0
      vertex 42.9715 -41.3463 3
      vertex 42.9715 -41.3463 0
    endloop
  endfacet
  facet normal 0.999179 -0.0405079 0
    outer loop
      vertex 40.0092 -11.7725 3
      vertex 41.5 25 0
      vertex 41.5 25 3
    endloop
  endfacet
  facet normal 0.999179 -0.0405079 0
    outer loop
      vertex 41.5 25 0
      vertex 40.0092 -11.7725 3
      vertex 40.0092 -11.7725 0
    endloop
  endfacet
  facet normal 0.999824 -0.0187672 0
    outer loop
      vertex 41.5 25 3
      vertex 41.975 50.3057 0
      vertex 41.975 50.3057 3
    endloop
  endfacet
  facet normal 0.999824 -0.0187672 0
    outer loop
      vertex 41.975 50.3057 0
      vertex 41.5 25 3
      vertex 41.5 25 0
    endloop
  endfacet
  facet normal 0.999891 -0.0147538 0
    outer loop
      vertex 41.975 50.3057 3
      vertex 42 52 0
      vertex 42 52 3
    endloop
  endfacet
  facet normal 0.999891 -0.0147538 0
    outer loop
      vertex 42 52 0
      vertex 41.975 50.3057 3
      vertex 41.975 50.3057 0
    endloop
  endfacet
  facet normal 0.999891 0.0147538 0
    outer loop
      vertex 42 52 3
      vertex 41.975 53.6943 0
      vertex 41.975 53.6943 3
    endloop
  endfacet
  facet normal 0.999891 0.0147538 0
    outer loop
      vertex 41.975 53.6943 0
      vertex 42 52 3
      vertex 42 52 0
    endloop
  endfacet
  facet normal 0.996672 0.0815162 0
    outer loop
      vertex 41.975 53.6943 3
      vertex 41.9 54.6113 0
      vertex 41.9 54.6113 3
    endloop
  endfacet
  facet normal 0.996672 0.0815162 0
    outer loop
      vertex 41.9 54.6113 0
      vertex 41.975 53.6943 3
      vertex 41.975 53.6943 0
    endloop
  endfacet
  facet normal 0.986412 0.164292 0
    outer loop
      vertex 41.9 54.6113 3
      vertex 41.7751 55.3612 0
      vertex 41.7751 55.3612 3
    endloop
  endfacet
  facet normal 0.986412 0.164292 0
    outer loop
      vertex 41.7751 55.3612 0
      vertex 41.9 54.6113 3
      vertex 41.9 54.6113 0
    endloop
  endfacet
  facet normal 0.966259 0.257571 0
    outer loop
      vertex 41.7751 55.3612 3
      vertex 41.6001 56.0177 0
      vertex 41.6001 56.0177 3
    endloop
  endfacet
  facet normal 0.966259 0.257571 0
    outer loop
      vertex 41.6001 56.0177 0
      vertex 41.7751 55.3612 3
      vertex 41.7751 55.3612 0
    endloop
  endfacet
  facet normal 0.934909 0.354887 0
    outer loop
      vertex 41.6001 56.0177 3
      vertex 41.375 56.6107 0
      vertex 41.375 56.6107 3
    endloop
  endfacet
  facet normal 0.934909 0.354887 0
    outer loop
      vertex 41.375 56.6107 0
      vertex 41.6001 56.0177 3
      vertex 41.6001 56.0177 0
    endloop
  endfacet
  facet normal 0.892652 0.450747 0
    outer loop
      vertex 41.375 56.6107 3
      vertex 41.0997 57.1559 0
      vertex 41.0997 57.1559 3
    endloop
  endfacet
  facet normal 0.892652 0.450747 0
    outer loop
      vertex 41.0997 57.1559 0
      vertex 41.375 56.6107 3
      vertex 41.375 56.6107 0
    endloop
  endfacet
  facet normal 0.841432 0.540363 0
    outer loop
      vertex 41.0997 57.1559 3
      vertex 40.7743 57.6626 0
      vertex 40.7743 57.6626 3
    endloop
  endfacet
  facet normal 0.841432 0.540363 0
    outer loop
      vertex 40.7743 57.6626 0
      vertex 41.0997 57.1559 3
      vertex 41.0997 57.1559 0
    endloop
  endfacet
  facet normal 0.783922 0.62086 0
    outer loop
      vertex 40.7743 57.6626 3
      vertex 40.3985 58.1371 0
      vertex 40.3985 58.1371 3
    endloop
  endfacet
  facet normal 0.783922 0.62086 0
    outer loop
      vertex 40.3985 58.1371 0
      vertex 40.7743 57.6626 3
      vertex 40.7743 57.6626 0
    endloop
  endfacet
  facet normal 0.723282 0.690553 0
    outer loop
      vertex 40.3985 58.1371 3
      vertex 39.9723 58.5835 0
      vertex 39.9723 58.5835 3
    endloop
  endfacet
  facet normal 0.723282 0.690553 0
    outer loop
      vertex 39.9723 58.5835 0
      vertex 40.3985 58.1371 3
      vertex 40.3985 58.1371 0
    endloop
  endfacet
  facet normal 0.662069 0.749443 -0
    outer loop
      vertex 39.9723 58.5835 0
      vertex 39.4954 59.0048 3
      vertex 39.9723 58.5835 3
    endloop
  endfacet
  facet normal 0.662069 0.749443 0
    outer loop
      vertex 39.4954 59.0048 3
      vertex 39.9723 58.5835 0
      vertex 39.4954 59.0048 0
    endloop
  endfacet
  facet normal 0.602827 0.797872 -0
    outer loop
      vertex 39.4954 59.0048 0
      vertex 38.9677 59.4035 3
      vertex 39.4954 59.0048 3
    endloop
  endfacet
  facet normal 0.602827 0.797872 0
    outer loop
      vertex 38.9677 59.4035 3
      vertex 39.4954 59.0048 0
      vertex 38.9677 59.4035 0
    endloop
  endfacet
  facet normal 0.54629 0.837596 -0
    outer loop
      vertex 38.9677 59.4035 0
      vertex 38.3889 59.781 3
      vertex 38.9677 59.4035 3
    endloop
  endfacet
  facet normal 0.54629 0.837596 0
    outer loop
      vertex 38.3889 59.781 3
      vertex 38.9677 59.4035 0
      vertex 38.3889 59.781 0
    endloop
  endfacet
  facet normal 0.493834 0.869556 -0
    outer loop
      vertex 38.3889 59.781 0
      vertex 37.7587 60.1389 3
      vertex 38.3889 59.781 3
    endloop
  endfacet
  facet normal 0.493834 0.869556 0
    outer loop
      vertex 37.7587 60.1389 3
      vertex 38.3889 59.781 0
      vertex 37.7587 60.1389 0
    endloop
  endfacet
  facet normal 0.445374 0.895344 -0
    outer loop
      vertex 37.7587 60.1389 0
      vertex 37.0768 60.4781 3
      vertex 37.7587 60.1389 3
    endloop
  endfacet
  facet normal 0.445374 0.895344 0
    outer loop
      vertex 37.0768 60.4781 3
      vertex 37.7587 60.1389 0
      vertex 37.0768 60.4781 0
    endloop
  endfacet
  facet normal 0.401015 0.916071 -0
    outer loop
      vertex 37.0768 60.4781 0
      vertex 36.3426 60.7995 3
      vertex 37.0768 60.4781 3
    endloop
  endfacet
  facet normal 0.401015 0.916071 0
    outer loop
      vertex 36.3426 60.7995 3
      vertex 37.0768 60.4781 0
      vertex 36.3426 60.7995 0
    endloop
  endfacet
  facet normal 0.360638 0.932706 -0
    outer loop
      vertex 36.3426 60.7995 0
      vertex 35.5556 61.1038 3
      vertex 36.3426 60.7995 3
    endloop
  endfacet
  facet normal 0.360638 0.932706 0
    outer loop
      vertex 35.5556 61.1038 3
      vertex 36.3426 60.7995 0
      vertex 35.5556 61.1038 0
    endloop
  endfacet
  facet normal 0.323849 0.946109 -0
    outer loop
      vertex 35.5556 61.1038 0
      vertex 34.7151 61.3915 3
      vertex 35.5556 61.1038 3
    endloop
  endfacet
  facet normal 0.323849 0.946109 0
    outer loop
      vertex 34.7151 61.3915 3
      vertex 35.5556 61.1038 0
      vertex 34.7151 61.3915 0
    endloop
  endfacet
  facet normal 0.290251 0.956951 -0
    outer loop
      vertex 34.7151 61.3915 0
      vertex 33.8203 61.6629 3
      vertex 34.7151 61.3915 3
    endloop
  endfacet
  facet normal 0.290251 0.956951 0
    outer loop
      vertex 33.8203 61.6629 3
      vertex 34.7151 61.3915 0
      vertex 33.8203 61.6629 0
    endloop
  endfacet
  facet normal 0.259857 0.965647 -0
    outer loop
      vertex 33.8203 61.6629 0
      vertex 32.8701 61.9186 3
      vertex 33.8203 61.6629 3
    endloop
  endfacet
  facet normal 0.259857 0.965647 0
    outer loop
      vertex 32.8701 61.9186 3
      vertex 33.8203 61.6629 0
      vertex 32.8701 61.9186 0
    endloop
  endfacet
  facet normal 0.231973 0.972722 -0
    outer loop
      vertex 32.8701 61.9186 0
      vertex 31.8633 62.1587 3
      vertex 32.8701 61.9186 3
    endloop
  endfacet
  facet normal 0.231973 0.972722 0
    outer loop
      vertex 31.8633 62.1587 3
      vertex 32.8701 61.9186 0
      vertex 31.8633 62.1587 0
    endloop
  endfacet
  facet normal 0.206636 0.978418 -0
    outer loop
      vertex 31.8633 62.1587 0
      vertex 30.7984 62.3836 3
      vertex 31.8633 62.1587 3
    endloop
  endfacet
  facet normal 0.206636 0.978418 0
    outer loop
      vertex 30.7984 62.3836 3
      vertex 31.8633 62.1587 0
      vertex 30.7984 62.3836 0
    endloop
  endfacet
  facet normal 0.183344 0.983049 -0
    outer loop
      vertex 30.7984 62.3836 0
      vertex 29.6735 62.5934 3
      vertex 30.7984 62.3836 3
    endloop
  endfacet
  facet normal 0.183344 0.983049 0
    outer loop
      vertex 29.6735 62.5934 3
      vertex 30.7984 62.3836 0
      vertex 29.6735 62.5934 0
    endloop
  endfacet
  facet normal 0.161905 0.986806 -0
    outer loop
      vertex 29.6735 62.5934 0
      vertex 28.4862 62.7882 3
      vertex 29.6735 62.5934 3
    endloop
  endfacet
  facet normal 0.161905 0.986806 0
    outer loop
      vertex 28.4862 62.7882 3
      vertex 29.6735 62.5934 0
      vertex 28.4862 62.7882 0
    endloop
  endfacet
  facet normal 0.142317 0.989821 -0
    outer loop
      vertex 28.4862 62.7882 0
      vertex 27.2336 62.9683 3
      vertex 28.4862 62.7882 3
    endloop
  endfacet
  facet normal 0.142317 0.989821 0
    outer loop
      vertex 27.2336 62.9683 3
      vertex 28.4862 62.7882 0
      vertex 27.2336 62.9683 0
    endloop
  endfacet
  facet normal 0.124118 0.992267 -0
    outer loop
      vertex 27.2336 62.9683 0
      vertex 25.9121 63.1336 3
      vertex 27.2336 62.9683 3
    endloop
  endfacet
  facet normal 0.124118 0.992267 0
    outer loop
      vertex 25.9121 63.1336 3
      vertex 27.2336 62.9683 0
      vertex 25.9121 63.1336 0
    endloop
  endfacet
  facet normal 0.107467 0.994209 -0
    outer loop
      vertex 25.9121 63.1336 0
      vertex 24.517 63.2844 3
      vertex 25.9121 63.1336 3
    endloop
  endfacet
  facet normal 0.107467 0.994209 0
    outer loop
      vertex 24.517 63.2844 3
      vertex 25.9121 63.1336 0
      vertex 24.517 63.2844 0
    endloop
  endfacet
  facet normal 0.0919602 0.995763 -0
    outer loop
      vertex 24.517 63.2844 0
      vertex 23.0422 63.4206 3
      vertex 24.517 63.2844 3
    endloop
  endfacet
  facet normal 0.0919602 0.995763 0
    outer loop
      vertex 23.0422 63.4206 3
      vertex 24.517 63.2844 0
      vertex 23.0422 63.4206 0
    endloop
  endfacet
  facet normal 0.0777261 0.996975 -0
    outer loop
      vertex 23.0422 63.4206 0
      vertex 21.4799 63.5424 3
      vertex 23.0422 63.4206 3
    endloop
  endfacet
  facet normal 0.0777261 0.996975 0
    outer loop
      vertex 21.4799 63.5424 3
      vertex 23.0422 63.4206 0
      vertex 21.4799 63.5424 0
    endloop
  endfacet
  facet normal 0.0645406 0.997915 -0
    outer loop
      vertex 21.4799 63.5424 0
      vertex 19.8193 63.6498 3
      vertex 21.4799 63.5424 3
    endloop
  endfacet
  facet normal 0.0645406 0.997915 0
    outer loop
      vertex 19.8193 63.6498 3
      vertex 21.4799 63.5424 0
      vertex 19.8193 63.6498 0
    endloop
  endfacet
  facet normal 0.0523608 0.998628 -0
    outer loop
      vertex 19.8193 63.6498 0
      vertex 18.0456 63.7428 3
      vertex 19.8193 63.6498 3
    endloop
  endfacet
  facet normal 0.0523608 0.998628 0
    outer loop
      vertex 18.0456 63.7428 3
      vertex 19.8193 63.6498 0
      vertex 18.0456 63.7428 0
    endloop
  endfacet
  facet normal 0.0411558 0.999153 -0
    outer loop
      vertex 18.0456 63.7428 0
      vertex 16.1374 63.8214 3
      vertex 18.0456 63.7428 3
    endloop
  endfacet
  facet normal 0.0411558 0.999153 0
    outer loop
      vertex 16.1374 63.8214 3
      vertex 18.0456 63.7428 0
      vertex 16.1374 63.8214 0
    endloop
  endfacet
  facet normal 0.0309656 0.99952 -0
    outer loop
      vertex 16.1374 63.8214 0
      vertex 14.0619 63.8857 3
      vertex 16.1374 63.8214 3
    endloop
  endfacet
  facet normal 0.0309656 0.99952 0
    outer loop
      vertex 14.0619 63.8857 3
      vertex 16.1374 63.8214 0
      vertex 14.0619 63.8857 0
    endloop
  endfacet
  facet normal 0.0217548 0.999763 -0
    outer loop
      vertex 14.0619 63.8857 0
      vertex 11.7641 63.9357 3
      vertex 14.0619 63.8857 3
    endloop
  endfacet
  facet normal 0.0217548 0.999763 0
    outer loop
      vertex 11.7641 63.9357 3
      vertex 14.0619 63.8857 0
      vertex 11.7641 63.9357 0
    endloop
  endfacet
  facet normal 0.0136021 0.999907 -0
    outer loop
      vertex 11.7641 63.9357 0
      vertex 9.13974 63.9714 3
      vertex 11.7641 63.9357 3
    endloop
  endfacet
  facet normal 0.0136021 0.999907 0
    outer loop
      vertex 9.13974 63.9714 3
      vertex 11.7641 63.9357 0
      vertex 9.13974 63.9714 0
    endloop
  endfacet
  facet normal 0.00669804 0.999978 -0
    outer loop
      vertex 9.13974 63.9714 0
      vertex 5.92992 63.9929 3
      vertex 9.13974 63.9714 3
    endloop
  endfacet
  facet normal 0.00669804 0.999978 0
    outer loop
      vertex 5.92992 63.9929 3
      vertex 9.13974 63.9714 0
      vertex 5.92992 63.9929 0
    endloop
  endfacet
  facet normal 0.00119732 0.999999 -0
    outer loop
      vertex 5.92992 63.9929 0
      vertex 0 64 3
      vertex 5.92992 63.9929 3
    endloop
  endfacet
  facet normal 0.00119732 0.999999 0
    outer loop
      vertex 0 64 3
      vertex 5.92992 63.9929 0
      vertex 0 64 0
    endloop
  endfacet
  facet normal -0.00119732 0.999999 0
    outer loop
      vertex 0 64 0
      vertex -5.92992 63.9929 3
      vertex 0 64 3
    endloop
  endfacet
  facet normal -0.00119732 0.999999 0
    outer loop
      vertex -5.92992 63.9929 3
      vertex 0 64 0
      vertex -5.92992 63.9929 0
    endloop
  endfacet
  facet normal -0.00669804 0.999978 0
    outer loop
      vertex -5.92992 63.9929 0
      vertex -9.13974 63.9714 3
      vertex -5.92992 63.9929 3
    endloop
  endfacet
  facet normal -0.00669804 0.999978 0
    outer loop
      vertex -9.13974 63.9714 3
      vertex -5.92992 63.9929 0
      vertex -9.13974 63.9714 0
    endloop
  endfacet
  facet normal -0.0136021 0.999907 0
    outer loop
      vertex -9.13974 63.9714 0
      vertex -11.7641 63.9357 3
      vertex -9.13974 63.9714 3
    endloop
  endfacet
  facet normal -0.0136021 0.999907 0
    outer loop
      vertex -11.7641 63.9357 3
      vertex -9.13974 63.9714 0
      vertex -11.7641 63.9357 0
    endloop
  endfacet
  facet normal -0.0217548 0.999763 0
    outer loop
      vertex -11.7641 63.9357 0
      vertex -14.0619 63.8857 3
      vertex -11.7641 63.9357 3
    endloop
  endfacet
  facet normal -0.0217548 0.999763 0
    outer loop
      vertex -14.0619 63.8857 3
      vertex -11.7641 63.9357 0
      vertex -14.0619 63.8857 0
    endloop
  endfacet
  facet normal -0.0309656 0.99952 0
    outer loop
      vertex -14.0619 63.8857 0
      vertex -16.1374 63.8214 3
      vertex -14.0619 63.8857 3
    endloop
  endfacet
  facet normal -0.0309656 0.99952 0
    outer loop
      vertex -16.1374 63.8214 3
      vertex -14.0619 63.8857 0
      vertex -16.1374 63.8214 0
    endloop
  endfacet
  facet normal -0.0411558 0.999153 0
    outer loop
      vertex -16.1374 63.8214 0
      vertex -18.0456 63.7428 3
      vertex -16.1374 63.8214 3
    endloop
  endfacet
  facet normal -0.0411558 0.999153 0
    outer loop
      vertex -18.0456 63.7428 3
      vertex -16.1374 63.8214 0
      vertex -18.0456 63.7428 0
    endloop
  endfacet
  facet normal -0.0523608 0.998628 0
    outer loop
      vertex -18.0456 63.7428 0
      vertex -19.8193 63.6498 3
      vertex -18.0456 63.7428 3
    endloop
  endfacet
  facet normal -0.0523608 0.998628 0
    outer loop
      vertex -19.8193 63.6498 3
      vertex -18.0456 63.7428 0
      vertex -19.8193 63.6498 0
    endloop
  endfacet
  facet normal -0.0645406 0.997915 0
    outer loop
      vertex -19.8193 63.6498 0
      vertex -21.4799 63.5424 3
      vertex -19.8193 63.6498 3
    endloop
  endfacet
  facet normal -0.0645406 0.997915 0
    outer loop
      vertex -21.4799 63.5424 3
      vertex -19.8193 63.6498 0
      vertex -21.4799 63.5424 0
    endloop
  endfacet
  facet normal -0.0777261 0.996975 0
    outer loop
      vertex -21.4799 63.5424 0
      vertex -23.0422 63.4206 3
      vertex -21.4799 63.5424 3
    endloop
  endfacet
  facet normal -0.0777261 0.996975 0
    outer loop
      vertex -23.0422 63.4206 3
      vertex -21.4799 63.5424 0
      vertex -23.0422 63.4206 0
    endloop
  endfacet
  facet normal -0.0919602 0.995763 0
    outer loop
      vertex -23.0422 63.4206 0
      vertex -24.517 63.2844 3
      vertex -23.0422 63.4206 3
    endloop
  endfacet
  facet normal -0.0919602 0.995763 0
    outer loop
      vertex -24.517 63.2844 3
      vertex -23.0422 63.4206 0
      vertex -24.517 63.2844 0
    endloop
  endfacet
  facet normal -0.107467 0.994209 0
    outer loop
      vertex -24.517 63.2844 0
      vertex -25.9121 63.1336 3
      vertex -24.517 63.2844 3
    endloop
  endfacet
  facet normal -0.107467 0.994209 0
    outer loop
      vertex -25.9121 63.1336 3
      vertex -24.517 63.2844 0
      vertex -25.9121 63.1336 0
    endloop
  endfacet
  facet normal -0.124118 0.992267 0
    outer loop
      vertex -25.9121 63.1336 0
      vertex -27.2336 62.9683 3
      vertex -25.9121 63.1336 3
    endloop
  endfacet
  facet normal -0.124118 0.992267 0
    outer loop
      vertex -27.2336 62.9683 3
      vertex -25.9121 63.1336 0
      vertex -27.2336 62.9683 0
    endloop
  endfacet
  facet normal -0.142317 0.989821 0
    outer loop
      vertex -27.2336 62.9683 0
      vertex -28.4862 62.7882 3
      vertex -27.2336 62.9683 3
    endloop
  endfacet
  facet normal -0.142317 0.989821 0
    outer loop
      vertex -28.4862 62.7882 3
      vertex -27.2336 62.9683 0
      vertex -28.4862 62.7882 0
    endloop
  endfacet
  facet normal -0.161905 0.986806 0
    outer loop
      vertex -28.4862 62.7882 0
      vertex -29.6735 62.5934 3
      vertex -28.4862 62.7882 3
    endloop
  endfacet
  facet normal -0.161905 0.986806 0
    outer loop
      vertex -29.6735 62.5934 3
      vertex -28.4862 62.7882 0
      vertex -29.6735 62.5934 0
    endloop
  endfacet
  facet normal -0.183344 0.983049 0
    outer loop
      vertex -29.6735 62.5934 0
      vertex -30.7984 62.3836 3
      vertex -29.6735 62.5934 3
    endloop
  endfacet
  facet normal -0.183344 0.983049 0
    outer loop
      vertex -30.7984 62.3836 3
      vertex -29.6735 62.5934 0
      vertex -30.7984 62.3836 0
    endloop
  endfacet
  facet normal -0.206636 0.978418 0
    outer loop
      vertex -30.7984 62.3836 0
      vertex -31.8633 62.1587 3
      vertex -30.7984 62.3836 3
    endloop
  endfacet
  facet normal -0.206636 0.978418 0
    outer loop
      vertex -31.8633 62.1587 3
      vertex -30.7984 62.3836 0
      vertex -31.8633 62.1587 0
    endloop
  endfacet
  facet normal -0.231973 0.972722 0
    outer loop
      vertex -31.8633 62.1587 0
      vertex -32.8701 61.9186 3
      vertex -31.8633 62.1587 3
    endloop
  endfacet
  facet normal -0.231973 0.972722 0
    outer loop
      vertex -32.8701 61.9186 3
      vertex -31.8633 62.1587 0
      vertex -32.8701 61.9186 0
    endloop
  endfacet
  facet normal -0.259857 0.965647 0
    outer loop
      vertex -32.8701 61.9186 0
      vertex -33.8203 61.6629 3
      vertex -32.8701 61.9186 3
    endloop
  endfacet
  facet normal -0.259857 0.965647 0
    outer loop
      vertex -33.8203 61.6629 3
      vertex -32.8701 61.9186 0
      vertex -33.8203 61.6629 0
    endloop
  endfacet
  facet normal -0.290251 0.956951 0
    outer loop
      vertex -33.8203 61.6629 0
      vertex -34.7151 61.3915 3
      vertex -33.8203 61.6629 3
    endloop
  endfacet
  facet normal -0.290251 0.956951 0
    outer loop
      vertex -34.7151 61.3915 3
      vertex -33.8203 61.6629 0
      vertex -34.7151 61.3915 0
    endloop
  endfacet
  facet normal -0.323849 0.946109 0
    outer loop
      vertex -34.7151 61.3915 0
      vertex -35.5556 61.1038 3
      vertex -34.7151 61.3915 3
    endloop
  endfacet
  facet normal -0.323849 0.946109 0
    outer loop
      vertex -35.5556 61.1038 3
      vertex -34.7151 61.3915 0
      vertex -35.5556 61.1038 0
    endloop
  endfacet
  facet normal -0.360638 0.932706 0
    outer loop
      vertex -35.5556 61.1038 0
      vertex -36.3426 60.7995 3
      vertex -35.5556 61.1038 3
    endloop
  endfacet
  facet normal -0.360638 0.932706 0
    outer loop
      vertex -36.3426 60.7995 3
      vertex -35.5556 61.1038 0
      vertex -36.3426 60.7995 0
    endloop
  endfacet
  facet normal -0.401015 0.916071 0
    outer loop
      vertex -36.3426 60.7995 0
      vertex -37.0768 60.4781 3
      vertex -36.3426 60.7995 3
    endloop
  endfacet
  facet normal -0.401015 0.916071 0
    outer loop
      vertex -37.0768 60.4781 3
      vertex -36.3426 60.7995 0
      vertex -37.0768 60.4781 0
    endloop
  endfacet
  facet normal -0.445374 0.895344 0
    outer loop
      vertex -37.0768 60.4781 0
      vertex -37.7587 60.1389 3
      vertex -37.0768 60.4781 3
    endloop
  endfacet
  facet normal -0.445374 0.895344 0
    outer loop
      vertex -37.7587 60.1389 3
      vertex -37.0768 60.4781 0
      vertex -37.7587 60.1389 0
    endloop
  endfacet
  facet normal -0.493834 0.869556 0
    outer loop
      vertex -37.7587 60.1389 0
      vertex -38.3889 59.781 3
      vertex -37.7587 60.1389 3
    endloop
  endfacet
  facet normal -0.493834 0.869556 0
    outer loop
      vertex -38.3889 59.781 3
      vertex -37.7587 60.1389 0
      vertex -38.3889 59.781 0
    endloop
  endfacet
  facet normal -0.54629 0.837596 0
    outer loop
      vertex -38.3889 59.781 0
      vertex -38.9677 59.4035 3
      vertex -38.3889 59.781 3
    endloop
  endfacet
  facet normal -0.54629 0.837596 0
    outer loop
      vertex -38.9677 59.4035 3
      vertex -38.3889 59.781 0
      vertex -38.9677 59.4035 0
    endloop
  endfacet
  facet normal -0.602827 0.797872 0
    outer loop
      vertex -38.9677 59.4035 0
      vertex -39.4954 59.0048 3
      vertex -38.9677 59.4035 3
    endloop
  endfacet
  facet normal -0.602827 0.797872 0
    outer loop
      vertex -39.4954 59.0048 3
      vertex -38.9677 59.4035 0
      vertex -39.4954 59.0048 0
    endloop
  endfacet
  facet normal -0.662069 0.749443 0
    outer loop
      vertex -39.4954 59.0048 0
      vertex -39.9723 58.5835 3
      vertex -39.4954 59.0048 3
    endloop
  endfacet
  facet normal -0.662069 0.749443 0
    outer loop
      vertex -39.9723 58.5835 3
      vertex -39.4954 59.0048 0
      vertex -39.9723 58.5835 0
    endloop
  endfacet
  facet normal -0.723282 0.690553 0
    outer loop
      vertex -40.3985 58.1371 0
      vertex -39.9723 58.5835 3
      vertex -39.9723 58.5835 0
    endloop
  endfacet
  facet normal -0.723282 0.690553 0
    outer loop
      vertex -39.9723 58.5835 3
      vertex -40.3985 58.1371 0
      vertex -40.3985 58.1371 3
    endloop
  endfacet
  facet normal -0.783922 0.62086 0
    outer loop
      vertex -40.7743 57.6626 0
      vertex -40.3985 58.1371 3
      vertex -40.3985 58.1371 0
    endloop
  endfacet
  facet normal -0.783922 0.62086 0
    outer loop
      vertex -40.3985 58.1371 3
      vertex -40.7743 57.6626 0
      vertex -40.7743 57.6626 3
    endloop
  endfacet
  facet normal -0.841432 0.540363 0
    outer loop
      vertex -41.0997 57.1559 0
      vertex -40.7743 57.6626 3
      vertex -40.7743 57.6626 0
    endloop
  endfacet
  facet normal -0.841432 0.540363 0
    outer loop
      vertex -40.7743 57.6626 3
      vertex -41.0997 57.1559 0
      vertex -41.0997 57.1559 3
    endloop
  endfacet
  facet normal -0.892652 0.450747 0
    outer loop
      vertex -41.375 56.6107 0
      vertex -41.0997 57.1559 3
      vertex -41.0997 57.1559 0
    endloop
  endfacet
  facet normal -0.892652 0.450747 0
    outer loop
      vertex -41.0997 57.1559 3
      vertex -41.375 56.6107 0
      vertex -41.375 56.6107 3
    endloop
  endfacet
  facet normal -0.934909 0.354887 0
    outer loop
      vertex -41.6001 56.0177 0
      vertex -41.375 56.6107 3
      vertex -41.375 56.6107 0
    endloop
  endfacet
  facet normal -0.934909 0.354887 0
    outer loop
      vertex -41.375 56.6107 3
      vertex -41.6001 56.0177 0
      vertex -41.6001 56.0177 3
    endloop
  endfacet
  facet normal -0.966259 0.257571 0
    outer loop
      vertex -41.7751 55.3612 0
      vertex -41.6001 56.0177 3
      vertex -41.6001 56.0177 0
    endloop
  endfacet
  facet normal -0.966259 0.257571 0
    outer loop
      vertex -41.6001 56.0177 3
      vertex -41.7751 55.3612 0
      vertex -41.7751 55.3612 3
    endloop
  endfacet
  facet normal -0.986412 0.164292 0
    outer loop
      vertex -41.9 54.6113 0
      vertex -41.7751 55.3612 3
      vertex -41.7751 55.3612 0
    endloop
  endfacet
  facet normal -0.986412 0.164292 0
    outer loop
      vertex -41.7751 55.3612 3
      vertex -41.9 54.6113 0
      vertex -41.9 54.6113 3
    endloop
  endfacet
  facet normal -0.996672 0.0815162 0
    outer loop
      vertex -41.975 53.6943 0
      vertex -41.9 54.6113 3
      vertex -41.9 54.6113 0
    endloop
  endfacet
  facet normal -0.996672 0.0815162 0
    outer loop
      vertex -41.9 54.6113 3
      vertex -41.975 53.6943 0
      vertex -41.975 53.6943 3
    endloop
  endfacet
  facet normal -0.999891 0.0147538 0
    outer loop
      vertex -42 52 0
      vertex -41.975 53.6943 3
      vertex -41.975 53.6943 0
    endloop
  endfacet
  facet normal -0.999891 0.0147538 0
    outer loop
      vertex -41.975 53.6943 3
      vertex -42 52 0
      vertex -42 52 3
    endloop
  endfacet
  facet normal -0.999891 -0.0147538 0
    outer loop
      vertex -41.975 50.3057 0
      vertex -42 52 3
      vertex -42 52 0
    endloop
  endfacet
  facet normal -0.999891 -0.0147538 0
    outer loop
      vertex -42 52 3
      vertex -41.975 50.3057 0
      vertex -41.975 50.3057 3
    endloop
  endfacet
  facet normal -0.999824 -0.0187672 0
    outer loop
      vertex -41.5 25 0
      vertex -41.975 50.3057 3
      vertex -41.975 50.3057 0
    endloop
  endfacet
  facet normal -0.999824 -0.0187672 0
    outer loop
      vertex -41.975 50.3057 3
      vertex -41.5 25 0
      vertex -41.5 25 3
    endloop
  endfacet
  facet normal -0.999179 -0.0405079 0
    outer loop
      vertex -40.0092 -11.7725 0
      vertex -41.5 25 3
      vertex -41.5 25 0
    endloop
  endfacet
  facet normal -0.999179 -0.0405079 0
    outer loop
      vertex -41.5 25 3
      vertex -40.0092 -11.7725 0
      vertex -40.0092 -11.7725 3
    endloop
  endfacet
  facet normal -0.995021 0.0996676 0
    outer loop
      vertex -42.9715 -41.3463 0
      vertex -40.0092 -11.7725 3
      vertex -40.0092 -11.7725 0
    endloop
  endfacet
  facet normal -0.995021 0.0996676 0
    outer loop
      vertex -40.0092 -11.7725 3
      vertex -42.9715 -41.3463 0
      vertex -42.9715 -41.3463 3
    endloop
  endfacet
  facet normal -0.996486 0.0837643 0
    outer loop
      vertex -43.9619 -53.1284 0
      vertex -42.9715 -41.3463 3
      vertex -42.9715 -41.3463 0
    endloop
  endfacet
  facet normal -0.996486 0.0837643 0
    outer loop
      vertex -42.9715 -41.3463 3
      vertex -43.9619 -53.1284 0
      vertex -43.9619 -53.1284 3
    endloop
  endfacet
  facet normal -0.999046 0.043671 0
    outer loop
      vertex -44 -54 0
      vertex -43.9619 -53.1284 3
      vertex -43.9619 -53.1284 0
    endloop
  endfacet
  facet normal -0.999046 0.043671 0
    outer loop
      vertex -43.9619 -53.1284 3
      vertex -44 -54 0
      vertex -44 -54 3
    endloop
  endfacet
  facet normal -0.999046 -0.043671 0
    outer loop
      vertex -43.9619 -54.8716 0
      vertex -44 -54 3
      vertex -44 -54 0
    endloop
  endfacet
  facet normal -0.999046 -0.043671 0
    outer loop
      vertex -44 -54 3
      vertex -43.9619 -54.8716 0
      vertex -43.9619 -54.8716 3
    endloop
  endfacet
  facet normal -0.991455 -0.130452 0
    outer loop
      vertex -43.8481 -55.7365 0
      vertex -43.9619 -54.8716 3
      vertex -43.9619 -54.8716 0
    endloop
  endfacet
  facet normal -0.991455 -0.130452 0
    outer loop
      vertex -43.9619 -54.8716 3
      vertex -43.8481 -55.7365 0
      vertex -43.8481 -55.7365 3
    endloop
  endfacet
  facet normal -0.9763 -0.216421 0
    outer loop
      vertex -43.6593 -56.5882 0
      vertex -43.8481 -55.7365 3
      vertex -43.8481 -55.7365 0
    endloop
  endfacet
  facet normal -0.9763 -0.216421 0
    outer loop
      vertex -43.8481 -55.7365 3
      vertex -43.6593 -56.5882 0
      vertex -43.6593 -56.5882 3
    endloop
  endfacet
  facet normal -0.953693 -0.30078 0
    outer loop
      vertex -43.3969 -57.4202 0
      vertex -43.6593 -56.5882 3
      vertex -43.6593 -56.5882 0
    endloop
  endfacet
  facet normal -0.953693 -0.30078 0
    outer loop
      vertex -43.6593 -56.5882 3
      vertex -43.3969 -57.4202 0
      vertex -43.3969 -57.4202 3
    endloop
  endfacet
  facet normal -0.923902 -0.382629 0
    outer loop
      vertex -43.0631 -58.2262 0
      vertex -43.3969 -57.4202 3
      vertex -43.3969 -57.4202 0
    endloop
  endfacet
  facet normal -0.923902 -0.382629 0
    outer loop
      vertex -43.3969 -57.4202 3
      vertex -43.0631 -58.2262 0
      vertex -43.0631 -58.2262 3
    endloop
  endfacet
  facet normal -0.886971 -0.461825 0
    outer loop
      vertex -42.6602 -59 0
      vertex -43.0631 -58.2262 3
      vertex -43.0631 -58.2262 0
    endloop
  endfacet
  facet normal -0.886971 -0.461825 0
    outer loop
      vertex -43.0631 -58.2262 3
      vertex -42.6602 -59 0
      vertex -42.6602 -59 3
    endloop
  endfacet
  facet normal -0.843421 -0.537254 0
    outer loop
      vertex -42.1915 -59.7358 0
      vertex -42.6602 -59 3
      vertex -42.6602 -59 0
    endloop
  endfacet
  facet normal -0.843421 -0.537254 0
    outer loop
      vertex -42.6602 -59 3
      vertex -42.1915 -59.7358 0
      vertex -42.1915 -59.7358 3
    endloop
  endfacet
  facet normal -0.793335 -0.608785 0
    outer loop
      vertex -41.6604 -60.4279 0
      vertex -42.1915 -59.7358 3
      vertex -42.1915 -59.7358 0
    endloop
  endfacet
  facet normal -0.793335 -0.608785 0
    outer loop
      vertex -42.1915 -59.7358 3
      vertex -41.6604 -60.4279 0
      vertex -41.6604 -60.4279 3
    endloop
  endfacet
  facet normal -0.737325 -0.675538 0
    outer loop
      vertex -41.0711 -61.0711 0
      vertex -41.6604 -60.4279 3
      vertex -41.6604 -60.4279 0
    endloop
  endfacet
  facet normal -0.737325 -0.675538 0
    outer loop
      vertex -41.6604 -60.4279 3
      vertex -41.0711 -61.0711 0
      vertex -41.0711 -61.0711 3
    endloop
  endfacet
  facet normal -0.675538 -0.737325 0
    outer loop
      vertex -41.0711 -61.0711 0
      vertex -40.4279 -61.6604 3
      vertex -41.0711 -61.0711 3
    endloop
  endfacet
  facet normal -0.675538 -0.737325 -0
    outer loop
      vertex -40.4279 -61.6604 3
      vertex -41.0711 -61.0711 0
      vertex -40.4279 -61.6604 0
    endloop
  endfacet
  facet normal -0.608785 -0.793335 0
    outer loop
      vertex -40.4279 -61.6604 0
      vertex -39.7358 -62.1915 3
      vertex -40.4279 -61.6604 3
    endloop
  endfacet
  facet normal -0.608785 -0.793335 -0
    outer loop
      vertex -39.7358 -62.1915 3
      vertex -40.4279 -61.6604 0
      vertex -39.7358 -62.1915 0
    endloop
  endfacet
  facet normal -0.537254 -0.843421 0
    outer loop
      vertex -39.7358 -62.1915 0
      vertex -39 -62.6602 3
      vertex -39.7358 -62.1915 3
    endloop
  endfacet
  facet normal -0.537254 -0.843421 -0
    outer loop
      vertex -39 -62.6602 3
      vertex -39.7358 -62.1915 0
      vertex -39 -62.6602 0
    endloop
  endfacet
  facet normal -0.461825 -0.886971 0
    outer loop
      vertex -39 -62.6602 0
      vertex -38.2262 -63.0631 3
      vertex -39 -62.6602 3
    endloop
  endfacet
  facet normal -0.461825 -0.886971 -0
    outer loop
      vertex -38.2262 -63.0631 3
      vertex -39 -62.6602 0
      vertex -38.2262 -63.0631 0
    endloop
  endfacet
  facet normal -0.382629 -0.923902 0
    outer loop
      vertex -38.2262 -63.0631 0
      vertex -37.4202 -63.3969 3
      vertex -38.2262 -63.0631 3
    endloop
  endfacet
  facet normal -0.382629 -0.923902 -0
    outer loop
      vertex -37.4202 -63.3969 3
      vertex -38.2262 -63.0631 0
      vertex -37.4202 -63.3969 0
    endloop
  endfacet
  facet normal -0.30078 -0.953693 0
    outer loop
      vertex -37.4202 -63.3969 0
      vertex -36.5882 -63.6593 3
      vertex -37.4202 -63.3969 3
    endloop
  endfacet
  facet normal -0.30078 -0.953693 -0
    outer loop
      vertex -36.5882 -63.6593 3
      vertex -37.4202 -63.3969 0
      vertex -36.5882 -63.6593 0
    endloop
  endfacet
  facet normal -0.216421 -0.9763 0
    outer loop
      vertex -36.5882 -63.6593 0
      vertex -35.7365 -63.8481 3
      vertex -36.5882 -63.6593 3
    endloop
  endfacet
  facet normal -0.216421 -0.9763 -0
    outer loop
      vertex -35.7365 -63.8481 3
      vertex -36.5882 -63.6593 0
      vertex -35.7365 -63.8481 0
    endloop
  endfacet
  facet normal -0.130452 -0.991455 0
    outer loop
      vertex -35.7365 -63.8481 0
      vertex -34.8716 -63.9619 3
      vertex -35.7365 -63.8481 3
    endloop
  endfacet
  facet normal -0.130452 -0.991455 -0
    outer loop
      vertex -34.8716 -63.9619 3
      vertex -35.7365 -63.8481 0
      vertex -34.8716 -63.9619 0
    endloop
  endfacet
  facet normal -0.043671 -0.999046 0
    outer loop
      vertex -34.8716 -63.9619 0
      vertex -34 -64 3
      vertex -34.8716 -63.9619 3
    endloop
  endfacet
  facet normal -0.043671 -0.999046 -0
    outer loop
      vertex -34 -64 3
      vertex -34.8716 -63.9619 0
      vertex -34 -64 0
    endloop
  endfacet
  facet normal 0 -1 0
    outer loop
      vertex -34 -64 0
      vertex -17.7397 -64 3
      vertex -34 -64 3
    endloop
  endfacet
  facet normal 0 -1 -0
    outer loop
      vertex -17.7397 -64 3
      vertex -34 -64 0
      vertex -17.7397 -64 0
    endloop
  endfacet
  facet normal 0.201311 -0.979527 0
    outer loop
      vertex -17.7397 -64 0
      vertex -15.5 -63.5397 3
      vertex -17.7397 -64 3
    endloop
  endfacet
  facet normal 0.201311 -0.979527 0
    outer loop
      vertex -15.5 -63.5397 3
      vertex -17.7397 -64 0
      vertex -15.5 -63.5397 0
    endloop
  endfacet
  facet normal 0 0 1
    outer loop
      vertex 10.9239 -60.0716 4.5
      vertex 12.0509 -59.7681 4.5
      vertex 10.9765 -59.6246 4.5
    endloop
  endfacet
  facet normal 0 0 1
    outer loop
      vertex 12.0509 -59.7681 4.5
      vertex 10.9239 -60.0716 4.5
      vertex 12.6096 -60.1969 4.5
    endloop
  endfacet
  facet normal 0 0 1
    outer loop
      vertex 12.6096 -60.1969 4.5
      vertex 10.9239 -60.0716 4.5
      vertex 12.8081 -60.3233 4.5
    endloop
  endfacet
  facet normal 0 0 1
    outer loop
      vertex 8.29947 -59.3523 4.5
      vertex 10.9239 -60.0716 4.5
      vertex 10.9765 -59.6246 4.5
    endloop
  endfacet
  facet normal 0 0 1
    outer loop
      vertex 8.29947 -59.3523 4.5
      vertex 8.26065 -59.8007 4.5
      vertex 10.9239 -60.0716 4.5
    endloop
  endfacet
  facet normal 0 0 1
    outer loop
      vertex 5.56514 -59.1568 4.5
      vertex 8.26065 -59.8007 4.5
      vertex 8.29947 -59.3523 4.5
    endloop
  endfacet
  facet normal 0 0 1
    outer loop
      vertex 5.56514 -59.1568 4.5
      vertex 5.53955 -59.6061 4.5
      vertex 8.26065 -59.8007 4.5
    endloop
  endfacet
  facet normal 0 0 1
    outer loop
      vertex 2.79227 -59.039 4.5
      vertex 5.53955 -59.6061 4.5
      vertex 5.56514 -59.1568 4.5
    endloop
  endfacet
  facet normal 0 0 1
    outer loop
      vertex 2.79227 -59.039 4.5
      vertex 2.77954 -59.4889 4.5
      vertex 5.53955 -59.6061 4.5
    endloop
  endfacet
  facet normal 0 0 1
    outer loop
      vertex 0 -58.9997 4.5
      vertex 2.77954 -59.4889 4.5
      vertex 2.79227 -59.039 4.5
    endloop
  endfacet
  facet normal 0 0 1
    outer loop
      vertex 0 -58.9997 4.5
      vertex 0 -59.4497 4.5
      vertex 2.77954 -59.4889 4.5
    endloop
  endfacet
  facet normal 0 0 1
    outer loop
      vertex 0 -58.9997 4.5
      vertex -2.77954 -59.4889 4.5
      vertex 0 -59.4497 4.5
    endloop
  endfacet
  facet normal -0 0 1
    outer loop
      vertex -2.79227 -59.039 4.5
      vertex -2.77954 -59.4889 4.5
      vertex 0 -58.9997 4.5
    endloop
  endfacet
  facet normal 0 0 1
    outer loop
      vertex -2.79227 -59.039 4.5
      vertex -5.53955 -59.6061 4.5
      vertex -2.77954 -59.4889 4.5
    endloop
  endfacet
  facet normal -0 0 1
    outer loop
      vertex -5.56514 -59.1568 4.5
      vertex -5.53955 -59.6061 4.5
      vertex -2.79227 -59.039 4.5
    endloop
  endfacet
  facet normal 0 0 1
    outer loop
      vertex -5.56514 -59.1568 4.5
      vertex -8.26065 -59.8007 4.5
      vertex -5.53955 -59.6061 4.5
    endloop
  endfacet
  facet normal -0 0 1
    outer loop
      vertex -8.29947 -59.3523 4.5
      vertex -8.26065 -59.8007 4.5
      vertex -5.56514 -59.1568 4.5
    endloop
  endfacet
  facet normal 0 0 1
    outer loop
      vertex -8.29947 -59.3523 4.5
      vertex -10.9239 -60.0716 4.5
      vertex -8.26065 -59.8007 4.5
    endloop
  endfacet
  facet normal -0 0 1
    outer loop
      vertex -10.9765 -59.6246 4.5
      vertex -10.9239 -60.0716 4.5
      vertex -8.29947 -59.3523 4.5
    endloop
  endfacet
  facet normal -0 0 1
    outer loop
      vertex -12.0509 -59.7681 4.5
      vertex -10.9239 -60.0716 4.5
      vertex -10.9765 -59.6246 4.5
    endloop
  endfacet
  facet normal 0 0 1
    outer loop
      vertex -12.6096 -60.1969 4.5
      vertex -10.9239 -60.0716 4.5
      vertex -12.0509 -59.7681 4.5
    endloop
  endfacet
  facet normal 0 0 1
    outer loop
      vertex -10.9239 -60.0716 4.5
      vertex -12.6096 -60.1969 4.5
      vertex -12.8081 -60.3233 4.5
    endloop
  endfacet
  facet normal 0 0 1
    outer loop
      vertex 39.2497 52 4.5
      vertex 37.7775 53.4918 4.5
      vertex 37.7995 52 4.5
    endloop
  endfacet
  facet normal 0 0 1
    outer loop
      vertex 37.0578 55.554 4.5
      vertex 38.064 56.5999 4.5
      vertex 37.7536 56.8741 4.5
    endloop
  endfacet
  facet normal 0 0 1
    outer loop
      vertex 38.3217 56.33 4.5
      vertex 37.7283 54.0942 4.5
      vertex 37.7775 53.4918 4.5
    endloop
  endfacet
  facet normal 0 0 1
    outer loop
      vertex 38.3217 56.33 4.5
      vertex 37.6652 54.4729 4.5
      vertex 37.7283 54.0942 4.5
    endloop
  endfacet
  facet normal 0 0 1
    outer loop
      vertex 38.3217 56.33 4.5
      vertex 37.5971 54.7283 4.5
      vertex 37.6652 54.4729 4.5
    endloop
  endfacet
  facet normal 0 0 1
    outer loop
      vertex 38.3217 56.33 4.5
      vertex 37.5264 54.9145 4.5
      vertex 37.5971 54.7283 4.5
    endloop
  endfacet
  facet normal 0 0 1
    outer loop
      vertex 38.3217 56.33 4.5
      vertex 37.4484 55.0691 4.5
      vertex 37.5264 54.9145 4.5
    endloop
  endfacet
  facet normal 0 0 1
    outer loop
      vertex 36.8353 55.7507 4.5
      vertex 37.7536 56.8741 4.5
      vertex 37.3857 57.152 4.5
    endloop
  endfacet
  facet normal 0 0 1
    outer loop
      vertex 38.3217 56.33 4.5
      vertex 37.3527 55.218 4.5
      vertex 37.4484 55.0691 4.5
    endloop
  endfacet
  facet normal 0 0 1
    outer loop
      vertex 38.3217 56.33 4.5
      vertex 37.2267 55.3772 4.5
      vertex 37.3527 55.218 4.5
    endloop
  endfacet
  facet normal 0 0 1
    outer loop
      vertex 38.064 56.5999 4.5
      vertex 37.0578 55.554 4.5
      vertex 37.2267 55.3772 4.5
    endloop
  endfacet
  facet normal 0 0 1
    outer loop
      vertex 36.5516 55.9649 4.5
      vertex 37.3857 57.152 4.5
      vertex 36.9572 57.4316 4.5
    endloop
  endfacet
  facet normal 0 0 1
    outer loop
      vertex 37.7536 56.8741 4.5
      vertex 36.8353 55.7507 4.5
      vertex 37.0578 55.554 4.5
    endloop
  endfacet
  facet normal 0 0 1
    outer loop
      vertex 37.3857 57.152 4.5
      vertex 36.5516 55.9649 4.5
      vertex 36.8353 55.7507 4.5
    endloop
  endfacet
  facet normal 0 0 1
    outer loop
      vertex 36.2024 56.1928 4.5
      vertex 36.9572 57.4316 4.5
      vertex 36.4665 57.7103 4.5
    endloop
  endfacet
  facet normal 0 0 1
    outer loop
      vertex 36.9572 57.4316 4.5
      vertex 36.2024 56.1928 4.5
      vertex 36.5516 55.9649 4.5
    endloop
  endfacet
  facet normal 0 0 1
    outer loop
      vertex 35.7849 56.4299 4.5
      vertex 36.4665 57.7103 4.5
      vertex 35.9122 57.986 4.5
    endloop
  endfacet
  facet normal 0 0 1
    outer loop
      vertex 36.4665 57.7103 4.5
      vertex 35.7849 56.4299 4.5
      vertex 36.2024 56.1928 4.5
    endloop
  endfacet
  facet normal 0 0 1
    outer loop
      vertex 35.9122 57.986 4.5
      vertex 35.2984 56.6718 4.5
      vertex 35.7849 56.4299 4.5
    endloop
  endfacet
  facet normal 0 0 1
    outer loop
      vertex 35.2949 58.2562 4.5
      vertex 35.2984 56.6718 4.5
      vertex 35.9122 57.986 4.5
    endloop
  endfacet
  facet normal 0 0 1
    outer loop
      vertex 35.2949 58.2562 4.5
      vertex 34.7425 56.9152 4.5
      vertex 35.2984 56.6718 4.5
    endloop
  endfacet
  facet normal 0 0 1
    outer loop
      vertex 34.6142 58.5194 4.5
      vertex 34.7425 56.9152 4.5
      vertex 35.2949 58.2562 4.5
    endloop
  endfacet
  facet normal 0 0 1
    outer loop
      vertex 34.6142 58.5194 4.5
      vertex 34.1177 57.1568 4.5
      vertex 34.7425 56.9152 4.5
    endloop
  endfacet
  facet normal 0 0 1
    outer loop
      vertex 33.8702 58.774 4.5
      vertex 34.1177 57.1568 4.5
      vertex 34.6142 58.5194 4.5
    endloop
  endfacet
  facet normal 0 0 1
    outer loop
      vertex 33.8702 58.774 4.5
      vertex 33.4252 57.3938 4.5
      vertex 34.1177 57.1568 4.5
    endloop
  endfacet
  facet normal 0 0 1
    outer loop
      vertex 33.0636 59.0187 4.5
      vertex 33.4252 57.3938 4.5
      vertex 33.8702 58.774 4.5
    endloop
  endfacet
  facet normal 0 0 1
    outer loop
      vertex 33.0636 59.0187 4.5
      vertex 32.6647 57.6245 4.5
      vertex 33.4252 57.3938 4.5
    endloop
  endfacet
  facet normal 0 0 1
    outer loop
      vertex 32.1938 59.2528 4.5
      vertex 32.6647 57.6245 4.5
      vertex 33.0636 59.0187 4.5
    endloop
  endfacet
  facet normal 0 0 1
    outer loop
      vertex 32.1938 59.2528 4.5
      vertex 31.8368 57.8472 4.5
      vertex 32.6647 57.6245 4.5
    endloop
  endfacet
  facet normal 0 0 1
    outer loop
      vertex 31.2601 59.4755 4.5
      vertex 31.8368 57.8472 4.5
      vertex 32.1938 59.2528 4.5
    endloop
  endfacet
  facet normal 0 0 1
    outer loop
      vertex 31.2601 59.4755 4.5
      vertex 30.942 58.0607 4.5
      vertex 31.8368 57.8472 4.5
    endloop
  endfacet
  facet normal 0 0 1
    outer loop
      vertex 30.2621 59.6862 4.5
      vertex 30.942 58.0607 4.5
      vertex 31.2601 59.4755 4.5
    endloop
  endfacet
  facet normal 0 0 1
    outer loop
      vertex 30.2621 59.6862 4.5
      vertex 29.9794 58.2639 4.5
      vertex 30.942 58.0607 4.5
    endloop
  endfacet
  facet normal 0 0 1
    outer loop
      vertex 29.199 59.8844 4.5
      vertex 29.9794 58.2639 4.5
      vertex 30.2621 59.6862 4.5
    endloop
  endfacet
  facet normal 0 0 1
    outer loop
      vertex 29.199 59.8844 4.5
      vertex 28.9489 58.4561 4.5
      vertex 29.9794 58.2639 4.5
    endloop
  endfacet
  facet normal 0 0 1
    outer loop
      vertex 28.0675 60.0701 4.5
      vertex 28.9489 58.4561 4.5
      vertex 29.199 59.8844 4.5
    endloop
  endfacet
  facet normal 0 0 1
    outer loop
      vertex 28.0675 60.0701 4.5
      vertex 27.8471 58.6369 4.5
      vertex 28.9489 58.4561 4.5
    endloop
  endfacet
  facet normal 0 0 1
    outer loop
      vertex 26.8672 60.2427 4.5
      vertex 27.8471 58.6369 4.5
      vertex 28.0675 60.0701 4.5
    endloop
  endfacet
  facet normal 0 0 1
    outer loop
      vertex 26.8672 60.2427 4.5
      vertex 26.6735 58.8056 4.5
      vertex 27.8471 58.6369 4.5
    endloop
  endfacet
  facet normal 0 0 1
    outer loop
      vertex 25.5943 60.4019 4.5
      vertex 26.6735 58.8056 4.5
      vertex 26.8672 60.2427 4.5
    endloop
  endfacet
  facet normal 0 0 1
    outer loop
      vertex 25.5943 60.4019 4.5
      vertex 25.4262 58.9617 4.5
      vertex 26.6735 58.8056 4.5
    endloop
  endfacet
  facet normal 0 0 1
    outer loop
      vertex 24.2426 60.548 4.5
      vertex 25.4262 58.9617 4.5
      vertex 25.5943 60.4019 4.5
    endloop
  endfacet
  facet normal 0 0 1
    outer loop
      vertex 24.2426 60.548 4.5
      vertex 24.0979 59.1052 4.5
      vertex 25.4262 58.9617 4.5
    endloop
  endfacet
  facet normal 0 0 1
    outer loop
      vertex 22.8086 60.6805 4.5
      vertex 24.0979 59.1052 4.5
      vertex 24.2426 60.548 4.5
    endloop
  endfacet
  facet normal 0 0 1
    outer loop
      vertex 22.8086 60.6805 4.5
      vertex 22.6861 59.2357 4.5
      vertex 24.0979 59.1052 4.5
    endloop
  endfacet
  facet normal 0 0 1
    outer loop
      vertex 21.2838 60.7994 4.5
      vertex 22.6861 59.2357 4.5
      vertex 22.8086 60.6805 4.5
    endloop
  endfacet
  facet normal 0 0 1
    outer loop
      vertex 21.2838 60.7994 4.5
      vertex 21.1814 59.3529 4.5
      vertex 22.6861 59.2357 4.5
    endloop
  endfacet
  facet normal 0 0 1
    outer loop
      vertex 19.6593 60.9044 4.5
      vertex 21.1814 59.3529 4.5
      vertex 21.2838 60.7994 4.5
    endloop
  endfacet
  facet normal 0 0 1
    outer loop
      vertex 19.6593 60.9044 4.5
      vertex 19.5737 59.4569 4.5
      vertex 21.1814 59.3529 4.5
    endloop
  endfacet
  facet normal 0 0 1
    outer loop
      vertex 17.9165 60.9958 4.5
      vertex 19.5737 59.4569 4.5
      vertex 19.6593 60.9044 4.5
    endloop
  endfacet
  facet normal 0 0 1
    outer loop
      vertex 17.9165 60.9958 4.5
      vertex 17.849 59.5473 4.5
      vertex 19.5737 59.4569 4.5
    endloop
  endfacet
  facet normal 0 0 1
    outer loop
      vertex 16.0392 61.0731 4.5
      vertex 17.849 59.5473 4.5
      vertex 17.9165 60.9958 4.5
    endloop
  endfacet
  facet normal 0 0 1
    outer loop
      vertex 16.0392 61.0731 4.5
      vertex 15.9855 59.6241 4.5
      vertex 17.849 59.5473 4.5
    endloop
  endfacet
  facet normal 0 0 1
    outer loop
      vertex 13.988 61.1367 4.5
      vertex 15.9855 59.6241 4.5
      vertex 16.0392 61.0731 4.5
    endloop
  endfacet
  facet normal 0 0 1
    outer loop
      vertex 13.988 61.1367 4.5
      vertex 13.9513 59.6871 4.5
      vertex 15.9855 59.6241 4.5
    endloop
  endfacet
  facet normal 0 0 1
    outer loop
      vertex 11.7155 61.1861 4.5
      vertex 13.9513 59.6871 4.5
      vertex 13.988 61.1367 4.5
    endloop
  endfacet
  facet normal 0 0 1
    outer loop
      vertex 11.7155 61.1861 4.5
      vertex 11.6905 59.7363 4.5
      vertex 13.9513 59.6871 4.5
    endloop
  endfacet
  facet normal 0 0 1
    outer loop
      vertex 9.11259 61.2216 4.5
      vertex 11.6905 59.7363 4.5
      vertex 11.7155 61.1861 4.5
    endloop
  endfacet
  facet normal 0 0 1
    outer loop
      vertex 9.11259 61.2216 4.5
      vertex 9.09639 59.7716 4.5
      vertex 11.6905 59.7363 4.5
    endloop
  endfacet
  facet normal 0 0 1
    outer loop
      vertex 5.9194 61.2429 4.5
      vertex 9.09639 59.7716 4.5
      vertex 9.11259 61.2216 4.5
    endloop
  endfacet
  facet normal 0 0 1
    outer loop
      vertex 5.9194 61.2429 4.5
      vertex 5.91356 59.7929 4.5
      vertex 9.09639 59.7716 4.5
    endloop
  endfacet
  facet normal 0 0 1
    outer loop
      vertex 0 61.25 4.5
      vertex 5.91356 59.7929 4.5
      vertex 5.9194 61.2429 4.5
    endloop
  endfacet
  facet normal 0 0 1
    outer loop
      vertex 0 61.25 4.5
      vertex 0 59.8 4.5
      vertex 5.91356 59.7929 4.5
    endloop
  endfacet
  facet normal 0 0 1
    outer loop
      vertex 0 61.25 4.5
      vertex -5.91356 59.7929 4.5
      vertex 0 59.8 4.5
    endloop
  endfacet
  facet normal -0 0 1
    outer loop
      vertex -5.9194 61.2429 4.5
      vertex -5.91356 59.7929 4.5
      vertex 0 61.25 4.5
    endloop
  endfacet
  facet normal 0 0 1
    outer loop
      vertex -5.9194 61.2429 4.5
      vertex -9.09639 59.7716 4.5
      vertex -5.91356 59.7929 4.5
    endloop
  endfacet
  facet normal -0 0 1
    outer loop
      vertex -9.11259 61.2216 4.5
      vertex -9.09639 59.7716 4.5
      vertex -5.9194 61.2429 4.5
    endloop
  endfacet
  facet normal 0 0 1
    outer loop
      vertex -9.11259 61.2216 4.5
      vertex -11.6905 59.7363 4.5
      vertex -9.09639 59.7716 4.5
    endloop
  endfacet
  facet normal -0 0 1
    outer loop
      vertex -11.7155 61.1861 4.5
      vertex -11.6905 59.7363 4.5
      vertex -9.11259 61.2216 4.5
    endloop
  endfacet
  facet normal 0 0 1
    outer loop
      vertex -11.7155 61.1861 4.5
      vertex -13.9513 59.6871 4.5
      vertex -11.6905 59.7363 4.5
    endloop
  endfacet
  facet normal -0 0 1
    outer loop
      vertex -13.988 61.1367 4.5
      vertex -13.9513 59.6871 4.5
      vertex -11.7155 61.1861 4.5
    endloop
  endfacet
  facet normal 0 0 1
    outer loop
      vertex -13.988 61.1367 4.5
      vertex -15.9855 59.6241 4.5
      vertex -13.9513 59.6871 4.5
    endloop
  endfacet
  facet normal -0 0 1
    outer loop
      vertex -16.0392 61.0731 4.5
      vertex -15.9855 59.6241 4.5
      vertex -13.988 61.1367 4.5
    endloop
  endfacet
  facet normal 0 0 1
    outer loop
      vertex -16.0392 61.0731 4.5
      vertex -17.849 59.5473 4.5
      vertex -15.9855 59.6241 4.5
    endloop
  endfacet
  facet normal -0 0 1
    outer loop
      vertex -17.9165 60.9958 4.5
      vertex -17.849 59.5473 4.5
      vertex -16.0392 61.0731 4.5
    endloop
  endfacet
  facet normal 0 0 1
    outer loop
      vertex -17.9165 60.9958 4.5
      vertex -19.5737 59.4569 4.5
      vertex -17.849 59.5473 4.5
    endloop
  endfacet
  facet normal -0 0 1
    outer loop
      vertex -19.6593 60.9044 4.5
      vertex -19.5737 59.4569 4.5
      vertex -17.9165 60.9958 4.5
    endloop
  endfacet
  facet normal 0 0 1
    outer loop
      vertex -19.6593 60.9044 4.5
      vertex -21.1814 59.3529 4.5
      vertex -19.5737 59.4569 4.5
    endloop
  endfacet
  facet normal -0 0 1
    outer loop
      vertex -21.2838 60.7994 4.5
      vertex -21.1814 59.3529 4.5
      vertex -19.6593 60.9044 4.5
    endloop
  endfacet
  facet normal 0 0 1
    outer loop
      vertex -21.2838 60.7994 4.5
      vertex -22.6861 59.2357 4.5
      vertex -21.1814 59.3529 4.5
    endloop
  endfacet
  facet normal -0 0 1
    outer loop
      vertex -22.8086 60.6805 4.5
      vertex -22.6861 59.2357 4.5
      vertex -21.2838 60.7994 4.5
    endloop
  endfacet
  facet normal 0 0 1
    outer loop
      vertex -22.8086 60.6805 4.5
      vertex -24.0979 59.1052 4.5
      vertex -22.6861 59.2357 4.5
    endloop
  endfacet
  facet normal -0 0 1
    outer loop
      vertex -24.2426 60.548 4.5
      vertex -24.0979 59.1052 4.5
      vertex -22.8086 60.6805 4.5
    endloop
  endfacet
  facet normal 0 0 1
    outer loop
      vertex -24.2426 60.548 4.5
      vertex -25.4262 58.9617 4.5
      vertex -24.0979 59.1052 4.5
    endloop
  endfacet
  facet normal -0 0 1
    outer loop
      vertex -25.5943 60.4019 4.5
      vertex -25.4262 58.9617 4.5
      vertex -24.2426 60.548 4.5
    endloop
  endfacet
  facet normal 0 0 1
    outer loop
      vertex -25.5943 60.4019 4.5
      vertex -26.6735 58.8056 4.5
      vertex -25.4262 58.9617 4.5
    endloop
  endfacet
  facet normal -0 0 1
    outer loop
      vertex -26.8672 60.2427 4.5
      vertex -26.6735 58.8056 4.5
      vertex -25.5943 60.4019 4.5
    endloop
  endfacet
  facet normal 0 0 1
    outer loop
      vertex -26.8672 60.2427 4.5
      vertex -27.8471 58.6369 4.5
      vertex -26.6735 58.8056 4.5
    endloop
  endfacet
  facet normal -0 0 1
    outer loop
      vertex -28.0675 60.0701 4.5
      vertex -27.8471 58.6369 4.5
      vertex -26.8672 60.2427 4.5
    endloop
  endfacet
  facet normal 0 0 1
    outer loop
      vertex -28.0675 60.0701 4.5
      vertex -28.9489 58.4561 4.5
      vertex -27.8471 58.6369 4.5
    endloop
  endfacet
  facet normal -0 0 1
    outer loop
      vertex -29.199 59.8844 4.5
      vertex -28.9489 58.4561 4.5
      vertex -28.0675 60.0701 4.5
    endloop
  endfacet
  facet normal 0 0 1
    outer loop
      vertex -29.199 59.8844 4.5
      vertex -29.9794 58.2639 4.5
      vertex -28.9489 58.4561 4.5
    endloop
  endfacet
  facet normal -0 0 1
    outer loop
      vertex -30.2621 59.6862 4.5
      vertex -29.9794 58.2639 4.5
      vertex -29.199 59.8844 4.5
    endloop
  endfacet
  facet normal 0 0 1
    outer loop
      vertex -30.2621 59.6862 4.5
      vertex -30.942 58.0607 4.5
      vertex -29.9794 58.2639 4.5
    endloop
  endfacet
  facet normal -0 0 1
    outer loop
      vertex -31.2601 59.4755 4.5
      vertex -30.942 58.0607 4.5
      vertex -30.2621 59.6862 4.5
    endloop
  endfacet
  facet normal 0 0 1
    outer loop
      vertex -31.2601 59.4755 4.5
      vertex -31.8368 57.8472 4.5
      vertex -30.942 58.0607 4.5
    endloop
  endfacet
  facet normal -0 0 1
    outer loop
      vertex -32.1938 59.2528 4.5
      vertex -31.8368 57.8472 4.5
      vertex -31.2601 59.4755 4.5
    endloop
  endfacet
  facet normal 0 0 1
    outer loop
      vertex -32.1938 59.2528 4.5
      vertex -32.6647 57.6245 4.5
      vertex -31.8368 57.8472 4.5
    endloop
  endfacet
  facet normal -0 0 1
    outer loop
      vertex -33.0636 59.0187 4.5
      vertex -32.6647 57.6245 4.5
      vertex -32.1938 59.2528 4.5
    endloop
  endfacet
  facet normal 0 0 1
    outer loop
      vertex -33.0636 59.0187 4.5
      vertex -33.4252 57.3938 4.5
      vertex -32.6647 57.6245 4.5
    endloop
  endfacet
  facet normal -0 0 1
    outer loop
      vertex -33.8702 58.774 4.5
      vertex -33.4252 57.3938 4.5
      vertex -33.0636 59.0187 4.5
    endloop
  endfacet
  facet normal 0 0 1
    outer loop
      vertex -33.8702 58.774 4.5
      vertex -34.1177 57.1568 4.5
      vertex -33.4252 57.3938 4.5
    endloop
  endfacet
  facet normal -0 0 1
    outer loop
      vertex -34.6142 58.5194 4.5
      vertex -34.1177 57.1568 4.5
      vertex -33.8702 58.774 4.5
    endloop
  endfacet
  facet normal 0 0 1
    outer loop
      vertex -34.6142 58.5194 4.5
      vertex -34.7425 56.9152 4.5
      vertex -34.1177 57.1568 4.5
    endloop
  endfacet
  facet normal -0 0 1
    outer loop
      vertex -35.2949 58.2562 4.5
      vertex -34.7425 56.9152 4.5
      vertex -34.6142 58.5194 4.5
    endloop
  endfacet
  facet normal 0 0 1
    outer loop
      vertex -35.2949 58.2562 4.5
      vertex -35.2984 56.6718 4.5
      vertex -34.7425 56.9152 4.5
    endloop
  endfacet
  facet normal -0 0 1
    outer loop
      vertex -35.9122 57.986 4.5
      vertex -35.2984 56.6718 4.5
      vertex -35.2949 58.2562 4.5
    endloop
  endfacet
  facet normal 0 0 1
    outer loop
      vertex -35.2984 56.6718 4.5
      vertex -35.9122 57.986 4.5
      vertex -35.7849 56.4299 4.5
    endloop
  endfacet
  facet normal -0 0 1
    outer loop
      vertex -36.4665 57.7103 4.5
      vertex -35.7849 56.4299 4.5
      vertex -35.9122 57.986 4.5
    endloop
  endfacet
  facet normal 0 0 1
    outer loop
      vertex -35.7849 56.4299 4.5
      vertex -36.4665 57.7103 4.5
      vertex -36.2024 56.1928 4.5
    endloop
  endfacet
  facet normal -0 0 1
    outer loop
      vertex -36.9572 57.4316 4.5
      vertex -36.2024 56.1928 4.5
      vertex -36.4665 57.7103 4.5
    endloop
  endfacet
  facet normal 0 0 1
    outer loop
      vertex -36.2024 56.1928 4.5
      vertex -36.9572 57.4316 4.5
      vertex -36.5516 55.9649 4.5
    endloop
  endfacet
  facet normal -0 0 1
    outer loop
      vertex -37.3857 57.152 4.5
      vertex -36.5516 55.9649 4.5
      vertex -36.9572 57.4316 4.5
    endloop
  endfacet
  facet normal 0 0 1
    outer loop
      vertex -36.5516 55.9649 4.5
      vertex -37.3857 57.152 4.5
      vertex -36.8353 55.7507 4.5
    endloop
  endfacet
  facet normal -0 0 1
    outer loop
      vertex -37.7536 56.8741 4.5
      vertex -36.8353 55.7507 4.5
      vertex -37.3857 57.152 4.5
    endloop
  endfacet
  facet normal 0 0 1
    outer loop
      vertex -36.8353 55.7507 4.5
      vertex -37.7536 56.8741 4.5
      vertex -37.0578 55.554 4.5
    endloop
  endfacet
  facet normal -0 0 1
    outer loop
      vertex -38.064 56.5999 4.5
      vertex -37.0578 55.554 4.5
      vertex -37.7536 56.8741 4.5
    endloop
  endfacet
  facet normal 0 0 1
    outer loop
      vertex -37.0578 55.554 4.5
      vertex -38.064 56.5999 4.5
      vertex -37.2267 55.3772 4.5
    endloop
  endfacet
  facet normal -0 0 1
    outer loop
      vertex -38.3217 56.33 4.5
      vertex -37.2267 55.3772 4.5
      vertex -38.064 56.5999 4.5
    endloop
  endfacet
  facet normal 0 0 1
    outer loop
      vertex -37.2267 55.3772 4.5
      vertex -38.3217 56.33 4.5
      vertex -37.3527 55.218 4.5
    endloop
  endfacet
  facet normal -0 0 1
    outer loop
      vertex -38.534 56.062 4.5
      vertex -37.3527 55.218 4.5
      vertex -38.3217 56.33 4.5
    endloop
  endfacet
  facet normal 0 0 1
    outer loop
      vertex -37.3527 55.218 4.5
      vertex -38.534 56.062 4.5
      vertex -37.4484 55.0691 4.5
    endloop
  endfacet
  facet normal -0 0 1
    outer loop
      vertex -38.709 55.7896 4.5
      vertex -37.4484 55.0691 4.5
      vertex -38.534 56.062 4.5
    endloop
  endfacet
  facet normal 0 0 1
    outer loop
      vertex -37.4484 55.0691 4.5
      vertex -38.709 55.7896 4.5
      vertex -37.5264 54.9145 4.5
    endloop
  endfacet
  facet normal -0 0 1
    outer loop
      vertex -38.8551 55.5 4.5
      vertex -37.5264 54.9145 4.5
      vertex -38.709 55.7896 4.5
    endloop
  endfacet
  facet normal 0 0 1
    outer loop
      vertex -37.5264 54.9145 4.5
      vertex -38.8551 55.5 4.5
      vertex -37.5971 54.7283 4.5
    endloop
  endfacet
  facet normal -0 0 1
    outer loop
      vertex 37.7775 53.4918 4.5
      vertex 39.2497 52 4.5
      vertex 39.2267 53.5616 4.5
    endloop
  endfacet
  facet normal 0 0 1
    outer loop
      vertex 37.7775 53.4918 4.5
      vertex 39.2267 53.5616 4.5
      vertex 39.1685 54.2727 4.5
    endloop
  endfacet
  facet normal 0 0 1
    outer loop
      vertex 37.7775 53.4918 4.5
      vertex 39.1685 54.2727 4.5
      vertex 39.084 54.7796 4.5
    endloop
  endfacet
  facet normal 0 0 1
    outer loop
      vertex 37.7775 53.4918 4.5
      vertex 39.084 54.7796 4.5
      vertex 38.979 55.1735 4.5
    endloop
  endfacet
  facet normal 0 0 1
    outer loop
      vertex 37.7775 53.4918 4.5
      vertex 38.979 55.1735 4.5
      vertex 38.8551 55.5 4.5
    endloop
  endfacet
  facet normal 0 0 1
    outer loop
      vertex 39.2497 52 4.5
      vertex 37.7995 52 4.5
      vertex 39.2254 50.3523 4.5
    endloop
  endfacet
  facet normal 0 0 1
    outer loop
      vertex 37.7775 53.4918 4.5
      vertex 38.8551 55.5 4.5
      vertex 38.709 55.7896 4.5
    endloop
  endfacet
  facet normal 0 0 1
    outer loop
      vertex 37.7775 53.4918 4.5
      vertex 38.709 55.7896 4.5
      vertex 38.534 56.062 4.5
    endloop
  endfacet
  facet normal 0 0 1
    outer loop
      vertex 37.7775 53.4918 4.5
      vertex 38.534 56.062 4.5
      vertex 38.3217 56.33 4.5
    endloop
  endfacet
  facet normal 0 0 1
    outer loop
      vertex 37.2267 55.3772 4.5
      vertex 38.3217 56.33 4.5
      vertex 38.064 56.5999 4.5
    endloop
  endfacet
  facet normal 0 0 1
    outer loop
      vertex 39.2254 50.3523 4.5
      vertex 37.7995 52 4.5
      vertex 37.7756 50.3782 4.5
    endloop
  endfacet
  facet normal 0 0 1
    outer loop
      vertex 39.2254 50.3523 4.5
      vertex 37.7756 50.3782 4.5
      vertex 38.7511 25.0816 4.5
    endloop
  endfacet
  facet normal -0 0 1
    outer loop
      vertex 37.3016 25.1241 4.5
      vertex 38.7511 25.0816 4.5
      vertex 37.7756 50.3782 4.5
    endloop
  endfacet
  facet normal 0 0 1
    outer loop
      vertex 37.3016 25.1241 4.5
      vertex 37.2536 -11.8542 4.5
      vertex 38.7511 25.0816 4.5
    endloop
  endfacet
  facet normal 0 -0 1
    outer loop
      vertex 37.2536 -11.8542 4.5
      vertex 37.3016 25.1241 4.5
      vertex 35.8007 -11.8974 4.5
    endloop
  endfacet
  facet normal 0 0 1
    outer loop
      vertex 40.797 -54 4.5
      vertex 41.2474 -54 4.5
      vertex 41.217 -53.304 4.5
    endloop
  endfacet
  facet normal 0 0 1
    outer loop
      vertex 41.2474 -54 4.5
      vertex 40.797 -54 4.5
      vertex 41.2198 -54.6316 4.5
    endloop
  endfacet
  facet normal -0 0 1
    outer loop
      vertex 40.7711 -54.5924 4.5
      vertex 41.2198 -54.6316 4.5
      vertex 40.797 -54 4.5
    endloop
  endfacet
  facet normal -0 0 1
    outer loop
      vertex 40.6937 -55.1803 4.5
      vertex 41.1373 -55.2585 4.5
      vertex 40.7711 -54.5924 4.5
    endloop
  endfacet
  facet normal 0 0 1
    outer loop
      vertex 41.2198 -54.6316 4.5
      vertex 40.7711 -54.5924 4.5
      vertex 41.1373 -55.2585 4.5
    endloop
  endfacet
  facet normal 0 0 1
    outer loop
      vertex 41.217 -53.304 4.5
      vertex 40.7678 -53.3322 4.5
      vertex 40.797 -54 4.5
    endloop
  endfacet
  facet normal 0 0 1
    outer loop
      vertex 40.2329 -41.5984 4.5
      vertex 40.7678 -53.3322 4.5
      vertex 41.217 -53.304 4.5
    endloop
  endfacet
  facet normal 0 0 1
    outer loop
      vertex 40.2329 -41.5984 4.5
      vertex 39.7848 -41.6398 4.5
      vertex 40.7678 -53.3322 4.5
    endloop
  endfacet
  facet normal 0 0 1
    outer loop
      vertex 40.2329 -41.5984 4.5
      vertex 39.0196 -34 4.5
      vertex 39.7848 -41.6398 4.5
    endloop
  endfacet
  facet normal 0 0 1
    outer loop
      vertex 37.2536 -11.8542 4.5
      vertex 39.0196 -34 4.5
      vertex 40.2329 -41.5984 4.5
    endloop
  endfacet
  facet normal 0 0 1
    outer loop
      vertex 37.2536 -11.8542 4.5
      vertex 38.0146 -34 4.5
      vertex 39.0196 -34 4.5
    endloop
  endfacet
  facet normal 0 0 1
    outer loop
      vertex 38.0146 -34 4.5
      vertex 37.2536 -11.8542 4.5
      vertex 35.8007 -11.8974 4.5
    endloop
  endfacet
  facet normal 0 0 1
    outer loop
      vertex 41.1373 -55.2585 4.5
      vertex 40.6937 -55.1803 4.5
      vertex 41.0004 -55.8757 4.5
    endloop
  endfacet
  facet normal -0 0 1
    outer loop
      vertex 40.5654 -55.7591 4.5
      vertex 41.0004 -55.8757 4.5
      vertex 40.6937 -55.1803 4.5
    endloop
  endfacet
  facet normal 0 0 1
    outer loop
      vertex 41.0004 -55.8757 4.5
      vertex 40.5654 -55.7591 4.5
      vertex 40.8103 -56.4788 4.5
    endloop
  endfacet
  facet normal -0 0 1
    outer loop
      vertex 40.3871 -56.3246 4.5
      vertex 40.8103 -56.4788 4.5
      vertex 40.5654 -55.7591 4.5
    endloop
  endfacet
  facet normal 0 0 1
    outer loop
      vertex 40.8103 -56.4788 4.5
      vertex 40.3871 -56.3246 4.5
      vertex 40.5684 -57.0628 4.5
    endloop
  endfacet
  facet normal -0 0 1
    outer loop
      vertex 40.1601 -56.8726 4.5
      vertex 40.5684 -57.0628 4.5
      vertex 40.3871 -56.3246 4.5
    endloop
  endfacet
  facet normal 0 0 1
    outer loop
      vertex 40.5684 -57.0628 4.5
      vertex 40.1601 -56.8726 4.5
      vertex 40.2764 -57.6237 4.5
    endloop
  endfacet
  facet normal -0 0 1
    outer loop
      vertex 39.8864 -57.3984 4.5
      vertex 40.2764 -57.6237 4.5
      vertex 40.1601 -56.8726 4.5
    endloop
  endfacet
  facet normal 0 0 1
    outer loop
      vertex 40.2764 -57.6237 4.5
      vertex 39.8864 -57.3984 4.5
      vertex 39.9367 -58.1569 4.5
    endloop
  endfacet
  facet normal -0 0 1
    outer loop
      vertex 39.5677 -57.8986 4.5
      vertex 39.9367 -58.1569 4.5
      vertex 39.8864 -57.3984 4.5
    endloop
  endfacet
  facet normal 0 0 1
    outer loop
      vertex 39.5677 -57.8986 4.5
      vertex 39.5518 -58.6586 4.5
      vertex 39.9367 -58.1569 4.5
    endloop
  endfacet
  facet normal -0 0 1
    outer loop
      vertex 39.2068 -58.3689 4.5
      vertex 39.5518 -58.6586 4.5
      vertex 39.5677 -57.8986 4.5
    endloop
  endfacet
  facet normal 0 0 1
    outer loop
      vertex 39.2068 -58.3689 4.5
      vertex 39.1247 -59.1247 4.5
      vertex 39.5518 -58.6586 4.5
    endloop
  endfacet
  facet normal -0 0 1
    outer loop
      vertex 38.8062 -58.8062 4.5
      vertex 39.1247 -59.1247 4.5
      vertex 39.2068 -58.3689 4.5
    endloop
  endfacet
  facet normal 0 0 1
    outer loop
      vertex 38.8062 -58.8062 4.5
      vertex 38.6586 -59.5518 4.5
      vertex 39.1247 -59.1247 4.5
    endloop
  endfacet
  facet normal -0 0 1
    outer loop
      vertex 38.3689 -59.2068 4.5
      vertex 38.6586 -59.5518 4.5
      vertex 38.8062 -58.8062 4.5
    endloop
  endfacet
  facet normal 0 0 1
    outer loop
      vertex 38.3689 -59.2068 4.5
      vertex 38.1569 -59.9367 4.5
      vertex 38.6586 -59.5518 4.5
    endloop
  endfacet
  facet normal -0 0 1
    outer loop
      vertex 37.8986 -59.5677 4.5
      vertex 38.1569 -59.9367 4.5
      vertex 38.3689 -59.2068 4.5
    endloop
  endfacet
  facet normal 0 0 1
    outer loop
      vertex 37.8986 -59.5677 4.5
      vertex 37.6237 -60.2764 4.5
      vertex 38.1569 -59.9367 4.5
    endloop
  endfacet
  facet normal -0 0 1
    outer loop
      vertex 37.3984 -59.8864 4.5
      vertex 37.6237 -60.2764 4.5
      vertex 37.8986 -59.5677 4.5
    endloop
  endfacet
  facet normal 0 0 1
    outer loop
      vertex 37.3984 -59.8864 4.5
      vertex 37.0628 -60.5684 4.5
      vertex 37.6237 -60.2764 4.5
    endloop
  endfacet
  facet normal -0 0 1
    outer loop
      vertex 36.8726 -60.1601 4.5
      vertex 37.0628 -60.5684 4.5
      vertex 37.3984 -59.8864 4.5
    endloop
  endfacet
  facet normal 0 0 1
    outer loop
      vertex 36.8726 -60.1601 4.5
      vertex 36.4788 -60.8103 4.5
      vertex 37.0628 -60.5684 4.5
    endloop
  endfacet
  facet normal -0 0 1
    outer loop
      vertex 36.3246 -60.3871 4.5
      vertex 36.4788 -60.8103 4.5
      vertex 36.8726 -60.1601 4.5
    endloop
  endfacet
  facet normal 0 0 1
    outer loop
      vertex 36.3246 -60.3871 4.5
      vertex 35.8757 -61.0004 4.5
      vertex 36.4788 -60.8103 4.5
    endloop
  endfacet
  facet normal -0 0 1
    outer loop
      vertex 35.7591 -60.5654 4.5
      vertex 35.8757 -61.0004 4.5
      vertex 36.3246 -60.3871 4.5
    endloop
  endfacet
  facet normal 0 0 1
    outer loop
      vertex 35.7591 -60.5654 4.5
      vertex 35.2585 -61.1373 4.5
      vertex 35.8757 -61.0004 4.5
    endloop
  endfacet
  facet normal -0 0 1
    outer loop
      vertex 35.1803 -60.6937 4.5
      vertex 35.2585 -61.1373 4.5
      vertex 35.7591 -60.5654 4.5
    endloop
  endfacet
  facet normal 0 0 1
    outer loop
      vertex 35.1803 -60.6937 4.5
      vertex 34.6316 -61.2198 4.5
      vertex 35.2585 -61.1373 4.5
    endloop
  endfacet
  facet normal -0 0 1
    outer loop
      vertex 34.5924 -60.7711 4.5
      vertex 34.6316 -61.2198 4.5
      vertex 35.1803 -60.6937 4.5
    endloop
  endfacet
  facet normal 0 0 1
    outer loop
      vertex 34.5924 -60.7711 4.5
      vertex 33.9401 -61.25 4.5
      vertex 34.6316 -61.2198 4.5
    endloop
  endfacet
  facet normal -0 0 1
    outer loop
      vertex 33.93 -60.8 4.5
      vertex 33.9401 -61.25 4.5
      vertex 34.5924 -60.7711 4.5
    endloop
  endfacet
  facet normal -0 0 1
    outer loop
      vertex 29.4437 -60.8 4.5
      vertex 33.9401 -61.25 4.5
      vertex 33.93 -60.8 4.5
    endloop
  endfacet
  facet normal -0 0 1
    outer loop
      vertex 29.25 -60.9234 4.5
      vertex 33.9401 -61.25 4.5
      vertex 29.4437 -60.8 4.5
    endloop
  endfacet
  facet normal 0 0 1
    outer loop
      vertex 33.9401 -61.25 4.5
      vertex 29.25 -60.9234 4.5
      vertex 28.6226 -61.25 4.5
    endloop
  endfacet
  facet normal 0 0 1
    outer loop
      vertex -37.3016 25.1241 4.5
      vertex -37.2536 -11.8542 4.5
      vertex -35.8007 -11.8974 4.5
    endloop
  endfacet
  facet normal 0 0 1
    outer loop
      vertex -38.7511 25.0816 4.5
      vertex -37.3016 25.1241 4.5
      vertex -37.7756 50.3782 4.5
    endloop
  endfacet
  facet normal 0 0 1
    outer loop
      vertex -39.2254 50.3523 4.5
      vertex -37.7756 50.3782 4.5
      vertex -37.7995 52 4.5
    endloop
  endfacet
  facet normal -0 0 1
    outer loop
      vertex -38.979 55.1735 4.5
      vertex -37.5971 54.7283 4.5
      vertex -38.8551 55.5 4.5
    endloop
  endfacet
  facet normal 0 0 1
    outer loop
      vertex -37.5971 54.7283 4.5
      vertex -38.979 55.1735 4.5
      vertex -37.6652 54.4729 4.5
    endloop
  endfacet
  facet normal -0 0 1
    outer loop
      vertex -39.084 54.7796 4.5
      vertex -37.6652 54.4729 4.5
      vertex -38.979 55.1735 4.5
    endloop
  endfacet
  facet normal 0 0 1
    outer loop
      vertex -37.6652 54.4729 4.5
      vertex -39.084 54.7796 4.5
      vertex -37.7283 54.0942 4.5
    endloop
  endfacet
  facet normal 0 0 1
    outer loop
      vertex -37.3016 25.1241 4.5
      vertex -38.7511 25.0816 4.5
      vertex -37.2536 -11.8542 4.5
    endloop
  endfacet
  facet normal -0 0 1
    outer loop
      vertex -39.1685 54.2727 4.5
      vertex -37.7283 54.0942 4.5
      vertex -39.084 54.7796 4.5
    endloop
  endfacet
  facet normal 0 0 1
    outer loop
      vertex -37.7283 54.0942 4.5
      vertex -39.1685 54.2727 4.5
      vertex -37.7775 53.4918 4.5
    endloop
  endfacet
  facet normal -0 0 1
    outer loop
      vertex -39.2267 53.5616 4.5
      vertex -37.7775 53.4918 4.5
      vertex -39.1685 54.2727 4.5
    endloop
  endfacet
  facet normal 0 0 1
    outer loop
      vertex -39.2497 52 4.5
      vertex -37.7775 53.4918 4.5
      vertex -39.2267 53.5616 4.5
    endloop
  endfacet
  facet normal 0 0 1
    outer loop
      vertex -37.7756 50.3782 4.5
      vertex -39.2254 50.3523 4.5
      vertex -38.7511 25.0816 4.5
    endloop
  endfacet
  facet normal 0 0 1
    outer loop
      vertex -37.7775 53.4918 4.5
      vertex -39.2497 52 4.5
      vertex -37.7995 52 4.5
    endloop
  endfacet
  facet normal 0 0 1
    outer loop
      vertex -37.7995 52 4.5
      vertex -39.2497 52 4.5
      vertex -39.2254 50.3523 4.5
    endloop
  endfacet
  facet normal 0 0 1
    outer loop
      vertex -37.2536 -11.8542 4.5
      vertex -38.0146 -34 4.5
      vertex -35.8007 -11.8974 4.5
    endloop
  endfacet
  facet normal 0 0 1
    outer loop
      vertex -37.2536 -11.8542 4.5
      vertex -39.0196 -34 4.5
      vertex -38.0146 -34 4.5
    endloop
  endfacet
  facet normal 0 0 1
    outer loop
      vertex -40.2329 -41.5984 4.5
      vertex -39.0196 -34 4.5
      vertex -37.2536 -11.8542 4.5
    endloop
  endfacet
  facet normal 0 0 1
    outer loop
      vertex -39.0196 -34 4.5
      vertex -40.2329 -41.5984 4.5
      vertex -39.7848 -41.6398 4.5
    endloop
  endfacet
  facet normal 0 0 1
    outer loop
      vertex -40.2329 -41.5984 4.5
      vertex -40.7678 -53.3322 4.5
      vertex -39.7848 -41.6398 4.5
    endloop
  endfacet
  facet normal 0 0 1
    outer loop
      vertex -40.5654 -55.7591 4.5
      vertex -41.0004 -55.8757 4.5
      vertex -40.8103 -56.4788 4.5
    endloop
  endfacet
  facet normal 0 0 1
    outer loop
      vertex -41.217 -53.304 4.5
      vertex -40.797 -54 4.5
      vertex -40.7678 -53.3322 4.5
    endloop
  endfacet
  facet normal -0 0 1
    outer loop
      vertex -41.217 -53.304 4.5
      vertex -40.7678 -53.3322 4.5
      vertex -40.2329 -41.5984 4.5
    endloop
  endfacet
  facet normal 0 0 1
    outer loop
      vertex -40.797 -54 4.5
      vertex -41.217 -53.304 4.5
      vertex -41.2474 -54 4.5
    endloop
  endfacet
  facet normal 0 0 1
    outer loop
      vertex -40.7711 -54.5924 4.5
      vertex -41.1373 -55.2585 4.5
      vertex -41.0004 -55.8757 4.5
    endloop
  endfacet
  facet normal 0 0 1
    outer loop
      vertex -40.7711 -54.5924 4.5
      vertex -41.2198 -54.6316 4.5
      vertex -41.1373 -55.2585 4.5
    endloop
  endfacet
  facet normal 0 0 1
    outer loop
      vertex -40.797 -54 4.5
      vertex -41.2474 -54 4.5
      vertex -41.2198 -54.6316 4.5
    endloop
  endfacet
  facet normal 0 0 1
    outer loop
      vertex -33.9401 -61.25 4.5
      vertex -29.4437 -60.8 4.5
      vertex -33.93 -60.8 4.5
    endloop
  endfacet
  facet normal 0 0 1
    outer loop
      vertex -29.4437 -60.8 4.5
      vertex -33.9401 -61.25 4.5
      vertex -29.25 -60.9234 4.5
    endloop
  endfacet
  facet normal 0 0 1
    outer loop
      vertex -29.25 -60.9234 4.5
      vertex -33.9401 -61.25 4.5
      vertex -28.6226 -61.25 4.5
    endloop
  endfacet
  facet normal 0 0 1
    outer loop
      vertex -34.5924 -60.7711 4.5
      vertex -33.9401 -61.25 4.5
      vertex -33.93 -60.8 4.5
    endloop
  endfacet
  facet normal 0 0 1
    outer loop
      vertex -34.5924 -60.7711 4.5
      vertex -34.6316 -61.2198 4.5
      vertex -33.9401 -61.25 4.5
    endloop
  endfacet
  facet normal 0 0 1
    outer loop
      vertex -35.1803 -60.6937 4.5
      vertex -34.6316 -61.2198 4.5
      vertex -34.5924 -60.7711 4.5
    endloop
  endfacet
  facet normal 0 0 1
    outer loop
      vertex -35.1803 -60.6937 4.5
      vertex -35.2585 -61.1373 4.5
      vertex -34.6316 -61.2198 4.5
    endloop
  endfacet
  facet normal 0 0 1
    outer loop
      vertex -35.7591 -60.5654 4.5
      vertex -35.2585 -61.1373 4.5
      vertex -35.1803 -60.6937 4.5
    endloop
  endfacet
  facet normal 0 0 1
    outer loop
      vertex -35.7591 -60.5654 4.5
      vertex -35.8757 -61.0004 4.5
      vertex -35.2585 -61.1373 4.5
    endloop
  endfacet
  facet normal 0 0 1
    outer loop
      vertex -36.3246 -60.3871 4.5
      vertex -35.8757 -61.0004 4.5
      vertex -35.7591 -60.5654 4.5
    endloop
  endfacet
  facet normal 0 0 1
    outer loop
      vertex -36.3246 -60.3871 4.5
      vertex -36.4788 -60.8103 4.5
      vertex -35.8757 -61.0004 4.5
    endloop
  endfacet
  facet normal 0 0 1
    outer loop
      vertex -36.8726 -60.1601 4.5
      vertex -36.4788 -60.8103 4.5
      vertex -36.3246 -60.3871 4.5
    endloop
  endfacet
  facet normal 0 0 1
    outer loop
      vertex -36.8726 -60.1601 4.5
      vertex -37.0628 -60.5684 4.5
      vertex -36.4788 -60.8103 4.5
    endloop
  endfacet
  facet normal 0 0 1
    outer loop
      vertex -37.3984 -59.8864 4.5
      vertex -37.0628 -60.5684 4.5
      vertex -36.8726 -60.1601 4.5
    endloop
  endfacet
  facet normal 0 0 1
    outer loop
      vertex -37.3984 -59.8864 4.5
      vertex -37.6237 -60.2764 4.5
      vertex -37.0628 -60.5684 4.5
    endloop
  endfacet
  facet normal 0 0 1
    outer loop
      vertex -37.8986 -59.5677 4.5
      vertex -37.6237 -60.2764 4.5
      vertex -37.3984 -59.8864 4.5
    endloop
  endfacet
  facet normal 0 0 1
    outer loop
      vertex -37.8986 -59.5677 4.5
      vertex -38.1569 -59.9367 4.5
      vertex -37.6237 -60.2764 4.5
    endloop
  endfacet
  facet normal 0 0 1
    outer loop
      vertex -38.3689 -59.2068 4.5
      vertex -38.1569 -59.9367 4.5
      vertex -37.8986 -59.5677 4.5
    endloop
  endfacet
  facet normal 0 0 1
    outer loop
      vertex -38.3689 -59.2068 4.5
      vertex -38.6586 -59.5518 4.5
      vertex -38.1569 -59.9367 4.5
    endloop
  endfacet
  facet normal 0 0 1
    outer loop
      vertex -38.8062 -58.8062 4.5
      vertex -38.6586 -59.5518 4.5
      vertex -38.3689 -59.2068 4.5
    endloop
  endfacet
  facet normal 0 0 1
    outer loop
      vertex -38.8062 -58.8062 4.5
      vertex -39.1247 -59.1247 4.5
      vertex -38.6586 -59.5518 4.5
    endloop
  endfacet
  facet normal 0 0 1
    outer loop
      vertex -39.2068 -58.3689 4.5
      vertex -39.1247 -59.1247 4.5
      vertex -38.8062 -58.8062 4.5
    endloop
  endfacet
  facet normal 0 0 1
    outer loop
      vertex -39.2068 -58.3689 4.5
      vertex -39.5518 -58.6586 4.5
      vertex -39.1247 -59.1247 4.5
    endloop
  endfacet
  facet normal 0 0 1
    outer loop
      vertex -39.5677 -57.8986 4.5
      vertex -39.5518 -58.6586 4.5
      vertex -39.2068 -58.3689 4.5
    endloop
  endfacet
  facet normal 0 0 1
    outer loop
      vertex -39.9367 -58.1569 4.5
      vertex -39.5677 -57.8986 4.5
      vertex -39.8864 -57.3984 4.5
    endloop
  endfacet
  facet normal 0 0 1
    outer loop
      vertex -39.5677 -57.8986 4.5
      vertex -39.9367 -58.1569 4.5
      vertex -39.5518 -58.6586 4.5
    endloop
  endfacet
  facet normal 0 0 1
    outer loop
      vertex -40.2764 -57.6237 4.5
      vertex -39.8864 -57.3984 4.5
      vertex -40.1601 -56.8726 4.5
    endloop
  endfacet
  facet normal 0 0 1
    outer loop
      vertex -39.8864 -57.3984 4.5
      vertex -40.2764 -57.6237 4.5
      vertex -39.9367 -58.1569 4.5
    endloop
  endfacet
  facet normal 0 0 1
    outer loop
      vertex -40.5684 -57.0628 4.5
      vertex -40.1601 -56.8726 4.5
      vertex -40.3871 -56.3246 4.5
    endloop
  endfacet
  facet normal 0 0 1
    outer loop
      vertex -40.8103 -56.4788 4.5
      vertex -40.3871 -56.3246 4.5
      vertex -40.5654 -55.7591 4.5
    endloop
  endfacet
  facet normal 0 0 1
    outer loop
      vertex -40.1601 -56.8726 4.5
      vertex -40.5684 -57.0628 4.5
      vertex -40.2764 -57.6237 4.5
    endloop
  endfacet
  facet normal 0 0 1
    outer loop
      vertex -41.0004 -55.8757 4.5
      vertex -40.5654 -55.7591 4.5
      vertex -40.6937 -55.1803 4.5
    endloop
  endfacet
  facet normal 0 0 1
    outer loop
      vertex -41.0004 -55.8757 4.5
      vertex -40.6937 -55.1803 4.5
      vertex -40.7711 -54.5924 4.5
    endloop
  endfacet
  facet normal 0 0 1
    outer loop
      vertex -40.3871 -56.3246 4.5
      vertex -40.8103 -56.4788 4.5
      vertex -40.5684 -57.0628 4.5
    endloop
  endfacet
  facet normal 0 0 1
    outer loop
      vertex -41.2198 -54.6316 4.5
      vertex -40.7711 -54.5924 4.5
      vertex -40.797 -54 4.5
    endloop
  endfacet
  facet normal 0 0 1
    outer loop
      vertex 26.2656 -59.8 4.5
      vertex 24.9164 -60.2502 4.5
      vertex 26.0147 -59.9039 4.5
    endloop
  endfacet
  facet normal -0 0 1
    outer loop
      vertex 18.1668 -59.8 4.5
      vertex 24.9164 -60.2502 4.5
      vertex 26.2656 -59.8 4.5
    endloop
  endfacet
  facet normal 0 0 1
    outer loop
      vertex 24.9164 -60.2502 4.5
      vertex 18.1668 -59.8 4.5
      vertex 23.7921 -60.4995 4.5
    endloop
  endfacet
  facet normal 0 0 1
    outer loop
      vertex 23.7921 -60.4995 4.5
      vertex 18.1668 -59.8 4.5
      vertex 22.6505 -60.6498 4.5
    endloop
  endfacet
  facet normal 0 0 1
    outer loop
      vertex 22.6505 -60.6498 4.5
      vertex 18.1668 -59.8 4.5
      vertex 21.5 -60.7 4.5
    endloop
  endfacet
  facet normal 0 0 1
    outer loop
      vertex 21.5 -60.7 4.5
      vertex 18.1668 -59.8 4.5
      vertex 20.3495 -60.6498 4.5
    endloop
  endfacet
  facet normal 0 0 1
    outer loop
      vertex 20.3495 -60.6498 4.5
      vertex 18.1668 -59.8 4.5
      vertex 19.2079 -60.4995 4.5
    endloop
  endfacet
  facet normal 0 0 1
    outer loop
      vertex 18.1668 -59.8 4.5
      vertex 18.0836 -60.2502 4.5
      vertex 19.2079 -60.4995 4.5
    endloop
  endfacet
  facet normal 0 0 1
    outer loop
      vertex 18.1668 -59.8 4.5
      vertex 16.9853 -59.9039 4.5
      vertex 18.0836 -60.2502 4.5
    endloop
  endfacet
  facet normal 0 0 1
    outer loop
      vertex 16.2708 -59.4104 4.5
      vertex 16.9853 -59.9039 4.5
      vertex 18.1668 -59.8 4.5
    endloop
  endfacet
  facet normal 0 0 1
    outer loop
      vertex 16.2708 -59.4104 4.5
      vertex 15.9214 -59.4633 4.5
      vertex 16.9853 -59.9039 4.5
    endloop
  endfacet
  facet normal 0 -0 1
    outer loop
      vertex 15.9214 -59.4633 4.5
      vertex 16.2708 -59.4104 4.5
      vertex 15.6051 -59.2986 4.5
    endloop
  endfacet
  facet normal -0 0 1
    outer loop
      vertex -16.2708 -59.4104 4.5
      vertex -15.9214 -59.4633 4.5
      vertex -15.6051 -59.2986 4.5
    endloop
  endfacet
  facet normal 0 0 1
    outer loop
      vertex -16.2708 -59.4104 4.5
      vertex -16.9853 -59.9039 4.5
      vertex -15.9214 -59.4633 4.5
    endloop
  endfacet
  facet normal -0 0 1
    outer loop
      vertex -18.1668 -59.8 4.5
      vertex -16.9853 -59.9039 4.5
      vertex -16.2708 -59.4104 4.5
    endloop
  endfacet
  facet normal 0 0 1
    outer loop
      vertex -16.9853 -59.9039 4.5
      vertex -18.1668 -59.8 4.5
      vertex -18.0836 -60.2502 4.5
    endloop
  endfacet
  facet normal 0 0 1
    outer loop
      vertex -18.1668 -59.8 4.5
      vertex -19.2079 -60.4995 4.5
      vertex -18.0836 -60.2502 4.5
    endloop
  endfacet
  facet normal 0 0 1
    outer loop
      vertex -18.1668 -59.8 4.5
      vertex -20.3495 -60.6498 4.5
      vertex -19.2079 -60.4995 4.5
    endloop
  endfacet
  facet normal 0 0 1
    outer loop
      vertex -18.1668 -59.8 4.5
      vertex -21.5 -60.7 4.5
      vertex -20.3495 -60.6498 4.5
    endloop
  endfacet
  facet normal 0 0 1
    outer loop
      vertex -18.1668 -59.8 4.5
      vertex -22.6505 -60.6498 4.5
      vertex -21.5 -60.7 4.5
    endloop
  endfacet
  facet normal 0 0 1
    outer loop
      vertex -18.1668 -59.8 4.5
      vertex -23.7921 -60.4995 4.5
      vertex -22.6505 -60.6498 4.5
    endloop
  endfacet
  facet normal 0 0 1
    outer loop
      vertex -18.1668 -59.8 4.5
      vertex -24.9164 -60.2502 4.5
      vertex -23.7921 -60.4995 4.5
    endloop
  endfacet
  facet normal -0 0 1
    outer loop
      vertex -26.2656 -59.8 4.5
      vertex -24.9164 -60.2502 4.5
      vertex -18.1668 -59.8 4.5
    endloop
  endfacet
  facet normal 0 0 1
    outer loop
      vertex -24.9164 -60.2502 4.5
      vertex -26.2656 -59.8 4.5
      vertex -26.0147 -59.9039 4.5
    endloop
  endfacet
  facet normal 0.132408 -0.991195 0
    outer loop
      vertex -12.8081 -60.3233 3
      vertex -10.9239 -60.0716 4.5
      vertex -12.8081 -60.3233 4.5
    endloop
  endfacet
  facet normal 0.132408 -0.991195 0
    outer loop
      vertex -10.9239 -60.0716 4.5
      vertex -12.8081 -60.3233 3
      vertex -10.9239 -60.0716 3
    endloop
  endfacet
  facet normal 0.101196 -0.994867 0
    outer loop
      vertex -10.9239 -60.0716 3
      vertex -8.26065 -59.8007 4.5
      vertex -10.9239 -60.0716 4.5
    endloop
  endfacet
  facet normal 0.101196 -0.994867 0
    outer loop
      vertex -8.26065 -59.8007 4.5
      vertex -10.9239 -60.0716 3
      vertex -8.26065 -59.8007 3
    endloop
  endfacet
  facet normal 0.071333 -0.997453 0
    outer loop
      vertex -8.26065 -59.8007 3
      vertex -5.53955 -59.6061 4.5
      vertex -8.26065 -59.8007 4.5
    endloop
  endfacet
  facet normal 0.071333 -0.997453 0
    outer loop
      vertex -5.53955 -59.6061 4.5
      vertex -8.26065 -59.8007 3
      vertex -5.53955 -59.6061 3
    endloop
  endfacet
  facet normal 0.0424254 -0.9991 0
    outer loop
      vertex -5.53955 -59.6061 3
      vertex -2.77954 -59.4889 4.5
      vertex -5.53955 -59.6061 4.5
    endloop
  endfacet
  facet normal 0.0424254 -0.9991 0
    outer loop
      vertex -2.77954 -59.4889 4.5
      vertex -5.53955 -59.6061 3
      vertex -2.77954 -59.4889 3
    endloop
  endfacet
  facet normal 0.0141017 -0.999901 0
    outer loop
      vertex -2.77954 -59.4889 3
      vertex 0 -59.4497 4.5
      vertex -2.77954 -59.4889 4.5
    endloop
  endfacet
  facet normal 0.0141017 -0.999901 0
    outer loop
      vertex 0 -59.4497 4.5
      vertex -2.77954 -59.4889 3
      vertex 0 -59.4497 3
    endloop
  endfacet
  facet normal -0.0141017 -0.999901 0
    outer loop
      vertex 0 -59.4497 3
      vertex 2.77954 -59.4889 4.5
      vertex 0 -59.4497 4.5
    endloop
  endfacet
  facet normal -0.0141017 -0.999901 -0
    outer loop
      vertex 2.77954 -59.4889 4.5
      vertex 0 -59.4497 3
      vertex 2.77954 -59.4889 3
    endloop
  endfacet
  facet normal -0.0424254 -0.9991 0
    outer loop
      vertex 2.77954 -59.4889 3
      vertex 5.53955 -59.6061 4.5
      vertex 2.77954 -59.4889 4.5
    endloop
  endfacet
  facet normal -0.0424254 -0.9991 -0
    outer loop
      vertex 5.53955 -59.6061 4.5
      vertex 2.77954 -59.4889 3
      vertex 5.53955 -59.6061 3
    endloop
  endfacet
  facet normal -0.071333 -0.997453 0
    outer loop
      vertex 5.53955 -59.6061 3
      vertex 8.26065 -59.8007 4.5
      vertex 5.53955 -59.6061 4.5
    endloop
  endfacet
  facet normal -0.071333 -0.997453 -0
    outer loop
      vertex 8.26065 -59.8007 4.5
      vertex 5.53955 -59.6061 3
      vertex 8.26065 -59.8007 3
    endloop
  endfacet
  facet normal -0.101196 -0.994867 0
    outer loop
      vertex 8.26065 -59.8007 3
      vertex 10.9239 -60.0716 4.5
      vertex 8.26065 -59.8007 4.5
    endloop
  endfacet
  facet normal -0.101196 -0.994867 -0
    outer loop
      vertex 10.9239 -60.0716 4.5
      vertex 8.26065 -59.8007 3
      vertex 10.9239 -60.0716 3
    endloop
  endfacet
  facet normal -0.132408 -0.991195 0
    outer loop
      vertex 10.9239 -60.0716 3
      vertex 12.8081 -60.3233 4.5
      vertex 10.9239 -60.0716 4.5
    endloop
  endfacet
  facet normal -0.132408 -0.991195 -0
    outer loop
      vertex 12.8081 -60.3233 4.5
      vertex 10.9239 -60.0716 3
      vertex 12.8081 -60.3233 3
    endloop
  endfacet
  facet normal 0 -1 0
    outer loop
      vertex 28.6226 -61.25 3
      vertex 33.9401 -61.25 4.5
      vertex 28.6226 -61.25 4.5
    endloop
  endfacet
  facet normal 0 -1 -0
    outer loop
      vertex 33.9401 -61.25 4.5
      vertex 28.6226 -61.25 3
      vertex 33.9401 -61.25 3
    endloop
  endfacet
  facet normal 0.0436316 -0.999048 0
    outer loop
      vertex 33.9401 -61.25 3
      vertex 34.6316 -61.2198 4.5
      vertex 33.9401 -61.25 4.5
    endloop
  endfacet
  facet normal 0.0436316 -0.999048 0
    outer loop
      vertex 34.6316 -61.2198 4.5
      vertex 33.9401 -61.25 3
      vertex 34.6316 -61.2198 3
    endloop
  endfacet
  facet normal 0.130475 -0.991452 0
    outer loop
      vertex 34.6316 -61.2198 3
      vertex 35.2585 -61.1373 4.5
      vertex 34.6316 -61.2198 4.5
    endloop
  endfacet
  facet normal 0.130475 -0.991452 0
    outer loop
      vertex 35.2585 -61.1373 4.5
      vertex 34.6316 -61.2198 3
      vertex 35.2585 -61.1373 3
    endloop
  endfacet
  facet normal 0.216545 -0.976273 0
    outer loop
      vertex 35.2585 -61.1373 3
      vertex 35.8757 -61.0004 4.5
      vertex 35.2585 -61.1373 4.5
    endloop
  endfacet
  facet normal 0.216545 -0.976273 0
    outer loop
      vertex 35.8757 -61.0004 4.5
      vertex 35.2585 -61.1373 3
      vertex 35.8757 -61.0004 3
    endloop
  endfacet
  facet normal 0.300624 -0.953743 0
    outer loop
      vertex 35.8757 -61.0004 3
      vertex 36.4788 -60.8103 4.5
      vertex 35.8757 -61.0004 4.5
    endloop
  endfacet
  facet normal 0.300624 -0.953743 0
    outer loop
      vertex 36.4788 -60.8103 4.5
      vertex 35.8757 -61.0004 3
      vertex 36.4788 -60.8103 3
    endloop
  endfacet
  facet normal 0.382682 -0.92388 0
    outer loop
      vertex 36.4788 -60.8103 3
      vertex 37.0628 -60.5684 4.5
      vertex 36.4788 -60.8103 4.5
    endloop
  endfacet
  facet normal 0.382682 -0.92388 0
    outer loop
      vertex 37.0628 -60.5684 4.5
      vertex 36.4788 -60.8103 3
      vertex 37.0628 -60.5684 3
    endloop
  endfacet
  facet normal 0.461766 -0.887002 0
    outer loop
      vertex 37.0628 -60.5684 3
      vertex 37.6237 -60.2764 4.5
      vertex 37.0628 -60.5684 4.5
    endloop
  endfacet
  facet normal 0.461766 -0.887002 0
    outer loop
      vertex 37.6237 -60.2764 4.5
      vertex 37.0628 -60.5684 3
      vertex 37.6237 -60.2764 3
    endloop
  endfacet
  facet normal 0.537316 -0.843381 0
    outer loop
      vertex 37.6237 -60.2764 3
      vertex 38.1569 -59.9367 4.5
      vertex 37.6237 -60.2764 4.5
    endloop
  endfacet
  facet normal 0.537316 -0.843381 0
    outer loop
      vertex 38.1569 -59.9367 4.5
      vertex 37.6237 -60.2764 3
      vertex 38.1569 -59.9367 3
    endloop
  endfacet
  facet normal 0.608694 -0.793405 0
    outer loop
      vertex 38.1569 -59.9367 3
      vertex 38.6586 -59.5518 4.5
      vertex 38.1569 -59.9367 4.5
    endloop
  endfacet
  facet normal 0.608694 -0.793405 0
    outer loop
      vertex 38.6586 -59.5518 4.5
      vertex 38.1569 -59.9367 3
      vertex 38.6586 -59.5518 3
    endloop
  endfacet
  facet normal 0.675589 -0.737279 0
    outer loop
      vertex 38.6586 -59.5518 3
      vertex 39.1247 -59.1247 4.5
      vertex 38.6586 -59.5518 4.5
    endloop
  endfacet
  facet normal 0.675589 -0.737279 0
    outer loop
      vertex 39.1247 -59.1247 4.5
      vertex 38.6586 -59.5518 3
      vertex 39.1247 -59.1247 3
    endloop
  endfacet
  facet normal 0.737279 -0.675589 0
    outer loop
      vertex 39.1247 -59.1247 4.5
      vertex 39.5518 -58.6586 3
      vertex 39.5518 -58.6586 4.5
    endloop
  endfacet
  facet normal 0.737279 -0.675589 0
    outer loop
      vertex 39.5518 -58.6586 3
      vertex 39.1247 -59.1247 4.5
      vertex 39.1247 -59.1247 3
    endloop
  endfacet
  facet normal 0.793405 -0.608694 0
    outer loop
      vertex 39.5518 -58.6586 4.5
      vertex 39.9367 -58.1569 3
      vertex 39.9367 -58.1569 4.5
    endloop
  endfacet
  facet normal 0.793405 -0.608694 0
    outer loop
      vertex 39.9367 -58.1569 3
      vertex 39.5518 -58.6586 4.5
      vertex 39.5518 -58.6586 3
    endloop
  endfacet
  facet normal 0.843381 -0.537316 0
    outer loop
      vertex 39.9367 -58.1569 4.5
      vertex 40.2764 -57.6237 3
      vertex 40.2764 -57.6237 4.5
    endloop
  endfacet
  facet normal 0.843381 -0.537316 0
    outer loop
      vertex 40.2764 -57.6237 3
      vertex 39.9367 -58.1569 4.5
      vertex 39.9367 -58.1569 3
    endloop
  endfacet
  facet normal 0.887002 -0.461766 0
    outer loop
      vertex 40.2764 -57.6237 4.5
      vertex 40.5684 -57.0628 3
      vertex 40.5684 -57.0628 4.5
    endloop
  endfacet
  facet normal 0.887002 -0.461766 0
    outer loop
      vertex 40.5684 -57.0628 3
      vertex 40.2764 -57.6237 4.5
      vertex 40.2764 -57.6237 3
    endloop
  endfacet
  facet normal 0.92388 -0.382682 0
    outer loop
      vertex 40.5684 -57.0628 4.5
      vertex 40.8103 -56.4788 3
      vertex 40.8103 -56.4788 4.5
    endloop
  endfacet
  facet normal 0.92388 -0.382682 0
    outer loop
      vertex 40.8103 -56.4788 3
      vertex 40.5684 -57.0628 4.5
      vertex 40.5684 -57.0628 3
    endloop
  endfacet
  facet normal 0.953743 -0.300624 0
    outer loop
      vertex 40.8103 -56.4788 4.5
      vertex 41.0004 -55.8757 3
      vertex 41.0004 -55.8757 4.5
    endloop
  endfacet
  facet normal 0.953743 -0.300624 0
    outer loop
      vertex 41.0004 -55.8757 3
      vertex 40.8103 -56.4788 4.5
      vertex 40.8103 -56.4788 3
    endloop
  endfacet
  facet normal 0.976273 -0.216545 0
    outer loop
      vertex 41.0004 -55.8757 4.5
      vertex 41.1373 -55.2585 3
      vertex 41.1373 -55.2585 4.5
    endloop
  endfacet
  facet normal 0.976273 -0.216545 0
    outer loop
      vertex 41.1373 -55.2585 3
      vertex 41.0004 -55.8757 4.5
      vertex 41.0004 -55.8757 3
    endloop
  endfacet
  facet normal 0.991452 -0.130475 0
    outer loop
      vertex 41.1373 -55.2585 4.5
      vertex 41.2198 -54.6316 3
      vertex 41.2198 -54.6316 4.5
    endloop
  endfacet
  facet normal 0.991452 -0.130475 0
    outer loop
      vertex 41.2198 -54.6316 3
      vertex 41.1373 -55.2585 4.5
      vertex 41.1373 -55.2585 3
    endloop
  endfacet
  facet normal 0.999047 -0.0436569 0
    outer loop
      vertex 41.2198 -54.6316 4.5
      vertex 41.2474 -54 3
      vertex 41.2474 -54 4.5
    endloop
  endfacet
  facet normal 0.999047 -0.0436569 0
    outer loop
      vertex 41.2474 -54 3
      vertex 41.2198 -54.6316 4.5
      vertex 41.2198 -54.6316 3
    endloop
  endfacet
  facet normal 0.999047 0.0436366 0
    outer loop
      vertex 41.2474 -54 4.5
      vertex 41.217 -53.304 3
      vertex 41.217 -53.304 4.5
    endloop
  endfacet
  facet normal 0.999047 0.0436366 0
    outer loop
      vertex 41.217 -53.304 3
      vertex 41.2474 -54 4.5
      vertex 41.2474 -54 3
    endloop
  endfacet
  facet normal 0.996485 0.0837753 0
    outer loop
      vertex 41.217 -53.304 4.5
      vertex 40.2329 -41.5984 3
      vertex 40.2329 -41.5984 4.5
    endloop
  endfacet
  facet normal 0.996485 0.0837753 0
    outer loop
      vertex 40.2329 -41.5984 3
      vertex 41.217 -53.304 4.5
      vertex 41.217 -53.304 3
    endloop
  endfacet
  facet normal 0.995021 0.0996654 0
    outer loop
      vertex 40.2329 -41.5984 4.5
      vertex 37.2536 -11.8542 3
      vertex 37.2536 -11.8542 4.5
    endloop
  endfacet
  facet normal 0.995021 0.0996654 0
    outer loop
      vertex 37.2536 -11.8542 3
      vertex 40.2329 -41.5984 4.5
      vertex 40.2329 -41.5984 3
    endloop
  endfacet
  facet normal 0.999179 -0.04051 0
    outer loop
      vertex 37.2536 -11.8542 4.5
      vertex 38.7511 25.0816 3
      vertex 38.7511 25.0816 4.5
    endloop
  endfacet
  facet normal 0.999179 -0.04051 0
    outer loop
      vertex 38.7511 25.0816 3
      vertex 37.2536 -11.8542 4.5
      vertex 37.2536 -11.8542 3
    endloop
  endfacet
  facet normal 0.999824 -0.0187655 0
    outer loop
      vertex 38.7511 25.0816 4.5
      vertex 39.2254 50.3523 3
      vertex 39.2254 50.3523 4.5
    endloop
  endfacet
  facet normal 0.999824 -0.0187655 0
    outer loop
      vertex 39.2254 50.3523 3
      vertex 38.7511 25.0816 4.5
      vertex 38.7511 25.0816 3
    endloop
  endfacet
  facet normal 0.999891 -0.0147462 0
    outer loop
      vertex 39.2254 50.3523 4.5
      vertex 39.2497 52 3
      vertex 39.2497 52 4.5
    endloop
  endfacet
  facet normal 0.999891 -0.0147462 0
    outer loop
      vertex 39.2497 52 3
      vertex 39.2254 50.3523 4.5
      vertex 39.2254 50.3523 3
    endloop
  endfacet
  facet normal 0.999892 0.0147269 0
    outer loop
      vertex 39.2497 52 4.5
      vertex 39.2267 53.5616 3
      vertex 39.2267 53.5616 4.5
    endloop
  endfacet
  facet normal 0.999892 0.0147269 0
    outer loop
      vertex 39.2267 53.5616 3
      vertex 39.2497 52 4.5
      vertex 39.2497 52 3
    endloop
  endfacet
  facet normal 0.996667 0.0815723 0
    outer loop
      vertex 39.2267 53.5616 4.5
      vertex 39.1685 54.2727 3
      vertex 39.1685 54.2727 4.5
    endloop
  endfacet
  facet normal 0.996667 0.0815723 0
    outer loop
      vertex 39.1685 54.2727 3
      vertex 39.2267 53.5616 4.5
      vertex 39.2267 53.5616 3
    endloop
  endfacet
  facet normal 0.986389 0.164431 0
    outer loop
      vertex 39.1685 54.2727 4.5
      vertex 39.084 54.7796 3
      vertex 39.084 54.7796 4.5
    endloop
  endfacet
  facet normal 0.986389 0.164431 0
    outer loop
      vertex 39.084 54.7796 3
      vertex 39.1685 54.2727 4.5
      vertex 39.1685 54.2727 3
    endloop
  endfacet
  facet normal 0.966259 0.257571 0
    outer loop
      vertex 39.084 54.7796 4.5
      vertex 38.979 55.1735 3
      vertex 38.979 55.1735 4.5
    endloop
  endfacet
  facet normal 0.966259 0.257571 0
    outer loop
      vertex 38.979 55.1735 3
      vertex 39.084 54.7796 4.5
      vertex 39.084 54.7796 3
    endloop
  endfacet
  facet normal 0.934945 0.354792 0
    outer loop
      vertex 38.979 55.1735 4.5
      vertex 38.8551 55.5 3
      vertex 38.8551 55.5 4.5
    endloop
  endfacet
  facet normal 0.934945 0.354792 0
    outer loop
      vertex 38.8551 55.5 3
      vertex 38.979 55.1735 4.5
      vertex 38.979 55.1735 3
    endloop
  endfacet
  facet normal 0.892818 0.450417 0
    outer loop
      vertex 38.8551 55.5 4.5
      vertex 38.709 55.7896 3
      vertex 38.709 55.7896 4.5
    endloop
  endfacet
  facet normal 0.892818 0.450417 0
    outer loop
      vertex 38.709 55.7896 3
      vertex 38.8551 55.5 4.5
      vertex 38.8551 55.5 3
    endloop
  endfacet
  facet normal 0.841339 0.540508 0
    outer loop
      vertex 38.709 55.7896 4.5
      vertex 38.534 56.062 3
      vertex 38.534 56.062 4.5
    endloop
  endfacet
  facet normal 0.841339 0.540508 0
    outer loop
      vertex 38.534 56.062 3
      vertex 38.709 55.7896 4.5
      vertex 38.709 55.7896 3
    endloop
  endfacet
  facet normal 0.783856 0.620943 0
    outer loop
      vertex 38.534 56.062 4.5
      vertex 38.3217 56.33 3
      vertex 38.3217 56.33 4.5
    endloop
  endfacet
  facet normal 0.783856 0.620943 0
    outer loop
      vertex 38.3217 56.33 3
      vertex 38.534 56.062 4.5
      vertex 38.534 56.062 3
    endloop
  endfacet
  facet normal 0.723264 0.690571 0
    outer loop
      vertex 38.3217 56.33 4.5
      vertex 38.064 56.5999 3
      vertex 38.064 56.5999 4.5
    endloop
  endfacet
  facet normal 0.723264 0.690571 0
    outer loop
      vertex 38.064 56.5999 3
      vertex 38.3217 56.33 4.5
      vertex 38.3217 56.33 3
    endloop
  endfacet
  facet normal 0.662053 0.749457 -0
    outer loop
      vertex 38.064 56.5999 3
      vertex 37.7536 56.8741 4.5
      vertex 38.064 56.5999 4.5
    endloop
  endfacet
  facet normal 0.662053 0.749457 0
    outer loop
      vertex 37.7536 56.8741 4.5
      vertex 38.064 56.5999 3
      vertex 37.7536 56.8741 3
    endloop
  endfacet
  facet normal 0.602738 0.797939 -0
    outer loop
      vertex 37.7536 56.8741 3
      vertex 37.3857 57.152 4.5
      vertex 37.7536 56.8741 4.5
    endloop
  endfacet
  facet normal 0.602738 0.797939 0
    outer loop
      vertex 37.3857 57.152 4.5
      vertex 37.7536 56.8741 3
      vertex 37.3857 57.152 3
    endloop
  endfacet
  facet normal 0.546465 0.837482 -0
    outer loop
      vertex 37.3857 57.152 3
      vertex 36.9572 57.4316 4.5
      vertex 37.3857 57.152 4.5
    endloop
  endfacet
  facet normal 0.546465 0.837482 0
    outer loop
      vertex 36.9572 57.4316 4.5
      vertex 37.3857 57.152 3
      vertex 36.9572 57.4316 3
    endloop
  endfacet
  facet normal 0.493866 0.869538 -0
    outer loop
      vertex 36.9572 57.4316 3
      vertex 36.4665 57.7103 4.5
      vertex 36.9572 57.4316 4.5
    endloop
  endfacet
  facet normal 0.493866 0.869538 0
    outer loop
      vertex 36.4665 57.7103 4.5
      vertex 36.9572 57.4316 3
      vertex 36.4665 57.7103 3
    endloop
  endfacet
  facet normal 0.445339 0.895362 -0
    outer loop
      vertex 36.4665 57.7103 3
      vertex 35.9122 57.986 4.5
      vertex 36.4665 57.7103 4.5
    endloop
  endfacet
  facet normal 0.445339 0.895362 0
    outer loop
      vertex 35.9122 57.986 4.5
      vertex 36.4665 57.7103 3
      vertex 35.9122 57.986 3
    endloop
  endfacet
  facet normal 0.400982 0.916086 -0
    outer loop
      vertex 35.9122 57.986 3
      vertex 35.2949 58.2562 4.5
      vertex 35.9122 57.986 4.5
    endloop
  endfacet
  facet normal 0.400982 0.916086 0
    outer loop
      vertex 35.2949 58.2562 4.5
      vertex 35.9122 57.986 3
      vertex 35.2949 58.2562 3
    endloop
  endfacet
  facet normal 0.36064 0.932705 -0
    outer loop
      vertex 35.2949 58.2562 3
      vertex 34.6142 58.5194 4.5
      vertex 35.2949 58.2562 4.5
    endloop
  endfacet
  facet normal 0.36064 0.932705 0
    outer loop
      vertex 34.6142 58.5194 4.5
      vertex 35.2949 58.2562 3
      vertex 34.6142 58.5194 3
    endloop
  endfacet
  facet normal 0.323772 0.946135 -0
    outer loop
      vertex 34.6142 58.5194 3
      vertex 33.8702 58.774 4.5
      vertex 34.6142 58.5194 4.5
    endloop
  endfacet
  facet normal 0.323772 0.946135 0
    outer loop
      vertex 33.8702 58.774 4.5
      vertex 34.6142 58.5194 3
      vertex 33.8702 58.774 3
    endloop
  endfacet
  facet normal 0.290307 0.956934 -0
    outer loop
      vertex 33.8702 58.774 3
      vertex 33.0636 59.0187 4.5
      vertex 33.8702 58.774 4.5
    endloop
  endfacet
  facet normal 0.290307 0.956934 0
    outer loop
      vertex 33.0636 59.0187 4.5
      vertex 33.8702 58.774 3
      vertex 33.0636 59.0187 3
    endloop
  endfacet
  facet normal 0.259894 0.965637 -0
    outer loop
      vertex 33.0636 59.0187 3
      vertex 32.1938 59.2528 4.5
      vertex 33.0636 59.0187 4.5
    endloop
  endfacet
  facet normal 0.259894 0.965637 0
    outer loop
      vertex 32.1938 59.2528 4.5
      vertex 33.0636 59.0187 3
      vertex 32.1938 59.2528 3
    endloop
  endfacet
  facet normal 0.232005 0.972714 -0
    outer loop
      vertex 32.1938 59.2528 3
      vertex 31.2601 59.4755 4.5
      vertex 32.1938 59.2528 4.5
    endloop
  endfacet
  facet normal 0.232005 0.972714 0
    outer loop
      vertex 31.2601 59.4755 4.5
      vertex 32.1938 59.2528 3
      vertex 31.2601 59.4755 3
    endloop
  endfacet
  facet normal 0.206569 0.978432 -0
    outer loop
      vertex 31.2601 59.4755 3
      vertex 30.2621 59.6862 4.5
      vertex 31.2601 59.4755 4.5
    endloop
  endfacet
  facet normal 0.206569 0.978432 0
    outer loop
      vertex 30.2621 59.6862 4.5
      vertex 31.2601 59.4755 3
      vertex 30.2621 59.6862 3
    endloop
  endfacet
  facet normal 0.183278 0.983061 -0
    outer loop
      vertex 30.2621 59.6862 3
      vertex 29.199 59.8844 4.5
      vertex 30.2621 59.6862 4.5
    endloop
  endfacet
  facet normal 0.183278 0.983061 0
    outer loop
      vertex 29.199 59.8844 4.5
      vertex 30.2621 59.6862 3
      vertex 29.199 59.8844 3
    endloop
  endfacet
  facet normal 0.161952 0.986799 -0
    outer loop
      vertex 29.199 59.8844 3
      vertex 28.0675 60.0701 4.5
      vertex 29.199 59.8844 4.5
    endloop
  endfacet
  facet normal 0.161952 0.986799 0
    outer loop
      vertex 28.0675 60.0701 4.5
      vertex 29.199 59.8844 3
      vertex 28.0675 60.0701 3
    endloop
  endfacet
  facet normal 0.142333 0.989819 -0
    outer loop
      vertex 28.0675 60.0701 3
      vertex 26.8672 60.2427 4.5
      vertex 28.0675 60.0701 4.5
    endloop
  endfacet
  facet normal 0.142333 0.989819 0
    outer loop
      vertex 26.8672 60.2427 4.5
      vertex 28.0675 60.0701 3
      vertex 26.8672 60.2427 3
    endloop
  endfacet
  facet normal 0.124102 0.992269 -0
    outer loop
      vertex 26.8672 60.2427 3
      vertex 25.5943 60.4019 4.5
      vertex 26.8672 60.2427 4.5
    endloop
  endfacet
  facet normal 0.124102 0.992269 0
    outer loop
      vertex 25.5943 60.4019 4.5
      vertex 26.8672 60.2427 3
      vertex 25.5943 60.4019 3
    endloop
  endfacet
  facet normal 0.10746 0.994209 -0
    outer loop
      vertex 25.5943 60.4019 3
      vertex 24.2426 60.548 4.5
      vertex 25.5943 60.4019 4.5
    endloop
  endfacet
  facet normal 0.10746 0.994209 0
    outer loop
      vertex 24.2426 60.548 4.5
      vertex 25.5943 60.4019 3
      vertex 24.2426 60.548 3
    endloop
  endfacet
  facet normal 0.092007 0.995758 -0
    outer loop
      vertex 24.2426 60.548 3
      vertex 22.8086 60.6805 4.5
      vertex 24.2426 60.548 4.5
    endloop
  endfacet
  facet normal 0.092007 0.995758 0
    outer loop
      vertex 22.8086 60.6805 4.5
      vertex 24.2426 60.548 3
      vertex 22.8086 60.6805 3
    endloop
  endfacet
  facet normal 0.0777414 0.996974 -0
    outer loop
      vertex 22.8086 60.6805 3
      vertex 21.2838 60.7994 4.5
      vertex 22.8086 60.6805 4.5
    endloop
  endfacet
  facet normal 0.0777414 0.996974 0
    outer loop
      vertex 21.2838 60.7994 4.5
      vertex 22.8086 60.6805 3
      vertex 21.2838 60.7994 3
    endloop
  endfacet
  facet normal 0.0645007 0.997918 -0
    outer loop
      vertex 21.2838 60.7994 3
      vertex 19.6593 60.9044 4.5
      vertex 21.2838 60.7994 4.5
    endloop
  endfacet
  facet normal 0.0645007 0.997918 0
    outer loop
      vertex 19.6593 60.9044 4.5
      vertex 21.2838 60.7994 3
      vertex 19.6593 60.9044 3
    endloop
  endfacet
  facet normal 0.0523724 0.998628 -0
    outer loop
      vertex 19.6593 60.9044 3
      vertex 17.9165 60.9958 4.5
      vertex 19.6593 60.9044 4.5
    endloop
  endfacet
  facet normal 0.0523724 0.998628 0
    outer loop
      vertex 17.9165 60.9958 4.5
      vertex 19.6593 60.9044 3
      vertex 17.9165 60.9958 3
    endloop
  endfacet
  facet normal 0.0411413 0.999153 -0
    outer loop
      vertex 17.9165 60.9958 3
      vertex 16.0392 61.0731 4.5
      vertex 17.9165 60.9958 4.5
    endloop
  endfacet
  facet normal 0.0411413 0.999153 0
    outer loop
      vertex 16.0392 61.0731 4.5
      vertex 17.9165 60.9958 3
      vertex 16.0392 61.0731 3
    endloop
  endfacet
  facet normal 0.0309913 0.99952 -0
    outer loop
      vertex 16.0392 61.0731 3
      vertex 13.988 61.1367 4.5
      vertex 16.0392 61.0731 4.5
    endloop
  endfacet
  facet normal 0.0309913 0.99952 0
    outer loop
      vertex 13.988 61.1367 4.5
      vertex 16.0392 61.0731 3
      vertex 13.988 61.1367 3
    endloop
  endfacet
  facet normal 0.021733 0.999764 -0
    outer loop
      vertex 13.988 61.1367 3
      vertex 11.7155 61.1861 4.5
      vertex 13.988 61.1367 4.5
    endloop
  endfacet
  facet normal 0.021733 0.999764 0
    outer loop
      vertex 11.7155 61.1861 4.5
      vertex 13.988 61.1367 3
      vertex 11.7155 61.1861 3
    endloop
  endfacet
  facet normal 0.0136373 0.999907 -0
    outer loop
      vertex 11.7155 61.1861 3
      vertex 9.11259 61.2216 4.5
      vertex 11.7155 61.1861 4.5
    endloop
  endfacet
  facet normal 0.0136373 0.999907 0
    outer loop
      vertex 9.11259 61.2216 4.5
      vertex 11.7155 61.1861 3
      vertex 9.11259 61.2216 3
    endloop
  endfacet
  facet normal 0.0066703 0.999978 -0
    outer loop
      vertex 9.11259 61.2216 3
      vertex 5.9194 61.2429 4.5
      vertex 9.11259 61.2216 4.5
    endloop
  endfacet
  facet normal 0.0066703 0.999978 0
    outer loop
      vertex 5.9194 61.2429 4.5
      vertex 9.11259 61.2216 3
      vertex 5.9194 61.2429 3
    endloop
  endfacet
  facet normal 0.00119945 0.999999 -0
    outer loop
      vertex 5.9194 61.2429 3
      vertex 0 61.25 4.5
      vertex 5.9194 61.2429 4.5
    endloop
  endfacet
  facet normal 0.00119945 0.999999 0
    outer loop
      vertex 0 61.25 4.5
      vertex 5.9194 61.2429 3
      vertex 0 61.25 3
    endloop
  endfacet
  facet normal -0.00119945 0.999999 0
    outer loop
      vertex 0 61.25 3
      vertex -5.9194 61.2429 4.5
      vertex 0 61.25 4.5
    endloop
  endfacet
  facet normal -0.00119945 0.999999 0
    outer loop
      vertex -5.9194 61.2429 4.5
      vertex 0 61.25 3
      vertex -5.9194 61.2429 3
    endloop
  endfacet
  facet normal -0.0066703 0.999978 0
    outer loop
      vertex -5.9194 61.2429 3
      vertex -9.11259 61.2216 4.5
      vertex -5.9194 61.2429 4.5
    endloop
  endfacet
  facet normal -0.0066703 0.999978 0
    outer loop
      vertex -9.11259 61.2216 4.5
      vertex -5.9194 61.2429 3
      vertex -9.11259 61.2216 3
    endloop
  endfacet
  facet normal -0.0136373 0.999907 0
    outer loop
      vertex -9.11259 61.2216 3
      vertex -11.7155 61.1861 4.5
      vertex -9.11259 61.2216 4.5
    endloop
  endfacet
  facet normal -0.0136373 0.999907 0
    outer loop
      vertex -11.7155 61.1861 4.5
      vertex -9.11259 61.2216 3
      vertex -11.7155 61.1861 3
    endloop
  endfacet
  facet normal -0.021733 0.999764 0
    outer loop
      vertex -11.7155 61.1861 3
      vertex -13.988 61.1367 4.5
      vertex -11.7155 61.1861 4.5
    endloop
  endfacet
  facet normal -0.021733 0.999764 0
    outer loop
      vertex -13.988 61.1367 4.5
      vertex -11.7155 61.1861 3
      vertex -13.988 61.1367 3
    endloop
  endfacet
  facet normal -0.0309913 0.99952 0
    outer loop
      vertex -13.988 61.1367 3
      vertex -16.0392 61.0731 4.5
      vertex -13.988 61.1367 4.5
    endloop
  endfacet
  facet normal -0.0309913 0.99952 0
    outer loop
      vertex -16.0392 61.0731 4.5
      vertex -13.988 61.1367 3
      vertex -16.0392 61.0731 3
    endloop
  endfacet
  facet normal -0.0411413 0.999153 0
    outer loop
      vertex -16.0392 61.0731 3
      vertex -17.9165 60.9958 4.5
      vertex -16.0392 61.0731 4.5
    endloop
  endfacet
  facet normal -0.0411413 0.999153 0
    outer loop
      vertex -17.9165 60.9958 4.5
      vertex -16.0392 61.0731 3
      vertex -17.9165 60.9958 3
    endloop
  endfacet
  facet normal -0.0523724 0.998628 0
    outer loop
      vertex -17.9165 60.9958 3
      vertex -19.6593 60.9044 4.5
      vertex -17.9165 60.9958 4.5
    endloop
  endfacet
  facet normal -0.0523724 0.998628 0
    outer loop
      vertex -19.6593 60.9044 4.5
      vertex -17.9165 60.9958 3
      vertex -19.6593 60.9044 3
    endloop
  endfacet
  facet normal -0.0645007 0.997918 0
    outer loop
      vertex -19.6593 60.9044 3
      vertex -21.2838 60.7994 4.5
      vertex -19.6593 60.9044 4.5
    endloop
  endfacet
  facet normal -0.0645007 0.997918 0
    outer loop
      vertex -21.2838 60.7994 4.5
      vertex -19.6593 60.9044 3
      vertex -21.2838 60.7994 3
    endloop
  endfacet
  facet normal -0.0777414 0.996974 0
    outer loop
      vertex -21.2838 60.7994 3
      vertex -22.8086 60.6805 4.5
      vertex -21.2838 60.7994 4.5
    endloop
  endfacet
  facet normal -0.0777414 0.996974 0
    outer loop
      vertex -22.8086 60.6805 4.5
      vertex -21.2838 60.7994 3
      vertex -22.8086 60.6805 3
    endloop
  endfacet
  facet normal -0.092007 0.995758 0
    outer loop
      vertex -22.8086 60.6805 3
      vertex -24.2426 60.548 4.5
      vertex -22.8086 60.6805 4.5
    endloop
  endfacet
  facet normal -0.092007 0.995758 0
    outer loop
      vertex -24.2426 60.548 4.5
      vertex -22.8086 60.6805 3
      vertex -24.2426 60.548 3
    endloop
  endfacet
  facet normal -0.10746 0.994209 0
    outer loop
      vertex -24.2426 60.548 3
      vertex -25.5943 60.4019 4.5
      vertex -24.2426 60.548 4.5
    endloop
  endfacet
  facet normal -0.10746 0.994209 0
    outer loop
      vertex -25.5943 60.4019 4.5
      vertex -24.2426 60.548 3
      vertex -25.5943 60.4019 3
    endloop
  endfacet
  facet normal -0.124102 0.992269 0
    outer loop
      vertex -25.5943 60.4019 3
      vertex -26.8672 60.2427 4.5
      vertex -25.5943 60.4019 4.5
    endloop
  endfacet
  facet normal -0.124102 0.992269 0
    outer loop
      vertex -26.8672 60.2427 4.5
      vertex -25.5943 60.4019 3
      vertex -26.8672 60.2427 3
    endloop
  endfacet
  facet normal -0.142333 0.989819 0
    outer loop
      vertex -26.8672 60.2427 3
      vertex -28.0675 60.0701 4.5
      vertex -26.8672 60.2427 4.5
    endloop
  endfacet
  facet normal -0.142333 0.989819 0
    outer loop
      vertex -28.0675 60.0701 4.5
      vertex -26.8672 60.2427 3
      vertex -28.0675 60.0701 3
    endloop
  endfacet
  facet normal -0.161952 0.986799 0
    outer loop
      vertex -28.0675 60.0701 3
      vertex -29.199 59.8844 4.5
      vertex -28.0675 60.0701 4.5
    endloop
  endfacet
  facet normal -0.161952 0.986799 0
    outer loop
      vertex -29.199 59.8844 4.5
      vertex -28.0675 60.0701 3
      vertex -29.199 59.8844 3
    endloop
  endfacet
  facet normal -0.183278 0.983061 0
    outer loop
      vertex -29.199 59.8844 3
      vertex -30.2621 59.6862 4.5
      vertex -29.199 59.8844 4.5
    endloop
  endfacet
  facet normal -0.183278 0.983061 0
    outer loop
      vertex -30.2621 59.6862 4.5
      vertex -29.199 59.8844 3
      vertex -30.2621 59.6862 3
    endloop
  endfacet
  facet normal -0.206569 0.978432 0
    outer loop
      vertex -30.2621 59.6862 3
      vertex -31.2601 59.4755 4.5
      vertex -30.2621 59.6862 4.5
    endloop
  endfacet
  facet normal -0.206569 0.978432 0
    outer loop
      vertex -31.2601 59.4755 4.5
      vertex -30.2621 59.6862 3
      vertex -31.2601 59.4755 3
    endloop
  endfacet
  facet normal -0.232005 0.972714 0
    outer loop
      vertex -31.2601 59.4755 3
      vertex -32.1938 59.2528 4.5
      vertex -31.2601 59.4755 4.5
    endloop
  endfacet
  facet normal -0.232005 0.972714 0
    outer loop
      vertex -32.1938 59.2528 4.5
      vertex -31.2601 59.4755 3
      vertex -32.1938 59.2528 3
    endloop
  endfacet
  facet normal -0.259894 0.965637 0
    outer loop
      vertex -32.1938 59.2528 3
      vertex -33.0636 59.0187 4.5
      vertex -32.1938 59.2528 4.5
    endloop
  endfacet
  facet normal -0.259894 0.965637 0
    outer loop
      vertex -33.0636 59.0187 4.5
      vertex -32.1938 59.2528 3
      vertex -33.0636 59.0187 3
    endloop
  endfacet
  facet normal -0.290307 0.956934 0
    outer loop
      vertex -33.0636 59.0187 3
      vertex -33.8702 58.774 4.5
      vertex -33.0636 59.0187 4.5
    endloop
  endfacet
  facet normal -0.290307 0.956934 0
    outer loop
      vertex -33.8702 58.774 4.5
      vertex -33.0636 59.0187 3
      vertex -33.8702 58.774 3
    endloop
  endfacet
  facet normal -0.323772 0.946135 0
    outer loop
      vertex -33.8702 58.774 3
      vertex -34.6142 58.5194 4.5
      vertex -33.8702 58.774 4.5
    endloop
  endfacet
  facet normal -0.323772 0.946135 0
    outer loop
      vertex -34.6142 58.5194 4.5
      vertex -33.8702 58.774 3
      vertex -34.6142 58.5194 3
    endloop
  endfacet
  facet normal -0.36064 0.932705 0
    outer loop
      vertex -34.6142 58.5194 3
      vertex -35.2949 58.2562 4.5
      vertex -34.6142 58.5194 4.5
    endloop
  endfacet
  facet normal -0.36064 0.932705 0
    outer loop
      vertex -35.2949 58.2562 4.5
      vertex -34.6142 58.5194 3
      vertex -35.2949 58.2562 3
    endloop
  endfacet
  facet normal -0.400982 0.916086 0
    outer loop
      vertex -35.2949 58.2562 3
      vertex -35.9122 57.986 4.5
      vertex -35.2949 58.2562 4.5
    endloop
  endfacet
  facet normal -0.400982 0.916086 0
    outer loop
      vertex -35.9122 57.986 4.5
      vertex -35.2949 58.2562 3
      vertex -35.9122 57.986 3
    endloop
  endfacet
  facet normal -0.445339 0.895362 0
    outer loop
      vertex -35.9122 57.986 3
      vertex -36.4665 57.7103 4.5
      vertex -35.9122 57.986 4.5
    endloop
  endfacet
  facet normal -0.445339 0.895362 0
    outer loop
      vertex -36.4665 57.7103 4.5
      vertex -35.9122 57.986 3
      vertex -36.4665 57.7103 3
    endloop
  endfacet
  facet normal -0.493866 0.869538 0
    outer loop
      vertex -36.4665 57.7103 3
      vertex -36.9572 57.4316 4.5
      vertex -36.4665 57.7103 4.5
    endloop
  endfacet
  facet normal -0.493866 0.869538 0
    outer loop
      vertex -36.9572 57.4316 4.5
      vertex -36.4665 57.7103 3
      vertex -36.9572 57.4316 3
    endloop
  endfacet
  facet normal -0.546465 0.837482 0
    outer loop
      vertex -36.9572 57.4316 3
      vertex -37.3857 57.152 4.5
      vertex -36.9572 57.4316 4.5
    endloop
  endfacet
  facet normal -0.546465 0.837482 0
    outer loop
      vertex -37.3857 57.152 4.5
      vertex -36.9572 57.4316 3
      vertex -37.3857 57.152 3
    endloop
  endfacet
  facet normal -0.602738 0.797939 0
    outer loop
      vertex -37.3857 57.152 3
      vertex -37.7536 56.8741 4.5
      vertex -37.3857 57.152 4.5
    endloop
  endfacet
  facet normal -0.602738 0.797939 0
    outer loop
      vertex -37.7536 56.8741 4.5
      vertex -37.3857 57.152 3
      vertex -37.7536 56.8741 3
    endloop
  endfacet
  facet normal -0.662053 0.749457 0
    outer loop
      vertex -37.7536 56.8741 3
      vertex -38.064 56.5999 4.5
      vertex -37.7536 56.8741 4.5
    endloop
  endfacet
  facet normal -0.662053 0.749457 0
    outer loop
      vertex -38.064 56.5999 4.5
      vertex -37.7536 56.8741 3
      vertex -38.064 56.5999 3
    endloop
  endfacet
  facet normal -0.723264 0.690571 0
    outer loop
      vertex -38.3217 56.33 3
      vertex -38.064 56.5999 4.5
      vertex -38.064 56.5999 3
    endloop
  endfacet
  facet normal -0.723264 0.690571 0
    outer loop
      vertex -38.064 56.5999 4.5
      vertex -38.3217 56.33 3
      vertex -38.3217 56.33 4.5
    endloop
  endfacet
  facet normal -0.783856 0.620943 0
    outer loop
      vertex -38.534 56.062 3
      vertex -38.3217 56.33 4.5
      vertex -38.3217 56.33 3
    endloop
  endfacet
  facet normal -0.783856 0.620943 0
    outer loop
      vertex -38.3217 56.33 4.5
      vertex -38.534 56.062 3
      vertex -38.534 56.062 4.5
    endloop
  endfacet
  facet normal -0.841339 0.540508 0
    outer loop
      vertex -38.709 55.7896 3
      vertex -38.534 56.062 4.5
      vertex -38.534 56.062 3
    endloop
  endfacet
  facet normal -0.841339 0.540508 0
    outer loop
      vertex -38.534 56.062 4.5
      vertex -38.709 55.7896 3
      vertex -38.709 55.7896 4.5
    endloop
  endfacet
  facet normal -0.892818 0.450417 0
    outer loop
      vertex -38.8551 55.5 3
      vertex -38.709 55.7896 4.5
      vertex -38.709 55.7896 3
    endloop
  endfacet
  facet normal -0.892818 0.450417 0
    outer loop
      vertex -38.709 55.7896 4.5
      vertex -38.8551 55.5 3
      vertex -38.8551 55.5 4.5
    endloop
  endfacet
  facet normal -0.934945 0.354792 0
    outer loop
      vertex -38.979 55.1735 3
      vertex -38.8551 55.5 4.5
      vertex -38.8551 55.5 3
    endloop
  endfacet
  facet normal -0.934945 0.354792 0
    outer loop
      vertex -38.8551 55.5 4.5
      vertex -38.979 55.1735 3
      vertex -38.979 55.1735 4.5
    endloop
  endfacet
  facet normal -0.966259 0.257571 0
    outer loop
      vertex -39.084 54.7796 3
      vertex -38.979 55.1735 4.5
      vertex -38.979 55.1735 3
    endloop
  endfacet
  facet normal -0.966259 0.257571 0
    outer loop
      vertex -38.979 55.1735 4.5
      vertex -39.084 54.7796 3
      vertex -39.084 54.7796 4.5
    endloop
  endfacet
  facet normal -0.986389 0.164431 0
    outer loop
      vertex -39.1685 54.2727 3
      vertex -39.084 54.7796 4.5
      vertex -39.084 54.7796 3
    endloop
  endfacet
  facet normal -0.986389 0.164431 0
    outer loop
      vertex -39.084 54.7796 4.5
      vertex -39.1685 54.2727 3
      vertex -39.1685 54.2727 4.5
    endloop
  endfacet
  facet normal -0.996667 0.0815723 0
    outer loop
      vertex -39.2267 53.5616 3
      vertex -39.1685 54.2727 4.5
      vertex -39.1685 54.2727 3
    endloop
  endfacet
  facet normal -0.996667 0.0815723 0
    outer loop
      vertex -39.1685 54.2727 4.5
      vertex -39.2267 53.5616 3
      vertex -39.2267 53.5616 4.5
    endloop
  endfacet
  facet normal -0.999892 0.0147269 0
    outer loop
      vertex -39.2497 52 3
      vertex -39.2267 53.5616 4.5
      vertex -39.2267 53.5616 3
    endloop
  endfacet
  facet normal -0.999892 0.0147269 0
    outer loop
      vertex -39.2267 53.5616 4.5
      vertex -39.2497 52 3
      vertex -39.2497 52 4.5
    endloop
  endfacet
  facet normal -0.999891 -0.0147462 0
    outer loop
      vertex -39.2254 50.3523 3
      vertex -39.2497 52 4.5
      vertex -39.2497 52 3
    endloop
  endfacet
  facet normal -0.999891 -0.0147462 0
    outer loop
      vertex -39.2497 52 4.5
      vertex -39.2254 50.3523 3
      vertex -39.2254 50.3523 4.5
    endloop
  endfacet
  facet normal -0.999824 -0.0187655 0
    outer loop
      vertex -38.7511 25.0816 3
      vertex -39.2254 50.3523 4.5
      vertex -39.2254 50.3523 3
    endloop
  endfacet
  facet normal -0.999824 -0.0187655 0
    outer loop
      vertex -39.2254 50.3523 4.5
      vertex -38.7511 25.0816 3
      vertex -38.7511 25.0816 4.5
    endloop
  endfacet
  facet normal -0.999179 -0.04051 0
    outer loop
      vertex -37.2536 -11.8542 3
      vertex -38.7511 25.0816 4.5
      vertex -38.7511 25.0816 3
    endloop
  endfacet
  facet normal -0.999179 -0.04051 0
    outer loop
      vertex -38.7511 25.0816 4.5
      vertex -37.2536 -11.8542 3
      vertex -37.2536 -11.8542 4.5
    endloop
  endfacet
  facet normal -0.995021 0.0996654 0
    outer loop
      vertex -40.2329 -41.5984 3
      vertex -37.2536 -11.8542 4.5
      vertex -37.2536 -11.8542 3
    endloop
  endfacet
  facet normal -0.995021 0.0996654 0
    outer loop
      vertex -37.2536 -11.8542 4.5
      vertex -40.2329 -41.5984 3
      vertex -40.2329 -41.5984 4.5
    endloop
  endfacet
  facet normal -0.996485 0.0837753 0
    outer loop
      vertex -41.217 -53.304 3
      vertex -40.2329 -41.5984 4.5
      vertex -40.2329 -41.5984 3
    endloop
  endfacet
  facet normal -0.996485 0.0837753 0
    outer loop
      vertex -40.2329 -41.5984 4.5
      vertex -41.217 -53.304 3
      vertex -41.217 -53.304 4.5
    endloop
  endfacet
  facet normal -0.999047 0.0436366 0
    outer loop
      vertex -41.2474 -54 3
      vertex -41.217 -53.304 4.5
      vertex -41.217 -53.304 3
    endloop
  endfacet
  facet normal -0.999047 0.0436366 0
    outer loop
      vertex -41.217 -53.304 4.5
      vertex -41.2474 -54 3
      vertex -41.2474 -54 4.5
    endloop
  endfacet
  facet normal -0.999047 -0.0436569 0
    outer loop
      vertex -41.2198 -54.6316 3
      vertex -41.2474 -54 4.5
      vertex -41.2474 -54 3
    endloop
  endfacet
  facet normal -0.999047 -0.0436569 0
    outer loop
      vertex -41.2474 -54 4.5
      vertex -41.2198 -54.6316 3
      vertex -41.2198 -54.6316 4.5
    endloop
  endfacet
  facet normal -0.991452 -0.130475 0
    outer loop
      vertex -41.1373 -55.2585 3
      vertex -41.2198 -54.6316 4.5
      vertex -41.2198 -54.6316 3
    endloop
  endfacet
  facet normal -0.991452 -0.130475 0
    outer loop
      vertex -41.2198 -54.6316 4.5
      vertex -41.1373 -55.2585 3
      vertex -41.1373 -55.2585 4.5
    endloop
  endfacet
  facet normal -0.976273 -0.216545 0
    outer loop
      vertex -41.0004 -55.8757 3
      vertex -41.1373 -55.2585 4.5
      vertex -41.1373 -55.2585 3
    endloop
  endfacet
  facet normal -0.976273 -0.216545 0
    outer loop
      vertex -41.1373 -55.2585 4.5
      vertex -41.0004 -55.8757 3
      vertex -41.0004 -55.8757 4.5
    endloop
  endfacet
  facet normal -0.953743 -0.300624 0
    outer loop
      vertex -40.8103 -56.4788 3
      vertex -41.0004 -55.8757 4.5
      vertex -41.0004 -55.8757 3
    endloop
  endfacet
  facet normal -0.953743 -0.300624 0
    outer loop
      vertex -41.0004 -55.8757 4.5
      vertex -40.8103 -56.4788 3
      vertex -40.8103 -56.4788 4.5
    endloop
  endfacet
  facet normal -0.92388 -0.382682 0
    outer loop
      vertex -40.5684 -57.0628 3
      vertex -40.8103 -56.4788 4.5
      vertex -40.8103 -56.4788 3
    endloop
  endfacet
  facet normal -0.92388 -0.382682 0
    outer loop
      vertex -40.8103 -56.4788 4.5
      vertex -40.5684 -57.0628 3
      vertex -40.5684 -57.0628 4.5
    endloop
  endfacet
  facet normal -0.887002 -0.461766 0
    outer loop
      vertex -40.2764 -57.6237 3
      vertex -40.5684 -57.0628 4.5
      vertex -40.5684 -57.0628 3
    endloop
  endfacet
  facet normal -0.887002 -0.461766 0
    outer loop
      vertex -40.5684 -57.0628 4.5
      vertex -40.2764 -57.6237 3
      vertex -40.2764 -57.6237 4.5
    endloop
  endfacet
  facet normal -0.843381 -0.537316 0
    outer loop
      vertex -39.9367 -58.1569 3
      vertex -40.2764 -57.6237 4.5
      vertex -40.2764 -57.6237 3
    endloop
  endfacet
  facet normal -0.843381 -0.537316 0
    outer loop
      vertex -40.2764 -57.6237 4.5
      vertex -39.9367 -58.1569 3
      vertex -39.9367 -58.1569 4.5
    endloop
  endfacet
  facet normal -0.793405 -0.608694 0
    outer loop
      vertex -39.5518 -58.6586 3
      vertex -39.9367 -58.1569 4.5
      vertex -39.9367 -58.1569 3
    endloop
  endfacet
  facet normal -0.793405 -0.608694 0
    outer loop
      vertex -39.9367 -58.1569 4.5
      vertex -39.5518 -58.6586 3
      vertex -39.5518 -58.6586 4.5
    endloop
  endfacet
  facet normal -0.737279 -0.675589 0
    outer loop
      vertex -39.1247 -59.1247 3
      vertex -39.5518 -58.6586 4.5
      vertex -39.5518 -58.6586 3
    endloop
  endfacet
  facet normal -0.737279 -0.675589 0
    outer loop
      vertex -39.5518 -58.6586 4.5
      vertex -39.1247 -59.1247 3
      vertex -39.1247 -59.1247 4.5
    endloop
  endfacet
  facet normal -0.675589 -0.737279 0
    outer loop
      vertex -39.1247 -59.1247 3
      vertex -38.6586 -59.5518 4.5
      vertex -39.1247 -59.1247 4.5
    endloop
  endfacet
  facet normal -0.675589 -0.737279 -0
    outer loop
      vertex -38.6586 -59.5518 4.5
      vertex -39.1247 -59.1247 3
      vertex -38.6586 -59.5518 3
    endloop
  endfacet
  facet normal -0.608694 -0.793405 0
    outer loop
      vertex -38.6586 -59.5518 3
      vertex -38.1569 -59.9367 4.5
      vertex -38.6586 -59.5518 4.5
    endloop
  endfacet
  facet normal -0.608694 -0.793405 -0
    outer loop
      vertex -38.1569 -59.9367 4.5
      vertex -38.6586 -59.5518 3
      vertex -38.1569 -59.9367 3
    endloop
  endfacet
  facet normal -0.537316 -0.843381 0
    outer loop
      vertex -38.1569 -59.9367 3
      vertex -37.6237 -60.2764 4.5
      vertex -38.1569 -59.9367 4.5
    endloop
  endfacet
  facet normal -0.537316 -0.843381 -0
    outer loop
      vertex -37.6237 -60.2764 4.5
      vertex -38.1569 -59.9367 3
      vertex -37.6237 -60.2764 3
    endloop
  endfacet
  facet normal -0.461766 -0.887002 0
    outer loop
      vertex -37.6237 -60.2764 3
      vertex -37.0628 -60.5684 4.5
      vertex -37.6237 -60.2764 4.5
    endloop
  endfacet
  facet normal -0.461766 -0.887002 -0
    outer loop
      vertex -37.0628 -60.5684 4.5
      vertex -37.6237 -60.2764 3
      vertex -37.0628 -60.5684 3
    endloop
  endfacet
  facet normal -0.382682 -0.92388 0
    outer loop
      vertex -37.0628 -60.5684 3
      vertex -36.4788 -60.8103 4.5
      vertex -37.0628 -60.5684 4.5
    endloop
  endfacet
  facet normal -0.382682 -0.92388 -0
    outer loop
      vertex -36.4788 -60.8103 4.5
      vertex -37.0628 -60.5684 3
      vertex -36.4788 -60.8103 3
    endloop
  endfacet
  facet normal -0.300624 -0.953743 0
    outer loop
      vertex -36.4788 -60.8103 3
      vertex -35.8757 -61.0004 4.5
      vertex -36.4788 -60.8103 4.5
    endloop
  endfacet
  facet normal -0.300624 -0.953743 -0
    outer loop
      vertex -35.8757 -61.0004 4.5
      vertex -36.4788 -60.8103 3
      vertex -35.8757 -61.0004 3
    endloop
  endfacet
  facet normal -0.216545 -0.976273 0
    outer loop
      vertex -35.8757 -61.0004 3
      vertex -35.2585 -61.1373 4.5
      vertex -35.8757 -61.0004 4.5
    endloop
  endfacet
  facet normal -0.216545 -0.976273 -0
    outer loop
      vertex -35.2585 -61.1373 4.5
      vertex -35.8757 -61.0004 3
      vertex -35.2585 -61.1373 3
    endloop
  endfacet
  facet normal -0.130475 -0.991452 0
    outer loop
      vertex -35.2585 -61.1373 3
      vertex -34.6316 -61.2198 4.5
      vertex -35.2585 -61.1373 4.5
    endloop
  endfacet
  facet normal -0.130475 -0.991452 -0
    outer loop
      vertex -34.6316 -61.2198 4.5
      vertex -35.2585 -61.1373 3
      vertex -34.6316 -61.2198 3
    endloop
  endfacet
  facet normal -0.0436316 -0.999048 0
    outer loop
      vertex -34.6316 -61.2198 3
      vertex -33.9401 -61.25 4.5
      vertex -34.6316 -61.2198 4.5
    endloop
  endfacet
  facet normal -0.0436316 -0.999048 -0
    outer loop
      vertex -33.9401 -61.25 4.5
      vertex -34.6316 -61.2198 3
      vertex -33.9401 -61.25 3
    endloop
  endfacet
  facet normal 0 -1 0
    outer loop
      vertex -33.9401 -61.25 3
      vertex -28.6226 -61.25 4.5
      vertex -33.9401 -61.25 4.5
    endloop
  endfacet
  facet normal 0 -1 -0
    outer loop
      vertex -28.6226 -61.25 4.5
      vertex -33.9401 -61.25 3
      vertex -28.6226 -61.25 3
    endloop
  endfacet
  facet normal 0.995021 -0.099666 0
    outer loop
      vertex -38.0146 -34 4.5
      vertex -35.8007 -11.8974 3
      vertex -35.8007 -11.8974 4.5
    endloop
  endfacet
  facet normal 0.995021 -0.099666 0
    outer loop
      vertex -35.8007 -11.8974 3
      vertex -38.0146 -34 4.5
      vertex -38.0146 -34 3
    endloop
  endfacet
  facet normal 0.999179 0.040508 0
    outer loop
      vertex -35.8007 -11.8974 4.5
      vertex -37.3016 25.1241 3
      vertex -37.3016 25.1241 4.5
    endloop
  endfacet
  facet normal 0.999179 0.040508 0
    outer loop
      vertex -37.3016 25.1241 3
      vertex -35.8007 -11.8974 4.5
      vertex -35.8007 -11.8974 3
    endloop
  endfacet
  facet normal 0.999824 0.0187659 0
    outer loop
      vertex -37.3016 25.1241 4.5
      vertex -37.7756 50.3782 3
      vertex -37.7756 50.3782 4.5
    endloop
  endfacet
  facet normal 0.999824 0.0187659 0
    outer loop
      vertex -37.7756 50.3782 3
      vertex -37.3016 25.1241 4.5
      vertex -37.3016 25.1241 3
    endloop
  endfacet
  facet normal 0.999891 0.0147351 0
    outer loop
      vertex -37.7756 50.3782 4.5
      vertex -37.7995 52 3
      vertex -37.7995 52 4.5
    endloop
  endfacet
  facet normal 0.999891 0.0147351 0
    outer loop
      vertex -37.7995 52 3
      vertex -37.7756 50.3782 4.5
      vertex -37.7756 50.3782 3
    endloop
  endfacet
  facet normal 0.999891 -0.0147457 0
    outer loop
      vertex -37.7995 52 4.5
      vertex -37.7775 53.4918 3
      vertex -37.7775 53.4918 4.5
    endloop
  endfacet
  facet normal 0.999891 -0.0147457 0
    outer loop
      vertex -37.7775 53.4918 3
      vertex -37.7995 52 4.5
      vertex -37.7995 52 3
    endloop
  endfacet
  facet normal 0.996681 -0.0814023 0
    outer loop
      vertex -37.7775 53.4918 4.5
      vertex -37.7283 54.0942 3
      vertex -37.7283 54.0942 4.5
    endloop
  endfacet
  facet normal 0.996681 -0.0814023 0
    outer loop
      vertex -37.7283 54.0942 3
      vertex -37.7775 53.4918 4.5
      vertex -37.7775 53.4918 3
    endloop
  endfacet
  facet normal 0.986401 -0.164357 0
    outer loop
      vertex -37.7283 54.0942 4.5
      vertex -37.6652 54.4729 3
      vertex -37.6652 54.4729 4.5
    endloop
  endfacet
  facet normal 0.986401 -0.164357 0
    outer loop
      vertex -37.6652 54.4729 3
      vertex -37.7283 54.0942 4.5
      vertex -37.7283 54.0942 3
    endloop
  endfacet
  facet normal 0.966241 -0.257639 0
    outer loop
      vertex -37.6652 54.4729 4.5
      vertex -37.5971 54.7283 3
      vertex -37.5971 54.7283 4.5
    endloop
  endfacet
  facet normal 0.966241 -0.257639 0
    outer loop
      vertex -37.5971 54.7283 3
      vertex -37.6652 54.4729 4.5
      vertex -37.6652 54.4729 3
    endloop
  endfacet
  facet normal 0.934877 -0.354972 0
    outer loop
      vertex -37.5971 54.7283 4.5
      vertex -37.5264 54.9145 3
      vertex -37.5264 54.9145 4.5
    endloop
  endfacet
  facet normal 0.934877 -0.354972 0
    outer loop
      vertex -37.5264 54.9145 3
      vertex -37.5971 54.7283 4.5
      vertex -37.5971 54.7283 3
    endloop
  endfacet
  facet normal 0.892804 -0.450445 0
    outer loop
      vertex -37.5264 54.9145 4.5
      vertex -37.4484 55.0691 3
      vertex -37.4484 55.0691 4.5
    endloop
  endfacet
  facet normal 0.892804 -0.450445 0
    outer loop
      vertex -37.4484 55.0691 3
      vertex -37.5264 54.9145 4.5
      vertex -37.5264 54.9145 3
    endloop
  endfacet
  facet normal 0.841234 -0.540672 0
    outer loop
      vertex -37.4484 55.0691 4.5
      vertex -37.3527 55.218 3
      vertex -37.3527 55.218 4.5
    endloop
  endfacet
  facet normal 0.841234 -0.540672 0
    outer loop
      vertex -37.3527 55.218 3
      vertex -37.4484 55.0691 4.5
      vertex -37.4484 55.0691 3
    endloop
  endfacet
  facet normal 0.784126 -0.620602 0
    outer loop
      vertex -37.3527 55.218 4.5
      vertex -37.2267 55.3772 3
      vertex -37.2267 55.3772 4.5
    endloop
  endfacet
  facet normal 0.784126 -0.620602 0
    outer loop
      vertex -37.2267 55.3772 3
      vertex -37.3527 55.218 4.5
      vertex -37.3527 55.218 3
    endloop
  endfacet
  facet normal 0.723077 -0.690768 0
    outer loop
      vertex -37.2267 55.3772 4.5
      vertex -37.0578 55.554 3
      vertex -37.0578 55.554 4.5
    endloop
  endfacet
  facet normal 0.723077 -0.690768 0
    outer loop
      vertex -37.0578 55.554 3
      vertex -37.2267 55.3772 4.5
      vertex -37.2267 55.3772 3
    endloop
  endfacet
  facet normal 0.662334 -0.749209 0
    outer loop
      vertex -37.0578 55.554 3
      vertex -36.8353 55.7507 4.5
      vertex -37.0578 55.554 4.5
    endloop
  endfacet
  facet normal 0.662334 -0.749209 0
    outer loop
      vertex -36.8353 55.7507 4.5
      vertex -37.0578 55.554 3
      vertex -36.8353 55.7507 3
    endloop
  endfacet
  facet normal 0.602562 -0.798072 0
    outer loop
      vertex -36.8353 55.7507 3
      vertex -36.5516 55.9649 4.5
      vertex -36.8353 55.7507 4.5
    endloop
  endfacet
  facet normal 0.602562 -0.798072 0
    outer loop
      vertex -36.5516 55.9649 4.5
      vertex -36.8353 55.7507 3
      vertex -36.5516 55.9649 3
    endloop
  endfacet
  facet normal 0.546538 -0.837434 0
    outer loop
      vertex -36.5516 55.9649 3
      vertex -36.2024 56.1928 4.5
      vertex -36.5516 55.9649 4.5
    endloop
  endfacet
  facet normal 0.546538 -0.837434 0
    outer loop
      vertex -36.2024 56.1928 4.5
      vertex -36.5516 55.9649 3
      vertex -36.2024 56.1928 3
    endloop
  endfacet
  facet normal 0.493827 -0.86956 0
    outer loop
      vertex -36.2024 56.1928 3
      vertex -35.7849 56.4299 4.5
      vertex -36.2024 56.1928 4.5
    endloop
  endfacet
  facet normal 0.493827 -0.86956 0
    outer loop
      vertex -35.7849 56.4299 4.5
      vertex -36.2024 56.1928 3
      vertex -35.7849 56.4299 3
    endloop
  endfacet
  facet normal 0.445225 -0.895419 0
    outer loop
      vertex -35.7849 56.4299 3
      vertex -35.2984 56.6718 4.5
      vertex -35.7849 56.4299 4.5
    endloop
  endfacet
  facet normal 0.445225 -0.895419 0
    outer loop
      vertex -35.2984 56.6718 4.5
      vertex -35.7849 56.4299 3
      vertex -35.2984 56.6718 3
    endloop
  endfacet
  facet normal 0.401087 -0.91604 0
    outer loop
      vertex -35.2984 56.6718 3
      vertex -34.7425 56.9152 4.5
      vertex -35.2984 56.6718 4.5
    endloop
  endfacet
  facet normal 0.401087 -0.91604 0
    outer loop
      vertex -34.7425 56.9152 4.5
      vertex -35.2984 56.6718 3
      vertex -34.7425 56.9152 3
    endloop
  endfacet
  facet normal 0.360659 -0.932698 0
    outer loop
      vertex -34.7425 56.9152 3
      vertex -34.1177 57.1568 4.5
      vertex -34.7425 56.9152 4.5
    endloop
  endfacet
  facet normal 0.360659 -0.932698 0
    outer loop
      vertex -34.1177 57.1568 4.5
      vertex -34.7425 56.9152 3
      vertex -34.1177 57.1568 3
    endloop
  endfacet
  facet normal 0.3238 -0.946125 0
    outer loop
      vertex -34.1177 57.1568 3
      vertex -33.4252 57.3938 4.5
      vertex -34.1177 57.1568 4.5
    endloop
  endfacet
  facet normal 0.3238 -0.946125 0
    outer loop
      vertex -33.4252 57.3938 4.5
      vertex -34.1177 57.1568 3
      vertex -33.4252 57.3938 3
    endloop
  endfacet
  facet normal 0.29029 -0.956939 0
    outer loop
      vertex -33.4252 57.3938 3
      vertex -32.6647 57.6245 4.5
      vertex -33.4252 57.3938 4.5
    endloop
  endfacet
  facet normal 0.29029 -0.956939 0
    outer loop
      vertex -32.6647 57.6245 4.5
      vertex -33.4252 57.3938 3
      vertex -32.6647 57.6245 3
    endloop
  endfacet
  facet normal 0.25976 -0.965673 0
    outer loop
      vertex -32.6647 57.6245 3
      vertex -31.8368 57.8472 4.5
      vertex -32.6647 57.6245 4.5
    endloop
  endfacet
  facet normal 0.25976 -0.965673 0
    outer loop
      vertex -31.8368 57.8472 4.5
      vertex -32.6647 57.6245 3
      vertex -31.8368 57.8472 3
    endloop
  endfacet
  facet normal 0.232086 -0.972695 0
    outer loop
      vertex -31.8368 57.8472 3
      vertex -30.942 58.0607 4.5
      vertex -31.8368 57.8472 4.5
    endloop
  endfacet
  facet normal 0.232086 -0.972695 0
    outer loop
      vertex -30.942 58.0607 4.5
      vertex -31.8368 57.8472 3
      vertex -30.942 58.0607 3
    endloop
  endfacet
  facet normal 0.206543 -0.978437 0
    outer loop
      vertex -30.942 58.0607 3
      vertex -29.9794 58.2639 4.5
      vertex -30.942 58.0607 4.5
    endloop
  endfacet
  facet normal 0.206543 -0.978437 0
    outer loop
      vertex -29.9794 58.2639 4.5
      vertex -30.942 58.0607 3
      vertex -29.9794 58.2639 3
    endloop
  endfacet
  facet normal 0.18335 -0.983048 0
    outer loop
      vertex -29.9794 58.2639 3
      vertex -28.9489 58.4561 4.5
      vertex -29.9794 58.2639 4.5
    endloop
  endfacet
  facet normal 0.18335 -0.983048 0
    outer loop
      vertex -28.9489 58.4561 4.5
      vertex -29.9794 58.2639 3
      vertex -28.9489 58.4561 3
    endloop
  endfacet
  facet normal 0.161929 -0.986802 0
    outer loop
      vertex -28.9489 58.4561 3
      vertex -27.8471 58.6369 4.5
      vertex -28.9489 58.4561 4.5
    endloop
  endfacet
  facet normal 0.161929 -0.986802 0
    outer loop
      vertex -27.8471 58.6369 4.5
      vertex -28.9489 58.4561 3
      vertex -27.8471 58.6369 3
    endloop
  endfacet
  facet normal 0.142283 -0.989826 0
    outer loop
      vertex -27.8471 58.6369 3
      vertex -26.6735 58.8056 4.5
      vertex -27.8471 58.6369 4.5
    endloop
  endfacet
  facet normal 0.142283 -0.989826 0
    outer loop
      vertex -26.6735 58.8056 4.5
      vertex -27.8471 58.6369 3
      vertex -26.6735 58.8056 3
    endloop
  endfacet
  facet normal 0.124182 -0.99226 0
    outer loop
      vertex -26.6735 58.8056 3
      vertex -25.4262 58.9617 4.5
      vertex -26.6735 58.8056 4.5
    endloop
  endfacet
  facet normal 0.124182 -0.99226 0
    outer loop
      vertex -25.4262 58.9617 4.5
      vertex -26.6735 58.8056 3
      vertex -25.4262 58.9617 3
    endloop
  endfacet
  facet normal 0.107408 -0.994215 0
    outer loop
      vertex -25.4262 58.9617 3
      vertex -24.0979 59.1052 4.5
      vertex -25.4262 58.9617 4.5
    endloop
  endfacet
  facet normal 0.107408 -0.994215 0
    outer loop
      vertex -24.0979 59.1052 4.5
      vertex -25.4262 58.9617 3
      vertex -24.0979 59.1052 3
    endloop
  endfacet
  facet normal 0.0920428 -0.995755 0
    outer loop
      vertex -24.0979 59.1052 3
      vertex -22.6861 59.2357 4.5
      vertex -24.0979 59.1052 4.5
    endloop
  endfacet
  facet normal 0.0920428 -0.995755 0
    outer loop
      vertex -22.6861 59.2357 4.5
      vertex -24.0979 59.1052 3
      vertex -22.6861 59.2357 3
    endloop
  endfacet
  facet normal 0.0776541 -0.99698 0
    outer loop
      vertex -22.6861 59.2357 3
      vertex -21.1814 59.3529 4.5
      vertex -22.6861 59.2357 4.5
    endloop
  endfacet
  facet normal 0.0776541 -0.99698 0
    outer loop
      vertex -21.1814 59.3529 4.5
      vertex -22.6861 59.2357 3
      vertex -21.1814 59.3529 3
    endloop
  endfacet
  facet normal 0.0645538 -0.997914 0
    outer loop
      vertex -21.1814 59.3529 3
      vertex -19.5737 59.4569 4.5
      vertex -21.1814 59.3529 4.5
    endloop
  endfacet
  facet normal 0.0645538 -0.997914 0
    outer loop
      vertex -19.5737 59.4569 4.5
      vertex -21.1814 59.3529 3
      vertex -19.5737 59.4569 3
    endloop
  endfacet
  facet normal 0.0523431 -0.998629 0
    outer loop
      vertex -19.5737 59.4569 3
      vertex -17.849 59.5473 4.5
      vertex -19.5737 59.4569 4.5
    endloop
  endfacet
  facet normal 0.0523431 -0.998629 0
    outer loop
      vertex -17.849 59.5473 4.5
      vertex -19.5737 59.4569 3
      vertex -17.849 59.5473 3
    endloop
  endfacet
  facet normal 0.0411778 -0.999152 0
    outer loop
      vertex -17.849 59.5473 3
      vertex -15.9855 59.6241 4.5
      vertex -17.849 59.5473 4.5
    endloop
  endfacet
  facet normal 0.0411778 -0.999152 0
    outer loop
      vertex -15.9855 59.6241 4.5
      vertex -17.849 59.5473 3
      vertex -15.9855 59.6241 3
    endloop
  endfacet
  facet normal 0.0309556 -0.999521 0
    outer loop
      vertex -15.9855 59.6241 3
      vertex -13.9513 59.6871 4.5
      vertex -15.9855 59.6241 4.5
    endloop
  endfacet
  facet normal 0.0309556 -0.999521 0
    outer loop
      vertex -13.9513 59.6871 4.5
      vertex -15.9855 59.6241 3
      vertex -13.9513 59.6871 3
    endloop
  endfacet
  facet normal 0.0217571 -0.999763 0
    outer loop
      vertex -13.9513 59.6871 3
      vertex -11.6905 59.7363 4.5
      vertex -13.9513 59.6871 4.5
    endloop
  endfacet
  facet normal 0.0217571 -0.999763 0
    outer loop
      vertex -11.6905 59.7363 4.5
      vertex -13.9513 59.6871 3
      vertex -11.6905 59.7363 3
    endloop
  endfacet
  facet normal 0.0136065 -0.999907 0
    outer loop
      vertex -11.6905 59.7363 3
      vertex -9.09639 59.7716 4.5
      vertex -11.6905 59.7363 4.5
    endloop
  endfacet
  facet normal 0.0136065 -0.999907 0
    outer loop
      vertex -9.09639 59.7716 4.5
      vertex -11.6905 59.7363 3
      vertex -9.09639 59.7716 3
    endloop
  endfacet
  facet normal 0.00669201 -0.999978 0
    outer loop
      vertex -9.09639 59.7716 3
      vertex -5.91356 59.7929 4.5
      vertex -9.09639 59.7716 4.5
    endloop
  endfacet
  facet normal 0.00669201 -0.999978 0
    outer loop
      vertex -5.91356 59.7929 4.5
      vertex -9.09639 59.7716 3
      vertex -5.91356 59.7929 3
    endloop
  endfacet
  facet normal 0.00120063 -0.999999 0
    outer loop
      vertex -5.91356 59.7929 3
      vertex 0 59.8 4.5
      vertex -5.91356 59.7929 4.5
    endloop
  endfacet
  facet normal 0.00120063 -0.999999 0
    outer loop
      vertex 0 59.8 4.5
      vertex -5.91356 59.7929 3
      vertex 0 59.8 3
    endloop
  endfacet
  facet normal -0.00120063 -0.999999 0
    outer loop
      vertex 0 59.8 3
      vertex 5.91356 59.7929 4.5
      vertex 0 59.8 4.5
    endloop
  endfacet
  facet normal -0.00120063 -0.999999 -0
    outer loop
      vertex 5.91356 59.7929 4.5
      vertex 0 59.8 3
      vertex 5.91356 59.7929 3
    endloop
  endfacet
  facet normal -0.00669201 -0.999978 0
    outer loop
      vertex 5.91356 59.7929 3
      vertex 9.09639 59.7716 4.5
      vertex 5.91356 59.7929 4.5
    endloop
  endfacet
  facet normal -0.00669201 -0.999978 -0
    outer loop
      vertex 9.09639 59.7716 4.5
      vertex 5.91356 59.7929 3
      vertex 9.09639 59.7716 3
    endloop
  endfacet
  facet normal -0.0136065 -0.999907 0
    outer loop
      vertex 9.09639 59.7716 3
      vertex 11.6905 59.7363 4.5
      vertex 9.09639 59.7716 4.5
    endloop
  endfacet
  facet normal -0.0136065 -0.999907 -0
    outer loop
      vertex 11.6905 59.7363 4.5
      vertex 9.09639 59.7716 3
      vertex 11.6905 59.7363 3
    endloop
  endfacet
  facet normal -0.0217571 -0.999763 0
    outer loop
      vertex 11.6905 59.7363 3
      vertex 13.9513 59.6871 4.5
      vertex 11.6905 59.7363 4.5
    endloop
  endfacet
  facet normal -0.0217571 -0.999763 -0
    outer loop
      vertex 13.9513 59.6871 4.5
      vertex 11.6905 59.7363 3
      vertex 13.9513 59.6871 3
    endloop
  endfacet
  facet normal -0.0309556 -0.999521 0
    outer loop
      vertex 13.9513 59.6871 3
      vertex 15.9855 59.6241 4.5
      vertex 13.9513 59.6871 4.5
    endloop
  endfacet
  facet normal -0.0309556 -0.999521 -0
    outer loop
      vertex 15.9855 59.6241 4.5
      vertex 13.9513 59.6871 3
      vertex 15.9855 59.6241 3
    endloop
  endfacet
  facet normal -0.0411778 -0.999152 0
    outer loop
      vertex 15.9855 59.6241 3
      vertex 17.849 59.5473 4.5
      vertex 15.9855 59.6241 4.5
    endloop
  endfacet
  facet normal -0.0411778 -0.999152 -0
    outer loop
      vertex 17.849 59.5473 4.5
      vertex 15.9855 59.6241 3
      vertex 17.849 59.5473 3
    endloop
  endfacet
  facet normal -0.0523431 -0.998629 0
    outer loop
      vertex 17.849 59.5473 3
      vertex 19.5737 59.4569 4.5
      vertex 17.849 59.5473 4.5
    endloop
  endfacet
  facet normal -0.0523431 -0.998629 -0
    outer loop
      vertex 19.5737 59.4569 4.5
      vertex 17.849 59.5473 3
      vertex 19.5737 59.4569 3
    endloop
  endfacet
  facet normal -0.0645538 -0.997914 0
    outer loop
      vertex 19.5737 59.4569 3
      vertex 21.1814 59.3529 4.5
      vertex 19.5737 59.4569 4.5
    endloop
  endfacet
  facet normal -0.0645538 -0.997914 -0
    outer loop
      vertex 21.1814 59.3529 4.5
      vertex 19.5737 59.4569 3
      vertex 21.1814 59.3529 3
    endloop
  endfacet
  facet normal -0.0776541 -0.99698 0
    outer loop
      vertex 21.1814 59.3529 3
      vertex 22.6861 59.2357 4.5
      vertex 21.1814 59.3529 4.5
    endloop
  endfacet
  facet normal -0.0776541 -0.99698 -0
    outer loop
      vertex 22.6861 59.2357 4.5
      vertex 21.1814 59.3529 3
      vertex 22.6861 59.2357 3
    endloop
  endfacet
  facet normal -0.0920428 -0.995755 0
    outer loop
      vertex 22.6861 59.2357 3
      vertex 24.0979 59.1052 4.5
      vertex 22.6861 59.2357 4.5
    endloop
  endfacet
  facet normal -0.0920428 -0.995755 -0
    outer loop
      vertex 24.0979 59.1052 4.5
      vertex 22.6861 59.2357 3
      vertex 24.0979 59.1052 3
    endloop
  endfacet
  facet normal -0.107408 -0.994215 0
    outer loop
      vertex 24.0979 59.1052 3
      vertex 25.4262 58.9617 4.5
      vertex 24.0979 59.1052 4.5
    endloop
  endfacet
  facet normal -0.107408 -0.994215 -0
    outer loop
      vertex 25.4262 58.9617 4.5
      vertex 24.0979 59.1052 3
      vertex 25.4262 58.9617 3
    endloop
  endfacet
  facet normal -0.124182 -0.99226 0
    outer loop
      vertex 25.4262 58.9617 3
      vertex 26.6735 58.8056 4.5
      vertex 25.4262 58.9617 4.5
    endloop
  endfacet
  facet normal -0.124182 -0.99226 -0
    outer loop
      vertex 26.6735 58.8056 4.5
      vertex 25.4262 58.9617 3
      vertex 26.6735 58.8056 3
    endloop
  endfacet
  facet normal -0.142283 -0.989826 0
    outer loop
      vertex 26.6735 58.8056 3
      vertex 27.8471 58.6369 4.5
      vertex 26.6735 58.8056 4.5
    endloop
  endfacet
  facet normal -0.142283 -0.989826 -0
    outer loop
      vertex 27.8471 58.6369 4.5
      vertex 26.6735 58.8056 3
      vertex 27.8471 58.6369 3
    endloop
  endfacet
  facet normal -0.161929 -0.986802 0
    outer loop
      vertex 27.8471 58.6369 3
      vertex 28.9489 58.4561 4.5
      vertex 27.8471 58.6369 4.5
    endloop
  endfacet
  facet normal -0.161929 -0.986802 -0
    outer loop
      vertex 28.9489 58.4561 4.5
      vertex 27.8471 58.6369 3
      vertex 28.9489 58.4561 3
    endloop
  endfacet
  facet normal -0.18335 -0.983048 0
    outer loop
      vertex 28.9489 58.4561 3
      vertex 29.9794 58.2639 4.5
      vertex 28.9489 58.4561 4.5
    endloop
  endfacet
  facet normal -0.18335 -0.983048 -0
    outer loop
      vertex 29.9794 58.2639 4.5
      vertex 28.9489 58.4561 3
      vertex 29.9794 58.2639 3
    endloop
  endfacet
  facet normal -0.206543 -0.978437 0
    outer loop
      vertex 29.9794 58.2639 3
      vertex 30.942 58.0607 4.5
      vertex 29.9794 58.2639 4.5
    endloop
  endfacet
  facet normal -0.206543 -0.978437 -0
    outer loop
      vertex 30.942 58.0607 4.5
      vertex 29.9794 58.2639 3
      vertex 30.942 58.0607 3
    endloop
  endfacet
  facet normal -0.232086 -0.972695 0
    outer loop
      vertex 30.942 58.0607 3
      vertex 31.8368 57.8472 4.5
      vertex 30.942 58.0607 4.5
    endloop
  endfacet
  facet normal -0.232086 -0.972695 -0
    outer loop
      vertex 31.8368 57.8472 4.5
      vertex 30.942 58.0607 3
      vertex 31.8368 57.8472 3
    endloop
  endfacet
  facet normal -0.25976 -0.965673 0
    outer loop
      vertex 31.8368 57.8472 3
      vertex 32.6647 57.6245 4.5
      vertex 31.8368 57.8472 4.5
    endloop
  endfacet
  facet normal -0.25976 -0.965673 -0
    outer loop
      vertex 32.6647 57.6245 4.5
      vertex 31.8368 57.8472 3
      vertex 32.6647 57.6245 3
    endloop
  endfacet
  facet normal -0.29029 -0.956939 0
    outer loop
      vertex 32.6647 57.6245 3
      vertex 33.4252 57.3938 4.5
      vertex 32.6647 57.6245 4.5
    endloop
  endfacet
  facet normal -0.29029 -0.956939 -0
    outer loop
      vertex 33.4252 57.3938 4.5
      vertex 32.6647 57.6245 3
      vertex 33.4252 57.3938 3
    endloop
  endfacet
  facet normal -0.3238 -0.946125 0
    outer loop
      vertex 33.4252 57.3938 3
      vertex 34.1177 57.1568 4.5
      vertex 33.4252 57.3938 4.5
    endloop
  endfacet
  facet normal -0.3238 -0.946125 -0
    outer loop
      vertex 34.1177 57.1568 4.5
      vertex 33.4252 57.3938 3
      vertex 34.1177 57.1568 3
    endloop
  endfacet
  facet normal -0.360659 -0.932698 0
    outer loop
      vertex 34.1177 57.1568 3
      vertex 34.7425 56.9152 4.5
      vertex 34.1177 57.1568 4.5
    endloop
  endfacet
  facet normal -0.360659 -0.932698 -0
    outer loop
      vertex 34.7425 56.9152 4.5
      vertex 34.1177 57.1568 3
      vertex 34.7425 56.9152 3
    endloop
  endfacet
  facet normal -0.401087 -0.91604 0
    outer loop
      vertex 34.7425 56.9152 3
      vertex 35.2984 56.6718 4.5
      vertex 34.7425 56.9152 4.5
    endloop
  endfacet
  facet normal -0.401087 -0.91604 -0
    outer loop
      vertex 35.2984 56.6718 4.5
      vertex 34.7425 56.9152 3
      vertex 35.2984 56.6718 3
    endloop
  endfacet
  facet normal -0.445225 -0.895419 0
    outer loop
      vertex 35.2984 56.6718 3
      vertex 35.7849 56.4299 4.5
      vertex 35.2984 56.6718 4.5
    endloop
  endfacet
  facet normal -0.445225 -0.895419 -0
    outer loop
      vertex 35.7849 56.4299 4.5
      vertex 35.2984 56.6718 3
      vertex 35.7849 56.4299 3
    endloop
  endfacet
  facet normal -0.493827 -0.86956 0
    outer loop
      vertex 35.7849 56.4299 3
      vertex 36.2024 56.1928 4.5
      vertex 35.7849 56.4299 4.5
    endloop
  endfacet
  facet normal -0.493827 -0.86956 -0
    outer loop
      vertex 36.2024 56.1928 4.5
      vertex 35.7849 56.4299 3
      vertex 36.2024 56.1928 3
    endloop
  endfacet
  facet normal -0.546538 -0.837434 0
    outer loop
      vertex 36.2024 56.1928 3
      vertex 36.5516 55.9649 4.5
      vertex 36.2024 56.1928 4.5
    endloop
  endfacet
  facet normal -0.546538 -0.837434 -0
    outer loop
      vertex 36.5516 55.9649 4.5
      vertex 36.2024 56.1928 3
      vertex 36.5516 55.9649 3
    endloop
  endfacet
  facet normal -0.602562 -0.798072 0
    outer loop
      vertex 36.5516 55.9649 3
      vertex 36.8353 55.7507 4.5
      vertex 36.5516 55.9649 4.5
    endloop
  endfacet
  facet normal -0.602562 -0.798072 -0
    outer loop
      vertex 36.8353 55.7507 4.5
      vertex 36.5516 55.9649 3
      vertex 36.8353 55.7507 3
    endloop
  endfacet
  facet normal -0.662334 -0.749209 0
    outer loop
      vertex 36.8353 55.7507 3
      vertex 37.0578 55.554 4.5
      vertex 36.8353 55.7507 4.5
    endloop
  endfacet
  facet normal -0.662334 -0.749209 -0
    outer loop
      vertex 37.0578 55.554 4.5
      vertex 36.8353 55.7507 3
      vertex 37.0578 55.554 3
    endloop
  endfacet
  facet normal -0.723077 -0.690768 0
    outer loop
      vertex 37.2267 55.3772 3
      vertex 37.0578 55.554 4.5
      vertex 37.0578 55.554 3
    endloop
  endfacet
  facet normal -0.723077 -0.690768 0
    outer loop
      vertex 37.0578 55.554 4.5
      vertex 37.2267 55.3772 3
      vertex 37.2267 55.3772 4.5
    endloop
  endfacet
  facet normal -0.784126 -0.620602 0
    outer loop
      vertex 37.3527 55.218 3
      vertex 37.2267 55.3772 4.5
      vertex 37.2267 55.3772 3
    endloop
  endfacet
  facet normal -0.784126 -0.620602 0
    outer loop
      vertex 37.2267 55.3772 4.5
      vertex 37.3527 55.218 3
      vertex 37.3527 55.218 4.5
    endloop
  endfacet
  facet normal -0.841234 -0.540672 0
    outer loop
      vertex 37.4484 55.0691 3
      vertex 37.3527 55.218 4.5
      vertex 37.3527 55.218 3
    endloop
  endfacet
  facet normal -0.841234 -0.540672 0
    outer loop
      vertex 37.3527 55.218 4.5
      vertex 37.4484 55.0691 3
      vertex 37.4484 55.0691 4.5
    endloop
  endfacet
  facet normal -0.892804 -0.450445 0
    outer loop
      vertex 37.5264 54.9145 3
      vertex 37.4484 55.0691 4.5
      vertex 37.4484 55.0691 3
    endloop
  endfacet
  facet normal -0.892804 -0.450445 0
    outer loop
      vertex 37.4484 55.0691 4.5
      vertex 37.5264 54.9145 3
      vertex 37.5264 54.9145 4.5
    endloop
  endfacet
  facet normal -0.934877 -0.354972 0
    outer loop
      vertex 37.5971 54.7283 3
      vertex 37.5264 54.9145 4.5
      vertex 37.5264 54.9145 3
    endloop
  endfacet
  facet normal -0.934877 -0.354972 0
    outer loop
      vertex 37.5264 54.9145 4.5
      vertex 37.5971 54.7283 3
      vertex 37.5971 54.7283 4.5
    endloop
  endfacet
  facet normal -0.966241 -0.257639 0
    outer loop
      vertex 37.6652 54.4729 3
      vertex 37.5971 54.7283 4.5
      vertex 37.5971 54.7283 3
    endloop
  endfacet
  facet normal -0.966241 -0.257639 0
    outer loop
      vertex 37.5971 54.7283 4.5
      vertex 37.6652 54.4729 3
      vertex 37.6652 54.4729 4.5
    endloop
  endfacet
  facet normal -0.986401 -0.164357 0
    outer loop
      vertex 37.7283 54.0942 3
      vertex 37.6652 54.4729 4.5
      vertex 37.6652 54.4729 3
    endloop
  endfacet
  facet normal -0.986401 -0.164357 0
    outer loop
      vertex 37.6652 54.4729 4.5
      vertex 37.7283 54.0942 3
      vertex 37.7283 54.0942 4.5
    endloop
  endfacet
  facet normal -0.996681 -0.0814023 0
    outer loop
      vertex 37.7775 53.4918 3
      vertex 37.7283 54.0942 4.5
      vertex 37.7283 54.0942 3
    endloop
  endfacet
  facet normal -0.996681 -0.0814023 0
    outer loop
      vertex 37.7283 54.0942 4.5
      vertex 37.7775 53.4918 3
      vertex 37.7775 53.4918 4.5
    endloop
  endfacet
  facet normal -0.999891 -0.0147457 0
    outer loop
      vertex 37.7995 52 3
      vertex 37.7775 53.4918 4.5
      vertex 37.7775 53.4918 3
    endloop
  endfacet
  facet normal -0.999891 -0.0147457 0
    outer loop
      vertex 37.7775 53.4918 4.5
      vertex 37.7995 52 3
      vertex 37.7995 52 4.5
    endloop
  endfacet
  facet normal -0.999891 0.0147351 0
    outer loop
      vertex 37.7756 50.3782 3
      vertex 37.7995 52 4.5
      vertex 37.7995 52 3
    endloop
  endfacet
  facet normal -0.999891 0.0147351 0
    outer loop
      vertex 37.7995 52 4.5
      vertex 37.7756 50.3782 3
      vertex 37.7756 50.3782 4.5
    endloop
  endfacet
  facet normal -0.999824 0.0187659 0
    outer loop
      vertex 37.3016 25.1241 3
      vertex 37.7756 50.3782 4.5
      vertex 37.7756 50.3782 3
    endloop
  endfacet
  facet normal -0.999824 0.0187659 0
    outer loop
      vertex 37.7756 50.3782 4.5
      vertex 37.3016 25.1241 3
      vertex 37.3016 25.1241 4.5
    endloop
  endfacet
  facet normal -0.999179 0.040508 0
    outer loop
      vertex 35.8007 -11.8974 3
      vertex 37.3016 25.1241 4.5
      vertex 37.3016 25.1241 3
    endloop
  endfacet
  facet normal -0.999179 0.040508 0
    outer loop
      vertex 37.3016 25.1241 4.5
      vertex 35.8007 -11.8974 3
      vertex 35.8007 -11.8974 4.5
    endloop
  endfacet
  facet normal -0.995021 -0.099666 0
    outer loop
      vertex 38.0146 -34 3
      vertex 35.8007 -11.8974 4.5
      vertex 35.8007 -11.8974 3
    endloop
  endfacet
  facet normal -0.995021 -0.099666 0
    outer loop
      vertex 35.8007 -11.8974 4.5
      vertex 38.0146 -34 3
      vertex 38.0146 -34 4.5
    endloop
  endfacet
  facet normal 0 1 -0
    outer loop
      vertex 26.2656 -59.8 3
      vertex 18.1668 -59.8 4.5
      vertex 26.2656 -59.8 4.5
    endloop
  endfacet
  facet normal 0 1 0
    outer loop
      vertex 18.1668 -59.8 4.5
      vertex 26.2656 -59.8 3
      vertex 18.1668 -59.8 3
    endloop
  endfacet
  facet normal 0.20128 0.979534 -0
    outer loop
      vertex 18.1668 -59.8 3
      vertex 16.2708 -59.4104 4.5
      vertex 18.1668 -59.8 4.5
    endloop
  endfacet
  facet normal 0.20128 0.979534 0
    outer loop
      vertex 16.2708 -59.4104 4.5
      vertex 18.1668 -59.8 3
      vertex 16.2708 -59.4104 3
    endloop
  endfacet
  facet normal 0.165624 0.986189 -0
    outer loop
      vertex 16.2708 -59.4104 3
      vertex 15.6051 -59.2986 4.5
      vertex 16.2708 -59.4104 4.5
    endloop
  endfacet
  facet normal 0.165624 0.986189 0
    outer loop
      vertex 15.6051 -59.2986 4.5
      vertex 16.2708 -59.4104 3
      vertex 15.6051 -59.2986 3
    endloop
  endfacet
  facet normal -0.165624 0.986189 0
    outer loop
      vertex -15.6051 -59.2986 3
      vertex -16.2708 -59.4104 4.5
      vertex -15.6051 -59.2986 4.5
    endloop
  endfacet
  facet normal -0.165624 0.986189 0
    outer loop
      vertex -16.2708 -59.4104 4.5
      vertex -15.6051 -59.2986 3
      vertex -16.2708 -59.4104 3
    endloop
  endfacet
  facet normal -0.20128 0.979534 0
    outer loop
      vertex -16.2708 -59.4104 3
      vertex -18.1668 -59.8 4.5
      vertex -16.2708 -59.4104 4.5
    endloop
  endfacet
  facet normal -0.20128 0.979534 0
    outer loop
      vertex -18.1668 -59.8 4.5
      vertex -16.2708 -59.4104 3
      vertex -18.1668 -59.8 3
    endloop
  endfacet
  facet normal 0 1 -0
    outer loop
      vertex -18.1668 -59.8 3
      vertex -26.2656 -59.8 4.5
      vertex -18.1668 -59.8 4.5
    endloop
  endfacet
  facet normal 0 1 0
    outer loop
      vertex -26.2656 -59.8 4.5
      vertex -18.1668 -59.8 3
      vertex -26.2656 -59.8 3
    endloop
  endfacet
  facet normal -1 0 0
    outer loop
      vertex 4.5 -48.3 0.29
      vertex 4.5 -47.4 3
      vertex 4.5 -47.4 0.29
    endloop
  endfacet
  facet normal -1 -0 0
    outer loop
      vertex 4.5 -47.4 3
      vertex 4.5 -48.3 0.29
      vertex 4.5 -48.3 3
    endloop
  endfacet
  facet normal 1 -0 0
    outer loop
      vertex -4.5 -48.3 3
      vertex -4.5 -47.4 0.29
      vertex -4.5 -47.4 3
    endloop
  endfacet
  facet normal 1 0 0
    outer loop
      vertex -4.5 -47.4 0.29
      vertex -4.5 -48.3 3
      vertex -4.5 -48.3 0.29
    endloop
  endfacet
  facet normal 0 -1 0
    outer loop
      vertex -4.5 -47.4 0.29
      vertex 4.5 -47.4 3
      vertex -4.5 -47.4 3
    endloop
  endfacet
  facet normal 0 -1 -0
    outer loop
      vertex 4.5 -47.4 3
      vertex -4.5 -47.4 0.29
      vertex 4.5 -47.4 0.29
    endloop
  endfacet
  facet normal 0 1 -0
    outer loop
      vertex 4.5 -48.3 0.29
      vertex -4.5 -48.3 3
      vertex 4.5 -48.3 3
    endloop
  endfacet
  facet normal 0 1 0
    outer loop
      vertex -4.5 -48.3 3
      vertex 4.5 -48.3 0.29
      vertex -4.5 -48.3 0.29
    endloop
  endfacet
  facet normal -1 0 0
    outer loop
      vertex 4.5 -45.1 0.29
      vertex 4.5 -44.2 3
      vertex 4.5 -44.2 0.29
    endloop
  endfacet
  facet normal -1 -0 0
    outer loop
      vertex 4.5 -44.2 3
      vertex 4.5 -45.1 0.29
      vertex 4.5 -45.1 3
    endloop
  endfacet
  facet normal 1 -0 0
    outer loop
      vertex -4.5 -45.1 3
      vertex -4.5 -44.2 0.29
      vertex -4.5 -44.2 3
    endloop
  endfacet
  facet normal 1 0 0
    outer loop
      vertex -4.5 -44.2 0.29
      vertex -4.5 -45.1 3
      vertex -4.5 -45.1 0.29
    endloop
  endfacet
  facet normal 0 -1 0
    outer loop
      vertex -4.5 -44.2 0.29
      vertex 4.5 -44.2 3
      vertex -4.5 -44.2 3
    endloop
  endfacet
  facet normal 0 -1 -0
    outer loop
      vertex 4.5 -44.2 3
      vertex -4.5 -44.2 0.29
      vertex 4.5 -44.2 0.29
    endloop
  endfacet
  facet normal 0 1 -0
    outer loop
      vertex 4.5 -45.1 0.29
      vertex -4.5 -45.1 3
      vertex 4.5 -45.1 3
    endloop
  endfacet
  facet normal 0 1 0
    outer loop
      vertex -4.5 -45.1 3
      vertex 4.5 -45.1 0.29
      vertex -4.5 -45.1 0.29
    endloop
  endfacet
  facet normal -1 0 0
    outer loop
      vertex 4.5 -41.9 0.29
      vertex 4.5 -41 3
      vertex 4.5 -41 0.29
    endloop
  endfacet
  facet normal -1 -0 0
    outer loop
      vertex 4.5 -41 3
      vertex 4.5 -41.9 0.29
      vertex 4.5 -41.9 3
    endloop
  endfacet
  facet normal 1 -0 0
    outer loop
      vertex -4.5 -41.9 3
      vertex -4.5 -41 0.29
      vertex -4.5 -41 3
    endloop
  endfacet
  facet normal 1 0 0
    outer loop
      vertex -4.5 -41 0.29
      vertex -4.5 -41.9 3
      vertex -4.5 -41.9 0.29
    endloop
  endfacet
  facet normal 0 -1 0
    outer loop
      vertex -4.5 -41 0.29
      vertex 4.5 -41 3
      vertex -4.5 -41 3
    endloop
  endfacet
  facet normal 0 -1 -0
    outer loop
      vertex 4.5 -41 3
      vertex -4.5 -41 0.29
      vertex 4.5 -41 0.29
    endloop
  endfacet
  facet normal 0 1 -0
    outer loop
      vertex 4.5 -41.9 0.29
      vertex -4.5 -41.9 3
      vertex 4.5 -41.9 3
    endloop
  endfacet
  facet normal 0 1 0
    outer loop
      vertex -4.5 -41.9 3
      vertex 4.5 -41.9 0.29
      vertex -4.5 -41.9 0.29
    endloop
  endfacet
  facet normal -1 0 0
    outer loop
      vertex 4.5 -38.7 0.29
      vertex 4.5 -37.8 3
      vertex 4.5 -37.8 0.29
    endloop
  endfacet
  facet normal -1 -0 0
    outer loop
      vertex 4.5 -37.8 3
      vertex 4.5 -38.7 0.29
      vertex 4.5 -38.7 3
    endloop
  endfacet
  facet normal 1 -0 0
    outer loop
      vertex -4.5 -38.7 3
      vertex -4.5 -37.8 0.29
      vertex -4.5 -37.8 3
    endloop
  endfacet
  facet normal 1 0 0
    outer loop
      vertex -4.5 -37.8 0.29
      vertex -4.5 -38.7 3
      vertex -4.5 -38.7 0.29
    endloop
  endfacet
  facet normal 0 -1 0
    outer loop
      vertex -4.5 -37.8 0.29
      vertex 4.5 -37.8 3
      vertex -4.5 -37.8 3
    endloop
  endfacet
  facet normal 0 -1 -0
    outer loop
      vertex 4.5 -37.8 3
      vertex -4.5 -37.8 0.29
      vertex 4.5 -37.8 0.29
    endloop
  endfacet
  facet normal 0 1 -0
    outer loop
      vertex 4.5 -38.7 0.29
      vertex -4.5 -38.7 3
      vertex 4.5 -38.7 3
    endloop
  endfacet
  facet normal 0 1 0
    outer loop
      vertex -4.5 -38.7 3
      vertex 4.5 -38.7 0.29
      vertex -4.5 -38.7 0.29
    endloop
  endfacet
  facet normal 0.374713 0.927141 -0
    outer loop
      vertex -35.5342 -55.8739 0
      vertex -35.7121 -55.802 0.29
      vertex -35.5342 -55.8739 0.29
    endloop
  endfacet
  facet normal 0.374713 0.927141 0
    outer loop
      vertex -35.7121 -55.802 0.29
      vertex -35.5342 -55.8739 0
      vertex -35.7121 -55.802 0
    endloop
  endfacet
  facet normal 0.0437765 -0.999041 0
    outer loop
      vertex -32.4917 -19.8084 0
      vertex -32.3 -19.8 0.29
      vertex -32.4917 -19.8084 0.29
    endloop
  endfacet
  facet normal 0.0437765 -0.999041 0
    outer loop
      vertex -32.3 -19.8 0.29
      vertex -32.4917 -19.8084 0
      vertex -32.3 -19.8 0
    endloop
  endfacet
  facet normal -0.0437765 0.999041 0
    outer loop
      vertex 34.9917 -55.9916 0
      vertex 34.8 -56 0.29
      vertex 34.9917 -55.9916 0.29
    endloop
  endfacet
  facet normal -0.0437765 0.999041 0
    outer loop
      vertex 34.8 -56 0.29
      vertex 34.9917 -55.9916 0
      vertex 34.8 -56 0
    endloop
  endfacet
  facet normal 0 -1 0
    outer loop
      vertex -32.3 -19.8 0
      vertex -28.25 -19.8 0.29
      vertex -32.3 -19.8 0.29
    endloop
  endfacet
  facet normal 0 -1 -0
    outer loop
      vertex -28.25 -19.8 0.29
      vertex -32.3 -19.8 0
      vertex -28.25 -19.8 0
    endloop
  endfacet
  facet normal 0 -1 0
    outer loop
      vertex 28.25 -19.8 0
      vertex 32.3 -19.8 0.29
      vertex 28.25 -19.8 0.29
    endloop
  endfacet
  facet normal 0 -1 -0
    outer loop
      vertex 32.3 -19.8 0.29
      vertex 28.25 -19.8 0
      vertex 32.3 -19.8 0
    endloop
  endfacet
  facet normal 0.953716 -0.300707 0
    outer loop
      vertex -34.425 -21.4306 0.29
      vertex -34.3673 -21.2476 0
      vertex -34.3673 -21.2476 0.29
    endloop
  endfacet
  facet normal 0.953716 -0.300707 0
    outer loop
      vertex -34.3673 -21.2476 0
      vertex -34.425 -21.4306 0.29
      vertex -34.425 -21.4306 0
    endloop
  endfacet
  facet normal 0.207429 0.97825 -0
    outer loop
      vertex -35.1629 -55.9698 0
      vertex -35.3506 -55.93 0.29
      vertex -35.1629 -55.9698 0.29
    endloop
  endfacet
  facet normal 0.207429 0.97825 0
    outer loop
      vertex -35.3506 -55.93 0.29
      vertex -35.1629 -55.9698 0
      vertex -35.3506 -55.93 0
    endloop
  endfacet
  facet normal -0.996924 -0.0783745 0
    outer loop
      vertex 36.9932 -53.6276 0
      vertex 34.4932 -21.8276 0.29
      vertex 34.4932 -21.8276 0
    endloop
  endfacet
  facet normal -0.996924 -0.0783745 0
    outer loop
      vertex 34.4932 -21.8276 0.29
      vertex 36.9932 -53.6276 0
      vertex 36.9932 -53.6276 0.29
    endloop
  endfacet
  facet normal -0.309027 -0.951053 0
    outer loop
      vertex 32.8881 -19.8801 0
      vertex 33.0706 -19.9394 0.29
      vertex 32.8881 -19.8801 0.29
    endloop
  endfacet
  facet normal -0.309027 -0.951053 -0
    outer loop
      vertex 33.0706 -19.9394 0.29
      vertex 32.8881 -19.8801 0
      vertex 33.0706 -19.9394 0
    endloop
  endfacet
  facet normal 0.130252 -0.991481 0
    outer loop
      vertex -32.682 -19.8334 0
      vertex -32.4917 -19.8084 0.29
      vertex -32.682 -19.8334 0.29
    endloop
  endfacet
  facet normal 0.130252 -0.991481 0
    outer loop
      vertex -32.4917 -19.8084 0.29
      vertex -32.682 -19.8334 0
      vertex -32.4917 -19.8084 0
    endloop
  endfacet
  facet normal 0 1 -0
    outer loop
      vertex 34.8 -56 0
      vertex 29.8953 -56 0.29
      vertex 34.8 -56 0.29
    endloop
  endfacet
  facet normal 0 1 0
    outer loop
      vertex 29.8953 -56 0.29
      vertex 34.8 -56 0
      vertex 29.8953 -56 0
    endloop
  endfacet
  facet normal 0 1 -0
    outer loop
      vertex -29.8953 -56 0
      vertex -34.8 -56 0.29
      vertex -29.8953 -56 0.29
    endloop
  endfacet
  facet normal 0 1 0
    outer loop
      vertex -34.8 -56 0.29
      vertex -29.8953 -56 0
      vertex -34.8 -56 0
    endloop
  endfacet
  facet normal 0 1 -0
    outer loop
      vertex 13.1047 -56 0
      vertex -13.1047 -56 0.29
      vertex 13.1047 -56 0.29
    endloop
  endfacet
  facet normal 0 1 0
    outer loop
      vertex -13.1047 -56 0.29
      vertex 13.1047 -56 0
      vertex -13.1047 -56 0
    endloop
  endfacet
  facet normal 0.601749 0.798685 -0
    outer loop
      vertex -36.0459 -55.6132 0
      vertex -36.1992 -55.4977 0.29
      vertex -36.0459 -55.6132 0.29
    endloop
  endfacet
  facet normal 0.601749 0.798685 0
    outer loop
      vertex -36.1992 -55.4977 0.29
      vertex -36.0459 -55.6132 0
      vertex -36.1992 -55.4977 0
    endloop
  endfacet
  facet normal 0.121918 0.99254 -0
    outer loop
      vertex -34.9724 -55.9932 0
      vertex -35.1629 -55.9698 0.29
      vertex -34.9724 -55.9932 0.29
    endloop
  endfacet
  facet normal 0.121918 0.99254 0
    outer loop
      vertex -35.1629 -55.9698 0.29
      vertex -34.9724 -55.9932 0
      vertex -35.1629 -55.9698 0
    endloop
  endfacet
  facet normal 0.996924 -0.0783745 0
    outer loop
      vertex -36.9932 -53.6276 0.29
      vertex -34.4932 -21.8276 0
      vertex -34.4932 -21.8276 0.29
    endloop
  endfacet
  facet normal 0.996924 -0.0783745 0
    outer loop
      vertex -34.4932 -21.8276 0
      vertex -36.9932 -53.6276 0.29
      vertex -36.9932 -53.6276 0
    endloop
  endfacet
  facet normal -0.0482848 -0.998834 0
    outer loop
      vertex 32.3 -19.8 0
      vertex 32.511 -19.8102 0.29
      vertex 32.3 -19.8 0.29
    endloop
  endfacet
  facet normal -0.0482848 -0.998834 -0
    outer loop
      vertex 32.511 -19.8102 0.29
      vertex 32.3 -19.8 0
      vertex 32.511 -19.8102 0
    endloop
  endfacet
  facet normal -0.927214 -0.374532 0
    outer loop
      vertex 34.3739 -21.2658 0
      vertex 34.302 -21.0878 0.29
      vertex 34.302 -21.0878 0
    endloop
  endfacet
  facet normal -0.927214 -0.374532 0
    outer loop
      vertex 34.302 -21.0878 0.29
      vertex 34.3739 -21.2658 0
      vertex 34.3739 -21.2658 0.29
    endloop
  endfacet
  facet normal 0.382321 -0.92403 0
    outer loop
      vertex -33.2298 -20.0061 0
      vertex -33.0524 -19.9327 0.29
      vertex -33.2298 -20.0061 0.29
    endloop
  endfacet
  facet normal 0.382321 -0.92403 0
    outer loop
      vertex -33.0524 -19.9327 0.29
      vertex -33.2298 -20.0061 0
      vertex -33.0524 -19.9327 0
    endloop
  endfacet
  facet normal -0.139087 -0.99028 0
    outer loop
      vertex 32.511 -19.8102 0
      vertex 32.7011 -19.8369 0.29
      vertex 32.511 -19.8102 0.29
    endloop
  endfacet
  facet normal -0.139087 -0.99028 -0
    outer loop
      vertex 32.7011 -19.8369 0.29
      vertex 32.511 -19.8102 0
      vertex 32.7011 -19.8369 0
    endloop
  endfacet
  facet normal 0.886798 -0.462156 0
    outer loop
      vertex -34.2939 -21.0702 0.29
      vertex -34.2052 -20.9 0
      vertex -34.2052 -20.9 0.29
    endloop
  endfacet
  facet normal 0.886798 -0.462156 0
    outer loop
      vertex -34.2052 -20.9 0
      vertex -34.2939 -21.0702 0.29
      vertex -34.2939 -21.0702 0
    endloop
  endfacet
  facet normal -0.956307 -0.292364 0
    outer loop
      vertex 34.43 -21.4493 0
      vertex 34.3739 -21.2658 0.29
      vertex 34.3739 -21.2658 0
    endloop
  endfacet
  facet normal -0.956307 -0.292364 0
    outer loop
      vertex 34.3739 -21.2658 0.29
      vertex 34.43 -21.4493 0
      vertex 34.43 -21.4493 0.29
    endloop
  endfacet
  facet normal -0.537145 0.84349 0
    outer loop
      vertex 36.0619 -55.6021 0
      vertex 35.9 -55.7052 0.29
      vertex 36.0619 -55.6021 0.29
    endloop
  endfacet
  facet normal -0.537145 0.84349 0
    outer loop
      vertex 35.9 -55.7052 0.29
      vertex 36.0619 -55.6021 0
      vertex 35.9 -55.7052 0
    endloop
  endfacet
  facet normal 0.976236 -0.21671 0
    outer loop
      vertex -34.4666 -21.618 0.29
      vertex -34.425 -21.4306 0
      vertex -34.425 -21.4306 0.29
    endloop
  endfacet
  facet normal 0.976236 -0.21671 0
    outer loop
      vertex -34.425 -21.4306 0
      vertex -34.4666 -21.618 0.29
      vertex -34.4666 -21.618 0
    endloop
  endfacet
  facet normal 0.788088 0.615563 0
    outer loop
      vertex -36.4728 -55.2289 0.29
      vertex -36.5909 -55.0777 0
      vertex -36.5909 -55.0777 0.29
    endloop
  endfacet
  facet normal 0.788088 0.615563 0
    outer loop
      vertex -36.5909 -55.0777 0
      vertex -36.4728 -55.2289 0.29
      vertex -36.4728 -55.2289 0
    endloop
  endfacet
  facet normal -0.615563 -0.788088 0
    outer loop
      vertex 33.5777 -20.2091 0
      vertex 33.7289 -20.3272 0.29
      vertex 33.5777 -20.2091 0.29
    endloop
  endfacet
  facet normal -0.615563 -0.788088 -0
    outer loop
      vertex 33.7289 -20.3272 0.29
      vertex 33.5777 -20.2091 0
      vertex 33.7289 -20.3272 0
    endloop
  endfacet
  facet normal 0.793321 -0.608804 0
    outer loop
      vertex -34.1021 -20.7381 0.29
      vertex -33.9853 -20.5859 0
      vertex -33.9853 -20.5859 0.29
    endloop
  endfacet
  facet normal 0.793321 -0.608804 0
    outer loop
      vertex -33.9853 -20.5859 0
      vertex -34.1021 -20.7381 0.29
      vertex -34.1021 -20.7381 0
    endloop
  endfacet
  facet normal -0.999223 -0.0394125 0
    outer loop
      vertex 37 -53.8 0
      vertex 36.9932 -53.6276 0.29
      vertex 36.9932 -53.6276 0
    endloop
  endfacet
  facet normal -0.999223 -0.0394125 0
    outer loop
      vertex 36.9932 -53.6276 0.29
      vertex 37 -53.8 0
      vertex 37 -53.8 0.29
    endloop
  endfacet
  facet normal -0.953716 0.300707 0
    outer loop
      vertex 36.8673 -54.5524 0
      vertex 36.925 -54.3694 0.29
      vertex 36.925 -54.3694 0
    endloop
  endfacet
  facet normal -0.953716 0.300707 0
    outer loop
      vertex 36.925 -54.3694 0.29
      vertex 36.8673 -54.5524 0
      vertex 36.8673 -54.5524 0.29
    endloop
  endfacet
  facet normal 0.974338 0.225088 0
    outer loop
      vertex -36.9199 -54.3881 0.29
      vertex -36.9631 -54.2011 0
      vertex -36.9631 -54.2011 0.29
    endloop
  endfacet
  facet normal 0.974338 0.225088 0
    outer loop
      vertex -36.9631 -54.2011 0
      vertex -36.9199 -54.3881 0.29
      vertex -36.9199 -54.3881 0
    endloop
  endfacet
  facet normal -0.891067 -0.453871 0
    outer loop
      vertex 34.302 -21.0878 0
      vertex 34.2149 -20.9168 0.29
      vertex 34.2149 -20.9168 0
    endloop
  endfacet
  facet normal -0.891067 -0.453871 0
    outer loop
      vertex 34.2149 -20.9168 0.29
      vertex 34.302 -21.0878 0
      vertex 34.302 -21.0878 0.29
    endloop
  endfacet
  facet normal -0.469587 -0.882886 0
    outer loop
      vertex 33.2473 -20.0144 0
      vertex 33.4167 -20.1045 0.29
      vertex 33.2473 -20.0144 0.29
    endloop
  endfacet
  facet normal -0.469587 -0.882886 -0
    outer loop
      vertex 33.4167 -20.1045 0.29
      vertex 33.2473 -20.0144 0
      vertex 33.4167 -20.1045 0
    endloop
  endfacet
  facet normal 0.99939 -0.0349109 0
    outer loop
      vertex -36.9999 -53.8194 0.29
      vertex -36.9932 -53.6276 0
      vertex -36.9932 -53.6276 0.29
    endloop
  endfacet
  facet normal 0.99939 -0.0349109 0
    outer loop
      vertex -36.9932 -53.6276 0
      vertex -36.9999 -53.8194 0.29
      vertex -36.9999 -53.8194 0
    endloop
  endfacet
  facet normal 0.838563 0.544805 0
    outer loop
      vertex -36.5909 -55.0777 0.29
      vertex -36.6955 -54.9167 0
      vertex -36.6955 -54.9167 0.29
    endloop
  endfacet
  facet normal 0.838563 0.544805 0
    outer loop
      vertex -36.6955 -54.9167 0
      vertex -36.5909 -55.0777 0.29
      vertex -36.5909 -55.0777 0
    endloop
  endfacet
  facet normal 0.92403 -0.382321 0
    outer loop
      vertex -34.3673 -21.2476 0.29
      vertex -34.2939 -21.0702 0
      vertex -34.2939 -21.0702 0.29
    endloop
  endfacet
  facet normal 0.92403 -0.382321 0
    outer loop
      vertex -34.2939 -21.0702 0
      vertex -34.3673 -21.2476 0.29
      vertex -34.3673 -21.2476 0
    endloop
  endfacet
  facet normal 0.21671 -0.976236 0
    outer loop
      vertex -32.8694 -19.875 0
      vertex -32.682 -19.8334 0.29
      vertex -32.8694 -19.875 0.29
    endloop
  endfacet
  facet normal 0.21671 -0.976236 0
    outer loop
      vertex -32.682 -19.8334 0.29
      vertex -32.8694 -19.875 0
      vertex -32.682 -19.8334 0
    endloop
  endfacet
  facet normal 0.292219 0.956352 -0
    outer loop
      vertex -35.3506 -55.93 0
      vertex -35.5342 -55.8739 0.29
      vertex -35.3506 -55.93 0.29
    endloop
  endfacet
  facet normal 0.292219 0.956352 0
    outer loop
      vertex -35.5342 -55.8739 0.29
      vertex -35.3506 -55.93 0
      vertex -35.5342 -55.8739 0
    endloop
  endfacet
  facet normal -0.681928 -0.731419 0
    outer loop
      vertex 33.7289 -20.3272 0
      vertex 33.8693 -20.4581 0.29
      vertex 33.7289 -20.3272 0.29
    endloop
  endfacet
  facet normal -0.681928 -0.731419 -0
    outer loop
      vertex 33.8693 -20.4581 0.29
      vertex 33.7289 -20.3272 0
      vertex 33.8693 -20.4581 0
    endloop
  endfacet
  facet normal 0.45366 0.891175 -0
    outer loop
      vertex -35.7121 -55.802 0
      vertex -35.8832 -55.7149 0.29
      vertex -35.7121 -55.802 0.29
    endloop
  endfacet
  facet normal 0.45366 0.891175 0
    outer loop
      vertex -35.8832 -55.7149 0.29
      vertex -35.7121 -55.802 0
      vertex -35.8832 -55.7149 0
    endloop
  endfacet
  facet normal -0.675701 0.737176 0
    outer loop
      vertex 36.3556 -55.3556 0
      vertex 36.2141 -55.4853 0.29
      vertex 36.3556 -55.3556 0.29
    endloop
  endfacet
  facet normal -0.675701 0.737176 0
    outer loop
      vertex 36.2141 -55.4853 0.29
      vertex 36.3556 -55.3556 0
      vertex 36.2141 -55.4853 0
    endloop
  endfacet
  facet normal -0.39071 -0.920514 0
    outer loop
      vertex 33.0706 -19.9394 0
      vertex 33.2473 -20.0144 0.29
      vertex 33.0706 -19.9394 0.29
    endloop
  endfacet
  facet normal -0.39071 -0.920514 -0
    outer loop
      vertex 33.2473 -20.0144 0.29
      vertex 33.0706 -19.9394 0
      vertex 33.2473 -20.0144 0
    endloop
  endfacet
  facet normal 0.0394125 0.999223 -0
    outer loop
      vertex -34.8 -56 0
      vertex -34.9724 -55.9932 0.29
      vertex -34.8 -56 0.29
    endloop
  endfacet
  facet normal 0.0394125 0.999223 0
    outer loop
      vertex -34.9724 -55.9932 0.29
      vertex -34.8 -56 0
      vertex -34.9724 -55.9932 0
    endloop
  endfacet
  facet normal 0.882886 0.469587 0
    outer loop
      vertex -36.6955 -54.9167 0.29
      vertex -36.7856 -54.7473 0
      vertex -36.7856 -54.7473 0.29
    endloop
  endfacet
  facet normal 0.882886 0.469587 0
    outer loop
      vertex -36.7856 -54.7473 0
      vertex -36.6955 -54.9167 0.29
      vertex -36.6955 -54.9167 0
    endloop
  endfacet
  facet normal -0.978273 -0.207323 0
    outer loop
      vertex 34.4698 -21.6371 0
      vertex 34.43 -21.4493 0.29
      vertex 34.43 -21.4493 0
    endloop
  endfacet
  facet normal -0.978273 -0.207323 0
    outer loop
      vertex 34.43 -21.4493 0.29
      vertex 34.4698 -21.6371 0
      vertex 34.4698 -21.6371 0.29
    endloop
  endfacet
  facet normal -0.462156 0.886798 0
    outer loop
      vertex 35.9 -55.7052 0
      vertex 35.7298 -55.7939 0.29
      vertex 35.9 -55.7052 0.29
    endloop
  endfacet
  facet normal -0.462156 0.886798 0
    outer loop
      vertex 35.7298 -55.7939 0.29
      vertex 35.9 -55.7052 0
      vertex 35.7298 -55.7939 0
    endloop
  endfacet
  facet normal -0.991481 0.130252 0
    outer loop
      vertex 36.9666 -54.182 0
      vertex 36.9916 -53.9917 0.29
      vertex 36.9916 -53.9917 0
    endloop
  endfacet
  facet normal -0.991481 0.130252 0
    outer loop
      vertex 36.9916 -53.9917 0.29
      vertex 36.9666 -54.182 0
      vertex 36.9666 -54.182 0.29
    endloop
  endfacet
  facet normal 0.992043 -0.125899 0
    outer loop
      vertex -34.4932 -21.8276 0.29
      vertex -34.4666 -21.618 0
      vertex -34.4666 -21.618 0.29
    endloop
  endfacet
  facet normal 0.992043 -0.125899 0
    outer loop
      vertex -34.4666 -21.618 0
      vertex -34.4932 -21.8276 0.29
      vertex -34.4932 -21.8276 0
    endloop
  endfacet
  facet normal 0.461747 -0.887012 0
    outer loop
      vertex -33.4 -20.0947 0
      vertex -33.2298 -20.0061 0.29
      vertex -33.4 -20.0947 0.29
    endloop
  endfacet
  facet normal 0.461747 -0.887012 0
    outer loop
      vertex -33.2298 -20.0061 0.29
      vertex -33.4 -20.0947 0
      vertex -33.2298 -20.0061 0
    endloop
  endfacet
  facet normal -0.544805 -0.838563 0
    outer loop
      vertex 33.4167 -20.1045 0
      vertex 33.5777 -20.2091 0.29
      vertex 33.4167 -20.1045 0.29
    endloop
  endfacet
  facet normal -0.544805 -0.838563 -0
    outer loop
      vertex 33.5777 -20.2091 0.29
      vertex 33.4167 -20.1045 0
      vertex 33.5777 -20.2091 0
    endloop
  endfacet
  facet normal -0.976236 0.21671 0
    outer loop
      vertex 36.925 -54.3694 0
      vertex 36.9666 -54.182 0.29
      vertex 36.9666 -54.182 0
    endloop
  endfacet
  facet normal -0.976236 0.21671 0
    outer loop
      vertex 36.9666 -54.182 0.29
      vertex 36.925 -54.3694 0
      vertex 36.925 -54.3694 0.29
    endloop
  endfacet
  facet normal -0.743372 -0.668878 0
    outer loop
      vertex 33.9977 -20.6008 0
      vertex 33.8693 -20.4581 0.29
      vertex 33.8693 -20.4581 0
    endloop
  endfacet
  facet normal -0.743372 -0.668878 0
    outer loop
      vertex 33.8693 -20.4581 0.29
      vertex 33.9977 -20.6008 0
      vertex 33.9977 -20.6008 0.29
    endloop
  endfacet
  facet normal 0.608804 -0.793321 0
    outer loop
      vertex -33.7141 -20.3147 0
      vertex -33.5619 -20.1979 0.29
      vertex -33.7141 -20.3147 0.29
    endloop
  endfacet
  facet normal 0.608804 -0.793321 0
    outer loop
      vertex -33.5619 -20.1979 0.29
      vertex -33.7141 -20.3147 0
      vertex -33.5619 -20.1979 0
    endloop
  endfacet
  facet normal -0.225088 -0.974338 0
    outer loop
      vertex 32.7011 -19.8369 0
      vertex 32.8881 -19.8801 0.29
      vertex 32.7011 -19.8369 0.29
    endloop
  endfacet
  facet normal -0.225088 -0.974338 -0
    outer loop
      vertex 32.8881 -19.8801 0.29
      vertex 32.7011 -19.8369 0
      vertex 32.8881 -19.8801 0
    endloop
  endfacet
  facet normal 0.675701 -0.737176 0
    outer loop
      vertex -33.8556 -20.4444 0
      vertex -33.7141 -20.3147 0.29
      vertex -33.8556 -20.4444 0.29
    endloop
  endfacet
  facet normal 0.675701 -0.737176 0
    outer loop
      vertex -33.7141 -20.3147 0.29
      vertex -33.8556 -20.4444 0
      vertex -33.7141 -20.3147 0
    endloop
  endfacet
  facet normal -0.382321 0.92403 0
    outer loop
      vertex 35.7298 -55.7939 0
      vertex 35.5524 -55.8673 0.29
      vertex 35.7298 -55.7939 0.29
    endloop
  endfacet
  facet normal -0.382321 0.92403 0
    outer loop
      vertex 35.5524 -55.8673 0.29
      vertex 35.7298 -55.7939 0
      vertex 35.5524 -55.8673 0
    endloop
  endfacet
  facet normal -0.300707 0.953716 0
    outer loop
      vertex 35.5524 -55.8673 0
      vertex 35.3694 -55.925 0.29
      vertex 35.5524 -55.8673 0.29
    endloop
  endfacet
  facet normal -0.300707 0.953716 0
    outer loop
      vertex 35.3694 -55.925 0.29
      vertex 35.5524 -55.8673 0
      vertex 35.3694 -55.925 0
    endloop
  endfacet
  facet normal -0.886798 0.462156 0
    outer loop
      vertex 36.7052 -54.9 0
      vertex 36.7939 -54.7298 0.29
      vertex 36.7939 -54.7298 0
    endloop
  endfacet
  facet normal -0.886798 0.462156 0
    outer loop
      vertex 36.7939 -54.7298 0.29
      vertex 36.7052 -54.9 0
      vertex 36.7052 -54.9 0.29
    endloop
  endfacet
  facet normal 0.737176 -0.675701 0
    outer loop
      vertex -33.9853 -20.5859 0.29
      vertex -33.8556 -20.4444 0
      vertex -33.8556 -20.4444 0.29
    endloop
  endfacet
  facet normal 0.737176 -0.675701 0
    outer loop
      vertex -33.8556 -20.4444 0
      vertex -33.9853 -20.5859 0.29
      vertex -33.9853 -20.5859 0
    endloop
  endfacet
  facet normal -0.130252 0.991481 0
    outer loop
      vertex 35.182 -55.9666 0
      vertex 34.9917 -55.9916 0.29
      vertex 35.182 -55.9666 0.29
    endloop
  endfacet
  facet normal -0.130252 0.991481 0
    outer loop
      vertex 34.9917 -55.9916 0.29
      vertex 35.182 -55.9666 0
      vertex 34.9917 -55.9916 0
    endloop
  endfacet
  facet normal 0.300707 -0.953716 0
    outer loop
      vertex -33.0524 -19.9327 0
      vertex -32.8694 -19.875 0.29
      vertex -33.0524 -19.9327 0.29
    endloop
  endfacet
  facet normal 0.300707 -0.953716 0
    outer loop
      vertex -32.8694 -19.875 0.29
      vertex -33.0524 -19.9327 0
      vertex -32.8694 -19.875 0
    endloop
  endfacet
  facet normal 0.951053 0.309027 0
    outer loop
      vertex -36.8606 -54.5706 0.29
      vertex -36.9199 -54.3881 0
      vertex -36.9199 -54.3881 0.29
    endloop
  endfacet
  facet normal 0.951053 0.309027 0
    outer loop
      vertex -36.9199 -54.3881 0
      vertex -36.8606 -54.5706 0.29
      vertex -36.8606 -54.5706 0
    endloop
  endfacet
  facet normal -0.84349 0.537145 0
    outer loop
      vertex 36.6021 -55.0619 0
      vertex 36.7052 -54.9 0.29
      vertex 36.7052 -54.9 0
    endloop
  endfacet
  facet normal -0.84349 0.537145 0
    outer loop
      vertex 36.7052 -54.9 0.29
      vertex 36.6021 -55.0619 0
      vertex 36.6021 -55.0619 0.29
    endloop
  endfacet
  facet normal -0.798685 -0.601749 0
    outer loop
      vertex 34.1132 -20.7541 0
      vertex 33.9977 -20.6008 0.29
      vertex 33.9977 -20.6008 0
    endloop
  endfacet
  facet normal -0.798685 -0.601749 0
    outer loop
      vertex 33.9977 -20.6008 0.29
      vertex 34.1132 -20.7541 0
      vertex 34.1132 -20.7541 0.29
    endloop
  endfacet
  facet normal 0.668878 0.743372 -0
    outer loop
      vertex -36.1992 -55.4977 0
      vertex -36.3419 -55.3693 0.29
      vertex -36.1992 -55.4977 0.29
    endloop
  endfacet
  facet normal 0.668878 0.743372 0
    outer loop
      vertex -36.3419 -55.3693 0.29
      vertex -36.1992 -55.4977 0
      vertex -36.3419 -55.3693 0
    endloop
  endfacet
  facet normal 0.537516 -0.843254 0
    outer loop
      vertex -33.5619 -20.1979 0
      vertex -33.4 -20.0947 0.29
      vertex -33.5619 -20.1979 0.29
    endloop
  endfacet
  facet normal 0.537516 -0.843254 0
    outer loop
      vertex -33.4 -20.0947 0.29
      vertex -33.5619 -20.1979 0
      vertex -33.4 -20.0947 0
    endloop
  endfacet
  facet normal 0.84349 -0.537145 0
    outer loop
      vertex -34.2052 -20.9 0.29
      vertex -34.1021 -20.7381 0
      vertex -34.1021 -20.7381 0.29
    endloop
  endfacet
  facet normal 0.84349 -0.537145 0
    outer loop
      vertex -34.1021 -20.7381 0
      vertex -34.2052 -20.9 0.29
      vertex -34.2052 -20.9 0
    endloop
  endfacet
  facet normal 0.530046 0.847969 -0
    outer loop
      vertex -35.8832 -55.7149 0
      vertex -36.0459 -55.6132 0.29
      vertex -35.8832 -55.7149 0.29
    endloop
  endfacet
  facet normal 0.530046 0.847969 0
    outer loop
      vertex -36.0459 -55.6132 0.29
      vertex -35.8832 -55.7149 0
      vertex -36.0459 -55.6132 0
    endloop
  endfacet
  facet normal -0.21671 0.976236 0
    outer loop
      vertex 35.3694 -55.925 0
      vertex 35.182 -55.9666 0.29
      vertex 35.3694 -55.925 0.29
    endloop
  endfacet
  facet normal -0.21671 0.976236 0
    outer loop
      vertex 35.182 -55.9666 0.29
      vertex 35.3694 -55.925 0
      vertex 35.182 -55.9666 0
    endloop
  endfacet
  facet normal -0.608804 0.793321 0
    outer loop
      vertex 36.2141 -55.4853 0
      vertex 36.0619 -55.6021 0.29
      vertex 36.2141 -55.4853 0.29
    endloop
  endfacet
  facet normal -0.608804 0.793321 0
    outer loop
      vertex 36.0619 -55.6021 0.29
      vertex 36.2141 -55.4853 0
      vertex 36.0619 -55.6021 0
    endloop
  endfacet
  facet normal -0.793321 0.608804 0
    outer loop
      vertex 36.4853 -55.2141 0
      vertex 36.6021 -55.0619 0.29
      vertex 36.6021 -55.0619 0
    endloop
  endfacet
  facet normal -0.793321 0.608804 0
    outer loop
      vertex 36.6021 -55.0619 0.29
      vertex 36.4853 -55.2141 0
      vertex 36.4853 -55.2141 0.29
    endloop
  endfacet
  facet normal 0.998614 0.0526409 0
    outer loop
      vertex -36.9898 -54.011 0.29
      vertex -36.9999 -53.8194 0
      vertex -36.9999 -53.8194 0.29
    endloop
  endfacet
  facet normal 0.998614 0.0526409 0
    outer loop
      vertex -36.9999 -53.8194 0
      vertex -36.9898 -54.011 0.29
      vertex -36.9898 -54.011 0
    endloop
  endfacet
  facet normal -0.99254 -0.121918 0
    outer loop
      vertex 34.4932 -21.8276 0
      vertex 34.4698 -21.6371 0.29
      vertex 34.4698 -21.6371 0
    endloop
  endfacet
  facet normal -0.99254 -0.121918 0
    outer loop
      vertex 34.4698 -21.6371 0.29
      vertex 34.4932 -21.8276 0
      vertex 34.4932 -21.8276 0.29
    endloop
  endfacet
  facet normal 0 0 -1
    outer loop
      vertex -32.3 -19.8 0.29
      vertex -33.7141 -20.3147 0.29
      vertex -33.5619 -20.1979 0.29
    endloop
  endfacet
  facet normal 0 0 -1
    outer loop
      vertex -33.4045 -46.4585 0.29
      vertex -34.4932 -21.8276 0.29
      vertex -33.7141 -20.3147 0.29
    endloop
  endfacet
  facet normal 0 0 -1
    outer loop
      vertex -33.7141 -20.3147 0.29
      vertex -34.4932 -21.8276 0.29
      vertex -33.8556 -20.4444 0.29
    endloop
  endfacet
  facet normal 0 0 -1
    outer loop
      vertex -33.8556 -20.4444 0.29
      vertex -34.4932 -21.8276 0.29
      vertex -33.9853 -20.5859 0.29
    endloop
  endfacet
  facet normal 0 0 -1
    outer loop
      vertex -33.9853 -20.5859 0.29
      vertex -34.4932 -21.8276 0.29
      vertex -34.1021 -20.7381 0.29
    endloop
  endfacet
  facet normal 0 0 -1
    outer loop
      vertex -34.1021 -20.7381 0.29
      vertex -34.4932 -21.8276 0.29
      vertex -34.2052 -20.9 0.29
    endloop
  endfacet
  facet normal 0 0 -1
    outer loop
      vertex -34.2052 -20.9 0.29
      vertex -34.4932 -21.8276 0.29
      vertex -34.2939 -21.0702 0.29
    endloop
  endfacet
  facet normal 0 0 -1
    outer loop
      vertex -34.2939 -21.0702 0.29
      vertex -34.4932 -21.8276 0.29
      vertex -34.3673 -21.2476 0.29
    endloop
  endfacet
  facet normal 0 0 -1
    outer loop
      vertex -34.3673 -21.2476 0.29
      vertex -34.4932 -21.8276 0.29
      vertex -34.425 -21.4306 0.29
    endloop
  endfacet
  facet normal 0 0 -1
    outer loop
      vertex -34.425 -21.4306 0.29
      vertex -34.4932 -21.8276 0.29
      vertex -34.4666 -21.618 0.29
    endloop
  endfacet
  facet normal 0 0 -1
    outer loop
      vertex -34.8 -56 0.29
      vertex -29.9499 -55.9499 0.29
      vertex -29.8953 -56 0.29
    endloop
  endfacet
  facet normal 0 0 -1
    outer loop
      vertex -34.8 -56 0.29
      vertex -30.6542 -55.1813 0.29
      vertex -29.9499 -55.9499 0.29
    endloop
  endfacet
  facet normal 0 0 -1
    outer loop
      vertex -34.8 -56 0.29
      vertex -31.2889 -54.3542 0.29
      vertex -30.6542 -55.1813 0.29
    endloop
  endfacet
  facet normal 0 0 -1
    outer loop
      vertex -34.8 -56 0.29
      vertex -31.849 -53.475 0.29
      vertex -31.2889 -54.3542 0.29
    endloop
  endfacet
  facet normal 0 0 -1
    outer loop
      vertex -34.8 -56 0.29
      vertex -32.3304 -52.5503 0.29
      vertex -31.849 -53.475 0.29
    endloop
  endfacet
  facet normal 0 0 -1
    outer loop
      vertex -36.9932 -53.6276 0.29
      vertex -32.3304 -52.5503 0.29
      vertex -34.8 -56 0.29
    endloop
  endfacet
  facet normal -0 0 -1
    outer loop
      vertex -32.3304 -52.5503 0.29
      vertex -36.9932 -53.6276 0.29
      vertex -32.7293 -51.5871 0.29
    endloop
  endfacet
  facet normal -0 0 -1
    outer loop
      vertex -32.7293 -51.5871 0.29
      vertex -36.9932 -53.6276 0.29
      vertex -33.0428 -50.5929 0.29
    endloop
  endfacet
  facet normal -0 0 -1
    outer loop
      vertex -33.0428 -50.5929 0.29
      vertex -36.9932 -53.6276 0.29
      vertex -33.2685 -49.5751 0.29
    endloop
  endfacet
  facet normal -0 0 -1
    outer loop
      vertex -33.2685 -49.5751 0.29
      vertex -36.9932 -53.6276 0.29
      vertex -33.4045 -48.5415 0.29
    endloop
  endfacet
  facet normal -0 0 -1
    outer loop
      vertex -33.4045 -48.5415 0.29
      vertex -36.9932 -53.6276 0.29
      vertex -33.45 -47.5 0.29
    endloop
  endfacet
  facet normal 0 0 -1
    outer loop
      vertex -36.9932 -53.6276 0.29
      vertex -34.8 -56 0.29
      vertex -34.9724 -55.9932 0.29
    endloop
  endfacet
  facet normal 0 0 -1
    outer loop
      vertex -36.9932 -53.6276 0.29
      vertex -34.9724 -55.9932 0.29
      vertex -35.1629 -55.9698 0.29
    endloop
  endfacet
  facet normal 0 0 -1
    outer loop
      vertex -36.9932 -53.6276 0.29
      vertex -35.1629 -55.9698 0.29
      vertex -35.3506 -55.93 0.29
    endloop
  endfacet
  facet normal 0 0 -1
    outer loop
      vertex -36.9932 -53.6276 0.29
      vertex -35.3506 -55.93 0.29
      vertex -35.5342 -55.8739 0.29
    endloop
  endfacet
  facet normal 0 0 -1
    outer loop
      vertex -36.9932 -53.6276 0.29
      vertex -35.5342 -55.8739 0.29
      vertex -35.7121 -55.802 0.29
    endloop
  endfacet
  facet normal 0 0 -1
    outer loop
      vertex -36.9932 -53.6276 0.29
      vertex -35.7121 -55.802 0.29
      vertex -35.8832 -55.7149 0.29
    endloop
  endfacet
  facet normal 0 0 -1
    outer loop
      vertex -36.9932 -53.6276 0.29
      vertex -35.8832 -55.7149 0.29
      vertex -36.0459 -55.6132 0.29
    endloop
  endfacet
  facet normal 0 0 -1
    outer loop
      vertex -36.9932 -53.6276 0.29
      vertex -36.0459 -55.6132 0.29
      vertex -36.1992 -55.4977 0.29
    endloop
  endfacet
  facet normal 0 0 -1
    outer loop
      vertex -36.9932 -53.6276 0.29
      vertex -36.1992 -55.4977 0.29
      vertex -36.3419 -55.3693 0.29
    endloop
  endfacet
  facet normal 0 0 -1
    outer loop
      vertex -36.9932 -53.6276 0.29
      vertex -36.3419 -55.3693 0.29
      vertex -36.4728 -55.2289 0.29
    endloop
  endfacet
  facet normal 0 0 -1
    outer loop
      vertex -36.9932 -53.6276 0.29
      vertex -36.4728 -55.2289 0.29
      vertex -36.5909 -55.0777 0.29
    endloop
  endfacet
  facet normal 0 0 -1
    outer loop
      vertex -36.9932 -53.6276 0.29
      vertex -36.5909 -55.0777 0.29
      vertex -36.6955 -54.9167 0.29
    endloop
  endfacet
  facet normal 0 0 -1
    outer loop
      vertex -36.9932 -53.6276 0.29
      vertex -36.6955 -54.9167 0.29
      vertex -36.7856 -54.7473 0.29
    endloop
  endfacet
  facet normal 0 0 -1
    outer loop
      vertex -36.9932 -53.6276 0.29
      vertex -36.7856 -54.7473 0.29
      vertex -36.8606 -54.5706 0.29
    endloop
  endfacet
  facet normal 0 0 -1
    outer loop
      vertex -36.9932 -53.6276 0.29
      vertex -36.8606 -54.5706 0.29
      vertex -36.9199 -54.3881 0.29
    endloop
  endfacet
  facet normal 0 0 -1
    outer loop
      vertex -36.9932 -53.6276 0.29
      vertex -36.9199 -54.3881 0.29
      vertex -36.9631 -54.2011 0.29
    endloop
  endfacet
  facet normal 0 0 -1
    outer loop
      vertex -36.9932 -53.6276 0.29
      vertex -36.9631 -54.2011 0.29
      vertex -36.9898 -54.011 0.29
    endloop
  endfacet
  facet normal -0 0 -1
    outer loop
      vertex -33.4045 -46.4585 0.29
      vertex -36.9932 -53.6276 0.29
      vertex -34.4932 -21.8276 0.29
    endloop
  endfacet
  facet normal 0 -0 -1
    outer loop
      vertex -36.9932 -53.6276 0.29
      vertex -36.9898 -54.011 0.29
      vertex -36.9999 -53.8194 0.29
    endloop
  endfacet
  facet normal 0 0 -1
    outer loop
      vertex -4.5 -41 0.29
      vertex 4.5 -38.7 0.29
      vertex 4.5 -41 0.29
    endloop
  endfacet
  facet normal -0 0 -1
    outer loop
      vertex 4.5 -38.7 0.29
      vertex -4.5 -41 0.29
      vertex -4.5 -38.7 0.29
    endloop
  endfacet
  facet normal 0 0 -1
    outer loop
      vertex -4.5 -44.2 0.29
      vertex 4.5 -41.9 0.29
      vertex 4.5 -44.2 0.29
    endloop
  endfacet
  facet normal -0 0 -1
    outer loop
      vertex 4.5 -41.9 0.29
      vertex -4.5 -44.2 0.29
      vertex -4.5 -41.9 0.29
    endloop
  endfacet
  facet normal 0 0 -1
    outer loop
      vertex -4.5 -47.4 0.29
      vertex 4.5 -45.1 0.29
      vertex 4.5 -47.4 0.29
    endloop
  endfacet
  facet normal -0 0 -1
    outer loop
      vertex 4.5 -45.1 0.29
      vertex -4.5 -47.4 0.29
      vertex -4.5 -45.1 0.29
    endloop
  endfacet
  facet normal 0 0 -1
    outer loop
      vertex 9.59547 -48.5415 0.29
      vertex 4.5 -48.3 0.29
      vertex 9.55 -47.5 0.29
    endloop
  endfacet
  facet normal 0 0 -1
    outer loop
      vertex 9.73155 -49.5751 0.29
      vertex 4.5 -48.3 0.29
      vertex 9.59547 -48.5415 0.29
    endloop
  endfacet
  facet normal 0 0 -1
    outer loop
      vertex 9.95719 -50.5929 0.29
      vertex 4.5 -48.3 0.29
      vertex 9.73155 -49.5751 0.29
    endloop
  endfacet
  facet normal 0 0 -1
    outer loop
      vertex 10.2707 -51.5871 0.29
      vertex 4.5 -48.3 0.29
      vertex 9.95719 -50.5929 0.29
    endloop
  endfacet
  facet normal 0 0 -1
    outer loop
      vertex 10.6696 -52.5503 0.29
      vertex 4.5 -48.3 0.29
      vertex 10.2707 -51.5871 0.29
    endloop
  endfacet
  facet normal 0 0 -1
    outer loop
      vertex 11.151 -53.475 0.29
      vertex 4.5 -48.3 0.29
      vertex 10.6696 -52.5503 0.29
    endloop
  endfacet
  facet normal 0 0 -1
    outer loop
      vertex -11.151 -53.475 0.29
      vertex 11.151 -53.475 0.29
      vertex 11.7111 -54.3542 0.29
    endloop
  endfacet
  facet normal 0 0 -1
    outer loop
      vertex -11.7111 -54.3542 0.29
      vertex 11.7111 -54.3542 0.29
      vertex 12.3458 -55.1813 0.29
    endloop
  endfacet
  facet normal 0 0 -1
    outer loop
      vertex -12.3458 -55.1813 0.29
      vertex 12.3458 -55.1813 0.29
      vertex 13.0501 -55.9499 0.29
    endloop
  endfacet
  facet normal 0 0 -1
    outer loop
      vertex -13.0501 -55.9499 0.29
      vertex 13.0501 -55.9499 0.29
      vertex 13.1047 -56 0.29
    endloop
  endfacet
  facet normal 0 -0 -1
    outer loop
      vertex -11.151 -53.475 0.29
      vertex 11.7111 -54.3542 0.29
      vertex -11.7111 -54.3542 0.29
    endloop
  endfacet
  facet normal 0 0 -1
    outer loop
      vertex -9.55 -47.5 0.29
      vertex -4.5 -47.4 0.29
      vertex -4.5 -48.3 0.29
    endloop
  endfacet
  facet normal 0 0 -1
    outer loop
      vertex -4.5 -47.4 0.29
      vertex -9.59547 -46.4585 0.29
      vertex -4.5 -45.1 0.29
    endloop
  endfacet
  facet normal 0 0 -1
    outer loop
      vertex -9.73155 -45.4249 0.29
      vertex -4.5 -45.1 0.29
      vertex -9.59547 -46.4585 0.29
    endloop
  endfacet
  facet normal 0 0 -1
    outer loop
      vertex -9.95719 -44.4071 0.29
      vertex -4.5 -44.2 0.29
      vertex -9.73155 -45.4249 0.29
    endloop
  endfacet
  facet normal -0 0 -1
    outer loop
      vertex -4.5 -44.2 0.29
      vertex -9.95719 -44.4071 0.29
      vertex -4.5 -41.9 0.29
    endloop
  endfacet
  facet normal 0 0 -1
    outer loop
      vertex -10.6696 -42.4497 0.29
      vertex -4.5 -41.9 0.29
      vertex -10.2707 -43.4129 0.29
    endloop
  endfacet
  facet normal -0 0 -1
    outer loop
      vertex -4.5 -47.4 0.29
      vertex -9.55 -47.5 0.29
      vertex -9.59547 -46.4585 0.29
    endloop
  endfacet
  facet normal -0 0 -1
    outer loop
      vertex 4.5 -48.3 0.29
      vertex -11.151 -53.475 0.29
      vertex -4.5 -48.3 0.29
    endloop
  endfacet
  facet normal -0 0 -1
    outer loop
      vertex -4.5 -48.3 0.29
      vertex -9.59547 -48.5415 0.29
      vertex -9.55 -47.5 0.29
    endloop
  endfacet
  facet normal 0 0 -1
    outer loop
      vertex -4.5 -48.3 0.29
      vertex -9.73155 -49.5751 0.29
      vertex -9.59547 -48.5415 0.29
    endloop
  endfacet
  facet normal 0 0 -1
    outer loop
      vertex -4.5 -48.3 0.29
      vertex -9.95719 -50.5929 0.29
      vertex -9.73155 -49.5751 0.29
    endloop
  endfacet
  facet normal 0 0 -1
    outer loop
      vertex -4.5 -48.3 0.29
      vertex -10.2707 -51.5871 0.29
      vertex -9.95719 -50.5929 0.29
    endloop
  endfacet
  facet normal 0 0 -1
    outer loop
      vertex -4.5 -48.3 0.29
      vertex -10.6696 -52.5503 0.29
      vertex -10.2707 -51.5871 0.29
    endloop
  endfacet
  facet normal 0 0 -1
    outer loop
      vertex -4.5 -48.3 0.29
      vertex -11.151 -53.475 0.29
      vertex -10.6696 -52.5503 0.29
    endloop
  endfacet
  facet normal 0 0 -1
    outer loop
      vertex 11.151 -53.475 0.29
      vertex -11.151 -53.475 0.29
      vertex 4.5 -48.3 0.29
    endloop
  endfacet
  facet normal 0 0 -1
    outer loop
      vertex 12.3458 -55.1813 0.29
      vertex -12.3458 -55.1813 0.29
      vertex -11.7111 -54.3542 0.29
    endloop
  endfacet
  facet normal 0 0 -1
    outer loop
      vertex 13.0501 -55.9499 0.29
      vertex -13.0501 -55.9499 0.29
      vertex -12.3458 -55.1813 0.29
    endloop
  endfacet
  facet normal 0 -0 -1
    outer loop
      vertex -13.0501 -55.9499 0.29
      vertex 13.1047 -56 0.29
      vertex -13.1047 -56 0.29
    endloop
  endfacet
  facet normal 0 0 -1
    outer loop
      vertex 32.3 -19.8 0.29
      vertex 28.2294 -21.7906 0.29
      vertex 28.25 -21.32 0.29
    endloop
  endfacet
  facet normal -0 0 -1
    outer loop
      vertex 34.4932 -21.8276 0.29
      vertex 28.168 -22.2577 0.29
      vertex 28.2294 -21.7906 0.29
    endloop
  endfacet
  facet normal 0 0 -1
    outer loop
      vertex 34.4932 -21.8276 0.29
      vertex 28.066 -22.7176 0.29
      vertex 28.168 -22.2577 0.29
    endloop
  endfacet
  facet normal 0 0 -1
    outer loop
      vertex 34.4932 -21.8276 0.29
      vertex 27.9243 -23.1669 0.29
      vertex 28.066 -22.7176 0.29
    endloop
  endfacet
  facet normal 0 0 -1
    outer loop
      vertex 34.4932 -21.8276 0.29
      vertex 27.744 -23.6021 0.29
      vertex 27.9243 -23.1669 0.29
    endloop
  endfacet
  facet normal 0 0 -1
    outer loop
      vertex 34.4932 -21.8276 0.29
      vertex 27.5265 -24.02 0.29
      vertex 27.744 -23.6021 0.29
    endloop
  endfacet
  facet normal 0 0 -1
    outer loop
      vertex 26.6684 -25.1384 0.29
      vertex 28.3542 -37.7111 0.29
      vertex 27.475 -37.151 0.29
    endloop
  endfacet
  facet normal 0 0 -1
    outer loop
      vertex 34.4932 -21.8276 0.29
      vertex 27.2734 -24.4173 0.29
      vertex 27.5265 -24.02 0.29
    endloop
  endfacet
  facet normal 0 0 -1
    outer loop
      vertex 34.4932 -21.8276 0.29
      vertex 26.9866 -24.791 0.29
      vertex 27.2734 -24.4173 0.29
    endloop
  endfacet
  facet normal 0 0 -1
    outer loop
      vertex 28.3542 -37.7111 0.29
      vertex 26.6684 -25.1384 0.29
      vertex 26.9866 -24.791 0.29
    endloop
  endfacet
  facet normal 0 0 -1
    outer loop
      vertex 25.9473 -25.7434 0.29
      vertex 27.475 -37.151 0.29
      vertex 26.5503 -36.6696 0.29
    endloop
  endfacet
  facet normal 0 0 -1
    outer loop
      vertex 27.475 -37.151 0.29
      vertex 26.321 -25.4566 0.29
      vertex 26.6684 -25.1384 0.29
    endloop
  endfacet
  facet normal 0 0 -1
    outer loop
      vertex 27.475 -37.151 0.29
      vertex 25.9473 -25.7434 0.29
      vertex 26.321 -25.4566 0.29
    endloop
  endfacet
  facet normal 0 0 -1
    outer loop
      vertex 25.55 -25.9965 0.29
      vertex 26.5503 -36.6696 0.29
      vertex 25.5871 -36.2707 0.29
    endloop
  endfacet
  facet normal 0 0 -1
    outer loop
      vertex 26.5503 -36.6696 0.29
      vertex 25.55 -25.9965 0.29
      vertex 25.9473 -25.7434 0.29
    endloop
  endfacet
  facet normal 0 0 -1
    outer loop
      vertex 25.5871 -36.2707 0.29
      vertex 25.1321 -26.214 0.29
      vertex 25.55 -25.9965 0.29
    endloop
  endfacet
  facet normal 0 0 -1
    outer loop
      vertex 25.5871 -36.2707 0.29
      vertex 24.6969 -26.3943 0.29
      vertex 25.1321 -26.214 0.29
    endloop
  endfacet
  facet normal 0 0 -1
    outer loop
      vertex 24.5929 -35.9572 0.29
      vertex 24.6969 -26.3943 0.29
      vertex 25.5871 -36.2707 0.29
    endloop
  endfacet
  facet normal 0 0 -1
    outer loop
      vertex 24.5929 -35.9572 0.29
      vertex 24.2476 -26.536 0.29
      vertex 24.6969 -26.3943 0.29
    endloop
  endfacet
  facet normal 0 0 -1
    outer loop
      vertex 23.5751 -35.7315 0.29
      vertex 24.2476 -26.536 0.29
      vertex 24.5929 -35.9572 0.29
    endloop
  endfacet
  facet normal 0 0 -1
    outer loop
      vertex 24.2476 -26.536 0.29
      vertex 23.5751 -35.7315 0.29
      vertex 23.7877 -26.638 0.29
    endloop
  endfacet
  facet normal 0 0 -1
    outer loop
      vertex 23.5751 -35.7315 0.29
      vertex 23.3206 -26.6994 0.29
      vertex 23.7877 -26.638 0.29
    endloop
  endfacet
  facet normal 0 0 -1
    outer loop
      vertex 22.5415 -35.5955 0.29
      vertex 23.3206 -26.6994 0.29
      vertex 23.5751 -35.7315 0.29
    endloop
  endfacet
  facet normal 0 0 -1
    outer loop
      vertex 23.3206 -26.6994 0.29
      vertex 22.5415 -35.5955 0.29
      vertex 22.85 -26.72 0.29
    endloop
  endfacet
  facet normal 0 0 -1
    outer loop
      vertex 21.5 -35.55 0.29
      vertex 22.85 -26.72 0.29
      vertex 22.5415 -35.5955 0.29
    endloop
  endfacet
  facet normal 0 0 -1
    outer loop
      vertex 20.4585 -35.5955 0.29
      vertex 22.85 -26.72 0.29
      vertex 21.5 -35.55 0.29
    endloop
  endfacet
  facet normal 0 0 -1
    outer loop
      vertex 19.4249 -35.7315 0.29
      vertex 22.85 -26.72 0.29
      vertex 20.4585 -35.5955 0.29
    endloop
  endfacet
  facet normal 0 0 -1
    outer loop
      vertex 18.4071 -35.9572 0.29
      vertex 22.85 -26.72 0.29
      vertex 19.4249 -35.7315 0.29
    endloop
  endfacet
  facet normal 0 0 -1
    outer loop
      vertex 17.4129 -36.2707 0.29
      vertex 22.85 -26.72 0.29
      vertex 18.4071 -35.9572 0.29
    endloop
  endfacet
  facet normal 0 0 -1
    outer loop
      vertex 16.4497 -36.6696 0.29
      vertex 22.85 -26.72 0.29
      vertex 17.4129 -36.2707 0.29
    endloop
  endfacet
  facet normal 0 0 -1
    outer loop
      vertex 15.525 -37.151 0.29
      vertex 22.85 -26.72 0.29
      vertex 16.4497 -36.6696 0.29
    endloop
  endfacet
  facet normal 0 0 -1
    outer loop
      vertex 4.5 -37.8 0.29
      vertex 15.525 -37.151 0.29
      vertex 14.6458 -37.7111 0.29
    endloop
  endfacet
  facet normal 0 0 -1
    outer loop
      vertex 4.5 -37.8 0.29
      vertex 14.6458 -37.7111 0.29
      vertex 13.8187 -38.3458 0.29
    endloop
  endfacet
  facet normal 0 0 -1
    outer loop
      vertex 4.5 -37.8 0.29
      vertex 13.8187 -38.3458 0.29
      vertex 13.0501 -39.0501 0.29
    endloop
  endfacet
  facet normal 0 0 -1
    outer loop
      vertex 4.5 -37.8 0.29
      vertex 13.0501 -39.0501 0.29
      vertex 12.3458 -39.8187 0.29
    endloop
  endfacet
  facet normal 0 0 -1
    outer loop
      vertex 4.5 -47.4 0.29
      vertex 9.55 -47.5 0.29
      vertex 4.5 -48.3 0.29
    endloop
  endfacet
  facet normal 0 0 -1
    outer loop
      vertex 9.55 -47.5 0.29
      vertex 4.5 -47.4 0.29
      vertex 9.59547 -46.4585 0.29
    endloop
  endfacet
  facet normal 0 0 -1
    outer loop
      vertex 4.5 -45.1 0.29
      vertex 9.59547 -46.4585 0.29
      vertex 4.5 -47.4 0.29
    endloop
  endfacet
  facet normal 0 0 -1
    outer loop
      vertex 9.59547 -46.4585 0.29
      vertex 4.5 -45.1 0.29
      vertex 9.73155 -45.4249 0.29
    endloop
  endfacet
  facet normal 0 0 -1
    outer loop
      vertex 4.5 -44.2 0.29
      vertex 9.73155 -45.4249 0.29
      vertex 4.5 -45.1 0.29
    endloop
  endfacet
  facet normal 0 0 -1
    outer loop
      vertex 9.73155 -45.4249 0.29
      vertex 4.5 -44.2 0.29
      vertex 9.95719 -44.4071 0.29
    endloop
  endfacet
  facet normal 0 0 -1
    outer loop
      vertex 4.5 -41.9 0.29
      vertex 9.95719 -44.4071 0.29
      vertex 4.5 -44.2 0.29
    endloop
  endfacet
  facet normal 0 0 -1
    outer loop
      vertex 9.95719 -44.4071 0.29
      vertex 4.5 -41.9 0.29
      vertex 10.2707 -43.4129 0.29
    endloop
  endfacet
  facet normal 0 0 -1
    outer loop
      vertex 10.2707 -43.4129 0.29
      vertex 4.5 -41.9 0.29
      vertex 10.6696 -42.4497 0.29
    endloop
  endfacet
  facet normal 0 0 -1
    outer loop
      vertex 4.5 -41 0.29
      vertex 10.6696 -42.4497 0.29
      vertex 4.5 -41.9 0.29
    endloop
  endfacet
  facet normal 0 0 -1
    outer loop
      vertex 10.6696 -42.4497 0.29
      vertex 4.5 -41 0.29
      vertex 11.151 -41.525 0.29
    endloop
  endfacet
  facet normal 0 0 -1
    outer loop
      vertex 4.5 -38.7 0.29
      vertex 11.151 -41.525 0.29
      vertex 4.5 -41 0.29
    endloop
  endfacet
  facet normal 0 0 -1
    outer loop
      vertex 11.151 -41.525 0.29
      vertex 4.5 -38.7 0.29
      vertex 11.7111 -40.6458 0.29
    endloop
  endfacet
  facet normal 0 0 -1
    outer loop
      vertex 4.5 -37.8 0.29
      vertex 11.7111 -40.6458 0.29
      vertex 4.5 -38.7 0.29
    endloop
  endfacet
  facet normal 0 0 -1
    outer loop
      vertex 11.7111 -40.6458 0.29
      vertex 4.5 -37.8 0.29
      vertex 12.3458 -39.8187 0.29
    endloop
  endfacet
  facet normal -0 0 -1
    outer loop
      vertex 15.525 -37.151 0.29
      vertex 4.5 -37.8 0.29
      vertex 22.85 -26.72 0.29
    endloop
  endfacet
  facet normal 0 0 -1
    outer loop
      vertex -4.5 -37.8 0.29
      vertex 22.85 -26.72 0.29
      vertex 4.5 -37.8 0.29
    endloop
  endfacet
  facet normal -0 0 -1
    outer loop
      vertex -4.5 -45.1 0.29
      vertex -9.73155 -45.4249 0.29
      vertex -4.5 -44.2 0.29
    endloop
  endfacet
  facet normal 0 0 -1
    outer loop
      vertex -10.2707 -43.4129 0.29
      vertex -4.5 -41.9 0.29
      vertex -9.95719 -44.4071 0.29
    endloop
  endfacet
  facet normal -0 0 -1
    outer loop
      vertex -4.5 -41.9 0.29
      vertex -10.6696 -42.4497 0.29
      vertex -4.5 -41 0.29
    endloop
  endfacet
  facet normal 0 0 -1
    outer loop
      vertex -11.151 -41.525 0.29
      vertex -4.5 -41 0.29
      vertex -10.6696 -42.4497 0.29
    endloop
  endfacet
  facet normal -0 0 -1
    outer loop
      vertex -4.5 -41 0.29
      vertex -11.151 -41.525 0.29
      vertex -4.5 -38.7 0.29
    endloop
  endfacet
  facet normal 0 0 -1
    outer loop
      vertex -11.7111 -40.6458 0.29
      vertex -4.5 -38.7 0.29
      vertex -11.151 -41.525 0.29
    endloop
  endfacet
  facet normal -0 0 -1
    outer loop
      vertex -4.5 -38.7 0.29
      vertex -11.7111 -40.6458 0.29
      vertex -4.5 -37.8 0.29
    endloop
  endfacet
  facet normal 0 0 -1
    outer loop
      vertex -12.3458 -39.8187 0.29
      vertex -4.5 -37.8 0.29
      vertex -11.7111 -40.6458 0.29
    endloop
  endfacet
  facet normal 0 0 -1
    outer loop
      vertex -13.0501 -39.0501 0.29
      vertex -4.5 -37.8 0.29
      vertex -12.3458 -39.8187 0.29
    endloop
  endfacet
  facet normal 0 0 -1
    outer loop
      vertex -13.8187 -38.3458 0.29
      vertex -4.5 -37.8 0.29
      vertex -13.0501 -39.0501 0.29
    endloop
  endfacet
  facet normal 0 0 -1
    outer loop
      vertex -14.6458 -37.7111 0.29
      vertex -4.5 -37.8 0.29
      vertex -13.8187 -38.3458 0.29
    endloop
  endfacet
  facet normal 0 0 -1
    outer loop
      vertex -15.525 -37.151 0.29
      vertex -4.5 -37.8 0.29
      vertex -14.6458 -37.7111 0.29
    endloop
  endfacet
  facet normal 0 0 -1
    outer loop
      vertex -4.5 -37.8 0.29
      vertex -15.525 -37.151 0.29
      vertex -22.85 -26.72 0.29
    endloop
  endfacet
  facet normal 0 0 -1
    outer loop
      vertex -22.85 -26.72 0.29
      vertex -15.525 -37.151 0.29
      vertex -16.4497 -36.6696 0.29
    endloop
  endfacet
  facet normal 0 0 -1
    outer loop
      vertex -22.85 -26.72 0.29
      vertex -16.4497 -36.6696 0.29
      vertex -17.4129 -36.2707 0.29
    endloop
  endfacet
  facet normal 0 0 -1
    outer loop
      vertex -22.85 -26.72 0.29
      vertex -17.4129 -36.2707 0.29
      vertex -18.4071 -35.9572 0.29
    endloop
  endfacet
  facet normal 0 0 -1
    outer loop
      vertex -22.85 -26.72 0.29
      vertex -18.4071 -35.9572 0.29
      vertex -19.4249 -35.7315 0.29
    endloop
  endfacet
  facet normal 0 0 -1
    outer loop
      vertex -22.85 -26.72 0.29
      vertex -19.4249 -35.7315 0.29
      vertex -20.4585 -35.5955 0.29
    endloop
  endfacet
  facet normal 0 0 -1
    outer loop
      vertex -22.85 -26.72 0.29
      vertex -20.4585 -35.5955 0.29
      vertex -21.5 -35.55 0.29
    endloop
  endfacet
  facet normal 0 0 -1
    outer loop
      vertex -22.85 -26.72 0.29
      vertex -21.5 -35.55 0.29
      vertex -22.5415 -35.5955 0.29
    endloop
  endfacet
  facet normal 0 0 -1
    outer loop
      vertex -4.5 -37.8 0.29
      vertex -22.85 -26.72 0.29
      vertex 22.85 -26.72 0.29
    endloop
  endfacet
  facet normal 0 0 -1
    outer loop
      vertex -22.5415 -35.5955 0.29
      vertex -23.3206 -26.6994 0.29
      vertex -22.85 -26.72 0.29
    endloop
  endfacet
  facet normal 0 0 -1
    outer loop
      vertex -23.5751 -35.7315 0.29
      vertex -23.3206 -26.6994 0.29
      vertex -22.5415 -35.5955 0.29
    endloop
  endfacet
  facet normal 0 0 -1
    outer loop
      vertex -23.5751 -35.7315 0.29
      vertex -23.7877 -26.638 0.29
      vertex -23.3206 -26.6994 0.29
    endloop
  endfacet
  facet normal 0 0 -1
    outer loop
      vertex -23.5751 -35.7315 0.29
      vertex -24.2476 -26.536 0.29
      vertex -23.7877 -26.638 0.29
    endloop
  endfacet
  facet normal 0 0 -1
    outer loop
      vertex -24.5929 -35.9572 0.29
      vertex -24.2476 -26.536 0.29
      vertex -23.5751 -35.7315 0.29
    endloop
  endfacet
  facet normal 0 0 -1
    outer loop
      vertex -24.5929 -35.9572 0.29
      vertex -24.6969 -26.3943 0.29
      vertex -24.2476 -26.536 0.29
    endloop
  endfacet
  facet normal 0 0 -1
    outer loop
      vertex -25.5871 -36.2707 0.29
      vertex -24.6969 -26.3943 0.29
      vertex -24.5929 -35.9572 0.29
    endloop
  endfacet
  facet normal -0 0 -1
    outer loop
      vertex -24.6969 -26.3943 0.29
      vertex -25.5871 -36.2707 0.29
      vertex -25.1321 -26.214 0.29
    endloop
  endfacet
  facet normal -0 0 -1
    outer loop
      vertex -25.1321 -26.214 0.29
      vertex -25.5871 -36.2707 0.29
      vertex -25.55 -25.9965 0.29
    endloop
  endfacet
  facet normal 0 0 -1
    outer loop
      vertex -26.5503 -36.6696 0.29
      vertex -25.55 -25.9965 0.29
      vertex -25.5871 -36.2707 0.29
    endloop
  endfacet
  facet normal -0 0 -1
    outer loop
      vertex -25.55 -25.9965 0.29
      vertex -26.5503 -36.6696 0.29
      vertex -25.9473 -25.7434 0.29
    endloop
  endfacet
  facet normal 0 0 -1
    outer loop
      vertex -27.475 -37.151 0.29
      vertex -25.9473 -25.7434 0.29
      vertex -26.5503 -36.6696 0.29
    endloop
  endfacet
  facet normal -0 0 -1
    outer loop
      vertex -25.9473 -25.7434 0.29
      vertex -27.475 -37.151 0.29
      vertex -26.321 -25.4566 0.29
    endloop
  endfacet
  facet normal -0 0 -1
    outer loop
      vertex -26.321 -25.4566 0.29
      vertex -27.475 -37.151 0.29
      vertex -26.6684 -25.1384 0.29
    endloop
  endfacet
  facet normal 0 0 -1
    outer loop
      vertex -28.3542 -37.7111 0.29
      vertex -26.6684 -25.1384 0.29
      vertex -27.475 -37.151 0.29
    endloop
  endfacet
  facet normal -0 0 -1
    outer loop
      vertex -26.6684 -25.1384 0.29
      vertex -28.3542 -37.7111 0.29
      vertex -26.9866 -24.791 0.29
    endloop
  endfacet
  facet normal 0 0 -1
    outer loop
      vertex -29.1813 -38.3458 0.29
      vertex -26.9866 -24.791 0.29
      vertex -28.3542 -37.7111 0.29
    endloop
  endfacet
  facet normal -0 0 -1
    outer loop
      vertex -26.9866 -24.791 0.29
      vertex -29.1813 -38.3458 0.29
      vertex -27.2734 -24.4173 0.29
    endloop
  endfacet
  facet normal 0 0 -1
    outer loop
      vertex -33.7141 -20.3147 0.29
      vertex -27.2734 -24.4173 0.29
      vertex -29.1813 -38.3458 0.29
    endloop
  endfacet
  facet normal 0 0 -1
    outer loop
      vertex -33.7141 -20.3147 0.29
      vertex -27.5265 -24.02 0.29
      vertex -27.2734 -24.4173 0.29
    endloop
  endfacet
  facet normal 0 0 -1
    outer loop
      vertex -33.7141 -20.3147 0.29
      vertex -27.744 -23.6021 0.29
      vertex -27.5265 -24.02 0.29
    endloop
  endfacet
  facet normal 0 0 -1
    outer loop
      vertex -33.7141 -20.3147 0.29
      vertex -28.066 -22.7176 0.29
      vertex -27.9243 -23.1669 0.29
    endloop
  endfacet
  facet normal 0 0 -1
    outer loop
      vertex -33.7141 -20.3147 0.29
      vertex -32.3 -19.8 0.29
      vertex -28.066 -22.7176 0.29
    endloop
  endfacet
  facet normal 0 0 -1
    outer loop
      vertex -28.066 -22.7176 0.29
      vertex -32.3 -19.8 0.29
      vertex -28.168 -22.2577 0.29
    endloop
  endfacet
  facet normal 0 0 -1
    outer loop
      vertex -28.168 -22.2577 0.29
      vertex -32.3 -19.8 0.29
      vertex -28.2294 -21.7906 0.29
    endloop
  endfacet
  facet normal 0 0 -1
    outer loop
      vertex -33.7141 -20.3147 0.29
      vertex -27.9243 -23.1669 0.29
      vertex -27.744 -23.6021 0.29
    endloop
  endfacet
  facet normal 0 0 -1
    outer loop
      vertex -33.7141 -20.3147 0.29
      vertex -29.1813 -38.3458 0.29
      vertex -29.9499 -39.0501 0.29
    endloop
  endfacet
  facet normal 0 0 -1
    outer loop
      vertex -33.7141 -20.3147 0.29
      vertex -29.9499 -39.0501 0.29
      vertex -30.6542 -39.8187 0.29
    endloop
  endfacet
  facet normal 0 0 -1
    outer loop
      vertex -33.7141 -20.3147 0.29
      vertex -30.6542 -39.8187 0.29
      vertex -31.2889 -40.6458 0.29
    endloop
  endfacet
  facet normal 0 0 -1
    outer loop
      vertex -33.7141 -20.3147 0.29
      vertex -31.2889 -40.6458 0.29
      vertex -31.849 -41.525 0.29
    endloop
  endfacet
  facet normal 0 0 -1
    outer loop
      vertex -28.2294 -21.7906 0.29
      vertex -32.3 -19.8 0.29
      vertex -28.25 -21.32 0.29
    endloop
  endfacet
  facet normal 0 0 -1
    outer loop
      vertex -33.7141 -20.3147 0.29
      vertex -31.849 -41.525 0.29
      vertex -32.3304 -42.4497 0.29
    endloop
  endfacet
  facet normal 0 0 -1
    outer loop
      vertex -28.25 -21.32 0.29
      vertex -32.3 -19.8 0.29
      vertex -28.25 -19.8 0.29
    endloop
  endfacet
  facet normal 0 0 -1
    outer loop
      vertex -32.3 -19.8 0.29
      vertex -33.5619 -20.1979 0.29
      vertex -32.4917 -19.8084 0.29
    endloop
  endfacet
  facet normal 0 0 -1
    outer loop
      vertex -33.7141 -20.3147 0.29
      vertex -32.3304 -42.4497 0.29
      vertex -32.7293 -43.4129 0.29
    endloop
  endfacet
  facet normal 0 0 -1
    outer loop
      vertex -32.4917 -19.8084 0.29
      vertex -33.5619 -20.1979 0.29
      vertex -32.682 -19.8334 0.29
    endloop
  endfacet
  facet normal 0 0 -1
    outer loop
      vertex -33.7141 -20.3147 0.29
      vertex -32.7293 -43.4129 0.29
      vertex -33.0428 -44.4071 0.29
    endloop
  endfacet
  facet normal 0 0 -1
    outer loop
      vertex -32.682 -19.8334 0.29
      vertex -33.5619 -20.1979 0.29
      vertex -32.8694 -19.875 0.29
    endloop
  endfacet
  facet normal 0 0 -1
    outer loop
      vertex -32.8694 -19.875 0.29
      vertex -33.5619 -20.1979 0.29
      vertex -33.0524 -19.9327 0.29
    endloop
  endfacet
  facet normal 0 0 -1
    outer loop
      vertex -33.7141 -20.3147 0.29
      vertex -33.0428 -44.4071 0.29
      vertex -33.2685 -45.4249 0.29
    endloop
  endfacet
  facet normal 0 0 -1
    outer loop
      vertex -33.0524 -19.9327 0.29
      vertex -33.5619 -20.1979 0.29
      vertex -33.2298 -20.0061 0.29
    endloop
  endfacet
  facet normal 0 0 -1
    outer loop
      vertex -33.7141 -20.3147 0.29
      vertex -33.2685 -45.4249 0.29
      vertex -33.4045 -46.4585 0.29
    endloop
  endfacet
  facet normal 0 0 -1
    outer loop
      vertex -36.9932 -53.6276 0.29
      vertex -33.4045 -46.4585 0.29
      vertex -33.45 -47.5 0.29
    endloop
  endfacet
  facet normal 0 0 -1
    outer loop
      vertex -33.2298 -20.0061 0.29
      vertex -33.5619 -20.1979 0.29
      vertex -33.4 -20.0947 0.29
    endloop
  endfacet
  facet normal 0 0 -1
    outer loop
      vertex 36.9916 -53.9917 0.29
      vertex 36.9932 -53.6276 0.29
      vertex 37 -53.8 0.29
    endloop
  endfacet
  facet normal 0 0 -1
    outer loop
      vertex 36.9666 -54.182 0.29
      vertex 36.9932 -53.6276 0.29
      vertex 36.9916 -53.9917 0.29
    endloop
  endfacet
  facet normal 0 0 -1
    outer loop
      vertex 36.925 -54.3694 0.29
      vertex 36.9932 -53.6276 0.29
      vertex 36.9666 -54.182 0.29
    endloop
  endfacet
  facet normal 0 0 -1
    outer loop
      vertex 36.8673 -54.5524 0.29
      vertex 36.9932 -53.6276 0.29
      vertex 36.925 -54.3694 0.29
    endloop
  endfacet
  facet normal 0 0 -1
    outer loop
      vertex 36.7939 -54.7298 0.29
      vertex 36.9932 -53.6276 0.29
      vertex 36.8673 -54.5524 0.29
    endloop
  endfacet
  facet normal 0 0 -1
    outer loop
      vertex 36.7052 -54.9 0.29
      vertex 36.9932 -53.6276 0.29
      vertex 36.7939 -54.7298 0.29
    endloop
  endfacet
  facet normal 0 0 -1
    outer loop
      vertex 36.6021 -55.0619 0.29
      vertex 36.9932 -53.6276 0.29
      vertex 36.7052 -54.9 0.29
    endloop
  endfacet
  facet normal 0 0 -1
    outer loop
      vertex 36.4853 -55.2141 0.29
      vertex 36.9932 -53.6276 0.29
      vertex 36.6021 -55.0619 0.29
    endloop
  endfacet
  facet normal 0 0 -1
    outer loop
      vertex 36.3556 -55.3556 0.29
      vertex 36.9932 -53.6276 0.29
      vertex 36.4853 -55.2141 0.29
    endloop
  endfacet
  facet normal 0 0 -1
    outer loop
      vertex 36.2141 -55.4853 0.29
      vertex 36.9932 -53.6276 0.29
      vertex 36.3556 -55.3556 0.29
    endloop
  endfacet
  facet normal 0 0 -1
    outer loop
      vertex 36.0619 -55.6021 0.29
      vertex 36.9932 -53.6276 0.29
      vertex 36.2141 -55.4853 0.29
    endloop
  endfacet
  facet normal 0 0 -1
    outer loop
      vertex 35.9 -55.7052 0.29
      vertex 36.9932 -53.6276 0.29
      vertex 36.0619 -55.6021 0.29
    endloop
  endfacet
  facet normal 0 0 -1
    outer loop
      vertex 35.7298 -55.7939 0.29
      vertex 36.9932 -53.6276 0.29
      vertex 35.9 -55.7052 0.29
    endloop
  endfacet
  facet normal 0 0 -1
    outer loop
      vertex 35.5524 -55.8673 0.29
      vertex 36.9932 -53.6276 0.29
      vertex 35.7298 -55.7939 0.29
    endloop
  endfacet
  facet normal 0 0 -1
    outer loop
      vertex 35.3694 -55.925 0.29
      vertex 36.9932 -53.6276 0.29
      vertex 35.5524 -55.8673 0.29
    endloop
  endfacet
  facet normal 0 0 -1
    outer loop
      vertex 35.182 -55.9666 0.29
      vertex 36.9932 -53.6276 0.29
      vertex 35.3694 -55.925 0.29
    endloop
  endfacet
  facet normal 0 0 -1
    outer loop
      vertex 34.9917 -55.9916 0.29
      vertex 36.9932 -53.6276 0.29
      vertex 35.182 -55.9666 0.29
    endloop
  endfacet
  facet normal 0 0 -1
    outer loop
      vertex 34.8 -56 0.29
      vertex 36.9932 -53.6276 0.29
      vertex 34.9917 -55.9916 0.29
    endloop
  endfacet
  facet normal 0 0 -1
    outer loop
      vertex 32.3304 -52.5503 0.29
      vertex 36.9932 -53.6276 0.29
      vertex 34.8 -56 0.29
    endloop
  endfacet
  facet normal 0 0 -1
    outer loop
      vertex 33.2685 -45.4249 0.29
      vertex 36.9932 -53.6276 0.29
      vertex 33.4045 -46.4585 0.29
    endloop
  endfacet
  facet normal 0 0 -1
    outer loop
      vertex 33.0428 -44.4071 0.29
      vertex 36.9932 -53.6276 0.29
      vertex 33.2685 -45.4249 0.29
    endloop
  endfacet
  facet normal 0 0 -1
    outer loop
      vertex 36.9932 -53.6276 0.29
      vertex 33.0428 -44.4071 0.29
      vertex 34.4932 -21.8276 0.29
    endloop
  endfacet
  facet normal 0 0 -1
    outer loop
      vertex 32.7293 -43.4129 0.29
      vertex 34.4932 -21.8276 0.29
      vertex 33.0428 -44.4071 0.29
    endloop
  endfacet
  facet normal 0 0 -1
    outer loop
      vertex 32.3304 -42.4497 0.29
      vertex 34.4932 -21.8276 0.29
      vertex 32.7293 -43.4129 0.29
    endloop
  endfacet
  facet normal 0 0 -1
    outer loop
      vertex 31.849 -41.525 0.29
      vertex 34.4932 -21.8276 0.29
      vertex 32.3304 -42.4497 0.29
    endloop
  endfacet
  facet normal 0 0 -1
    outer loop
      vertex 31.2889 -40.6458 0.29
      vertex 34.4932 -21.8276 0.29
      vertex 31.849 -41.525 0.29
    endloop
  endfacet
  facet normal 0 0 -1
    outer loop
      vertex 30.6542 -39.8187 0.29
      vertex 34.4932 -21.8276 0.29
      vertex 31.2889 -40.6458 0.29
    endloop
  endfacet
  facet normal 0 0 -1
    outer loop
      vertex 29.9499 -39.0501 0.29
      vertex 34.4932 -21.8276 0.29
      vertex 30.6542 -39.8187 0.29
    endloop
  endfacet
  facet normal 0 0 -1
    outer loop
      vertex 29.1813 -38.3458 0.29
      vertex 34.4932 -21.8276 0.29
      vertex 29.9499 -39.0501 0.29
    endloop
  endfacet
  facet normal 0 0 -1
    outer loop
      vertex 36.9932 -53.6276 0.29
      vertex 33.45 -47.5 0.29
      vertex 33.4045 -46.4585 0.29
    endloop
  endfacet
  facet normal 0 0 -1
    outer loop
      vertex 36.9932 -53.6276 0.29
      vertex 33.4045 -48.5415 0.29
      vertex 33.45 -47.5 0.29
    endloop
  endfacet
  facet normal 0 0 -1
    outer loop
      vertex 36.9932 -53.6276 0.29
      vertex 33.2685 -49.5751 0.29
      vertex 33.4045 -48.5415 0.29
    endloop
  endfacet
  facet normal 0 0 -1
    outer loop
      vertex 36.9932 -53.6276 0.29
      vertex 33.0428 -50.5929 0.29
      vertex 33.2685 -49.5751 0.29
    endloop
  endfacet
  facet normal 0 0 -1
    outer loop
      vertex 36.9932 -53.6276 0.29
      vertex 32.7293 -51.5871 0.29
      vertex 33.0428 -50.5929 0.29
    endloop
  endfacet
  facet normal 0 0 -1
    outer loop
      vertex 36.9932 -53.6276 0.29
      vertex 32.3304 -52.5503 0.29
      vertex 32.7293 -51.5871 0.29
    endloop
  endfacet
  facet normal 0 0 -1
    outer loop
      vertex 34.8 -56 0.29
      vertex 31.849 -53.475 0.29
      vertex 32.3304 -52.5503 0.29
    endloop
  endfacet
  facet normal 0 0 -1
    outer loop
      vertex 34.8 -56 0.29
      vertex 31.2889 -54.3542 0.29
      vertex 31.849 -53.475 0.29
    endloop
  endfacet
  facet normal 0 0 -1
    outer loop
      vertex 34.8 -56 0.29
      vertex 30.6542 -55.1813 0.29
      vertex 31.2889 -54.3542 0.29
    endloop
  endfacet
  facet normal 0 0 -1
    outer loop
      vertex 34.8 -56 0.29
      vertex 29.9499 -55.9499 0.29
      vertex 30.6542 -55.1813 0.29
    endloop
  endfacet
  facet normal 0 -0 -1
    outer loop
      vertex 29.9499 -55.9499 0.29
      vertex 34.8 -56 0.29
      vertex 29.8953 -56 0.29
    endloop
  endfacet
  facet normal 0 0 -1
    outer loop
      vertex 28.3542 -37.7111 0.29
      vertex 34.4932 -21.8276 0.29
      vertex 29.1813 -38.3458 0.29
    endloop
  endfacet
  facet normal 0 0 -1
    outer loop
      vertex 26.9866 -24.791 0.29
      vertex 34.4932 -21.8276 0.29
      vertex 28.3542 -37.7111 0.29
    endloop
  endfacet
  facet normal 0 0 -1
    outer loop
      vertex 28.2294 -21.7906 0.29
      vertex 32.3 -19.8 0.29
      vertex 34.4932 -21.8276 0.29
    endloop
  endfacet
  facet normal 0 0 -1
    outer loop
      vertex 34.4932 -21.8276 0.29
      vertex 32.3 -19.8 0.29
      vertex 34.4698 -21.6371 0.29
    endloop
  endfacet
  facet normal 0 0 -1
    outer loop
      vertex 34.4698 -21.6371 0.29
      vertex 32.3 -19.8 0.29
      vertex 34.43 -21.4493 0.29
    endloop
  endfacet
  facet normal 0 0 -1
    outer loop
      vertex 34.43 -21.4493 0.29
      vertex 32.3 -19.8 0.29
      vertex 34.3739 -21.2658 0.29
    endloop
  endfacet
  facet normal 0 0 -1
    outer loop
      vertex 34.3739 -21.2658 0.29
      vertex 32.3 -19.8 0.29
      vertex 34.302 -21.0878 0.29
    endloop
  endfacet
  facet normal 0 0 -1
    outer loop
      vertex 34.302 -21.0878 0.29
      vertex 32.3 -19.8 0.29
      vertex 34.2149 -20.9168 0.29
    endloop
  endfacet
  facet normal 0 0 -1
    outer loop
      vertex 34.2149 -20.9168 0.29
      vertex 32.3 -19.8 0.29
      vertex 34.1132 -20.7541 0.29
    endloop
  endfacet
  facet normal 0 0 -1
    outer loop
      vertex 34.1132 -20.7541 0.29
      vertex 32.3 -19.8 0.29
      vertex 33.9977 -20.6008 0.29
    endloop
  endfacet
  facet normal 0 0 -1
    outer loop
      vertex 33.9977 -20.6008 0.29
      vertex 32.3 -19.8 0.29
      vertex 33.8693 -20.4581 0.29
    endloop
  endfacet
  facet normal 0 0 -1
    outer loop
      vertex 33.8693 -20.4581 0.29
      vertex 32.3 -19.8 0.29
      vertex 33.7289 -20.3272 0.29
    endloop
  endfacet
  facet normal 0 0 -1
    outer loop
      vertex 33.7289 -20.3272 0.29
      vertex 32.3 -19.8 0.29
      vertex 33.5777 -20.2091 0.29
    endloop
  endfacet
  facet normal 0 0 -1
    outer loop
      vertex 33.5777 -20.2091 0.29
      vertex 32.3 -19.8 0.29
      vertex 33.4167 -20.1045 0.29
    endloop
  endfacet
  facet normal 0 0 -1
    outer loop
      vertex 33.4167 -20.1045 0.29
      vertex 32.3 -19.8 0.29
      vertex 33.2473 -20.0144 0.29
    endloop
  endfacet
  facet normal 0 0 -1
    outer loop
      vertex 33.2473 -20.0144 0.29
      vertex 32.3 -19.8 0.29
      vertex 33.0706 -19.9394 0.29
    endloop
  endfacet
  facet normal 0 0 -1
    outer loop
      vertex 33.0706 -19.9394 0.29
      vertex 32.3 -19.8 0.29
      vertex 32.8881 -19.8801 0.29
    endloop
  endfacet
  facet normal 0 0 -1
    outer loop
      vertex 32.8881 -19.8801 0.29
      vertex 32.3 -19.8 0.29
      vertex 32.7011 -19.8369 0.29
    endloop
  endfacet
  facet normal 0 0 -1
    outer loop
      vertex 32.7011 -19.8369 0.29
      vertex 32.3 -19.8 0.29
      vertex 32.511 -19.8102 0.29
    endloop
  endfacet
  facet normal -0 0 -1
    outer loop
      vertex 32.3 -19.8 0.29
      vertex 28.25 -21.32 0.29
      vertex 28.25 -19.8 0.29
    endloop
  endfacet
  facet normal -0.92403 0.382321 0
    outer loop
      vertex 36.7939 -54.7298 0
      vertex 36.8673 -54.5524 0.29
      vertex 36.8673 -54.5524 0
    endloop
  endfacet
  facet normal -0.92403 0.382321 0
    outer loop
      vertex 36.8673 -54.5524 0.29
      vertex 36.7939 -54.7298 0
      vertex 36.7939 -54.7298 0.29
    endloop
  endfacet
  facet normal 0.731419 0.681928 0
    outer loop
      vertex -36.3419 -55.3693 0.29
      vertex -36.4728 -55.2289 0
      vertex -36.4728 -55.2289 0.29
    endloop
  endfacet
  facet normal 0.731419 0.681928 0
    outer loop
      vertex -36.4728 -55.2289 0
      vertex -36.3419 -55.3693 0.29
      vertex -36.3419 -55.3693 0
    endloop
  endfacet
  facet normal -0.737176 0.675701 0
    outer loop
      vertex 36.3556 -55.3556 0
      vertex 36.4853 -55.2141 0.29
      vertex 36.4853 -55.2141 0
    endloop
  endfacet
  facet normal -0.737176 0.675701 0
    outer loop
      vertex 36.4853 -55.2141 0.29
      vertex 36.3556 -55.3556 0
      vertex 36.3556 -55.3556 0.29
    endloop
  endfacet
  facet normal 0.920514 0.39071 0
    outer loop
      vertex -36.7856 -54.7473 0.29
      vertex -36.8606 -54.5706 0
      vertex -36.8606 -54.5706 0.29
    endloop
  endfacet
  facet normal 0.920514 0.39071 0
    outer loop
      vertex -36.8606 -54.5706 0
      vertex -36.7856 -54.7473 0.29
      vertex -36.7856 -54.7473 0
    endloop
  endfacet
  facet normal 0.99028 0.139087 0
    outer loop
      vertex -36.9631 -54.2011 0.29
      vertex -36.9898 -54.011 0
      vertex -36.9898 -54.011 0.29
    endloop
  endfacet
  facet normal 0.99028 0.139087 0
    outer loop
      vertex -36.9898 -54.011 0
      vertex -36.9631 -54.2011 0.29
      vertex -36.9631 -54.2011 0
    endloop
  endfacet
  facet normal -0.999041 0.0437765 0
    outer loop
      vertex 36.9916 -53.9917 0
      vertex 37 -53.8 0.29
      vertex 37 -53.8 0
    endloop
  endfacet
  facet normal -0.999041 0.0437765 0
    outer loop
      vertex 37 -53.8 0.29
      vertex 36.9916 -53.9917 0
      vertex 36.9916 -53.9917 0.29
    endloop
  endfacet
  facet normal -0.847969 -0.530046 0
    outer loop
      vertex 34.2149 -20.9168 0
      vertex 34.1132 -20.7541 0.29
      vertex 34.1132 -20.7541 0
    endloop
  endfacet
  facet normal -0.847969 -0.530046 0
    outer loop
      vertex 34.1132 -20.7541 0.29
      vertex 34.2149 -20.9168 0
      vertex 34.2149 -20.9168 0.29
    endloop
  endfacet
  facet normal -1 0 0
    outer loop
      vertex 28.25 -19.8 0
      vertex 28.25 48.88 0.559999
      vertex 28.25 48.88 0
    endloop
  endfacet
  facet normal -1 0 0
    outer loop
      vertex 28.25 -19.8 0.29
      vertex 28.25 48.88 0.559999
      vertex 28.25 -19.8 0
    endloop
  endfacet
  facet normal -1 0 0
    outer loop
      vertex 28.25 -21.32 0.559999
      vertex 28.25 -19.8 0.29
      vertex 28.25 -21.32 0.29
    endloop
  endfacet
  facet normal -1 0 0
    outer loop
      vertex 28.25 -19.8 0.29
      vertex 28.25 -21.32 0.559999
      vertex 28.25 48.88 0.559999
    endloop
  endfacet
  facet normal 1 0 0
    outer loop
      vertex -28.25 48.88 0.559999
      vertex -28.25 -19.8 0.29
      vertex -28.25 48.88 0
    endloop
  endfacet
  facet normal 1 -0 0
    outer loop
      vertex -28.25 -21.32 0.559999
      vertex -28.25 -19.8 0.29
      vertex -28.25 48.88 0.559999
    endloop
  endfacet
  facet normal 1 0 0
    outer loop
      vertex -28.25 -19.8 0.29
      vertex -28.25 -21.32 0.559999
      vertex -28.25 -21.32 0.29
    endloop
  endfacet
  facet normal 1 0 0
    outer loop
      vertex -28.25 48.88 0
      vertex -28.25 -19.8 0.29
      vertex -28.25 -19.8 0
    endloop
  endfacet
  facet normal -0.737418 0.675436 0
    outer loop
      vertex 26.6684 -25.1384 0.29
      vertex 26.9866 -24.791 0.559999
      vertex 26.9866 -24.791 0.29
    endloop
  endfacet
  facet normal -0.737418 0.675436 0
    outer loop
      vertex 26.9866 -24.791 0.559999
      vertex 26.6684 -25.1384 0.29
      vertex 26.6684 -25.1384 0.559999
    endloop
  endfacet
  facet normal -0.737418 -0.675436 0
    outer loop
      vertex 26.9866 52.351 0
      vertex 26.6684 52.6984 0.559999
      vertex 26.6684 52.6984 0
    endloop
  endfacet
  facet normal -0.737418 -0.675436 0
    outer loop
      vertex 26.6684 52.6984 0.559999
      vertex 26.9866 52.351 0
      vertex 26.9866 52.351 0.559999
    endloop
  endfacet
  facet normal -0.675436 -0.737418 0
    outer loop
      vertex 26.321 53.0166 0
      vertex 26.6684 52.6984 0.559999
      vertex 26.321 53.0166 0.559999
    endloop
  endfacet
  facet normal -0.675436 -0.737418 -0
    outer loop
      vertex 26.6684 52.6984 0.559999
      vertex 26.321 53.0166 0
      vertex 26.6684 52.6984 0
    endloop
  endfacet
  facet normal -0.999043 -0.043732 0
    outer loop
      vertex 28.25 48.88 0
      vertex 28.2294 49.3506 0.559999
      vertex 28.2294 49.3506 0
    endloop
  endfacet
  facet normal -0.999043 -0.043732 0
    outer loop
      vertex 28.2294 49.3506 0.559999
      vertex 28.25 48.88 0
      vertex 28.25 48.88 0.559999
    endloop
  endfacet
  facet normal 0.999043 -0.043732 0
    outer loop
      vertex -28.25 48.88 0.559999
      vertex -28.2294 49.3506 0
      vertex -28.2294 49.3506 0.559999
    endloop
  endfacet
  facet normal 0.999043 -0.043732 0
    outer loop
      vertex -28.2294 49.3506 0
      vertex -28.25 48.88 0.559999
      vertex -28.25 48.88 0
    endloop
  endfacet
  facet normal 0.88705 0.461674 0
    outer loop
      vertex -27.5265 -24.02 0.559999
      vertex -27.744 -23.6021 0.29
      vertex -27.744 -23.6021 0.559999
    endloop
  endfacet
  facet normal 0.88705 0.461674 0
    outer loop
      vertex -27.744 -23.6021 0.29
      vertex -27.5265 -24.02 0.559999
      vertex -27.5265 -24.02 0.29
    endloop
  endfacet
  facet normal -0.043732 -0.999043 0
    outer loop
      vertex 22.85 54.28 0
      vertex 23.3206 54.2594 0.559999
      vertex 22.85 54.28 0.559999
    endloop
  endfacet
  facet normal -0.043732 -0.999043 -0
    outer loop
      vertex 23.3206 54.2594 0.559999
      vertex 22.85 54.28 0
      vertex 23.3206 54.2594 0
    endloop
  endfacet
  facet normal 0 -1 0
    outer loop
      vertex -22.85 54.28 0
      vertex 22.85 54.28 0.559999
      vertex -22.85 54.28 0.559999
    endloop
  endfacet
  facet normal 0 -1 -0
    outer loop
      vertex 22.85 54.28 0.559999
      vertex -22.85 54.28 0
      vertex 22.85 54.28 0
    endloop
  endfacet
  facet normal 0.537288 -0.843399 0
    outer loop
      vertex -25.9473 53.3034 0
      vertex -25.55 53.5565 0.559999
      vertex -25.9473 53.3034 0.559999
    endloop
  endfacet
  facet normal 0.537288 -0.843399 0
    outer loop
      vertex -25.55 53.5565 0.559999
      vertex -25.9473 53.3034 0
      vertex -25.55 53.5565 0
    endloop
  endfacet
  facet normal -0.675436 0.737418 0
    outer loop
      vertex 26.6684 -25.1384 0.29
      vertex 26.321 -25.4566 0.559999
      vertex 26.6684 -25.1384 0.559999
    endloop
  endfacet
  facet normal -0.675436 0.737418 0
    outer loop
      vertex 26.321 -25.4566 0.559999
      vertex 26.6684 -25.1384 0.29
      vertex 26.321 -25.4566 0.29
    endloop
  endfacet
  facet normal -0.793302 -0.608828 0
    outer loop
      vertex 27.2734 51.9773 0
      vertex 26.9866 52.351 0.559999
      vertex 26.9866 52.351 0
    endloop
  endfacet
  facet normal -0.793302 -0.608828 0
    outer loop
      vertex 26.9866 52.351 0.559999
      vertex 27.2734 51.9773 0
      vertex 27.2734 51.9773 0.559999
    endloop
  endfacet
  facet normal -0.382746 0.923854 0
    outer loop
      vertex 25.1321 -26.214 0.29
      vertex 24.6969 -26.3943 0.559999
      vertex 25.1321 -26.214 0.559999
    endloop
  endfacet
  facet normal -0.382746 0.923854 0
    outer loop
      vertex 24.6969 -26.3943 0.559999
      vertex 25.1321 -26.214 0.29
      vertex 24.6969 -26.3943 0.29
    endloop
  endfacet
  facet normal 0.216526 0.976277 -0
    outer loop
      vertex -23.7877 -26.638 0.29
      vertex -24.2476 -26.536 0.559999
      vertex -23.7877 -26.638 0.559999
    endloop
  endfacet
  facet normal 0.216526 0.976277 0
    outer loop
      vertex -24.2476 -26.536 0.559999
      vertex -23.7877 -26.638 0.29
      vertex -24.2476 -26.536 0.29
    endloop
  endfacet
  facet normal -0.953695 -0.300776 0
    outer loop
      vertex 28.066 50.2776 0
      vertex 27.9243 50.7269 0.559999
      vertex 27.9243 50.7269 0
    endloop
  endfacet
  facet normal -0.953695 -0.300776 0
    outer loop
      vertex 27.9243 50.7269 0.559999
      vertex 28.066 50.2776 0
      vertex 28.066 50.2776 0.559999
    endloop
  endfacet
  facet normal 0.999043 0.043732 0
    outer loop
      vertex -28.2294 -21.7906 0.559999
      vertex -28.25 -21.32 0.29
      vertex -28.25 -21.32 0.559999
    endloop
  endfacet
  facet normal 0.999043 0.043732 0
    outer loop
      vertex -28.25 -21.32 0.29
      vertex -28.2294 -21.7906 0.559999
      vertex -28.2294 -21.7906 0.29
    endloop
  endfacet
  facet normal 0.737418 0.675436 0
    outer loop
      vertex -26.6684 -25.1384 0.559999
      vertex -26.9866 -24.791 0.29
      vertex -26.9866 -24.791 0.559999
    endloop
  endfacet
  facet normal 0.737418 0.675436 0
    outer loop
      vertex -26.9866 -24.791 0.29
      vertex -26.6684 -25.1384 0.559999
      vertex -26.6684 -25.1384 0.29
    endloop
  endfacet
  facet normal 0.608828 -0.793302 0
    outer loop
      vertex -26.321 53.0166 0
      vertex -25.9473 53.3034 0.559999
      vertex -26.321 53.0166 0.559999
    endloop
  endfacet
  facet normal 0.608828 -0.793302 0
    outer loop
      vertex -25.9473 53.3034 0.559999
      vertex -26.321 53.0166 0
      vertex -25.9473 53.3034 0
    endloop
  endfacet
  facet normal -0.88705 -0.461674 0
    outer loop
      vertex 27.744 51.1621 0
      vertex 27.5265 51.58 0.559999
      vertex 27.5265 51.58 0
    endloop
  endfacet
  facet normal -0.88705 -0.461674 0
    outer loop
      vertex 27.5265 51.58 0.559999
      vertex 27.744 51.1621 0
      vertex 27.744 51.1621 0.559999
    endloop
  endfacet
  facet normal 0.953695 0.300776 0
    outer loop
      vertex -27.9243 -23.1669 0.559999
      vertex -28.066 -22.7176 0.29
      vertex -28.066 -22.7176 0.559999
    endloop
  endfacet
  facet normal 0.953695 0.300776 0
    outer loop
      vertex -28.066 -22.7176 0.29
      vertex -27.9243 -23.1669 0.559999
      vertex -27.9243 -23.1669 0.29
    endloop
  endfacet
  facet normal -0.216526 -0.976277 0
    outer loop
      vertex 23.7877 54.198 0
      vertex 24.2476 54.096 0.559999
      vertex 23.7877 54.198 0.559999
    endloop
  endfacet
  facet normal -0.216526 -0.976277 -0
    outer loop
      vertex 24.2476 54.096 0.559999
      vertex 23.7877 54.198 0
      vertex 24.2476 54.096 0
    endloop
  endfacet
  facet normal -0.843399 -0.537288 0
    outer loop
      vertex 27.5265 51.58 0
      vertex 27.2734 51.9773 0.559999
      vertex 27.2734 51.9773 0
    endloop
  endfacet
  facet normal -0.843399 -0.537288 0
    outer loop
      vertex 27.2734 51.9773 0.559999
      vertex 27.5265 51.58 0
      vertex 27.5265 51.58 0.559999
    endloop
  endfacet
  facet normal 0.793302 0.608828 0
    outer loop
      vertex -26.9866 -24.791 0.559999
      vertex -27.2734 -24.4173 0.29
      vertex -27.2734 -24.4173 0.559999
    endloop
  endfacet
  facet normal 0.793302 0.608828 0
    outer loop
      vertex -27.2734 -24.4173 0.29
      vertex -26.9866 -24.791 0.559999
      vertex -26.9866 -24.791 0.29
    endloop
  endfacet
  facet normal 0.300776 -0.953695 0
    outer loop
      vertex -24.6969 53.9543 0
      vertex -24.2476 54.096 0.559999
      vertex -24.6969 53.9543 0.559999
    endloop
  endfacet
  facet normal 0.300776 -0.953695 0
    outer loop
      vertex -24.2476 54.096 0.559999
      vertex -24.6969 53.9543 0
      vertex -24.2476 54.096 0
    endloop
  endfacet
  facet normal -0.130328 0.991471 0
    outer loop
      vertex 23.7877 -26.638 0.29
      vertex 23.3206 -26.6994 0.559999
      vertex 23.7877 -26.638 0.559999
    endloop
  endfacet
  facet normal -0.130328 0.991471 0
    outer loop
      vertex 23.3206 -26.6994 0.559999
      vertex 23.7877 -26.638 0.29
      vertex 23.3206 -26.6994 0.29
    endloop
  endfacet
  facet normal 0.608828 0.793302 -0
    outer loop
      vertex -25.9473 -25.7434 0.29
      vertex -26.321 -25.4566 0.559999
      vertex -25.9473 -25.7434 0.559999
    endloop
  endfacet
  facet normal 0.608828 0.793302 0
    outer loop
      vertex -26.321 -25.4566 0.559999
      vertex -25.9473 -25.7434 0.29
      vertex -26.321 -25.4566 0.29
    endloop
  endfacet
  facet normal 0.675436 0.737418 -0
    outer loop
      vertex -26.321 -25.4566 0.29
      vertex -26.6684 -25.1384 0.559999
      vertex -26.321 -25.4566 0.559999
    endloop
  endfacet
  facet normal 0.675436 0.737418 0
    outer loop
      vertex -26.6684 -25.1384 0.559999
      vertex -26.321 -25.4566 0.29
      vertex -26.6684 -25.1384 0.29
    endloop
  endfacet
  facet normal 0.976277 -0.216526 0
    outer loop
      vertex -28.168 49.8177 0.559999
      vertex -28.066 50.2776 0
      vertex -28.066 50.2776 0.559999
    endloop
  endfacet
  facet normal 0.976277 -0.216526 0
    outer loop
      vertex -28.066 50.2776 0
      vertex -28.168 49.8177 0.559999
      vertex -28.168 49.8177 0
    endloop
  endfacet
  facet normal 0.537288 0.843399 -0
    outer loop
      vertex -25.55 -25.9965 0.29
      vertex -25.9473 -25.7434 0.559999
      vertex -25.55 -25.9965 0.559999
    endloop
  endfacet
  facet normal 0.537288 0.843399 0
    outer loop
      vertex -25.9473 -25.7434 0.559999
      vertex -25.55 -25.9965 0.29
      vertex -25.9473 -25.7434 0.29
    endloop
  endfacet
  facet normal 0.976277 0.216526 0
    outer loop
      vertex -28.066 -22.7176 0.559999
      vertex -28.168 -22.2577 0.29
      vertex -28.168 -22.2577 0.559999
    endloop
  endfacet
  facet normal 0.976277 0.216526 0
    outer loop
      vertex -28.168 -22.2577 0.29
      vertex -28.066 -22.7176 0.559999
      vertex -28.066 -22.7176 0.29
    endloop
  endfacet
  facet normal -0.461674 0.88705 0
    outer loop
      vertex 25.55 -25.9965 0.29
      vertex 25.1321 -26.214 0.559999
      vertex 25.55 -25.9965 0.559999
    endloop
  endfacet
  facet normal -0.461674 0.88705 0
    outer loop
      vertex 25.1321 -26.214 0.559999
      vertex 25.55 -25.9965 0.29
      vertex 25.1321 -26.214 0.29
    endloop
  endfacet
  facet normal 0.461674 0.88705 -0
    outer loop
      vertex -25.1321 -26.214 0.29
      vertex -25.55 -25.9965 0.559999
      vertex -25.1321 -26.214 0.559999
    endloop
  endfacet
  facet normal 0.461674 0.88705 0
    outer loop
      vertex -25.55 -25.9965 0.559999
      vertex -25.1321 -26.214 0.29
      vertex -25.55 -25.9965 0.29
    endloop
  endfacet
  facet normal -0.300776 -0.953695 0
    outer loop
      vertex 24.2476 54.096 0
      vertex 24.6969 53.9543 0.559999
      vertex 24.2476 54.096 0.559999
    endloop
  endfacet
  facet normal -0.300776 -0.953695 -0
    outer loop
      vertex 24.6969 53.9543 0.559999
      vertex 24.2476 54.096 0
      vertex 24.6969 53.9543 0
    endloop
  endfacet
  facet normal -0.537288 0.843399 0
    outer loop
      vertex 25.9473 -25.7434 0.29
      vertex 25.55 -25.9965 0.559999
      vertex 25.9473 -25.7434 0.559999
    endloop
  endfacet
  facet normal -0.537288 0.843399 0
    outer loop
      vertex 25.55 -25.9965 0.559999
      vertex 25.9473 -25.7434 0.29
      vertex 25.55 -25.9965 0.29
    endloop
  endfacet
  facet normal -0.300776 0.953695 0
    outer loop
      vertex 24.6969 -26.3943 0.29
      vertex 24.2476 -26.536 0.559999
      vertex 24.6969 -26.3943 0.559999
    endloop
  endfacet
  facet normal -0.300776 0.953695 0
    outer loop
      vertex 24.2476 -26.536 0.559999
      vertex 24.6969 -26.3943 0.29
      vertex 24.2476 -26.536 0.29
    endloop
  endfacet
  facet normal -0.216526 0.976277 0
    outer loop
      vertex 24.2476 -26.536 0.29
      vertex 23.7877 -26.638 0.559999
      vertex 24.2476 -26.536 0.559999
    endloop
  endfacet
  facet normal -0.216526 0.976277 0
    outer loop
      vertex 23.7877 -26.638 0.559999
      vertex 24.2476 -26.536 0.29
      vertex 23.7877 -26.638 0.29
    endloop
  endfacet
  facet normal -0.461674 -0.88705 0
    outer loop
      vertex 25.1321 53.774 0
      vertex 25.55 53.5565 0.559999
      vertex 25.1321 53.774 0.559999
    endloop
  endfacet
  facet normal -0.461674 -0.88705 -0
    outer loop
      vertex 25.55 53.5565 0.559999
      vertex 25.1321 53.774 0
      vertex 25.55 53.5565 0
    endloop
  endfacet
  facet normal 0.88705 -0.461674 0
    outer loop
      vertex -27.744 51.1621 0.559999
      vertex -27.5265 51.58 0
      vertex -27.5265 51.58 0.559999
    endloop
  endfacet
  facet normal 0.88705 -0.461674 0
    outer loop
      vertex -27.5265 51.58 0
      vertex -27.744 51.1621 0.559999
      vertex -27.744 51.1621 0
    endloop
  endfacet
  facet normal -0.793302 0.608828 0
    outer loop
      vertex 26.9866 -24.791 0.29
      vertex 27.2734 -24.4173 0.559999
      vertex 27.2734 -24.4173 0.29
    endloop
  endfacet
  facet normal -0.793302 0.608828 0
    outer loop
      vertex 27.2734 -24.4173 0.559999
      vertex 26.9866 -24.791 0.29
      vertex 26.9866 -24.791 0.559999
    endloop
  endfacet
  facet normal -0.608828 -0.793302 0
    outer loop
      vertex 25.9473 53.3034 0
      vertex 26.321 53.0166 0.559999
      vertex 25.9473 53.3034 0.559999
    endloop
  endfacet
  facet normal -0.608828 -0.793302 -0
    outer loop
      vertex 26.321 53.0166 0.559999
      vertex 25.9473 53.3034 0
      vertex 26.321 53.0166 0
    endloop
  endfacet
  facet normal 0.843399 0.537288 0
    outer loop
      vertex -27.2734 -24.4173 0.559999
      vertex -27.5265 -24.02 0.29
      vertex -27.5265 -24.02 0.559999
    endloop
  endfacet
  facet normal 0.843399 0.537288 0
    outer loop
      vertex -27.5265 -24.02 0.29
      vertex -27.2734 -24.4173 0.559999
      vertex -27.2734 -24.4173 0.29
    endloop
  endfacet
  facet normal -0.923854 -0.382746 0
    outer loop
      vertex 27.9243 50.7269 0
      vertex 27.744 51.1621 0.559999
      vertex 27.744 51.1621 0
    endloop
  endfacet
  facet normal -0.923854 -0.382746 0
    outer loop
      vertex 27.744 51.1621 0.559999
      vertex 27.9243 50.7269 0
      vertex 27.9243 50.7269 0.559999
    endloop
  endfacet
  facet normal -0.382746 -0.923854 0
    outer loop
      vertex 24.6969 53.9543 0
      vertex 25.1321 53.774 0.559999
      vertex 24.6969 53.9543 0.559999
    endloop
  endfacet
  facet normal -0.382746 -0.923854 -0
    outer loop
      vertex 25.1321 53.774 0.559999
      vertex 24.6969 53.9543 0
      vertex 25.1321 53.774 0
    endloop
  endfacet
  facet normal -0.608828 0.793302 0
    outer loop
      vertex 26.321 -25.4566 0.29
      vertex 25.9473 -25.7434 0.559999
      vertex 26.321 -25.4566 0.559999
    endloop
  endfacet
  facet normal -0.608828 0.793302 0
    outer loop
      vertex 25.9473 -25.7434 0.559999
      vertex 26.321 -25.4566 0.29
      vertex 25.9473 -25.7434 0.29
    endloop
  endfacet
  facet normal -0.991471 -0.130328 0
    outer loop
      vertex 28.2294 49.3506 0
      vertex 28.168 49.8177 0.559999
      vertex 28.168 49.8177 0
    endloop
  endfacet
  facet normal -0.991471 -0.130328 0
    outer loop
      vertex 28.168 49.8177 0.559999
      vertex 28.2294 49.3506 0
      vertex 28.2294 49.3506 0.559999
    endloop
  endfacet
  facet normal 0.923854 0.382746 0
    outer loop
      vertex -27.744 -23.6021 0.559999
      vertex -27.9243 -23.1669 0.29
      vertex -27.9243 -23.1669 0.559999
    endloop
  endfacet
  facet normal 0.923854 0.382746 0
    outer loop
      vertex -27.9243 -23.1669 0.29
      vertex -27.744 -23.6021 0.559999
      vertex -27.744 -23.6021 0.29
    endloop
  endfacet
  facet normal 0 0 -1
    outer loop
      vertex 23.9057 -21.0678 0.559999
      vertex 28.25 -21.32 0.559999
      vertex 28.2294 -21.7906 0.559999
    endloop
  endfacet
  facet normal 0 0 -1
    outer loop
      vertex 28.25 -21.32 0.559999
      vertex 23.93 -20.79 0.559999
      vertex 28.25 48.88 0.559999
    endloop
  endfacet
  facet normal 0 0 -1
    outer loop
      vertex 23.8755 -21.2041 0.559999
      vertex 28.2294 -21.7906 0.559999
      vertex 28.168 -22.2577 0.559999
    endloop
  endfacet
  facet normal 0 0 -1
    outer loop
      vertex 23.93 48.35 0.559999
      vertex 28.25 48.88 0.559999
      vertex 23.93 -20.79 0.559999
    endloop
  endfacet
  facet normal 0 0 -1
    outer loop
      vertex 23.8335 -21.3372 0.559999
      vertex 28.168 -22.2577 0.559999
      vertex 28.066 -22.7176 0.559999
    endloop
  endfacet
  facet normal 0 0 -1
    outer loop
      vertex 23.9239 48.4894 0.559999
      vertex 28.25 48.88 0.559999
      vertex 23.93 48.35 0.559999
    endloop
  endfacet
  facet normal 0 0 -1
    outer loop
      vertex 23.8335 -21.3372 0.559999
      vertex 28.066 -22.7176 0.559999
      vertex 27.9243 -23.1669 0.559999
    endloop
  endfacet
  facet normal 0 0 -1
    outer loop
      vertex 23.9057 48.6278 0.559999
      vertex 28.25 48.88 0.559999
      vertex 23.9239 48.4894 0.559999
    endloop
  endfacet
  facet normal 0 0 -1
    outer loop
      vertex 23.7801 -21.4662 0.559999
      vertex 27.9243 -23.1669 0.559999
      vertex 27.744 -23.6021 0.559999
    endloop
  endfacet
  facet normal -0 0 -1
    outer loop
      vertex 28.25 48.88 0.559999
      vertex 23.9057 48.6278 0.559999
      vertex 28.2294 49.3506 0.559999
    endloop
  endfacet
  facet normal 0 0 -1
    outer loop
      vertex 23.7156 -21.59 0.559999
      vertex 27.744 -23.6021 0.559999
      vertex 27.5265 -24.02 0.559999
    endloop
  endfacet
  facet normal 0 0 -1
    outer loop
      vertex 23.8755 48.7641 0.559999
      vertex 28.2294 49.3506 0.559999
      vertex 23.9057 48.6278 0.559999
    endloop
  endfacet
  facet normal 0 0 -1
    outer loop
      vertex 23.6406 -21.7077 0.559999
      vertex 27.5265 -24.02 0.559999
      vertex 27.2734 -24.4173 0.559999
    endloop
  endfacet
  facet normal -0 0 -1
    outer loop
      vertex 28.2294 49.3506 0.559999
      vertex 23.8755 48.7641 0.559999
      vertex 28.168 49.8177 0.559999
    endloop
  endfacet
  facet normal 0 0 -1
    outer loop
      vertex 23.5557 -21.8184 0.559999
      vertex 27.2734 -24.4173 0.559999
      vertex 26.9866 -24.791 0.559999
    endloop
  endfacet
  facet normal 0 0 -1
    outer loop
      vertex 23.8335 48.8972 0.559999
      vertex 28.168 49.8177 0.559999
      vertex 23.8755 48.7641 0.559999
    endloop
  endfacet
  facet normal 0 0 -1
    outer loop
      vertex 23.4614 -21.9214 0.559999
      vertex 26.9866 -24.791 0.559999
      vertex 26.6684 -25.1384 0.559999
    endloop
  endfacet
  facet normal -0 0 -1
    outer loop
      vertex 28.168 49.8177 0.559999
      vertex 23.8335 48.8972 0.559999
      vertex 28.066 50.2776 0.559999
    endloop
  endfacet
  facet normal 0 0 -1
    outer loop
      vertex 23.4614 -21.9214 0.559999
      vertex 26.6684 -25.1384 0.559999
      vertex 26.321 -25.4566 0.559999
    endloop
  endfacet
  facet normal -0 0 -1
    outer loop
      vertex 28.066 50.2776 0.559999
      vertex 23.8335 48.8972 0.559999
      vertex 27.9243 50.7269 0.559999
    endloop
  endfacet
  facet normal 0 0 -1
    outer loop
      vertex 23.3585 -22.0157 0.559999
      vertex 26.321 -25.4566 0.559999
      vertex 25.9473 -25.7434 0.559999
    endloop
  endfacet
  facet normal 0 0 -1
    outer loop
      vertex 23.7801 49.0262 0.559999
      vertex 27.9243 50.7269 0.559999
      vertex 23.8335 48.8972 0.559999
    endloop
  endfacet
  facet normal 0 0 -1
    outer loop
      vertex 23.2477 -22.1006 0.559999
      vertex 25.9473 -25.7434 0.559999
      vertex 25.55 -25.9965 0.559999
    endloop
  endfacet
  facet normal -0 0 -1
    outer loop
      vertex 27.9243 50.7269 0.559999
      vertex 23.7801 49.0262 0.559999
      vertex 27.744 51.1621 0.559999
    endloop
  endfacet
  facet normal 0 0 -1
    outer loop
      vertex 23.13 -22.1756 0.559999
      vertex 25.55 -25.9965 0.559999
      vertex 25.1321 -26.214 0.559999
    endloop
  endfacet
  facet normal 0 0 -1
    outer loop
      vertex 23.7156 49.15 0.559999
      vertex 27.744 51.1621 0.559999
      vertex 23.7801 49.0262 0.559999
    endloop
  endfacet
  facet normal 0 0 -1
    outer loop
      vertex 23.0062 -22.2401 0.559999
      vertex 25.1321 -26.214 0.559999
      vertex 24.6969 -26.3943 0.559999
    endloop
  endfacet
  facet normal -0 0 -1
    outer loop
      vertex 27.744 51.1621 0.559999
      vertex 23.7156 49.15 0.559999
      vertex 27.5265 51.58 0.559999
    endloop
  endfacet
  facet normal 0 0 -1
    outer loop
      vertex 23.0062 -22.2401 0.559999
      vertex 24.6969 -26.3943 0.559999
      vertex 24.2476 -26.536 0.559999
    endloop
  endfacet
  facet normal 0 0 -1
    outer loop
      vertex 23.6406 49.2677 0.559999
      vertex 27.5265 51.58 0.559999
      vertex 23.7156 49.15 0.559999
    endloop
  endfacet
  facet normal -0 0 -1
    outer loop
      vertex 27.5265 51.58 0.559999
      vertex 23.6406 49.2677 0.559999
      vertex 27.2734 51.9773 0.559999
    endloop
  endfacet
  facet normal 0 0 -1
    outer loop
      vertex 28.25 -21.32 0.559999
      vertex 23.9239 -20.9294 0.559999
      vertex 23.93 -20.79 0.559999
    endloop
  endfacet
  facet normal 0 0 -1
    outer loop
      vertex 28.25 -21.32 0.559999
      vertex 23.9057 -21.0678 0.559999
      vertex 23.9239 -20.9294 0.559999
    endloop
  endfacet
  facet normal 0 0 -1
    outer loop
      vertex 28.2294 -21.7906 0.559999
      vertex 23.8755 -21.2041 0.559999
      vertex 23.9057 -21.0678 0.559999
    endloop
  endfacet
  facet normal 0 0 -1
    outer loop
      vertex 28.168 -22.2577 0.559999
      vertex 23.8335 -21.3372 0.559999
      vertex 23.8755 -21.2041 0.559999
    endloop
  endfacet
  facet normal 0 0 -1
    outer loop
      vertex 22.8772 -22.2935 0.559999
      vertex 24.2476 -26.536 0.559999
      vertex 23.7877 -26.638 0.559999
    endloop
  endfacet
  facet normal 0 0 -1
    outer loop
      vertex 27.9243 -23.1669 0.559999
      vertex 23.7801 -21.4662 0.559999
      vertex 23.8335 -21.3372 0.559999
    endloop
  endfacet
  facet normal 0 0 -1
    outer loop
      vertex 27.744 -23.6021 0.559999
      vertex 23.7156 -21.59 0.559999
      vertex 23.7801 -21.4662 0.559999
    endloop
  endfacet
  facet normal 0 0 -1
    outer loop
      vertex 27.5265 -24.02 0.559999
      vertex 23.6406 -21.7077 0.559999
      vertex 23.7156 -21.59 0.559999
    endloop
  endfacet
  facet normal 0 0 -1
    outer loop
      vertex 27.2734 -24.4173 0.559999
      vertex 23.5557 -21.8184 0.559999
      vertex 23.6406 -21.7077 0.559999
    endloop
  endfacet
  facet normal 0 0 -1
    outer loop
      vertex 26.9866 -24.791 0.559999
      vertex 23.4614 -21.9214 0.559999
      vertex 23.5557 -21.8184 0.559999
    endloop
  endfacet
  facet normal 0 0 -1
    outer loop
      vertex 26.321 -25.4566 0.559999
      vertex 23.3585 -22.0157 0.559999
      vertex 23.4614 -21.9214 0.559999
    endloop
  endfacet
  facet normal 0 0 -1
    outer loop
      vertex 22.7441 -22.3355 0.559999
      vertex 23.7877 -26.638 0.559999
      vertex 23.3206 -26.6994 0.559999
    endloop
  endfacet
  facet normal 0 0 -1
    outer loop
      vertex 25.9473 -25.7434 0.559999
      vertex 23.2477 -22.1006 0.559999
      vertex 23.3585 -22.0157 0.559999
    endloop
  endfacet
  facet normal 0 0 -1
    outer loop
      vertex 25.55 -25.9965 0.559999
      vertex 23.13 -22.1756 0.559999
      vertex 23.2477 -22.1006 0.559999
    endloop
  endfacet
  facet normal 0 0 -1
    outer loop
      vertex 25.1321 -26.214 0.559999
      vertex 23.0062 -22.2401 0.559999
      vertex 23.13 -22.1756 0.559999
    endloop
  endfacet
  facet normal 0 0 -1
    outer loop
      vertex 24.2476 -26.536 0.559999
      vertex 22.8772 -22.2935 0.559999
      vertex 23.0062 -22.2401 0.559999
    endloop
  endfacet
  facet normal 0 0 -1
    outer loop
      vertex 22.6078 -22.3657 0.559999
      vertex 23.3206 -26.6994 0.559999
      vertex 22.85 -26.72 0.559999
    endloop
  endfacet
  facet normal 0 0 -1
    outer loop
      vertex 23.7877 -26.638 0.559999
      vertex 22.7441 -22.3355 0.559999
      vertex 22.8772 -22.2935 0.559999
    endloop
  endfacet
  facet normal 0 0 -1
    outer loop
      vertex 23.3206 -26.6994 0.559999
      vertex 22.6078 -22.3657 0.559999
      vertex 22.7441 -22.3355 0.559999
    endloop
  endfacet
  facet normal 0 0 -1
    outer loop
      vertex 22.85 -26.72 0.559999
      vertex 22.4694 -22.3839 0.559999
      vertex 22.6078 -22.3657 0.559999
    endloop
  endfacet
  facet normal 0 0 -1
    outer loop
      vertex 22.85 -26.72 0.559999
      vertex 22.33 -22.39 0.559999
      vertex 22.4694 -22.3839 0.559999
    endloop
  endfacet
  facet normal 0 0 -1
    outer loop
      vertex 22.85 -26.72 0.559999
      vertex -22.33 -22.39 0.559999
      vertex 22.33 -22.39 0.559999
    endloop
  endfacet
  facet normal 0 0 -1
    outer loop
      vertex -22.85 -26.72 0.559999
      vertex -22.33 -22.39 0.559999
      vertex 22.85 -26.72 0.559999
    endloop
  endfacet
  facet normal -0 0 -1
    outer loop
      vertex -22.33 -22.39 0.559999
      vertex -22.85 -26.72 0.559999
      vertex -22.4694 -22.3839 0.559999
    endloop
  endfacet
  facet normal 0 0 -1
    outer loop
      vertex -22.85 -26.72 0.559999
      vertex -22.6078 -22.3657 0.559999
      vertex -22.4694 -22.3839 0.559999
    endloop
  endfacet
  facet normal 0 0 -1
    outer loop
      vertex -23.3206 -26.6994 0.559999
      vertex -22.6078 -22.3657 0.559999
      vertex -22.85 -26.72 0.559999
    endloop
  endfacet
  facet normal -0 0 -1
    outer loop
      vertex -22.6078 -22.3657 0.559999
      vertex -23.3206 -26.6994 0.559999
      vertex -22.7441 -22.3355 0.559999
    endloop
  endfacet
  facet normal 0 0 -1
    outer loop
      vertex -23.7877 -26.638 0.559999
      vertex -22.7441 -22.3355 0.559999
      vertex -23.3206 -26.6994 0.559999
    endloop
  endfacet
  facet normal -0 0 -1
    outer loop
      vertex -22.7441 -22.3355 0.559999
      vertex -23.7877 -26.638 0.559999
      vertex -22.8772 -22.2935 0.559999
    endloop
  endfacet
  facet normal 0 0 -1
    outer loop
      vertex -24.2476 -26.536 0.559999
      vertex -22.8772 -22.2935 0.559999
      vertex -23.7877 -26.638 0.559999
    endloop
  endfacet
  facet normal -0 0 -1
    outer loop
      vertex -22.8772 -22.2935 0.559999
      vertex -24.2476 -26.536 0.559999
      vertex -23.0062 -22.2401 0.559999
    endloop
  endfacet
  facet normal 0 0 -1
    outer loop
      vertex -24.6969 -26.3943 0.559999
      vertex -23.0062 -22.2401 0.559999
      vertex -24.2476 -26.536 0.559999
    endloop
  endfacet
  facet normal 0 0 -1
    outer loop
      vertex -25.1321 -26.214 0.559999
      vertex -23.0062 -22.2401 0.559999
      vertex -24.6969 -26.3943 0.559999
    endloop
  endfacet
  facet normal -0 0 -1
    outer loop
      vertex -23.0062 -22.2401 0.559999
      vertex -25.1321 -26.214 0.559999
      vertex -23.13 -22.1756 0.559999
    endloop
  endfacet
  facet normal 0 0 -1
    outer loop
      vertex -25.55 -25.9965 0.559999
      vertex -23.13 -22.1756 0.559999
      vertex -25.1321 -26.214 0.559999
    endloop
  endfacet
  facet normal -0 0 -1
    outer loop
      vertex -23.13 -22.1756 0.559999
      vertex -25.55 -25.9965 0.559999
      vertex -23.2477 -22.1006 0.559999
    endloop
  endfacet
  facet normal 0 0 -1
    outer loop
      vertex -25.9473 -25.7434 0.559999
      vertex -23.2477 -22.1006 0.559999
      vertex -25.55 -25.9965 0.559999
    endloop
  endfacet
  facet normal -0 0 -1
    outer loop
      vertex -23.2477 -22.1006 0.559999
      vertex -25.9473 -25.7434 0.559999
      vertex -23.3585 -22.0157 0.559999
    endloop
  endfacet
  facet normal 0 0 -1
    outer loop
      vertex -26.321 -25.4566 0.559999
      vertex -23.3585 -22.0157 0.559999
      vertex -25.9473 -25.7434 0.559999
    endloop
  endfacet
  facet normal -0 0 -1
    outer loop
      vertex -23.3585 -22.0157 0.559999
      vertex -26.321 -25.4566 0.559999
      vertex -23.4614 -21.9214 0.559999
    endloop
  endfacet
  facet normal 0 0 -1
    outer loop
      vertex -26.6684 -25.1384 0.559999
      vertex -23.4614 -21.9214 0.559999
      vertex -26.321 -25.4566 0.559999
    endloop
  endfacet
  facet normal 0 0 -1
    outer loop
      vertex -26.9866 -24.791 0.559999
      vertex -23.4614 -21.9214 0.559999
      vertex -26.6684 -25.1384 0.559999
    endloop
  endfacet
  facet normal -0 0 -1
    outer loop
      vertex -23.4614 -21.9214 0.559999
      vertex -26.9866 -24.791 0.559999
      vertex -23.5557 -21.8184 0.559999
    endloop
  endfacet
  facet normal -0 0 -1
    outer loop
      vertex -23.5557 -21.8184 0.559999
      vertex -27.2734 -24.4173 0.559999
      vertex -23.6406 -21.7077 0.559999
    endloop
  endfacet
  facet normal 0 0 -1
    outer loop
      vertex -27.2734 -24.4173 0.559999
      vertex -23.5557 -21.8184 0.559999
      vertex -26.9866 -24.791 0.559999
    endloop
  endfacet
  facet normal 0 0 -1
    outer loop
      vertex 23.5557 49.3784 0.559999
      vertex 27.2734 51.9773 0.559999
      vertex 23.6406 49.2677 0.559999
    endloop
  endfacet
  facet normal -0 0 -1
    outer loop
      vertex 27.2734 51.9773 0.559999
      vertex 23.5557 49.3784 0.559999
      vertex 26.9866 52.351 0.559999
    endloop
  endfacet
  facet normal 0 0 -1
    outer loop
      vertex 23.4614 49.4814 0.559999
      vertex 26.9866 52.351 0.559999
      vertex 23.5557 49.3784 0.559999
    endloop
  endfacet
  facet normal -0 0 -1
    outer loop
      vertex 26.9866 52.351 0.559999
      vertex 23.4614 49.4814 0.559999
      vertex 26.6684 52.6984 0.559999
    endloop
  endfacet
  facet normal -0 0 -1
    outer loop
      vertex 26.6684 52.6984 0.559999
      vertex 23.4614 49.4814 0.559999
      vertex 26.321 53.0166 0.559999
    endloop
  endfacet
  facet normal 0 0 -1
    outer loop
      vertex 23.3585 49.5757 0.559999
      vertex 26.321 53.0166 0.559999
      vertex 23.4614 49.4814 0.559999
    endloop
  endfacet
  facet normal -0 0 -1
    outer loop
      vertex 26.321 53.0166 0.559999
      vertex 23.3585 49.5757 0.559999
      vertex 25.9473 53.3034 0.559999
    endloop
  endfacet
  facet normal 0 0 -1
    outer loop
      vertex 23.2477 49.6606 0.559999
      vertex 25.9473 53.3034 0.559999
      vertex 23.3585 49.5757 0.559999
    endloop
  endfacet
  facet normal -0 0 -1
    outer loop
      vertex 25.9473 53.3034 0.559999
      vertex 23.2477 49.6606 0.559999
      vertex 25.55 53.5565 0.559999
    endloop
  endfacet
  facet normal 0 0 -1
    outer loop
      vertex 23.13 49.7356 0.559999
      vertex 25.55 53.5565 0.559999
      vertex 23.2477 49.6606 0.559999
    endloop
  endfacet
  facet normal -0 0 -1
    outer loop
      vertex 25.55 53.5565 0.559999
      vertex 23.13 49.7356 0.559999
      vertex 25.1321 53.774 0.559999
    endloop
  endfacet
  facet normal 0 0 -1
    outer loop
      vertex 23.0062 49.8001 0.559999
      vertex 25.1321 53.774 0.559999
      vertex 23.13 49.7356 0.559999
    endloop
  endfacet
  facet normal -0 0 -1
    outer loop
      vertex 25.1321 53.774 0.559999
      vertex 23.0062 49.8001 0.559999
      vertex 24.6969 53.9543 0.559999
    endloop
  endfacet
  facet normal -0 0 -1
    outer loop
      vertex 24.6969 53.9543 0.559999
      vertex 23.0062 49.8001 0.559999
      vertex 24.2476 54.096 0.559999
    endloop
  endfacet
  facet normal 0 0 -1
    outer loop
      vertex 22.8772 49.8535 0.559999
      vertex 24.2476 54.096 0.559999
      vertex 23.0062 49.8001 0.559999
    endloop
  endfacet
  facet normal -0 0 -1
    outer loop
      vertex 24.2476 54.096 0.559999
      vertex 22.8772 49.8535 0.559999
      vertex 23.7877 54.198 0.559999
    endloop
  endfacet
  facet normal 0 0 -1
    outer loop
      vertex 22.7441 49.8955 0.559999
      vertex 23.7877 54.198 0.559999
      vertex 22.8772 49.8535 0.559999
    endloop
  endfacet
  facet normal -0 0 -1
    outer loop
      vertex 23.7877 54.198 0.559999
      vertex 22.7441 49.8955 0.559999
      vertex 23.3206 54.2594 0.559999
    endloop
  endfacet
  facet normal 0 0 -1
    outer loop
      vertex 22.6078 49.9257 0.559999
      vertex 23.3206 54.2594 0.559999
      vertex 22.7441 49.8955 0.559999
    endloop
  endfacet
  facet normal -0 0 -1
    outer loop
      vertex 23.3206 54.2594 0.559999
      vertex 22.6078 49.9257 0.559999
      vertex 22.85 54.28 0.559999
    endloop
  endfacet
  facet normal 0 0 -1
    outer loop
      vertex 22.4694 49.9439 0.559999
      vertex 22.85 54.28 0.559999
      vertex 22.6078 49.9257 0.559999
    endloop
  endfacet
  facet normal 0 0 -1
    outer loop
      vertex 22.33 49.95 0.559999
      vertex 22.85 54.28 0.559999
      vertex 22.4694 49.9439 0.559999
    endloop
  endfacet
  facet normal 0 0 -1
    outer loop
      vertex -22.33 49.95 0.559999
      vertex 22.85 54.28 0.559999
      vertex 22.33 49.95 0.559999
    endloop
  endfacet
  facet normal 0 0 -1
    outer loop
      vertex -22.85 54.28 0.559999
      vertex -22.33 49.95 0.559999
      vertex -22.4694 49.9439 0.559999
    endloop
  endfacet
  facet normal 0 0 -1
    outer loop
      vertex -22.33 49.95 0.559999
      vertex -22.85 54.28 0.559999
      vertex 22.85 54.28 0.559999
    endloop
  endfacet
  facet normal 0 0 -1
    outer loop
      vertex -22.6078 49.9257 0.559999
      vertex -22.85 54.28 0.559999
      vertex -22.4694 49.9439 0.559999
    endloop
  endfacet
  facet normal 0 0 -1
    outer loop
      vertex -23.3206 54.2594 0.559999
      vertex -22.6078 49.9257 0.559999
      vertex -22.7441 49.8955 0.559999
    endloop
  endfacet
  facet normal 0 0 -1
    outer loop
      vertex -23.7877 54.198 0.559999
      vertex -22.7441 49.8955 0.559999
      vertex -22.8772 49.8535 0.559999
    endloop
  endfacet
  facet normal 0 0 -1
    outer loop
      vertex -24.2476 54.096 0.559999
      vertex -22.8772 49.8535 0.559999
      vertex -23.0062 49.8001 0.559999
    endloop
  endfacet
  facet normal 0 0 -1
    outer loop
      vertex -25.1321 53.774 0.559999
      vertex -23.0062 49.8001 0.559999
      vertex -23.13 49.7356 0.559999
    endloop
  endfacet
  facet normal 0 0 -1
    outer loop
      vertex -25.55 53.5565 0.559999
      vertex -23.13 49.7356 0.559999
      vertex -23.2477 49.6606 0.559999
    endloop
  endfacet
  facet normal 0 0 -1
    outer loop
      vertex -22.6078 49.9257 0.559999
      vertex -23.3206 54.2594 0.559999
      vertex -22.85 54.28 0.559999
    endloop
  endfacet
  facet normal 0 0 -1
    outer loop
      vertex -25.9473 53.3034 0.559999
      vertex -23.2477 49.6606 0.559999
      vertex -23.3585 49.5757 0.559999
    endloop
  endfacet
  facet normal 0 0 -1
    outer loop
      vertex -26.321 53.0166 0.559999
      vertex -23.3585 49.5757 0.559999
      vertex -23.4614 49.4814 0.559999
    endloop
  endfacet
  facet normal 0 0 -1
    outer loop
      vertex -26.9866 52.351 0.559999
      vertex -23.4614 49.4814 0.559999
      vertex -23.5557 49.3784 0.559999
    endloop
  endfacet
  facet normal 0 0 -1
    outer loop
      vertex -27.2734 51.9773 0.559999
      vertex -23.5557 49.3784 0.559999
      vertex -23.6406 49.2677 0.559999
    endloop
  endfacet
  facet normal 0 0 -1
    outer loop
      vertex -27.5265 51.58 0.559999
      vertex -23.6406 49.2677 0.559999
      vertex -23.7156 49.15 0.559999
    endloop
  endfacet
  facet normal 0 0 -1
    outer loop
      vertex -27.744 51.1621 0.559999
      vertex -23.7156 49.15 0.559999
      vertex -23.7801 49.0262 0.559999
    endloop
  endfacet
  facet normal 0 0 -1
    outer loop
      vertex -22.7441 49.8955 0.559999
      vertex -23.7877 54.198 0.559999
      vertex -23.3206 54.2594 0.559999
    endloop
  endfacet
  facet normal 0 0 -1
    outer loop
      vertex -27.9243 50.7269 0.559999
      vertex -23.7801 49.0262 0.559999
      vertex -23.8335 48.8972 0.559999
    endloop
  endfacet
  facet normal 0 0 -1
    outer loop
      vertex -28.168 49.8177 0.559999
      vertex -23.8335 48.8972 0.559999
      vertex -23.8755 48.7641 0.559999
    endloop
  endfacet
  facet normal 0 0 -1
    outer loop
      vertex -28.2294 49.3506 0.559999
      vertex -23.8755 48.7641 0.559999
      vertex -23.9057 48.6278 0.559999
    endloop
  endfacet
  facet normal 0 0 -1
    outer loop
      vertex -28.25 48.88 0.559999
      vertex -23.9057 48.6278 0.559999
      vertex -23.9239 48.4894 0.559999
    endloop
  endfacet
  facet normal 0 0 -1
    outer loop
      vertex -28.25 48.88 0.559999
      vertex -23.9239 48.4894 0.559999
      vertex -23.93 48.35 0.559999
    endloop
  endfacet
  facet normal 0 0 -1
    outer loop
      vertex -22.8772 49.8535 0.559999
      vertex -24.2476 54.096 0.559999
      vertex -23.7877 54.198 0.559999
    endloop
  endfacet
  facet normal -0 0 -1
    outer loop
      vertex -23.93 -20.79 0.559999
      vertex -28.25 -21.32 0.559999
      vertex -23.93 48.35 0.559999
    endloop
  endfacet
  facet normal 0 0 -1
    outer loop
      vertex -27.5265 -24.02 0.559999
      vertex -23.6406 -21.7077 0.559999
      vertex -27.2734 -24.4173 0.559999
    endloop
  endfacet
  facet normal 0 0 -1
    outer loop
      vertex -28.25 48.88 0.559999
      vertex -23.93 48.35 0.559999
      vertex -28.25 -21.32 0.559999
    endloop
  endfacet
  facet normal -0 0 -1
    outer loop
      vertex -23.6406 -21.7077 0.559999
      vertex -27.5265 -24.02 0.559999
      vertex -23.7156 -21.59 0.559999
    endloop
  endfacet
  facet normal 0 0 -1
    outer loop
      vertex -23.9057 48.6278 0.559999
      vertex -28.25 48.88 0.559999
      vertex -28.2294 49.3506 0.559999
    endloop
  endfacet
  facet normal 0 0 -1
    outer loop
      vertex -27.744 -23.6021 0.559999
      vertex -23.7156 -21.59 0.559999
      vertex -27.5265 -24.02 0.559999
    endloop
  endfacet
  facet normal 0 0 -1
    outer loop
      vertex -23.0062 49.8001 0.559999
      vertex -24.6969 53.9543 0.559999
      vertex -24.2476 54.096 0.559999
    endloop
  endfacet
  facet normal -0 0 -1
    outer loop
      vertex -23.7156 -21.59 0.559999
      vertex -27.744 -23.6021 0.559999
      vertex -23.7801 -21.4662 0.559999
    endloop
  endfacet
  facet normal 0 0 -1
    outer loop
      vertex -23.0062 49.8001 0.559999
      vertex -25.1321 53.774 0.559999
      vertex -24.6969 53.9543 0.559999
    endloop
  endfacet
  facet normal 0 0 -1
    outer loop
      vertex -27.9243 -23.1669 0.559999
      vertex -23.7801 -21.4662 0.559999
      vertex -27.744 -23.6021 0.559999
    endloop
  endfacet
  facet normal 0 0 -1
    outer loop
      vertex -23.13 49.7356 0.559999
      vertex -25.55 53.5565 0.559999
      vertex -25.1321 53.774 0.559999
    endloop
  endfacet
  facet normal -0 0 -1
    outer loop
      vertex -23.7801 -21.4662 0.559999
      vertex -27.9243 -23.1669 0.559999
      vertex -23.8335 -21.3372 0.559999
    endloop
  endfacet
  facet normal 0 0 -1
    outer loop
      vertex -23.2477 49.6606 0.559999
      vertex -25.9473 53.3034 0.559999
      vertex -25.55 53.5565 0.559999
    endloop
  endfacet
  facet normal 0 0 -1
    outer loop
      vertex -28.066 -22.7176 0.559999
      vertex -23.8335 -21.3372 0.559999
      vertex -27.9243 -23.1669 0.559999
    endloop
  endfacet
  facet normal 0 0 -1
    outer loop
      vertex -23.3585 49.5757 0.559999
      vertex -26.321 53.0166 0.559999
      vertex -25.9473 53.3034 0.559999
    endloop
  endfacet
  facet normal 0 0 -1
    outer loop
      vertex -28.168 -22.2577 0.559999
      vertex -23.8335 -21.3372 0.559999
      vertex -28.066 -22.7176 0.559999
    endloop
  endfacet
  facet normal 0 0 -1
    outer loop
      vertex -23.4614 49.4814 0.559999
      vertex -26.6684 52.6984 0.559999
      vertex -26.321 53.0166 0.559999
    endloop
  endfacet
  facet normal -0 0 -1
    outer loop
      vertex -23.8335 -21.3372 0.559999
      vertex -28.168 -22.2577 0.559999
      vertex -23.8755 -21.2041 0.559999
    endloop
  endfacet
  facet normal 0 0 -1
    outer loop
      vertex -23.4614 49.4814 0.559999
      vertex -26.9866 52.351 0.559999
      vertex -26.6684 52.6984 0.559999
    endloop
  endfacet
  facet normal 0 0 -1
    outer loop
      vertex -28.2294 -21.7906 0.559999
      vertex -23.8755 -21.2041 0.559999
      vertex -28.168 -22.2577 0.559999
    endloop
  endfacet
  facet normal 0 0 -1
    outer loop
      vertex -23.5557 49.3784 0.559999
      vertex -27.2734 51.9773 0.559999
      vertex -26.9866 52.351 0.559999
    endloop
  endfacet
  facet normal -0 0 -1
    outer loop
      vertex -23.8755 -21.2041 0.559999
      vertex -28.2294 -21.7906 0.559999
      vertex -23.9057 -21.0678 0.559999
    endloop
  endfacet
  facet normal 0 0 -1
    outer loop
      vertex -23.6406 49.2677 0.559999
      vertex -27.5265 51.58 0.559999
      vertex -27.2734 51.9773 0.559999
    endloop
  endfacet
  facet normal 0 0 -1
    outer loop
      vertex -28.25 -21.32 0.559999
      vertex -23.9057 -21.0678 0.559999
      vertex -28.2294 -21.7906 0.559999
    endloop
  endfacet
  facet normal 0 0 -1
    outer loop
      vertex -23.7156 49.15 0.559999
      vertex -27.744 51.1621 0.559999
      vertex -27.5265 51.58 0.559999
    endloop
  endfacet
  facet normal -0 0 -1
    outer loop
      vertex -23.9057 -21.0678 0.559999
      vertex -28.25 -21.32 0.559999
      vertex -23.9239 -20.9294 0.559999
    endloop
  endfacet
  facet normal 0 0 -1
    outer loop
      vertex -23.7801 49.0262 0.559999
      vertex -27.9243 50.7269 0.559999
      vertex -27.744 51.1621 0.559999
    endloop
  endfacet
  facet normal -0 0 -1
    outer loop
      vertex -23.9239 -20.9294 0.559999
      vertex -28.25 -21.32 0.559999
      vertex -23.93 -20.79 0.559999
    endloop
  endfacet
  facet normal 0 0 -1
    outer loop
      vertex -23.8335 48.8972 0.559999
      vertex -28.066 50.2776 0.559999
      vertex -27.9243 50.7269 0.559999
    endloop
  endfacet
  facet normal 0 0 -1
    outer loop
      vertex -23.8335 48.8972 0.559999
      vertex -28.168 49.8177 0.559999
      vertex -28.066 50.2776 0.559999
    endloop
  endfacet
  facet normal 0 0 -1
    outer loop
      vertex -23.8755 48.7641 0.559999
      vertex -28.2294 49.3506 0.559999
      vertex -28.168 49.8177 0.559999
    endloop
  endfacet
  facet normal -0.043732 0.999043 0
    outer loop
      vertex 23.3206 -26.6994 0.29
      vertex 22.85 -26.72 0.559999
      vertex 23.3206 -26.6994 0.559999
    endloop
  endfacet
  facet normal -0.043732 0.999043 0
    outer loop
      vertex 22.85 -26.72 0.559999
      vertex 23.3206 -26.6994 0.29
      vertex 22.85 -26.72 0.29
    endloop
  endfacet
  facet normal 0.043732 -0.999043 0
    outer loop
      vertex -23.3206 54.2594 0
      vertex -22.85 54.28 0.559999
      vertex -23.3206 54.2594 0.559999
    endloop
  endfacet
  facet normal 0.043732 -0.999043 0
    outer loop
      vertex -22.85 54.28 0.559999
      vertex -23.3206 54.2594 0
      vertex -22.85 54.28 0
    endloop
  endfacet
  facet normal 0.793302 -0.608828 0
    outer loop
      vertex -27.2734 51.9773 0.559999
      vertex -26.9866 52.351 0
      vertex -26.9866 52.351 0.559999
    endloop
  endfacet
  facet normal 0.793302 -0.608828 0
    outer loop
      vertex -26.9866 52.351 0
      vertex -27.2734 51.9773 0.559999
      vertex -27.2734 51.9773 0
    endloop
  endfacet
  facet normal 0.675436 -0.737418 0
    outer loop
      vertex -26.6684 52.6984 0
      vertex -26.321 53.0166 0.559999
      vertex -26.6684 52.6984 0.559999
    endloop
  endfacet
  facet normal 0.675436 -0.737418 0
    outer loop
      vertex -26.321 53.0166 0.559999
      vertex -26.6684 52.6984 0
      vertex -26.321 53.0166 0
    endloop
  endfacet
  facet normal 0 1 -0
    outer loop
      vertex 22.85 -26.72 0.29
      vertex -22.85 -26.72 0.559999
      vertex 22.85 -26.72 0.559999
    endloop
  endfacet
  facet normal 0 1 0
    outer loop
      vertex -22.85 -26.72 0.559999
      vertex 22.85 -26.72 0.29
      vertex -22.85 -26.72 0.29
    endloop
  endfacet
  facet normal 0.991471 -0.130328 0
    outer loop
      vertex -28.2294 49.3506 0.559999
      vertex -28.168 49.8177 0
      vertex -28.168 49.8177 0.559999
    endloop
  endfacet
  facet normal 0.991471 -0.130328 0
    outer loop
      vertex -28.168 49.8177 0
      vertex -28.2294 49.3506 0.559999
      vertex -28.2294 49.3506 0
    endloop
  endfacet
  facet normal 0.130328 0.991471 -0
    outer loop
      vertex -23.3206 -26.6994 0.29
      vertex -23.7877 -26.638 0.559999
      vertex -23.3206 -26.6994 0.559999
    endloop
  endfacet
  facet normal 0.130328 0.991471 0
    outer loop
      vertex -23.7877 -26.638 0.559999
      vertex -23.3206 -26.6994 0.29
      vertex -23.7877 -26.638 0.29
    endloop
  endfacet
  facet normal 0.382746 -0.923854 0
    outer loop
      vertex -25.1321 53.774 0
      vertex -24.6969 53.9543 0.559999
      vertex -25.1321 53.774 0.559999
    endloop
  endfacet
  facet normal 0.382746 -0.923854 0
    outer loop
      vertex -24.6969 53.9543 0.559999
      vertex -25.1321 53.774 0
      vertex -24.6969 53.9543 0
    endloop
  endfacet
  facet normal 0.461674 -0.88705 0
    outer loop
      vertex -25.55 53.5565 0
      vertex -25.1321 53.774 0.559999
      vertex -25.55 53.5565 0.559999
    endloop
  endfacet
  facet normal 0.461674 -0.88705 0
    outer loop
      vertex -25.1321 53.774 0.559999
      vertex -25.55 53.5565 0
      vertex -25.1321 53.774 0
    endloop
  endfacet
  facet normal -0.537288 -0.843399 0
    outer loop
      vertex 25.55 53.5565 0
      vertex 25.9473 53.3034 0.559999
      vertex 25.55 53.5565 0.559999
    endloop
  endfacet
  facet normal -0.537288 -0.843399 -0
    outer loop
      vertex 25.9473 53.3034 0.559999
      vertex 25.55 53.5565 0
      vertex 25.9473 53.3034 0
    endloop
  endfacet
  facet normal 0.737418 -0.675436 0
    outer loop
      vertex -26.9866 52.351 0.559999
      vertex -26.6684 52.6984 0
      vertex -26.6684 52.6984 0.559999
    endloop
  endfacet
  facet normal 0.737418 -0.675436 0
    outer loop
      vertex -26.6684 52.6984 0
      vertex -26.9866 52.351 0.559999
      vertex -26.9866 52.351 0
    endloop
  endfacet
  facet normal -0.999043 0.043732 0
    outer loop
      vertex 28.2294 -21.7906 0.29
      vertex 28.25 -21.32 0.559999
      vertex 28.25 -21.32 0.29
    endloop
  endfacet
  facet normal -0.999043 0.043732 0
    outer loop
      vertex 28.25 -21.32 0.559999
      vertex 28.2294 -21.7906 0.29
      vertex 28.2294 -21.7906 0.559999
    endloop
  endfacet
  facet normal 0.991471 0.130328 0
    outer loop
      vertex -28.168 -22.2577 0.559999
      vertex -28.2294 -21.7906 0.29
      vertex -28.2294 -21.7906 0.559999
    endloop
  endfacet
  facet normal 0.991471 0.130328 0
    outer loop
      vertex -28.2294 -21.7906 0.29
      vertex -28.168 -22.2577 0.559999
      vertex -28.168 -22.2577 0.29
    endloop
  endfacet
  facet normal -0.953695 0.300776 0
    outer loop
      vertex 27.9243 -23.1669 0.29
      vertex 28.066 -22.7176 0.559999
      vertex 28.066 -22.7176 0.29
    endloop
  endfacet
  facet normal -0.953695 0.300776 0
    outer loop
      vertex 28.066 -22.7176 0.559999
      vertex 27.9243 -23.1669 0.29
      vertex 27.9243 -23.1669 0.559999
    endloop
  endfacet
  facet normal -0.976277 -0.216526 0
    outer loop
      vertex 28.168 49.8177 0
      vertex 28.066 50.2776 0.559999
      vertex 28.066 50.2776 0
    endloop
  endfacet
  facet normal -0.976277 -0.216526 0
    outer loop
      vertex 28.066 50.2776 0.559999
      vertex 28.168 49.8177 0
      vertex 28.168 49.8177 0.559999
    endloop
  endfacet
  facet normal -0.923854 0.382746 0
    outer loop
      vertex 27.744 -23.6021 0.29
      vertex 27.9243 -23.1669 0.559999
      vertex 27.9243 -23.1669 0.29
    endloop
  endfacet
  facet normal -0.923854 0.382746 0
    outer loop
      vertex 27.9243 -23.1669 0.559999
      vertex 27.744 -23.6021 0.29
      vertex 27.744 -23.6021 0.559999
    endloop
  endfacet
  facet normal 0.043732 0.999043 -0
    outer loop
      vertex -22.85 -26.72 0.29
      vertex -23.3206 -26.6994 0.559999
      vertex -22.85 -26.72 0.559999
    endloop
  endfacet
  facet normal 0.043732 0.999043 0
    outer loop
      vertex -23.3206 -26.6994 0.559999
      vertex -22.85 -26.72 0.29
      vertex -23.3206 -26.6994 0.29
    endloop
  endfacet
  facet normal 0.216526 -0.976277 0
    outer loop
      vertex -24.2476 54.096 0
      vertex -23.7877 54.198 0.559999
      vertex -24.2476 54.096 0.559999
    endloop
  endfacet
  facet normal 0.216526 -0.976277 0
    outer loop
      vertex -23.7877 54.198 0.559999
      vertex -24.2476 54.096 0
      vertex -23.7877 54.198 0
    endloop
  endfacet
  facet normal 0.953695 -0.300776 0
    outer loop
      vertex -28.066 50.2776 0.559999
      vertex -27.9243 50.7269 0
      vertex -27.9243 50.7269 0.559999
    endloop
  endfacet
  facet normal 0.953695 -0.300776 0
    outer loop
      vertex -27.9243 50.7269 0
      vertex -28.066 50.2776 0.559999
      vertex -28.066 50.2776 0
    endloop
  endfacet
  facet normal 0.923854 -0.382746 0
    outer loop
      vertex -27.9243 50.7269 0.559999
      vertex -27.744 51.1621 0
      vertex -27.744 51.1621 0.559999
    endloop
  endfacet
  facet normal 0.923854 -0.382746 0
    outer loop
      vertex -27.744 51.1621 0
      vertex -27.9243 50.7269 0.559999
      vertex -27.9243 50.7269 0
    endloop
  endfacet
  facet normal 0.843399 -0.537288 0
    outer loop
      vertex -27.5265 51.58 0.559999
      vertex -27.2734 51.9773 0
      vertex -27.2734 51.9773 0.559999
    endloop
  endfacet
  facet normal 0.843399 -0.537288 0
    outer loop
      vertex -27.2734 51.9773 0
      vertex -27.5265 51.58 0.559999
      vertex -27.5265 51.58 0
    endloop
  endfacet
  facet normal -0.130328 -0.991471 0
    outer loop
      vertex 23.3206 54.2594 0
      vertex 23.7877 54.198 0.559999
      vertex 23.3206 54.2594 0.559999
    endloop
  endfacet
  facet normal -0.130328 -0.991471 -0
    outer loop
      vertex 23.7877 54.198 0.559999
      vertex 23.3206 54.2594 0
      vertex 23.7877 54.198 0
    endloop
  endfacet
  facet normal -0.843399 0.537288 0
    outer loop
      vertex 27.2734 -24.4173 0.29
      vertex 27.5265 -24.02 0.559999
      vertex 27.5265 -24.02 0.29
    endloop
  endfacet
  facet normal -0.843399 0.537288 0
    outer loop
      vertex 27.5265 -24.02 0.559999
      vertex 27.2734 -24.4173 0.29
      vertex 27.2734 -24.4173 0.559999
    endloop
  endfacet
  facet normal -0.88705 0.461674 0
    outer loop
      vertex 27.5265 -24.02 0.29
      vertex 27.744 -23.6021 0.559999
      vertex 27.744 -23.6021 0.29
    endloop
  endfacet
  facet normal -0.88705 0.461674 0
    outer loop
      vertex 27.744 -23.6021 0.559999
      vertex 27.5265 -24.02 0.29
      vertex 27.5265 -24.02 0.559999
    endloop
  endfacet
  facet normal 0.382746 0.923854 -0
    outer loop
      vertex -24.6969 -26.3943 0.29
      vertex -25.1321 -26.214 0.559999
      vertex -24.6969 -26.3943 0.559999
    endloop
  endfacet
  facet normal 0.382746 0.923854 0
    outer loop
      vertex -25.1321 -26.214 0.559999
      vertex -24.6969 -26.3943 0.29
      vertex -25.1321 -26.214 0.29
    endloop
  endfacet
  facet normal 0.130328 -0.991471 0
    outer loop
      vertex -23.7877 54.198 0
      vertex -23.3206 54.2594 0.559999
      vertex -23.7877 54.198 0.559999
    endloop
  endfacet
  facet normal 0.130328 -0.991471 0
    outer loop
      vertex -23.3206 54.2594 0.559999
      vertex -23.7877 54.198 0
      vertex -23.3206 54.2594 0
    endloop
  endfacet
  facet normal 0.300776 0.953695 -0
    outer loop
      vertex -24.2476 -26.536 0.29
      vertex -24.6969 -26.3943 0.559999
      vertex -24.2476 -26.536 0.559999
    endloop
  endfacet
  facet normal 0.300776 0.953695 0
    outer loop
      vertex -24.6969 -26.3943 0.559999
      vertex -24.2476 -26.536 0.29
      vertex -24.6969 -26.3943 0.29
    endloop
  endfacet
  facet normal -0.991471 0.130328 0
    outer loop
      vertex 28.168 -22.2577 0.29
      vertex 28.2294 -21.7906 0.559999
      vertex 28.2294 -21.7906 0.29
    endloop
  endfacet
  facet normal -0.991471 0.130328 0
    outer loop
      vertex 28.2294 -21.7906 0.559999
      vertex 28.168 -22.2577 0.29
      vertex 28.168 -22.2577 0.559999
    endloop
  endfacet
  facet normal -0.976277 0.216526 0
    outer loop
      vertex 28.066 -22.7176 0.29
      vertex 28.168 -22.2577 0.559999
      vertex 28.168 -22.2577 0.29
    endloop
  endfacet
  facet normal -0.976277 0.216526 0
    outer loop
      vertex 28.168 -22.2577 0.559999
      vertex 28.066 -22.7176 0.29
      vertex 28.066 -22.7176 0.559999
    endloop
  endfacet
  facet normal 0.991464 0.13038 0
    outer loop
      vertex -23.9057 -21.0678 3
      vertex -23.9239 -20.9294 0.559999
      vertex -23.9239 -20.9294 3
    endloop
  endfacet
  facet normal 0.991464 0.13038 0
    outer loop
      vertex -23.9239 -20.9294 0.559999
      vertex -23.9057 -21.0678 3
      vertex -23.9057 -21.0678 0.559999
    endloop
  endfacet
  facet normal -0.976322 0.216324 0
    outer loop
      vertex 23.8755 -21.2041 0.559999
      vertex 23.9057 -21.0678 3
      vertex 23.9057 -21.0678 0.559999
    endloop
  endfacet
  facet normal -0.976322 0.216324 0
    outer loop
      vertex 23.9057 -21.0678 3
      vertex 23.8755 -21.2041 0.559999
      vertex 23.8755 -21.2041 3
    endloop
  endfacet
  facet normal -1 0 0
    outer loop
      vertex 23.93 -20.79 0.559999
      vertex 23.93 48.35 3
      vertex 23.93 48.35 0.559999
    endloop
  endfacet
  facet normal -1 -0 0
    outer loop
      vertex 23.93 48.35 3
      vertex 23.93 -20.79 0.559999
      vertex 23.93 -20.79 3
    endloop
  endfacet
  facet normal 0.976322 0.216324 0
    outer loop
      vertex -23.8755 -21.2041 3
      vertex -23.9057 -21.0678 0.559999
      vertex -23.9057 -21.0678 3
    endloop
  endfacet
  facet normal 0.976322 0.216324 0
    outer loop
      vertex -23.9057 -21.0678 0.559999
      vertex -23.8755 -21.2041 3
      vertex -23.8755 -21.2041 0.559999
    endloop
  endfacet
  facet normal 0.999044 0.0437171 0
    outer loop
      vertex -23.9239 -20.9294 3
      vertex -23.93 -20.79 0.559999
      vertex -23.93 -20.79 3
    endloop
  endfacet
  facet normal 0.999044 0.0437171 0
    outer loop
      vertex -23.93 -20.79 0.559999
      vertex -23.9239 -20.9294 3
      vertex -23.9239 -20.9294 0.559999
    endloop
  endfacet
  facet normal -0.300926 -0.953648 0
    outer loop
      vertex 22.7441 49.8955 0.559999
      vertex 22.8772 49.8535 3
      vertex 22.7441 49.8955 3
    endloop
  endfacet
  facet normal -0.300926 -0.953648 -0
    outer loop
      vertex 22.8772 49.8535 3
      vertex 22.7441 49.8955 0.559999
      vertex 22.8772 49.8535 0.559999
    endloop
  endfacet
  facet normal 0.886853 -0.462052 0
    outer loop
      vertex -23.7801 49.0262 3
      vertex -23.7156 49.15 0.559999
      vertex -23.7156 49.15 3
    endloop
  endfacet
  facet normal 0.886853 -0.462052 0
    outer loop
      vertex -23.7156 49.15 0.559999
      vertex -23.7801 49.0262 3
      vertex -23.7801 49.0262 0.559999
    endloop
  endfacet
  facet normal -0.73757 0.675271 0
    outer loop
      vertex 23.4614 -21.9214 0.559999
      vertex 23.5557 -21.8184 3
      vertex 23.5557 -21.8184 0.559999
    endloop
  endfacet
  facet normal -0.73757 0.675271 0
    outer loop
      vertex 23.5557 -21.8184 3
      vertex 23.4614 -21.9214 0.559999
      vertex 23.4614 -21.9214 3
    endloop
  endfacet
  facet normal -0.537385 -0.843337 0
    outer loop
      vertex 23.13 49.7356 0.559999
      vertex 23.2477 49.6606 3
      vertex 23.13 49.7356 3
    endloop
  endfacet
  facet normal -0.537385 -0.843337 -0
    outer loop
      vertex 23.2477 49.6606 3
      vertex 23.13 49.7356 0.559999
      vertex 23.2477 49.6606 0.559999
    endloop
  endfacet
  facet normal 0.382478 0.923964 -0
    outer loop
      vertex -22.8772 -22.2935 0.559999
      vertex -23.0062 -22.2401 3
      vertex -22.8772 -22.2935 3
    endloop
  endfacet
  facet normal 0.382478 0.923964 0
    outer loop
      vertex -23.0062 -22.2401 3
      vertex -22.8772 -22.2935 0.559999
      vertex -23.0062 -22.2401 0.559999
    endloop
  endfacet
  facet normal -0.999044 -0.0437171 0
    outer loop
      vertex 23.93 48.35 0.559999
      vertex 23.9239 48.4894 3
      vertex 23.9239 48.4894 0.559999
    endloop
  endfacet
  facet normal -0.999044 -0.0437171 0
    outer loop
      vertex 23.9239 48.4894 3
      vertex 23.93 48.35 0.559999
      vertex 23.93 48.35 3
    endloop
  endfacet
  facet normal -0.0437171 0.999044 0
    outer loop
      vertex 22.4694 -22.3839 0.559999
      vertex 22.33 -22.39 3
      vertex 22.4694 -22.3839 3
    endloop
  endfacet
  facet normal -0.0437171 0.999044 0
    outer loop
      vertex 22.33 -22.39 3
      vertex 22.4694 -22.3839 0.559999
      vertex 22.33 -22.39 0.559999
    endloop
  endfacet
  facet normal 0 -1 0
    outer loop
      vertex -22.33 49.95 0.559999
      vertex 22.33 49.95 3
      vertex -22.33 49.95 3
    endloop
  endfacet
  facet normal 0 -1 -0
    outer loop
      vertex 22.33 49.95 3
      vertex -22.33 49.95 0.559999
      vertex 22.33 49.95 0.559999
    endloop
  endfacet
  facet normal 0.73757 0.675271 0
    outer loop
      vertex -23.4614 -21.9214 3
      vertex -23.5557 -21.8184 0.559999
      vertex -23.5557 -21.8184 3
    endloop
  endfacet
  facet normal 0.73757 0.675271 0
    outer loop
      vertex -23.5557 -21.8184 0.559999
      vertex -23.4614 -21.9214 3
      vertex -23.4614 -21.9214 0.559999
    endloop
  endfacet
  facet normal 0.999044 -0.0437171 0
    outer loop
      vertex -23.93 48.35 3
      vertex -23.9239 48.4894 0.559999
      vertex -23.9239 48.4894 3
    endloop
  endfacet
  facet normal 0.999044 -0.0437171 0
    outer loop
      vertex -23.9239 48.4894 0.559999
      vertex -23.93 48.35 3
      vertex -23.93 48.35 0.559999
    endloop
  endfacet
  facet normal -0.13038 0.991464 0
    outer loop
      vertex 22.6078 -22.3657 0.559999
      vertex 22.4694 -22.3839 3
      vertex 22.6078 -22.3657 3
    endloop
  endfacet
  facet normal -0.13038 0.991464 0
    outer loop
      vertex 22.4694 -22.3839 3
      vertex 22.6078 -22.3657 0.559999
      vertex 22.4694 -22.3839 0.559999
    endloop
  endfacet
  facet normal -0.991464 -0.13038 0
    outer loop
      vertex 23.9239 48.4894 0.559999
      vertex 23.9057 48.6278 3
      vertex 23.9057 48.6278 0.559999
    endloop
  endfacet
  facet normal -0.991464 -0.13038 0
    outer loop
      vertex 23.9057 48.6278 3
      vertex 23.9239 48.4894 0.559999
      vertex 23.9239 48.4894 3
    endloop
  endfacet
  facet normal 0.675627 -0.737243 0
    outer loop
      vertex -23.4614 49.4814 0.559999
      vertex -23.3585 49.5757 3
      vertex -23.4614 49.4814 3
    endloop
  endfacet
  facet normal 0.675627 -0.737243 0
    outer loop
      vertex -23.3585 49.5757 3
      vertex -23.4614 49.4814 0.559999
      vertex -23.3585 49.5757 0.559999
    endloop
  endfacet
  facet normal 1 -0 0
    outer loop
      vertex -23.93 -20.79 3
      vertex -23.93 48.35 0.559999
      vertex -23.93 48.35 3
    endloop
  endfacet
  facet normal 1 0 0
    outer loop
      vertex -23.93 48.35 0.559999
      vertex -23.93 -20.79 3
      vertex -23.93 -20.79 0.559999
    endloop
  endfacet
  facet normal -0.976322 -0.216324 0
    outer loop
      vertex 23.9057 48.6278 0.559999
      vertex 23.8755 48.7641 3
      vertex 23.8755 48.7641 0.559999
    endloop
  endfacet
  facet normal -0.976322 -0.216324 0
    outer loop
      vertex 23.8755 48.7641 3
      vertex 23.9057 48.6278 0.559999
      vertex 23.9057 48.6278 3
    endloop
  endfacet
  facet normal -0.886853 -0.462052 0
    outer loop
      vertex 23.7801 49.0262 0.559999
      vertex 23.7156 49.15 3
      vertex 23.7156 49.15 0.559999
    endloop
  endfacet
  facet normal -0.886853 -0.462052 0
    outer loop
      vertex 23.7156 49.15 3
      vertex 23.7801 49.0262 0.559999
      vertex 23.7801 49.0262 3
    endloop
  endfacet
  facet normal -0.953648 -0.300926 0
    outer loop
      vertex 23.8755 48.7641 0.559999
      vertex 23.8335 48.8972 3
      vertex 23.8335 48.8972 0.559999
    endloop
  endfacet
  facet normal -0.953648 -0.300926 0
    outer loop
      vertex 23.8335 48.8972 3
      vertex 23.8755 48.7641 0.559999
      vertex 23.8755 48.7641 3
    endloop
  endfacet
  facet normal -0.675627 -0.737243 0
    outer loop
      vertex 23.3585 49.5757 0.559999
      vertex 23.4614 49.4814 3
      vertex 23.3585 49.5757 3
    endloop
  endfacet
  facet normal -0.675627 -0.737243 -0
    outer loop
      vertex 23.4614 49.4814 3
      vertex 23.3585 49.5757 0.559999
      vertex 23.4614 49.4814 0.559999
    endloop
  endfacet
  facet normal 0 1 -0
    outer loop
      vertex 22.33 -22.39 0.559999
      vertex -22.33 -22.39 3
      vertex 22.33 -22.39 3
    endloop
  endfacet
  facet normal 0 1 0
    outer loop
      vertex -22.33 -22.39 3
      vertex 22.33 -22.39 0.559999
      vertex -22.33 -22.39 0.559999
    endloop
  endfacet
  facet normal 0.991464 -0.13038 0
    outer loop
      vertex -23.9239 48.4894 3
      vertex -23.9057 48.6278 0.559999
      vertex -23.9057 48.6278 3
    endloop
  endfacet
  facet normal 0.991464 -0.13038 0
    outer loop
      vertex -23.9057 48.6278 0.559999
      vertex -23.9239 48.4894 3
      vertex -23.9239 48.4894 0.559999
    endloop
  endfacet
  facet normal 0.843337 -0.537385 0
    outer loop
      vertex -23.7156 49.15 3
      vertex -23.6406 49.2677 0.559999
      vertex -23.6406 49.2677 3
    endloop
  endfacet
  facet normal 0.843337 -0.537385 0
    outer loop
      vertex -23.6406 49.2677 0.559999
      vertex -23.7156 49.15 3
      vertex -23.7156 49.15 0.559999
    endloop
  endfacet
  facet normal 0.923964 -0.382478 0
    outer loop
      vertex -23.8335 48.8972 3
      vertex -23.7801 49.0262 0.559999
      vertex -23.7801 49.0262 3
    endloop
  endfacet
  facet normal 0.923964 -0.382478 0
    outer loop
      vertex -23.7801 49.0262 0.559999
      vertex -23.8335 48.8972 3
      vertex -23.8335 48.8972 0.559999
    endloop
  endfacet
  facet normal 0.300926 -0.953648 0
    outer loop
      vertex -22.8772 49.8535 0.559999
      vertex -22.7441 49.8955 3
      vertex -22.8772 49.8535 3
    endloop
  endfacet
  facet normal 0.300926 -0.953648 0
    outer loop
      vertex -22.7441 49.8955 3
      vertex -22.8772 49.8535 0.559999
      vertex -22.7441 49.8955 0.559999
    endloop
  endfacet
  facet normal -0.999044 0.0437171 0
    outer loop
      vertex 23.9239 -20.9294 0.559999
      vertex 23.93 -20.79 3
      vertex 23.93 -20.79 0.559999
    endloop
  endfacet
  facet normal -0.999044 0.0437171 0
    outer loop
      vertex 23.93 -20.79 3
      vertex 23.9239 -20.9294 0.559999
      vertex 23.9239 -20.9294 3
    endloop
  endfacet
  facet normal -0.216324 0.976322 0
    outer loop
      vertex 22.7441 -22.3355 0.559999
      vertex 22.6078 -22.3657 3
      vertex 22.7441 -22.3355 3
    endloop
  endfacet
  facet normal -0.216324 0.976322 0
    outer loop
      vertex 22.6078 -22.3657 3
      vertex 22.7441 -22.3355 0.559999
      vertex 22.6078 -22.3657 0.559999
    endloop
  endfacet
  facet normal -0.462052 -0.886853 0
    outer loop
      vertex 23.0062 49.8001 0.559999
      vertex 23.13 49.7356 3
      vertex 23.0062 49.8001 3
    endloop
  endfacet
  facet normal -0.462052 -0.886853 -0
    outer loop
      vertex 23.13 49.7356 3
      vertex 23.0062 49.8001 0.559999
      vertex 23.13 49.7356 0.559999
    endloop
  endfacet
  facet normal -0.991464 0.13038 0
    outer loop
      vertex 23.9057 -21.0678 0.559999
      vertex 23.9239 -20.9294 3
      vertex 23.9239 -20.9294 0.559999
    endloop
  endfacet
  facet normal -0.991464 0.13038 0
    outer loop
      vertex 23.9239 -20.9294 3
      vertex 23.9057 -21.0678 0.559999
      vertex 23.9057 -21.0678 3
    endloop
  endfacet
  facet normal 0.675627 0.737243 -0
    outer loop
      vertex -23.3585 -22.0157 0.559999
      vertex -23.4614 -21.9214 3
      vertex -23.3585 -22.0157 3
    endloop
  endfacet
  facet normal 0.675627 0.737243 0
    outer loop
      vertex -23.4614 -21.9214 3
      vertex -23.3585 -22.0157 0.559999
      vertex -23.4614 -21.9214 0.559999
    endloop
  endfacet
  facet normal -0.923964 0.382478 0
    outer loop
      vertex 23.7801 -21.4662 0.559999
      vertex 23.8335 -21.3372 3
      vertex 23.8335 -21.3372 0.559999
    endloop
  endfacet
  facet normal -0.923964 0.382478 0
    outer loop
      vertex 23.8335 -21.3372 3
      vertex 23.7801 -21.4662 0.559999
      vertex 23.7801 -21.4662 3
    endloop
  endfacet
  facet normal -0.537385 0.843337 0
    outer loop
      vertex 23.2477 -22.1006 0.559999
      vertex 23.13 -22.1756 3
      vertex 23.2477 -22.1006 3
    endloop
  endfacet
  facet normal -0.537385 0.843337 0
    outer loop
      vertex 23.13 -22.1756 3
      vertex 23.2477 -22.1006 0.559999
      vertex 23.13 -22.1756 0.559999
    endloop
  endfacet
  facet normal 0.976322 -0.216324 0
    outer loop
      vertex -23.9057 48.6278 3
      vertex -23.8755 48.7641 0.559999
      vertex -23.8755 48.7641 3
    endloop
  endfacet
  facet normal 0.976322 -0.216324 0
    outer loop
      vertex -23.8755 48.7641 0.559999
      vertex -23.9057 48.6278 3
      vertex -23.9057 48.6278 0.559999
    endloop
  endfacet
  facet normal 0.886853 0.462052 0
    outer loop
      vertex -23.7156 -21.59 3
      vertex -23.7801 -21.4662 0.559999
      vertex -23.7801 -21.4662 3
    endloop
  endfacet
  facet normal 0.886853 0.462052 0
    outer loop
      vertex -23.7801 -21.4662 0.559999
      vertex -23.7156 -21.59 3
      vertex -23.7156 -21.59 0.559999
    endloop
  endfacet
  facet normal 0.73757 -0.675271 0
    outer loop
      vertex -23.5557 49.3784 3
      vertex -23.4614 49.4814 0.559999
      vertex -23.4614 49.4814 3
    endloop
  endfacet
  facet normal 0.73757 -0.675271 0
    outer loop
      vertex -23.4614 49.4814 0.559999
      vertex -23.5557 49.3784 3
      vertex -23.5557 49.3784 0.559999
    endloop
  endfacet
  facet normal -0.886853 0.462052 0
    outer loop
      vertex 23.7156 -21.59 0.559999
      vertex 23.7801 -21.4662 3
      vertex 23.7801 -21.4662 0.559999
    endloop
  endfacet
  facet normal -0.886853 0.462052 0
    outer loop
      vertex 23.7801 -21.4662 3
      vertex 23.7156 -21.59 0.559999
      vertex 23.7156 -21.59 3
    endloop
  endfacet
  facet normal 0.13038 -0.991464 0
    outer loop
      vertex -22.6078 49.9257 0.559999
      vertex -22.4694 49.9439 3
      vertex -22.6078 49.9257 3
    endloop
  endfacet
  facet normal 0.13038 -0.991464 0
    outer loop
      vertex -22.4694 49.9439 3
      vertex -22.6078 49.9257 0.559999
      vertex -22.4694 49.9439 0.559999
    endloop
  endfacet
  facet normal 0.793503 0.608567 0
    outer loop
      vertex -23.5557 -21.8184 3
      vertex -23.6406 -21.7077 0.559999
      vertex -23.6406 -21.7077 3
    endloop
  endfacet
  facet normal 0.793503 0.608567 0
    outer loop
      vertex -23.6406 -21.7077 0.559999
      vertex -23.5557 -21.8184 3
      vertex -23.5557 -21.8184 0.559999
    endloop
  endfacet
  facet normal 0.608221 -0.793768 0
    outer loop
      vertex -23.3585 49.5757 0.559999
      vertex -23.2477 49.6606 3
      vertex -23.3585 49.5757 3
    endloop
  endfacet
  facet normal 0.608221 -0.793768 0
    outer loop
      vertex -23.2477 49.6606 3
      vertex -23.3585 49.5757 0.559999
      vertex -23.2477 49.6606 0.559999
    endloop
  endfacet
  facet normal 0.953648 0.300926 0
    outer loop
      vertex -23.8335 -21.3372 3
      vertex -23.8755 -21.2041 0.559999
      vertex -23.8755 -21.2041 3
    endloop
  endfacet
  facet normal 0.953648 0.300926 0
    outer loop
      vertex -23.8755 -21.2041 0.559999
      vertex -23.8335 -21.3372 3
      vertex -23.8335 -21.3372 0.559999
    endloop
  endfacet
  facet normal -0.793503 -0.608567 0
    outer loop
      vertex 23.6406 49.2677 0.559999
      vertex 23.5557 49.3784 3
      vertex 23.5557 49.3784 0.559999
    endloop
  endfacet
  facet normal -0.793503 -0.608567 0
    outer loop
      vertex 23.5557 49.3784 3
      vertex 23.6406 49.2677 0.559999
      vertex 23.6406 49.2677 3
    endloop
  endfacet
  facet normal 0.462052 -0.886853 0
    outer loop
      vertex -23.13 49.7356 0.559999
      vertex -23.0062 49.8001 3
      vertex -23.13 49.7356 3
    endloop
  endfacet
  facet normal 0.462052 -0.886853 0
    outer loop
      vertex -23.0062 49.8001 3
      vertex -23.13 49.7356 0.559999
      vertex -23.0062 49.8001 0.559999
    endloop
  endfacet
  facet normal 0.382478 -0.923964 0
    outer loop
      vertex -23.0062 49.8001 0.559999
      vertex -22.8772 49.8535 3
      vertex -23.0062 49.8001 3
    endloop
  endfacet
  facet normal 0.382478 -0.923964 0
    outer loop
      vertex -22.8772 49.8535 3
      vertex -23.0062 49.8001 0.559999
      vertex -22.8772 49.8535 0.559999
    endloop
  endfacet
  facet normal -0.843337 -0.537385 0
    outer loop
      vertex 23.7156 49.15 0.559999
      vertex 23.6406 49.2677 3
      vertex 23.6406 49.2677 0.559999
    endloop
  endfacet
  facet normal -0.843337 -0.537385 0
    outer loop
      vertex 23.6406 49.2677 3
      vertex 23.7156 49.15 0.559999
      vertex 23.7156 49.15 3
    endloop
  endfacet
  facet normal 0.537385 -0.843337 0
    outer loop
      vertex -23.2477 49.6606 0.559999
      vertex -23.13 49.7356 3
      vertex -23.2477 49.6606 3
    endloop
  endfacet
  facet normal 0.537385 -0.843337 0
    outer loop
      vertex -23.13 49.7356 3
      vertex -23.2477 49.6606 0.559999
      vertex -23.13 49.7356 0.559999
    endloop
  endfacet
  facet normal -0.0437171 -0.999044 0
    outer loop
      vertex 22.33 49.95 0.559999
      vertex 22.4694 49.9439 3
      vertex 22.33 49.95 3
    endloop
  endfacet
  facet normal -0.0437171 -0.999044 -0
    outer loop
      vertex 22.4694 49.9439 3
      vertex 22.33 49.95 0.559999
      vertex 22.4694 49.9439 0.559999
    endloop
  endfacet
  facet normal -0.953648 0.300926 0
    outer loop
      vertex 23.8335 -21.3372 0.559999
      vertex 23.8755 -21.2041 3
      vertex 23.8755 -21.2041 0.559999
    endloop
  endfacet
  facet normal -0.953648 0.300926 0
    outer loop
      vertex 23.8755 -21.2041 3
      vertex 23.8335 -21.3372 0.559999
      vertex 23.8335 -21.3372 3
    endloop
  endfacet
  facet normal -0.608221 -0.793768 0
    outer loop
      vertex 23.2477 49.6606 0.559999
      vertex 23.3585 49.5757 3
      vertex 23.2477 49.6606 3
    endloop
  endfacet
  facet normal -0.608221 -0.793768 -0
    outer loop
      vertex 23.3585 49.5757 3
      vertex 23.2477 49.6606 0.559999
      vertex 23.3585 49.5757 0.559999
    endloop
  endfacet
  facet normal -0.13038 -0.991464 0
    outer loop
      vertex 22.4694 49.9439 0.559999
      vertex 22.6078 49.9257 3
      vertex 22.4694 49.9439 3
    endloop
  endfacet
  facet normal -0.13038 -0.991464 -0
    outer loop
      vertex 22.6078 49.9257 3
      vertex 22.4694 49.9439 0.559999
      vertex 22.6078 49.9257 0.559999
    endloop
  endfacet
  facet normal 0.300926 0.953648 -0
    outer loop
      vertex -22.7441 -22.3355 0.559999
      vertex -22.8772 -22.2935 3
      vertex -22.7441 -22.3355 3
    endloop
  endfacet
  facet normal 0.300926 0.953648 0
    outer loop
      vertex -22.8772 -22.2935 3
      vertex -22.7441 -22.3355 0.559999
      vertex -22.8772 -22.2935 0.559999
    endloop
  endfacet
  facet normal 0.953648 -0.300926 0
    outer loop
      vertex -23.8755 48.7641 3
      vertex -23.8335 48.8972 0.559999
      vertex -23.8335 48.8972 3
    endloop
  endfacet
  facet normal 0.953648 -0.300926 0
    outer loop
      vertex -23.8335 48.8972 0.559999
      vertex -23.8755 48.7641 3
      vertex -23.8755 48.7641 0.559999
    endloop
  endfacet
  facet normal -0.843337 0.537385 0
    outer loop
      vertex 23.6406 -21.7077 0.559999
      vertex 23.7156 -21.59 3
      vertex 23.7156 -21.59 0.559999
    endloop
  endfacet
  facet normal -0.843337 0.537385 0
    outer loop
      vertex 23.7156 -21.59 3
      vertex 23.6406 -21.7077 0.559999
      vertex 23.6406 -21.7077 3
    endloop
  endfacet
  facet normal 0.216324 -0.976322 0
    outer loop
      vertex -22.7441 49.8955 0.559999
      vertex -22.6078 49.9257 3
      vertex -22.7441 49.8955 3
    endloop
  endfacet
  facet normal 0.216324 -0.976322 0
    outer loop
      vertex -22.6078 49.9257 3
      vertex -22.7441 49.8955 0.559999
      vertex -22.6078 49.9257 0.559999
    endloop
  endfacet
  facet normal -0.608221 0.793768 0
    outer loop
      vertex 23.3585 -22.0157 0.559999
      vertex 23.2477 -22.1006 3
      vertex 23.3585 -22.0157 3
    endloop
  endfacet
  facet normal -0.608221 0.793768 0
    outer loop
      vertex 23.2477 -22.1006 3
      vertex 23.3585 -22.0157 0.559999
      vertex 23.2477 -22.1006 0.559999
    endloop
  endfacet
  facet normal 0.843337 0.537385 0
    outer loop
      vertex -23.6406 -21.7077 3
      vertex -23.7156 -21.59 0.559999
      vertex -23.7156 -21.59 3
    endloop
  endfacet
  facet normal 0.843337 0.537385 0
    outer loop
      vertex -23.7156 -21.59 0.559999
      vertex -23.6406 -21.7077 3
      vertex -23.6406 -21.7077 0.559999
    endloop
  endfacet
  facet normal -0.216324 -0.976322 0
    outer loop
      vertex 22.6078 49.9257 0.559999
      vertex 22.7441 49.8955 3
      vertex 22.6078 49.9257 3
    endloop
  endfacet
  facet normal -0.216324 -0.976322 -0
    outer loop
      vertex 22.7441 49.8955 3
      vertex 22.6078 49.9257 0.559999
      vertex 22.7441 49.8955 0.559999
    endloop
  endfacet
  facet normal -0.793503 0.608567 0
    outer loop
      vertex 23.5557 -21.8184 0.559999
      vertex 23.6406 -21.7077 3
      vertex 23.6406 -21.7077 0.559999
    endloop
  endfacet
  facet normal -0.793503 0.608567 0
    outer loop
      vertex 23.6406 -21.7077 3
      vertex 23.5557 -21.8184 0.559999
      vertex 23.5557 -21.8184 3
    endloop
  endfacet
  facet normal 0.13038 0.991464 -0
    outer loop
      vertex -22.4694 -22.3839 0.559999
      vertex -22.6078 -22.3657 3
      vertex -22.4694 -22.3839 3
    endloop
  endfacet
  facet normal 0.13038 0.991464 0
    outer loop
      vertex -22.6078 -22.3657 3
      vertex -22.4694 -22.3839 0.559999
      vertex -22.6078 -22.3657 0.559999
    endloop
  endfacet
  facet normal 0.0437171 0.999044 -0
    outer loop
      vertex -22.33 -22.39 0.559999
      vertex -22.4694 -22.3839 3
      vertex -22.33 -22.39 3
    endloop
  endfacet
  facet normal 0.0437171 0.999044 0
    outer loop
      vertex -22.4694 -22.3839 3
      vertex -22.33 -22.39 0.559999
      vertex -22.4694 -22.3839 0.559999
    endloop
  endfacet
  facet normal -0.300926 0.953648 0
    outer loop
      vertex 22.8772 -22.2935 0.559999
      vertex 22.7441 -22.3355 3
      vertex 22.8772 -22.2935 3
    endloop
  endfacet
  facet normal -0.300926 0.953648 0
    outer loop
      vertex 22.7441 -22.3355 3
      vertex 22.8772 -22.2935 0.559999
      vertex 22.7441 -22.3355 0.559999
    endloop
  endfacet
  facet normal -0.73757 -0.675271 0
    outer loop
      vertex 23.5557 49.3784 0.559999
      vertex 23.4614 49.4814 3
      vertex 23.4614 49.4814 0.559999
    endloop
  endfacet
  facet normal -0.73757 -0.675271 0
    outer loop
      vertex 23.4614 49.4814 3
      vertex 23.5557 49.3784 0.559999
      vertex 23.5557 49.3784 3
    endloop
  endfacet
  facet normal 0.216324 0.976322 -0
    outer loop
      vertex -22.6078 -22.3657 0.559999
      vertex -22.7441 -22.3355 3
      vertex -22.6078 -22.3657 3
    endloop
  endfacet
  facet normal 0.216324 0.976322 0
    outer loop
      vertex -22.7441 -22.3355 3
      vertex -22.6078 -22.3657 0.559999
      vertex -22.7441 -22.3355 0.559999
    endloop
  endfacet
  facet normal 0.0437171 -0.999044 0
    outer loop
      vertex -22.4694 49.9439 0.559999
      vertex -22.33 49.95 3
      vertex -22.4694 49.9439 3
    endloop
  endfacet
  facet normal 0.0437171 -0.999044 0
    outer loop
      vertex -22.33 49.95 3
      vertex -22.4694 49.9439 0.559999
      vertex -22.33 49.95 0.559999
    endloop
  endfacet
  facet normal 0.793503 -0.608567 0
    outer loop
      vertex -23.6406 49.2677 3
      vertex -23.5557 49.3784 0.559999
      vertex -23.5557 49.3784 3
    endloop
  endfacet
  facet normal 0.793503 -0.608567 0
    outer loop
      vertex -23.5557 49.3784 0.559999
      vertex -23.6406 49.2677 3
      vertex -23.6406 49.2677 0.559999
    endloop
  endfacet
  facet normal -0.923964 -0.382478 0
    outer loop
      vertex 23.8335 48.8972 0.559999
      vertex 23.7801 49.0262 3
      vertex 23.7801 49.0262 0.559999
    endloop
  endfacet
  facet normal -0.923964 -0.382478 0
    outer loop
      vertex 23.7801 49.0262 3
      vertex 23.8335 48.8972 0.559999
      vertex 23.8335 48.8972 3
    endloop
  endfacet
  facet normal -0.462052 0.886853 0
    outer loop
      vertex 23.13 -22.1756 0.559999
      vertex 23.0062 -22.2401 3
      vertex 23.13 -22.1756 3
    endloop
  endfacet
  facet normal -0.462052 0.886853 0
    outer loop
      vertex 23.0062 -22.2401 3
      vertex 23.13 -22.1756 0.559999
      vertex 23.0062 -22.2401 0.559999
    endloop
  endfacet
  facet normal 0.923964 0.382478 0
    outer loop
      vertex -23.7801 -21.4662 3
      vertex -23.8335 -21.3372 0.559999
      vertex -23.8335 -21.3372 3
    endloop
  endfacet
  facet normal 0.923964 0.382478 0
    outer loop
      vertex -23.8335 -21.3372 0.559999
      vertex -23.7801 -21.4662 3
      vertex -23.7801 -21.4662 0.559999
    endloop
  endfacet
  facet normal -0.675627 0.737243 0
    outer loop
      vertex 23.4614 -21.9214 0.559999
      vertex 23.3585 -22.0157 3
      vertex 23.4614 -21.9214 3
    endloop
  endfacet
  facet normal -0.675627 0.737243 0
    outer loop
      vertex 23.3585 -22.0157 3
      vertex 23.4614 -21.9214 0.559999
      vertex 23.3585 -22.0157 0.559999
    endloop
  endfacet
  facet normal 0.537385 0.843337 -0
    outer loop
      vertex -23.13 -22.1756 0.559999
      vertex -23.2477 -22.1006 3
      vertex -23.13 -22.1756 3
    endloop
  endfacet
  facet normal 0.537385 0.843337 0
    outer loop
      vertex -23.2477 -22.1006 3
      vertex -23.13 -22.1756 0.559999
      vertex -23.2477 -22.1006 0.559999
    endloop
  endfacet
  facet normal 0.608221 0.793768 -0
    outer loop
      vertex -23.2477 -22.1006 0.559999
      vertex -23.3585 -22.0157 3
      vertex -23.2477 -22.1006 3
    endloop
  endfacet
  facet normal 0.608221 0.793768 0
    outer loop
      vertex -23.3585 -22.0157 3
      vertex -23.2477 -22.1006 0.559999
      vertex -23.3585 -22.0157 0.559999
    endloop
  endfacet
  facet normal -0.382478 0.923964 0
    outer loop
      vertex 23.0062 -22.2401 0.559999
      vertex 22.8772 -22.2935 3
      vertex 23.0062 -22.2401 3
    endloop
  endfacet
  facet normal -0.382478 0.923964 0
    outer loop
      vertex 22.8772 -22.2935 3
      vertex 23.0062 -22.2401 0.559999
      vertex 22.8772 -22.2935 0.559999
    endloop
  endfacet
  facet normal 0.462052 0.886853 -0
    outer loop
      vertex -23.0062 -22.2401 0.559999
      vertex -23.13 -22.1756 3
      vertex -23.0062 -22.2401 3
    endloop
  endfacet
  facet normal 0.462052 0.886853 0
    outer loop
      vertex -23.13 -22.1756 3
      vertex -23.0062 -22.2401 0.559999
      vertex -23.13 -22.1756 0.559999
    endloop
  endfacet
  facet normal -0.382478 -0.923964 0
    outer loop
      vertex 22.8772 49.8535 0.559999
      vertex 23.0062 49.8001 3
      vertex 22.8772 49.8535 3
    endloop
  endfacet
  facet normal -0.382478 -0.923964 -0
    outer loop
      vertex 23.0062 49.8001 3
      vertex 22.8772 49.8535 0.559999
      vertex 23.0062 49.8001 0.559999
    endloop
  endfacet
  facet normal -0.991444 -0.13053 0
    outer loop
      vertex -9.59547 -46.4585 0.29
      vertex -9.73155 -45.4249 3
      vertex -9.73155 -45.4249 0.29
    endloop
  endfacet
  facet normal -0.991444 -0.13053 0
    outer loop
      vertex -9.73155 -45.4249 3
      vertex -9.59547 -46.4585 0.29
      vertex -9.59547 -46.4585 3
    endloop
  endfacet
  facet normal -0.300732 -0.953709 0
    outer loop
      vertex -18.4071 -35.9572 0.29
      vertex -17.4129 -36.2707 3
      vertex -18.4071 -35.9572 3
    endloop
  endfacet
  facet normal -0.300732 -0.953709 -0
    outer loop
      vertex -17.4129 -36.2707 3
      vertex -18.4071 -35.9572 0.29
      vertex -17.4129 -36.2707 0.29
    endloop
  endfacet
  facet normal -0.999048 -0.0436166 0
    outer loop
      vertex -9.55 -47.5 0.29
      vertex -9.59547 -46.4585 3
      vertex -9.59547 -46.4585 0.29
    endloop
  endfacet
  facet normal -0.999048 -0.0436166 0
    outer loop
      vertex -9.59547 -46.4585 3
      vertex -9.55 -47.5 0.29
      vertex -9.55 -47.5 3
    endloop
  endfacet
  facet normal 0.793333 0.608788 0
    outer loop
      vertex -30.6542 -55.1813 3
      vertex -31.2889 -54.3542 0.29
      vertex -31.2889 -54.3542 3
    endloop
  endfacet
  facet normal 0.793333 0.608788 0
    outer loop
      vertex -31.2889 -54.3542 0.29
      vertex -30.6542 -55.1813 3
      vertex -30.6542 -55.1813 0.29
    endloop
  endfacet
  facet normal 0.843397 0.537291 0
    outer loop
      vertex -31.2889 -54.3542 3
      vertex -31.849 -53.475 0.29
      vertex -31.849 -53.475 3
    endloop
  endfacet
  facet normal 0.843397 0.537291 0
    outer loop
      vertex -31.849 -53.475 0.29
      vertex -31.2889 -54.3542 3
      vertex -31.2889 -54.3542 0.29
    endloop
  endfacet
  facet normal 0.737274 0.675594 0
    outer loop
      vertex -29.9499 -55.9499 3
      vertex -30.6542 -55.1813 0.29
      vertex -30.6542 -55.1813 3
    endloop
  endfacet
  facet normal 0.737274 0.675594 0
    outer loop
      vertex -30.6542 -55.1813 0.29
      vertex -29.9499 -55.9499 3
      vertex -29.9499 -55.9499 0.29
    endloop
  endfacet
  facet normal -0.976296 0.216439 0
    outer loop
      vertex -9.95719 -50.5929 0.29
      vertex -9.73155 -49.5751 3
      vertex -9.73155 -49.5751 0.29
    endloop
  endfacet
  facet normal -0.976296 0.216439 0
    outer loop
      vertex -9.73155 -49.5751 3
      vertex -9.95719 -50.5929 0.29
      vertex -9.95719 -50.5929 3
    endloop
  endfacet
  facet normal -0.461772 0.886998 0
    outer loop
      vertex -15.525 -57.849 0
      vertex -16.4497 -58.3304 3
      vertex -15.525 -57.849 3
    endloop
  endfacet
  facet normal -0.461772 0.886998 0
    outer loop
      vertex -16.4497 -58.3304 3
      vertex -15.525 -57.849 0
      vertex -16.4497 -58.3304 0
    endloop
  endfacet
  facet normal -0.537291 -0.843397 0
    outer loop
      vertex -15.525 -37.151 0.29
      vertex -14.6458 -37.7111 3
      vertex -15.525 -37.151 3
    endloop
  endfacet
  facet normal -0.537291 -0.843397 -0
    outer loop
      vertex -14.6458 -37.7111 3
      vertex -15.525 -37.151 0.29
      vertex -14.6458 -37.7111 0.29
    endloop
  endfacet
  facet normal -0.991444 0.13053 0
    outer loop
      vertex -9.73155 -49.5751 0.29
      vertex -9.59547 -48.5415 3
      vertex -9.59547 -48.5415 0.29
    endloop
  endfacet
  facet normal -0.991444 0.13053 0
    outer loop
      vertex -9.59547 -48.5415 3
      vertex -9.73155 -49.5751 0.29
      vertex -9.73155 -49.5751 3
    endloop
  endfacet
  facet normal 0.675594 -0.737274 0
    outer loop
      vertex -29.9499 -39.0501 0.29
      vertex -29.1813 -38.3458 3
      vertex -29.9499 -39.0501 3
    endloop
  endfacet
  facet normal 0.675594 -0.737274 0
    outer loop
      vertex -29.1813 -38.3458 3
      vertex -29.9499 -39.0501 0.29
      vertex -29.1813 -38.3458 0.29
    endloop
  endfacet
  facet normal 0.216494 -0.976284 0
    outer loop
      vertex -24.5929 -35.9572 0.29
      vertex -23.5751 -35.7315 3
      vertex -24.5929 -35.9572 3
    endloop
  endfacet
  facet normal 0.216494 -0.976284 0
    outer loop
      vertex -23.5751 -35.7315 3
      vertex -24.5929 -35.9572 0.29
      vertex -23.5751 -35.7315 0.29
    endloop
  endfacet
  facet normal 0.886998 0.461772 0
    outer loop
      vertex -31.849 -53.475 3
      vertex -32.3304 -52.5503 0.29
      vertex -32.3304 -52.5503 3
    endloop
  endfacet
  facet normal 0.886998 0.461772 0
    outer loop
      vertex -32.3304 -52.5503 0.29
      vertex -31.849 -53.475 3
      vertex -31.849 -53.475 0.29
    endloop
  endfacet
  facet normal -0.130455 0.991454 0
    outer loop
      vertex -19.4249 -59.2685 0
      vertex -20.4585 -59.4045 3
      vertex -19.4249 -59.2685 3
    endloop
  endfacet
  facet normal -0.130455 0.991454 0
    outer loop
      vertex -20.4585 -59.4045 3
      vertex -19.4249 -59.2685 0
      vertex -20.4585 -59.4045 0
    endloop
  endfacet
  facet normal 0.843397 -0.537291 0
    outer loop
      vertex -31.849 -41.525 3
      vertex -31.2889 -40.6458 0.29
      vertex -31.2889 -40.6458 3
    endloop
  endfacet
  facet normal 0.843397 -0.537291 0
    outer loop
      vertex -31.2889 -40.6458 0.29
      vertex -31.849 -41.525 3
      vertex -31.849 -41.525 0.29
    endloop
  endfacet
  facet normal 0.991454 0.130455 0
    outer loop
      vertex -33.2685 -49.5751 3
      vertex -33.4045 -48.5415 0.29
      vertex -33.4045 -48.5415 3
    endloop
  endfacet
  facet normal 0.991454 0.130455 0
    outer loop
      vertex -33.4045 -48.5415 0.29
      vertex -33.2685 -49.5751 3
      vertex -33.2685 -49.5751 0.29
    endloop
  endfacet
  facet normal 0.976284 0.216494 0
    outer loop
      vertex -33.0428 -50.5929 3
      vertex -33.2685 -49.5751 0.29
      vertex -33.2685 -49.5751 3
    endloop
  endfacet
  facet normal 0.976284 0.216494 0
    outer loop
      vertex -33.2685 -49.5751 0.29
      vertex -33.0428 -50.5929 3
      vertex -33.0428 -50.5929 0.29
    endloop
  endfacet
  facet normal -0.0436454 0.999047 0
    outer loop
      vertex -20.4585 -59.4045 0
      vertex -21.5 -59.45 3
      vertex -20.4585 -59.4045 3
    endloop
  endfacet
  facet normal -0.0436454 0.999047 0
    outer loop
      vertex -21.5 -59.45 3
      vertex -20.4585 -59.4045 0
      vertex -21.5 -59.45 0
    endloop
  endfacet
  facet normal -0.300732 0.953709 0
    outer loop
      vertex -17.4129 -58.7293 0
      vertex -18.4071 -59.0428 3
      vertex -17.4129 -58.7293 3
    endloop
  endfacet
  facet normal -0.300732 0.953709 0
    outer loop
      vertex -18.4071 -59.0428 3
      vertex -17.4129 -58.7293 0
      vertex -18.4071 -59.0428 0
    endloop
  endfacet
  facet normal 0.793333 -0.608788 0
    outer loop
      vertex -31.2889 -40.6458 3
      vertex -30.6542 -39.8187 0.29
      vertex -30.6542 -39.8187 3
    endloop
  endfacet
  facet normal 0.793333 -0.608788 0
    outer loop
      vertex -30.6542 -39.8187 0.29
      vertex -31.2889 -40.6458 3
      vertex -31.2889 -40.6458 0.29
    endloop
  endfacet
  facet normal 0.537291 -0.843397 0
    outer loop
      vertex -28.3542 -37.7111 0.29
      vertex -27.475 -37.151 3
      vertex -28.3542 -37.7111 3
    endloop
  endfacet
  facet normal 0.537291 -0.843397 0
    outer loop
      vertex -27.475 -37.151 3
      vertex -28.3542 -37.7111 0.29
      vertex -27.475 -37.151 0.29
    endloop
  endfacet
  facet normal 0.923903 -0.382626 0
    outer loop
      vertex -32.7293 -43.4129 3
      vertex -32.3304 -42.4497 0.29
      vertex -32.3304 -42.4497 3
    endloop
  endfacet
  facet normal 0.923903 -0.382626 0
    outer loop
      vertex -32.3304 -42.4497 0.29
      vertex -32.7293 -43.4129 3
      vertex -32.7293 -43.4129 0.29
    endloop
  endfacet
  facet normal 0.461772 0.886998 -0
    outer loop
      vertex -26.5503 -58.3304 0
      vertex -27.475 -57.849 3
      vertex -26.5503 -58.3304 3
    endloop
  endfacet
  facet normal 0.461772 0.886998 0
    outer loop
      vertex -27.475 -57.849 3
      vertex -26.5503 -58.3304 0
      vertex -27.475 -57.849 0
    endloop
  endfacet
  facet normal -0.382626 0.923903 0
    outer loop
      vertex -16.4497 -58.3304 0
      vertex -17.4129 -58.7293 3
      vertex -16.4497 -58.3304 3
    endloop
  endfacet
  facet normal -0.382626 0.923903 0
    outer loop
      vertex -17.4129 -58.7293 3
      vertex -16.4497 -58.3304 0
      vertex -17.4129 -58.7293 0
    endloop
  endfacet
  facet normal -0.0436454 -0.999047 0
    outer loop
      vertex -21.5 -35.55 0.29
      vertex -20.4585 -35.5955 3
      vertex -21.5 -35.55 3
    endloop
  endfacet
  facet normal -0.0436454 -0.999047 -0
    outer loop
      vertex -20.4585 -35.5955 3
      vertex -21.5 -35.55 0.29
      vertex -20.4585 -35.5955 0.29
    endloop
  endfacet
  facet normal -0.843397 0.537291 0
    outer loop
      vertex -11.7111 -54.3542 0.29
      vertex -11.151 -53.475 3
      vertex -11.151 -53.475 0.29
    endloop
  endfacet
  facet normal -0.843397 0.537291 0
    outer loop
      vertex -11.151 -53.475 3
      vertex -11.7111 -54.3542 0.29
      vertex -11.7111 -54.3542 3
    endloop
  endfacet
  facet normal 0.537291 0.843397 -0
    outer loop
      vertex -27.475 -57.849 0
      vertex -28.3542 -57.2889 3
      vertex -27.475 -57.849 3
    endloop
  endfacet
  facet normal 0.537291 0.843397 0
    outer loop
      vertex -28.3542 -57.2889 3
      vertex -27.475 -57.849 0
      vertex -28.3542 -57.2889 0
    endloop
  endfacet
  facet normal -0.843397 -0.537291 0
    outer loop
      vertex -11.151 -41.525 0.29
      vertex -11.7111 -40.6458 3
      vertex -11.7111 -40.6458 0.29
    endloop
  endfacet
  facet normal -0.843397 -0.537291 0
    outer loop
      vertex -11.7111 -40.6458 3
      vertex -11.151 -41.525 0.29
      vertex -11.151 -41.525 3
    endloop
  endfacet
  facet normal -0.953706 0.300741 0
    outer loop
      vertex -10.2707 -51.5871 0.29
      vertex -9.95719 -50.5929 3
      vertex -9.95719 -50.5929 0.29
    endloop
  endfacet
  facet normal -0.953706 0.300741 0
    outer loop
      vertex -9.95719 -50.5929 3
      vertex -10.2707 -51.5871 0.29
      vertex -10.2707 -51.5871 3
    endloop
  endfacet
  facet normal -0.608788 0.793333 0
    outer loop
      vertex -13.8187 -56.6542 0
      vertex -14.6458 -57.2889 3
      vertex -13.8187 -56.6542 3
    endloop
  endfacet
  facet normal -0.608788 0.793333 0
    outer loop
      vertex -14.6458 -57.2889 3
      vertex -13.8187 -56.6542 0
      vertex -14.6458 -57.2889 0
    endloop
  endfacet
  facet normal 0.382626 0.923903 -0
    outer loop
      vertex -25.5871 -58.7293 0
      vertex -26.5503 -58.3304 3
      vertex -25.5871 -58.7293 3
    endloop
  endfacet
  facet normal 0.382626 0.923903 0
    outer loop
      vertex -26.5503 -58.3304 3
      vertex -25.5871 -58.7293 0
      vertex -26.5503 -58.3304 0
    endloop
  endfacet
  facet normal 0.976284 -0.216494 0
    outer loop
      vertex -33.2685 -45.4249 3
      vertex -33.0428 -44.4071 0.29
      vertex -33.0428 -44.4071 3
    endloop
  endfacet
  facet normal 0.976284 -0.216494 0
    outer loop
      vertex -33.0428 -44.4071 0.29
      vertex -33.2685 -45.4249 3
      vertex -33.2685 -45.4249 0.29
    endloop
  endfacet
  facet normal 0.130455 -0.991454 0
    outer loop
      vertex -23.5751 -35.7315 0.29
      vertex -22.5415 -35.5955 3
      vertex -23.5751 -35.7315 3
    endloop
  endfacet
  facet normal 0.130455 -0.991454 0
    outer loop
      vertex -22.5415 -35.5955 3
      vertex -23.5751 -35.7315 0.29
      vertex -22.5415 -35.5955 0.29
    endloop
  endfacet
  facet normal -0.737274 0.675594 0
    outer loop
      vertex -13.0501 -55.9499 0.29
      vertex -12.3458 -55.1813 3
      vertex -12.3458 -55.1813 0.29
    endloop
  endfacet
  facet normal -0.737274 0.675594 0
    outer loop
      vertex -12.3458 -55.1813 3
      vertex -13.0501 -55.9499 0.29
      vertex -13.0501 -55.9499 3
    endloop
  endfacet
  facet normal -0.923903 -0.382626 0
    outer loop
      vertex -10.2707 -43.4129 0.29
      vertex -10.6696 -42.4497 3
      vertex -10.6696 -42.4497 0.29
    endloop
  endfacet
  facet normal -0.923903 -0.382626 0
    outer loop
      vertex -10.6696 -42.4497 3
      vertex -10.2707 -43.4129 0.29
      vertex -10.2707 -43.4129 3
    endloop
  endfacet
  facet normal -0.461772 -0.886998 0
    outer loop
      vertex -16.4497 -36.6696 0.29
      vertex -15.525 -37.151 3
      vertex -16.4497 -36.6696 3
    endloop
  endfacet
  facet normal -0.461772 -0.886998 -0
    outer loop
      vertex -15.525 -37.151 3
      vertex -16.4497 -36.6696 0.29
      vertex -15.525 -37.151 0.29
    endloop
  endfacet
  facet normal -0.216494 -0.976284 0
    outer loop
      vertex -19.4249 -35.7315 0.29
      vertex -18.4071 -35.9572 3
      vertex -19.4249 -35.7315 3
    endloop
  endfacet
  facet normal -0.216494 -0.976284 -0
    outer loop
      vertex -18.4071 -35.9572 3
      vertex -19.4249 -35.7315 0.29
      vertex -18.4071 -35.9572 0.29
    endloop
  endfacet
  facet normal -0.793333 0.608788 0
    outer loop
      vertex -12.3458 -55.1813 0.29
      vertex -11.7111 -54.3542 3
      vertex -11.7111 -54.3542 0.29
    endloop
  endfacet
  facet normal -0.793333 0.608788 0
    outer loop
      vertex -11.7111 -54.3542 3
      vertex -12.3458 -55.1813 0.29
      vertex -12.3458 -55.1813 3
    endloop
  endfacet
  facet normal -0.737274 -0.675594 0
    outer loop
      vertex -12.3458 -39.8187 0.29
      vertex -13.0501 -39.0501 3
      vertex -13.0501 -39.0501 0.29
    endloop
  endfacet
  facet normal -0.737274 -0.675594 0
    outer loop
      vertex -13.0501 -39.0501 3
      vertex -12.3458 -39.8187 0.29
      vertex -12.3458 -39.8187 3
    endloop
  endfacet
  facet normal 0.953709 0.300732 0
    outer loop
      vertex -32.7293 -51.5871 3
      vertex -33.0428 -50.5929 0.29
      vertex -33.0428 -50.5929 3
    endloop
  endfacet
  facet normal 0.953709 0.300732 0
    outer loop
      vertex -33.0428 -50.5929 0.29
      vertex -32.7293 -51.5871 3
      vertex -32.7293 -51.5871 0.29
    endloop
  endfacet
  facet normal 0.216494 0.976284 -0
    outer loop
      vertex -23.5751 -59.2685 0
      vertex -24.5929 -59.0428 3
      vertex -23.5751 -59.2685 3
    endloop
  endfacet
  facet normal 0.216494 0.976284 0
    outer loop
      vertex -24.5929 -59.0428 3
      vertex -23.5751 -59.2685 0
      vertex -24.5929 -59.0428 0
    endloop
  endfacet
  facet normal 0.300732 0.953709 -0
    outer loop
      vertex -24.5929 -59.0428 0
      vertex -25.5871 -58.7293 3
      vertex -24.5929 -59.0428 3
    endloop
  endfacet
  facet normal 0.300732 0.953709 0
    outer loop
      vertex -25.5871 -58.7293 3
      vertex -24.5929 -59.0428 0
      vertex -25.5871 -58.7293 0
    endloop
  endfacet
  facet normal -0.999048 0.0436166 0
    outer loop
      vertex -9.59547 -48.5415 0.29
      vertex -9.55 -47.5 3
      vertex -9.55 -47.5 0.29
    endloop
  endfacet
  facet normal -0.999048 0.0436166 0
    outer loop
      vertex -9.55 -47.5 3
      vertex -9.59547 -48.5415 0.29
      vertex -9.59547 -48.5415 3
    endloop
  endfacet
  facet normal 0.991454 -0.130455 0
    outer loop
      vertex -33.4045 -46.4585 3
      vertex -33.2685 -45.4249 0.29
      vertex -33.2685 -45.4249 3
    endloop
  endfacet
  facet normal 0.991454 -0.130455 0
    outer loop
      vertex -33.2685 -45.4249 0.29
      vertex -33.4045 -46.4585 3
      vertex -33.4045 -46.4585 0.29
    endloop
  endfacet
  facet normal 0.130455 0.991454 -0
    outer loop
      vertex -22.5415 -59.4045 0
      vertex -23.5751 -59.2685 3
      vertex -22.5415 -59.4045 3
    endloop
  endfacet
  facet normal 0.130455 0.991454 0
    outer loop
      vertex -23.5751 -59.2685 3
      vertex -22.5415 -59.4045 0
      vertex -23.5751 -59.2685 0
    endloop
  endfacet
  facet normal 0.923903 0.382626 0
    outer loop
      vertex -32.3304 -52.5503 3
      vertex -32.7293 -51.5871 0.29
      vertex -32.7293 -51.5871 3
    endloop
  endfacet
  facet normal 0.923903 0.382626 0
    outer loop
      vertex -32.7293 -51.5871 0.29
      vertex -32.3304 -52.5503 3
      vertex -32.3304 -52.5503 0.29
    endloop
  endfacet
  facet normal 0.886998 -0.461772 0
    outer loop
      vertex -32.3304 -42.4497 3
      vertex -31.849 -41.525 0.29
      vertex -31.849 -41.525 3
    endloop
  endfacet
  facet normal 0.886998 -0.461772 0
    outer loop
      vertex -31.849 -41.525 0.29
      vertex -32.3304 -42.4497 3
      vertex -32.3304 -42.4497 0.29
    endloop
  endfacet
  facet normal 0.0436454 0.999047 -0
    outer loop
      vertex -21.5 -59.45 0
      vertex -22.5415 -59.4045 3
      vertex -21.5 -59.45 3
    endloop
  endfacet
  facet normal 0.0436454 0.999047 0
    outer loop
      vertex -22.5415 -59.4045 3
      vertex -21.5 -59.45 0
      vertex -22.5415 -59.4045 0
    endloop
  endfacet
  facet normal -0.216494 0.976284 0
    outer loop
      vertex -18.4071 -59.0428 0
      vertex -19.4249 -59.2685 3
      vertex -18.4071 -59.0428 3
    endloop
  endfacet
  facet normal -0.216494 0.976284 0
    outer loop
      vertex -19.4249 -59.2685 3
      vertex -18.4071 -59.0428 0
      vertex -19.4249 -59.2685 0
    endloop
  endfacet
  facet normal 0.608788 0.793333 -0
    outer loop
      vertex -28.3542 -57.2889 0
      vertex -29.1813 -56.6542 3
      vertex -28.3542 -57.2889 3
    endloop
  endfacet
  facet normal 0.608788 0.793333 0
    outer loop
      vertex -29.1813 -56.6542 3
      vertex -28.3542 -57.2889 0
      vertex -29.1813 -56.6542 0
    endloop
  endfacet
  facet normal -0.923903 0.382626 0
    outer loop
      vertex -10.6696 -52.5503 0.29
      vertex -10.2707 -51.5871 3
      vertex -10.2707 -51.5871 0.29
    endloop
  endfacet
  facet normal -0.923903 0.382626 0
    outer loop
      vertex -10.2707 -51.5871 3
      vertex -10.6696 -52.5503 0.29
      vertex -10.6696 -52.5503 3
    endloop
  endfacet
  facet normal 0.999047 -0.0436454 0
    outer loop
      vertex -33.45 -47.5 3
      vertex -33.4045 -46.4585 0.29
      vertex -33.4045 -46.4585 3
    endloop
  endfacet
  facet normal 0.999047 -0.0436454 0
    outer loop
      vertex -33.4045 -46.4585 0.29
      vertex -33.45 -47.5 3
      vertex -33.45 -47.5 0.29
    endloop
  endfacet
  facet normal -0.537291 0.843397 0
    outer loop
      vertex -14.6458 -57.2889 0
      vertex -15.525 -57.849 3
      vertex -14.6458 -57.2889 3
    endloop
  endfacet
  facet normal -0.537291 0.843397 0
    outer loop
      vertex -15.525 -57.849 3
      vertex -14.6458 -57.2889 0
      vertex -15.525 -57.849 0
    endloop
  endfacet
  facet normal -0.382626 -0.923903 0
    outer loop
      vertex -17.4129 -36.2707 0.29
      vertex -16.4497 -36.6696 3
      vertex -17.4129 -36.2707 3
    endloop
  endfacet
  facet normal -0.382626 -0.923903 -0
    outer loop
      vertex -16.4497 -36.6696 3
      vertex -17.4129 -36.2707 0.29
      vertex -16.4497 -36.6696 0.29
    endloop
  endfacet
  facet normal -0.886998 0.461772 0
    outer loop
      vertex -11.151 -53.475 0.29
      vertex -10.6696 -52.5503 3
      vertex -10.6696 -52.5503 0.29
    endloop
  endfacet
  facet normal -0.886998 0.461772 0
    outer loop
      vertex -10.6696 -52.5503 3
      vertex -11.151 -53.475 0.29
      vertex -11.151 -53.475 3
    endloop
  endfacet
  facet normal 0.300732 -0.953709 0
    outer loop
      vertex -25.5871 -36.2707 0.29
      vertex -24.5929 -35.9572 3
      vertex -25.5871 -36.2707 3
    endloop
  endfacet
  facet normal 0.300732 -0.953709 0
    outer loop
      vertex -24.5929 -35.9572 3
      vertex -25.5871 -36.2707 0.29
      vertex -24.5929 -35.9572 0.29
    endloop
  endfacet
  facet normal 0.0436454 -0.999047 0
    outer loop
      vertex -22.5415 -35.5955 0.29
      vertex -21.5 -35.55 3
      vertex -22.5415 -35.5955 3
    endloop
  endfacet
  facet normal 0.0436454 -0.999047 0
    outer loop
      vertex -21.5 -35.55 3
      vertex -22.5415 -35.5955 0.29
      vertex -21.5 -35.55 0.29
    endloop
  endfacet
  facet normal -0.976296 -0.216439 0
    outer loop
      vertex -9.73155 -45.4249 0.29
      vertex -9.95719 -44.4071 3
      vertex -9.95719 -44.4071 0.29
    endloop
  endfacet
  facet normal -0.976296 -0.216439 0
    outer loop
      vertex -9.95719 -44.4071 3
      vertex -9.73155 -45.4249 0.29
      vertex -9.73155 -45.4249 3
    endloop
  endfacet
  facet normal -0.130455 -0.991454 0
    outer loop
      vertex -20.4585 -35.5955 0.29
      vertex -19.4249 -35.7315 3
      vertex -20.4585 -35.5955 3
    endloop
  endfacet
  facet normal -0.130455 -0.991454 -0
    outer loop
      vertex -19.4249 -35.7315 3
      vertex -20.4585 -35.5955 0.29
      vertex -19.4249 -35.7315 0.29
    endloop
  endfacet
  facet normal 0.953709 -0.300732 0
    outer loop
      vertex -33.0428 -44.4071 3
      vertex -32.7293 -43.4129 0.29
      vertex -32.7293 -43.4129 3
    endloop
  endfacet
  facet normal 0.953709 -0.300732 0
    outer loop
      vertex -32.7293 -43.4129 0.29
      vertex -33.0428 -44.4071 3
      vertex -33.0428 -44.4071 0.29
    endloop
  endfacet
  facet normal -0.953706 -0.300741 0
    outer loop
      vertex -9.95719 -44.4071 0.29
      vertex -10.2707 -43.4129 3
      vertex -10.2707 -43.4129 0.29
    endloop
  endfacet
  facet normal -0.953706 -0.300741 0
    outer loop
      vertex -10.2707 -43.4129 3
      vertex -9.95719 -44.4071 0.29
      vertex -9.95719 -44.4071 3
    endloop
  endfacet
  facet normal 0.999047 0.0436454 0
    outer loop
      vertex -33.4045 -48.5415 3
      vertex -33.45 -47.5 0.29
      vertex -33.45 -47.5 3
    endloop
  endfacet
  facet normal 0.999047 0.0436454 0
    outer loop
      vertex -33.45 -47.5 0.29
      vertex -33.4045 -48.5415 3
      vertex -33.4045 -48.5415 0.29
    endloop
  endfacet
  facet normal -0.676091 0.736818 0
    outer loop
      vertex -13.1047 -56 0.29
      vertex -13.0501 -55.9499 3
      vertex -13.0501 -55.9499 0.29
    endloop
  endfacet
  facet normal -0.675594 0.737274 -1.84344e-05
    outer loop
      vertex -13.0501 -55.9499 3
      vertex -13.1047 -56 0.29
      vertex -13.8187 -56.6542 3
    endloop
  endfacet
  facet normal -0.675556 0.737308 0
    outer loop
      vertex -13.8187 -56.6542 0
      vertex -13.1047 -56 0.29
      vertex -13.1047 -56 0
    endloop
  endfacet
  facet normal -0.675556 0.737308 0
    outer loop
      vertex -13.1047 -56 0.29
      vertex -13.8187 -56.6542 0
      vertex -13.8187 -56.6542 3
    endloop
  endfacet
  facet normal 0.737274 -0.675594 0
    outer loop
      vertex -30.6542 -39.8187 3
      vertex -29.9499 -39.0501 0.29
      vertex -29.9499 -39.0501 3
    endloop
  endfacet
  facet normal 0.737274 -0.675594 0
    outer loop
      vertex -29.9499 -39.0501 0.29
      vertex -30.6542 -39.8187 3
      vertex -30.6542 -39.8187 0.29
    endloop
  endfacet
  facet normal 0.675594 0.737274 -1.84344e-05
    outer loop
      vertex -29.1813 -56.6542 3
      vertex -29.8953 -56 0.29
      vertex -29.9499 -55.9499 3
    endloop
  endfacet
  facet normal 0.675556 0.737308 -0
    outer loop
      vertex -29.1813 -56.6542 0
      vertex -29.8953 -56 0.29
      vertex -29.1813 -56.6542 3
    endloop
  endfacet
  facet normal 0.675556 0.737308 0
    outer loop
      vertex -29.8953 -56 0.29
      vertex -29.1813 -56.6542 0
      vertex -29.8953 -56 0
    endloop
  endfacet
  facet normal 0.676091 0.736818 0
    outer loop
      vertex -29.9499 -55.9499 3
      vertex -29.8953 -56 0.29
      vertex -29.9499 -55.9499 0.29
    endloop
  endfacet
  facet normal 0.382626 -0.923903 0
    outer loop
      vertex -26.5503 -36.6696 0.29
      vertex -25.5871 -36.2707 3
      vertex -26.5503 -36.6696 3
    endloop
  endfacet
  facet normal 0.382626 -0.923903 0
    outer loop
      vertex -25.5871 -36.2707 3
      vertex -26.5503 -36.6696 0.29
      vertex -25.5871 -36.2707 0.29
    endloop
  endfacet
  facet normal 0.461772 -0.886998 0
    outer loop
      vertex -27.475 -37.151 0.29
      vertex -26.5503 -36.6696 3
      vertex -27.475 -37.151 3
    endloop
  endfacet
  facet normal 0.461772 -0.886998 0
    outer loop
      vertex -26.5503 -36.6696 3
      vertex -27.475 -37.151 0.29
      vertex -26.5503 -36.6696 0.29
    endloop
  endfacet
  facet normal 0.608788 -0.793333 0
    outer loop
      vertex -29.1813 -38.3458 0.29
      vertex -28.3542 -37.7111 3
      vertex -29.1813 -38.3458 3
    endloop
  endfacet
  facet normal 0.608788 -0.793333 0
    outer loop
      vertex -28.3542 -37.7111 3
      vertex -29.1813 -38.3458 0.29
      vertex -28.3542 -37.7111 0.29
    endloop
  endfacet
  facet normal -0.793333 -0.608788 0
    outer loop
      vertex -11.7111 -40.6458 0.29
      vertex -12.3458 -39.8187 3
      vertex -12.3458 -39.8187 0.29
    endloop
  endfacet
  facet normal -0.793333 -0.608788 0
    outer loop
      vertex -12.3458 -39.8187 3
      vertex -11.7111 -40.6458 0.29
      vertex -11.7111 -40.6458 3
    endloop
  endfacet
  facet normal -0.608788 -0.793333 0
    outer loop
      vertex -14.6458 -37.7111 0.29
      vertex -13.8187 -38.3458 3
      vertex -14.6458 -37.7111 3
    endloop
  endfacet
  facet normal -0.608788 -0.793333 -0
    outer loop
      vertex -13.8187 -38.3458 3
      vertex -14.6458 -37.7111 0.29
      vertex -13.8187 -38.3458 0.29
    endloop
  endfacet
  facet normal -0.675594 -0.737274 0
    outer loop
      vertex -13.8187 -38.3458 0.29
      vertex -13.0501 -39.0501 3
      vertex -13.8187 -38.3458 3
    endloop
  endfacet
  facet normal -0.675594 -0.737274 -0
    outer loop
      vertex -13.0501 -39.0501 3
      vertex -13.8187 -38.3458 0.29
      vertex -13.0501 -39.0501 0.29
    endloop
  endfacet
  facet normal -0.886998 -0.461772 0
    outer loop
      vertex -10.6696 -42.4497 0.29
      vertex -11.151 -41.525 3
      vertex -11.151 -41.525 0.29
    endloop
  endfacet
  facet normal -0.886998 -0.461772 0
    outer loop
      vertex -11.151 -41.525 3
      vertex -10.6696 -42.4497 0.29
      vertex -10.6696 -42.4497 3
    endloop
  endfacet
  facet normal -0.991454 -0.130455 0
    outer loop
      vertex 33.4045 -46.4585 0.29
      vertex 33.2685 -45.4249 3
      vertex 33.2685 -45.4249 0.29
    endloop
  endfacet
  facet normal -0.991454 -0.130455 0
    outer loop
      vertex 33.2685 -45.4249 3
      vertex 33.4045 -46.4585 0.29
      vertex 33.4045 -46.4585 3
    endloop
  endfacet
  facet normal -0.300732 -0.953709 0
    outer loop
      vertex 24.5929 -35.9572 0.29
      vertex 25.5871 -36.2707 3
      vertex 24.5929 -35.9572 3
    endloop
  endfacet
  facet normal -0.300732 -0.953709 -0
    outer loop
      vertex 25.5871 -36.2707 3
      vertex 24.5929 -35.9572 0.29
      vertex 25.5871 -36.2707 0.29
    endloop
  endfacet
  facet normal -0.999047 -0.0436454 0
    outer loop
      vertex 33.45 -47.5 0.29
      vertex 33.4045 -46.4585 3
      vertex 33.4045 -46.4585 0.29
    endloop
  endfacet
  facet normal -0.999047 -0.0436454 0
    outer loop
      vertex 33.4045 -46.4585 3
      vertex 33.45 -47.5 0.29
      vertex 33.45 -47.5 3
    endloop
  endfacet
  facet normal 0.793333 0.608788 0
    outer loop
      vertex 12.3458 -55.1813 3
      vertex 11.7111 -54.3542 0.29
      vertex 11.7111 -54.3542 3
    endloop
  endfacet
  facet normal 0.793333 0.608788 0
    outer loop
      vertex 11.7111 -54.3542 0.29
      vertex 12.3458 -55.1813 3
      vertex 12.3458 -55.1813 0.29
    endloop
  endfacet
  facet normal 0.843397 0.537291 0
    outer loop
      vertex 11.7111 -54.3542 3
      vertex 11.151 -53.475 0.29
      vertex 11.151 -53.475 3
    endloop
  endfacet
  facet normal 0.843397 0.537291 0
    outer loop
      vertex 11.151 -53.475 0.29
      vertex 11.7111 -54.3542 3
      vertex 11.7111 -54.3542 0.29
    endloop
  endfacet
  facet normal 0.737274 0.675594 0
    outer loop
      vertex 13.0501 -55.9499 3
      vertex 12.3458 -55.1813 0.29
      vertex 12.3458 -55.1813 3
    endloop
  endfacet
  facet normal 0.737274 0.675594 0
    outer loop
      vertex 12.3458 -55.1813 0.29
      vertex 13.0501 -55.9499 3
      vertex 13.0501 -55.9499 0.29
    endloop
  endfacet
  facet normal -0.976284 0.216494 0
    outer loop
      vertex 33.0428 -50.5929 0.29
      vertex 33.2685 -49.5751 3
      vertex 33.2685 -49.5751 0.29
    endloop
  endfacet
  facet normal -0.976284 0.216494 0
    outer loop
      vertex 33.2685 -49.5751 3
      vertex 33.0428 -50.5929 0.29
      vertex 33.0428 -50.5929 3
    endloop
  endfacet
  facet normal -0.461772 0.886998 0
    outer loop
      vertex 27.475 -57.849 0
      vertex 26.5503 -58.3304 3
      vertex 27.475 -57.849 3
    endloop
  endfacet
  facet normal -0.461772 0.886998 0
    outer loop
      vertex 26.5503 -58.3304 3
      vertex 27.475 -57.849 0
      vertex 26.5503 -58.3304 0
    endloop
  endfacet
  facet normal -0.537291 -0.843397 0
    outer loop
      vertex 27.475 -37.151 0.29
      vertex 28.3542 -37.7111 3
      vertex 27.475 -37.151 3
    endloop
  endfacet
  facet normal -0.537291 -0.843397 -0
    outer loop
      vertex 28.3542 -37.7111 3
      vertex 27.475 -37.151 0.29
      vertex 28.3542 -37.7111 0.29
    endloop
  endfacet
  facet normal -0.991454 0.130455 0
    outer loop
      vertex 33.2685 -49.5751 0.29
      vertex 33.4045 -48.5415 3
      vertex 33.4045 -48.5415 0.29
    endloop
  endfacet
  facet normal -0.991454 0.130455 0
    outer loop
      vertex 33.4045 -48.5415 3
      vertex 33.2685 -49.5751 0.29
      vertex 33.2685 -49.5751 3
    endloop
  endfacet
  facet normal 0.675594 -0.737274 0
    outer loop
      vertex 13.0501 -39.0501 0.29
      vertex 13.8187 -38.3458 3
      vertex 13.0501 -39.0501 3
    endloop
  endfacet
  facet normal 0.675594 -0.737274 0
    outer loop
      vertex 13.8187 -38.3458 3
      vertex 13.0501 -39.0501 0.29
      vertex 13.8187 -38.3458 0.29
    endloop
  endfacet
  facet normal 0.216494 -0.976284 0
    outer loop
      vertex 18.4071 -35.9572 0.29
      vertex 19.4249 -35.7315 3
      vertex 18.4071 -35.9572 3
    endloop
  endfacet
  facet normal 0.216494 -0.976284 0
    outer loop
      vertex 19.4249 -35.7315 3
      vertex 18.4071 -35.9572 0.29
      vertex 19.4249 -35.7315 0.29
    endloop
  endfacet
  facet normal 0.130455 0.991454 -0
    outer loop
      vertex 20.4585 -59.4045 0
      vertex 19.4249 -59.2685 3
      vertex 20.4585 -59.4045 3
    endloop
  endfacet
  facet normal 0.130455 0.991454 0
    outer loop
      vertex 19.4249 -59.2685 3
      vertex 20.4585 -59.4045 0
      vertex 19.4249 -59.2685 0
    endloop
  endfacet
  facet normal 0.886998 0.461772 0
    outer loop
      vertex 11.151 -53.475 3
      vertex 10.6696 -52.5503 0.29
      vertex 10.6696 -52.5503 3
    endloop
  endfacet
  facet normal 0.886998 0.461772 0
    outer loop
      vertex 10.6696 -52.5503 0.29
      vertex 11.151 -53.475 3
      vertex 11.151 -53.475 0.29
    endloop
  endfacet
  facet normal -0.130455 0.991454 0
    outer loop
      vertex 23.5751 -59.2685 0
      vertex 22.5415 -59.4045 3
      vertex 23.5751 -59.2685 3
    endloop
  endfacet
  facet normal -0.130455 0.991454 0
    outer loop
      vertex 22.5415 -59.4045 3
      vertex 23.5751 -59.2685 0
      vertex 22.5415 -59.4045 0
    endloop
  endfacet
  facet normal 0.843397 -0.537291 0
    outer loop
      vertex 11.151 -41.525 3
      vertex 11.7111 -40.6458 0.29
      vertex 11.7111 -40.6458 3
    endloop
  endfacet
  facet normal 0.843397 -0.537291 0
    outer loop
      vertex 11.7111 -40.6458 0.29
      vertex 11.151 -41.525 3
      vertex 11.151 -41.525 0.29
    endloop
  endfacet
  facet normal 0.991444 0.13053 0
    outer loop
      vertex 9.73155 -49.5751 3
      vertex 9.59547 -48.5415 0.29
      vertex 9.59547 -48.5415 3
    endloop
  endfacet
  facet normal 0.991444 0.13053 0
    outer loop
      vertex 9.59547 -48.5415 0.29
      vertex 9.73155 -49.5751 3
      vertex 9.73155 -49.5751 0.29
    endloop
  endfacet
  facet normal 0.976296 0.216439 0
    outer loop
      vertex 9.95719 -50.5929 3
      vertex 9.73155 -49.5751 0.29
      vertex 9.73155 -49.5751 3
    endloop
  endfacet
  facet normal 0.976296 0.216439 0
    outer loop
      vertex 9.73155 -49.5751 0.29
      vertex 9.95719 -50.5929 3
      vertex 9.95719 -50.5929 0.29
    endloop
  endfacet
  facet normal -0.0436454 0.999047 0
    outer loop
      vertex 22.5415 -59.4045 0
      vertex 21.5 -59.45 3
      vertex 22.5415 -59.4045 3
    endloop
  endfacet
  facet normal -0.0436454 0.999047 0
    outer loop
      vertex 21.5 -59.45 3
      vertex 22.5415 -59.4045 0
      vertex 21.5 -59.45 0
    endloop
  endfacet
  facet normal -0.300732 0.953709 0
    outer loop
      vertex 25.5871 -58.7293 0
      vertex 24.5929 -59.0428 3
      vertex 25.5871 -58.7293 3
    endloop
  endfacet
  facet normal -0.300732 0.953709 0
    outer loop
      vertex 24.5929 -59.0428 3
      vertex 25.5871 -58.7293 0
      vertex 24.5929 -59.0428 0
    endloop
  endfacet
  facet normal 0.793333 -0.608788 0
    outer loop
      vertex 11.7111 -40.6458 3
      vertex 12.3458 -39.8187 0.29
      vertex 12.3458 -39.8187 3
    endloop
  endfacet
  facet normal 0.793333 -0.608788 0
    outer loop
      vertex 12.3458 -39.8187 0.29
      vertex 11.7111 -40.6458 3
      vertex 11.7111 -40.6458 0.29
    endloop
  endfacet
  facet normal 0.537291 -0.843397 0
    outer loop
      vertex 14.6458 -37.7111 0.29
      vertex 15.525 -37.151 3
      vertex 14.6458 -37.7111 3
    endloop
  endfacet
  facet normal 0.537291 -0.843397 0
    outer loop
      vertex 15.525 -37.151 3
      vertex 14.6458 -37.7111 0.29
      vertex 15.525 -37.151 0.29
    endloop
  endfacet
  facet normal 0.923903 -0.382626 0
    outer loop
      vertex 10.2707 -43.4129 3
      vertex 10.6696 -42.4497 0.29
      vertex 10.6696 -42.4497 3
    endloop
  endfacet
  facet normal 0.923903 -0.382626 0
    outer loop
      vertex 10.6696 -42.4497 0.29
      vertex 10.2707 -43.4129 3
      vertex 10.2707 -43.4129 0.29
    endloop
  endfacet
  facet normal 0.461772 0.886998 -0
    outer loop
      vertex 16.4497 -58.3304 0
      vertex 15.525 -57.849 3
      vertex 16.4497 -58.3304 3
    endloop
  endfacet
  facet normal 0.461772 0.886998 0
    outer loop
      vertex 15.525 -57.849 3
      vertex 16.4497 -58.3304 0
      vertex 15.525 -57.849 0
    endloop
  endfacet
  facet normal -0.382626 0.923903 0
    outer loop
      vertex 26.5503 -58.3304 0
      vertex 25.5871 -58.7293 3
      vertex 26.5503 -58.3304 3
    endloop
  endfacet
  facet normal -0.382626 0.923903 0
    outer loop
      vertex 25.5871 -58.7293 3
      vertex 26.5503 -58.3304 0
      vertex 25.5871 -58.7293 0
    endloop
  endfacet
  facet normal -0.0436454 -0.999047 0
    outer loop
      vertex 21.5 -35.55 0.29
      vertex 22.5415 -35.5955 3
      vertex 21.5 -35.55 3
    endloop
  endfacet
  facet normal -0.0436454 -0.999047 -0
    outer loop
      vertex 22.5415 -35.5955 3
      vertex 21.5 -35.55 0.29
      vertex 22.5415 -35.5955 0.29
    endloop
  endfacet
  facet normal -0.843397 0.537291 0
    outer loop
      vertex 31.2889 -54.3542 0.29
      vertex 31.849 -53.475 3
      vertex 31.849 -53.475 0.29
    endloop
  endfacet
  facet normal -0.843397 0.537291 0
    outer loop
      vertex 31.849 -53.475 3
      vertex 31.2889 -54.3542 0.29
      vertex 31.2889 -54.3542 3
    endloop
  endfacet
  facet normal 0.537291 0.843397 -0
    outer loop
      vertex 15.525 -57.849 0
      vertex 14.6458 -57.2889 3
      vertex 15.525 -57.849 3
    endloop
  endfacet
  facet normal 0.537291 0.843397 0
    outer loop
      vertex 14.6458 -57.2889 3
      vertex 15.525 -57.849 0
      vertex 14.6458 -57.2889 0
    endloop
  endfacet
  facet normal -0.843397 -0.537291 0
    outer loop
      vertex 31.849 -41.525 0.29
      vertex 31.2889 -40.6458 3
      vertex 31.2889 -40.6458 0.29
    endloop
  endfacet
  facet normal -0.843397 -0.537291 0
    outer loop
      vertex 31.2889 -40.6458 3
      vertex 31.849 -41.525 0.29
      vertex 31.849 -41.525 3
    endloop
  endfacet
  facet normal -0.953709 0.300732 0
    outer loop
      vertex 32.7293 -51.5871 0.29
      vertex 33.0428 -50.5929 3
      vertex 33.0428 -50.5929 0.29
    endloop
  endfacet
  facet normal -0.953709 0.300732 0
    outer loop
      vertex 33.0428 -50.5929 3
      vertex 32.7293 -51.5871 0.29
      vertex 32.7293 -51.5871 3
    endloop
  endfacet
  facet normal -0.608788 0.793333 0
    outer loop
      vertex 29.1813 -56.6542 0
      vertex 28.3542 -57.2889 3
      vertex 29.1813 -56.6542 3
    endloop
  endfacet
  facet normal -0.608788 0.793333 0
    outer loop
      vertex 28.3542 -57.2889 3
      vertex 29.1813 -56.6542 0
      vertex 28.3542 -57.2889 0
    endloop
  endfacet
  facet normal 0.382626 0.923903 -0
    outer loop
      vertex 17.4129 -58.7293 0
      vertex 16.4497 -58.3304 3
      vertex 17.4129 -58.7293 3
    endloop
  endfacet
  facet normal 0.382626 0.923903 0
    outer loop
      vertex 16.4497 -58.3304 3
      vertex 17.4129 -58.7293 0
      vertex 16.4497 -58.3304 0
    endloop
  endfacet
  facet normal 0.976296 -0.216439 0
    outer loop
      vertex 9.73155 -45.4249 3
      vertex 9.95719 -44.4071 0.29
      vertex 9.95719 -44.4071 3
    endloop
  endfacet
  facet normal 0.976296 -0.216439 0
    outer loop
      vertex 9.95719 -44.4071 0.29
      vertex 9.73155 -45.4249 3
      vertex 9.73155 -45.4249 0.29
    endloop
  endfacet
  facet normal 0.130455 -0.991454 0
    outer loop
      vertex 19.4249 -35.7315 0.29
      vertex 20.4585 -35.5955 3
      vertex 19.4249 -35.7315 3
    endloop
  endfacet
  facet normal 0.130455 -0.991454 0
    outer loop
      vertex 20.4585 -35.5955 3
      vertex 19.4249 -35.7315 0.29
      vertex 20.4585 -35.5955 0.29
    endloop
  endfacet
  facet normal -0.737274 0.675594 0
    outer loop
      vertex 29.9499 -55.9499 0.29
      vertex 30.6542 -55.1813 3
      vertex 30.6542 -55.1813 0.29
    endloop
  endfacet
  facet normal -0.737274 0.675594 0
    outer loop
      vertex 30.6542 -55.1813 3
      vertex 29.9499 -55.9499 0.29
      vertex 29.9499 -55.9499 3
    endloop
  endfacet
  facet normal -0.923903 -0.382626 0
    outer loop
      vertex 32.7293 -43.4129 0.29
      vertex 32.3304 -42.4497 3
      vertex 32.3304 -42.4497 0.29
    endloop
  endfacet
  facet normal -0.923903 -0.382626 0
    outer loop
      vertex 32.3304 -42.4497 3
      vertex 32.7293 -43.4129 0.29
      vertex 32.7293 -43.4129 3
    endloop
  endfacet
  facet normal -0.461772 -0.886998 0
    outer loop
      vertex 26.5503 -36.6696 0.29
      vertex 27.475 -37.151 3
      vertex 26.5503 -36.6696 3
    endloop
  endfacet
  facet normal -0.461772 -0.886998 -0
    outer loop
      vertex 27.475 -37.151 3
      vertex 26.5503 -36.6696 0.29
      vertex 27.475 -37.151 0.29
    endloop
  endfacet
  facet normal -0.216494 -0.976284 0
    outer loop
      vertex 23.5751 -35.7315 0.29
      vertex 24.5929 -35.9572 3
      vertex 23.5751 -35.7315 3
    endloop
  endfacet
  facet normal -0.216494 -0.976284 -0
    outer loop
      vertex 24.5929 -35.9572 3
      vertex 23.5751 -35.7315 0.29
      vertex 24.5929 -35.9572 0.29
    endloop
  endfacet
  facet normal -0.793333 0.608788 0
    outer loop
      vertex 30.6542 -55.1813 0.29
      vertex 31.2889 -54.3542 3
      vertex 31.2889 -54.3542 0.29
    endloop
  endfacet
  facet normal -0.793333 0.608788 0
    outer loop
      vertex 31.2889 -54.3542 3
      vertex 30.6542 -55.1813 0.29
      vertex 30.6542 -55.1813 3
    endloop
  endfacet
  facet normal -0.737274 -0.675594 0
    outer loop
      vertex 30.6542 -39.8187 0.29
      vertex 29.9499 -39.0501 3
      vertex 29.9499 -39.0501 0.29
    endloop
  endfacet
  facet normal -0.737274 -0.675594 0
    outer loop
      vertex 29.9499 -39.0501 3
      vertex 30.6542 -39.8187 0.29
      vertex 30.6542 -39.8187 3
    endloop
  endfacet
  facet normal 0.953706 0.300741 0
    outer loop
      vertex 10.2707 -51.5871 3
      vertex 9.95719 -50.5929 0.29
      vertex 9.95719 -50.5929 3
    endloop
  endfacet
  facet normal 0.953706 0.300741 0
    outer loop
      vertex 9.95719 -50.5929 0.29
      vertex 10.2707 -51.5871 3
      vertex 10.2707 -51.5871 0.29
    endloop
  endfacet
  facet normal 0.216494 0.976284 -0
    outer loop
      vertex 19.4249 -59.2685 0
      vertex 18.4071 -59.0428 3
      vertex 19.4249 -59.2685 3
    endloop
  endfacet
  facet normal 0.216494 0.976284 0
    outer loop
      vertex 18.4071 -59.0428 3
      vertex 19.4249 -59.2685 0
      vertex 18.4071 -59.0428 0
    endloop
  endfacet
  facet normal 0.300732 0.953709 -0
    outer loop
      vertex 18.4071 -59.0428 0
      vertex 17.4129 -58.7293 3
      vertex 18.4071 -59.0428 3
    endloop
  endfacet
  facet normal 0.300732 0.953709 0
    outer loop
      vertex 17.4129 -58.7293 3
      vertex 18.4071 -59.0428 0
      vertex 17.4129 -58.7293 0
    endloop
  endfacet
  facet normal -0.999047 0.0436454 0
    outer loop
      vertex 33.4045 -48.5415 0.29
      vertex 33.45 -47.5 3
      vertex 33.45 -47.5 0.29
    endloop
  endfacet
  facet normal -0.999047 0.0436454 0
    outer loop
      vertex 33.45 -47.5 3
      vertex 33.4045 -48.5415 0.29
      vertex 33.4045 -48.5415 3
    endloop
  endfacet
  facet normal 0.991444 -0.13053 0
    outer loop
      vertex 9.59547 -46.4585 3
      vertex 9.73155 -45.4249 0.29
      vertex 9.73155 -45.4249 3
    endloop
  endfacet
  facet normal 0.991444 -0.13053 0
    outer loop
      vertex 9.73155 -45.4249 0.29
      vertex 9.59547 -46.4585 3
      vertex 9.59547 -46.4585 0.29
    endloop
  endfacet
  facet normal 0.923903 0.382626 0
    outer loop
      vertex 10.6696 -52.5503 3
      vertex 10.2707 -51.5871 0.29
      vertex 10.2707 -51.5871 3
    endloop
  endfacet
  facet normal 0.923903 0.382626 0
    outer loop
      vertex 10.2707 -51.5871 0.29
      vertex 10.6696 -52.5503 3
      vertex 10.6696 -52.5503 0.29
    endloop
  endfacet
  facet normal 0.886998 -0.461772 0
    outer loop
      vertex 10.6696 -42.4497 3
      vertex 11.151 -41.525 0.29
      vertex 11.151 -41.525 3
    endloop
  endfacet
  facet normal 0.886998 -0.461772 0
    outer loop
      vertex 11.151 -41.525 0.29
      vertex 10.6696 -42.4497 3
      vertex 10.6696 -42.4497 0.29
    endloop
  endfacet
  facet normal 0.0436454 0.999047 -0
    outer loop
      vertex 21.5 -59.45 0
      vertex 20.4585 -59.4045 3
      vertex 21.5 -59.45 3
    endloop
  endfacet
  facet normal 0.0436454 0.999047 0
    outer loop
      vertex 20.4585 -59.4045 3
      vertex 21.5 -59.45 0
      vertex 20.4585 -59.4045 0
    endloop
  endfacet
  facet normal -0.216494 0.976284 0
    outer loop
      vertex 24.5929 -59.0428 0
      vertex 23.5751 -59.2685 3
      vertex 24.5929 -59.0428 3
    endloop
  endfacet
  facet normal -0.216494 0.976284 0
    outer loop
      vertex 23.5751 -59.2685 3
      vertex 24.5929 -59.0428 0
      vertex 23.5751 -59.2685 0
    endloop
  endfacet
  facet normal -0.382626 -0.923903 0
    outer loop
      vertex 25.5871 -36.2707 0.29
      vertex 26.5503 -36.6696 3
      vertex 25.5871 -36.2707 3
    endloop
  endfacet
  facet normal -0.382626 -0.923903 -0
    outer loop
      vertex 26.5503 -36.6696 3
      vertex 25.5871 -36.2707 0.29
      vertex 26.5503 -36.6696 0.29
    endloop
  endfacet
  facet normal 0.608788 0.793333 -0
    outer loop
      vertex 14.6458 -57.2889 0
      vertex 13.8187 -56.6542 3
      vertex 14.6458 -57.2889 3
    endloop
  endfacet
  facet normal 0.608788 0.793333 0
    outer loop
      vertex 13.8187 -56.6542 3
      vertex 14.6458 -57.2889 0
      vertex 13.8187 -56.6542 0
    endloop
  endfacet
  facet normal -0.923903 0.382626 0
    outer loop
      vertex 32.3304 -52.5503 0.29
      vertex 32.7293 -51.5871 3
      vertex 32.7293 -51.5871 0.29
    endloop
  endfacet
  facet normal -0.923903 0.382626 0
    outer loop
      vertex 32.7293 -51.5871 3
      vertex 32.3304 -52.5503 0.29
      vertex 32.3304 -52.5503 3
    endloop
  endfacet
  facet normal 0.999048 -0.0436166 0
    outer loop
      vertex 9.55 -47.5 3
      vertex 9.59547 -46.4585 0.29
      vertex 9.59547 -46.4585 3
    endloop
  endfacet
  facet normal 0.999048 -0.0436166 0
    outer loop
      vertex 9.59547 -46.4585 0.29
      vertex 9.55 -47.5 3
      vertex 9.55 -47.5 0.29
    endloop
  endfacet
  facet normal -0.537291 0.843397 0
    outer loop
      vertex 28.3542 -57.2889 0
      vertex 27.475 -57.849 3
      vertex 28.3542 -57.2889 3
    endloop
  endfacet
  facet normal -0.537291 0.843397 0
    outer loop
      vertex 27.475 -57.849 3
      vertex 28.3542 -57.2889 0
      vertex 27.475 -57.849 0
    endloop
  endfacet
  facet normal -0.886998 0.461772 0
    outer loop
      vertex 31.849 -53.475 0.29
      vertex 32.3304 -52.5503 3
      vertex 32.3304 -52.5503 0.29
    endloop
  endfacet
  facet normal -0.886998 0.461772 0
    outer loop
      vertex 32.3304 -52.5503 3
      vertex 31.849 -53.475 0.29
      vertex 31.849 -53.475 3
    endloop
  endfacet
  facet normal 0.300732 -0.953709 0
    outer loop
      vertex 17.4129 -36.2707 0.29
      vertex 18.4071 -35.9572 3
      vertex 17.4129 -36.2707 3
    endloop
  endfacet
  facet normal 0.300732 -0.953709 0
    outer loop
      vertex 18.4071 -35.9572 3
      vertex 17.4129 -36.2707 0.29
      vertex 18.4071 -35.9572 0.29
    endloop
  endfacet
  facet normal 0.0436454 -0.999047 0
    outer loop
      vertex 20.4585 -35.5955 0.29
      vertex 21.5 -35.55 3
      vertex 20.4585 -35.5955 3
    endloop
  endfacet
  facet normal 0.0436454 -0.999047 0
    outer loop
      vertex 21.5 -35.55 3
      vertex 20.4585 -35.5955 0.29
      vertex 21.5 -35.55 0.29
    endloop
  endfacet
  facet normal -0.130455 -0.991454 0
    outer loop
      vertex 22.5415 -35.5955 0.29
      vertex 23.5751 -35.7315 3
      vertex 22.5415 -35.5955 3
    endloop
  endfacet
  facet normal -0.130455 -0.991454 -0
    outer loop
      vertex 23.5751 -35.7315 3
      vertex 22.5415 -35.5955 0.29
      vertex 23.5751 -35.7315 0.29
    endloop
  endfacet
  facet normal 0.953706 -0.300741 0
    outer loop
      vertex 9.95719 -44.4071 3
      vertex 10.2707 -43.4129 0.29
      vertex 10.2707 -43.4129 3
    endloop
  endfacet
  facet normal 0.953706 -0.300741 0
    outer loop
      vertex 10.2707 -43.4129 0.29
      vertex 9.95719 -44.4071 3
      vertex 9.95719 -44.4071 0.29
    endloop
  endfacet
  facet normal -0.953709 -0.300732 0
    outer loop
      vertex 33.0428 -44.4071 0.29
      vertex 32.7293 -43.4129 3
      vertex 32.7293 -43.4129 0.29
    endloop
  endfacet
  facet normal -0.953709 -0.300732 0
    outer loop
      vertex 32.7293 -43.4129 3
      vertex 33.0428 -44.4071 0.29
      vertex 33.0428 -44.4071 3
    endloop
  endfacet
  facet normal 0.999048 0.0436166 0
    outer loop
      vertex 9.59547 -48.5415 3
      vertex 9.55 -47.5 0.29
      vertex 9.55 -47.5 3
    endloop
  endfacet
  facet normal 0.999048 0.0436166 0
    outer loop
      vertex 9.55 -47.5 0.29
      vertex 9.59547 -48.5415 3
      vertex 9.59547 -48.5415 0.29
    endloop
  endfacet
  facet normal -0.676091 0.736818 0
    outer loop
      vertex 29.8953 -56 0.29
      vertex 29.9499 -55.9499 3
      vertex 29.9499 -55.9499 0.29
    endloop
  endfacet
  facet normal -0.675594 0.737274 -1.84344e-05
    outer loop
      vertex 29.9499 -55.9499 3
      vertex 29.8953 -56 0.29
      vertex 29.1813 -56.6542 3
    endloop
  endfacet
  facet normal -0.675556 0.737308 0
    outer loop
      vertex 29.1813 -56.6542 0
      vertex 29.8953 -56 0.29
      vertex 29.8953 -56 0
    endloop
  endfacet
  facet normal -0.675556 0.737308 0
    outer loop
      vertex 29.8953 -56 0.29
      vertex 29.1813 -56.6542 0
      vertex 29.1813 -56.6542 3
    endloop
  endfacet
  facet normal 0.737274 -0.675594 0
    outer loop
      vertex 12.3458 -39.8187 3
      vertex 13.0501 -39.0501 0.29
      vertex 13.0501 -39.0501 3
    endloop
  endfacet
  facet normal 0.737274 -0.675594 0
    outer loop
      vertex 13.0501 -39.0501 0.29
      vertex 12.3458 -39.8187 3
      vertex 12.3458 -39.8187 0.29
    endloop
  endfacet
  facet normal 0.675594 0.737274 -1.84344e-05
    outer loop
      vertex 13.8187 -56.6542 3
      vertex 13.1047 -56 0.29
      vertex 13.0501 -55.9499 3
    endloop
  endfacet
  facet normal 0.675556 0.737308 -0
    outer loop
      vertex 13.8187 -56.6542 0
      vertex 13.1047 -56 0.29
      vertex 13.8187 -56.6542 3
    endloop
  endfacet
  facet normal 0.675556 0.737308 0
    outer loop
      vertex 13.1047 -56 0.29
      vertex 13.8187 -56.6542 0
      vertex 13.1047 -56 0
    endloop
  endfacet
  facet normal 0.676091 0.736818 0
    outer loop
      vertex 13.0501 -55.9499 3
      vertex 13.1047 -56 0.29
      vertex 13.0501 -55.9499 0.29
    endloop
  endfacet
  facet normal 0.382626 -0.923903 0
    outer loop
      vertex 16.4497 -36.6696 0.29
      vertex 17.4129 -36.2707 3
      vertex 16.4497 -36.6696 3
    endloop
  endfacet
  facet normal 0.382626 -0.923903 0
    outer loop
      vertex 17.4129 -36.2707 3
      vertex 16.4497 -36.6696 0.29
      vertex 17.4129 -36.2707 0.29
    endloop
  endfacet
  facet normal 0.461772 -0.886998 0
    outer loop
      vertex 15.525 -37.151 0.29
      vertex 16.4497 -36.6696 3
      vertex 15.525 -37.151 3
    endloop
  endfacet
  facet normal 0.461772 -0.886998 0
    outer loop
      vertex 16.4497 -36.6696 3
      vertex 15.525 -37.151 0.29
      vertex 16.4497 -36.6696 0.29
    endloop
  endfacet
  facet normal 0.608788 -0.793333 0
    outer loop
      vertex 13.8187 -38.3458 0.29
      vertex 14.6458 -37.7111 3
      vertex 13.8187 -38.3458 3
    endloop
  endfacet
  facet normal 0.608788 -0.793333 0
    outer loop
      vertex 14.6458 -37.7111 3
      vertex 13.8187 -38.3458 0.29
      vertex 14.6458 -37.7111 0.29
    endloop
  endfacet
  facet normal -0.793333 -0.608788 0
    outer loop
      vertex 31.2889 -40.6458 0.29
      vertex 30.6542 -39.8187 3
      vertex 30.6542 -39.8187 0.29
    endloop
  endfacet
  facet normal -0.793333 -0.608788 0
    outer loop
      vertex 30.6542 -39.8187 3
      vertex 31.2889 -40.6458 0.29
      vertex 31.2889 -40.6458 3
    endloop
  endfacet
  facet normal -0.608788 -0.793333 0
    outer loop
      vertex 28.3542 -37.7111 0.29
      vertex 29.1813 -38.3458 3
      vertex 28.3542 -37.7111 3
    endloop
  endfacet
  facet normal -0.608788 -0.793333 -0
    outer loop
      vertex 29.1813 -38.3458 3
      vertex 28.3542 -37.7111 0.29
      vertex 29.1813 -38.3458 0.29
    endloop
  endfacet
  facet normal -0.675594 -0.737274 0
    outer loop
      vertex 29.1813 -38.3458 0.29
      vertex 29.9499 -39.0501 3
      vertex 29.1813 -38.3458 3
    endloop
  endfacet
  facet normal -0.675594 -0.737274 -0
    outer loop
      vertex 29.9499 -39.0501 3
      vertex 29.1813 -38.3458 0.29
      vertex 29.9499 -39.0501 0.29
    endloop
  endfacet
  facet normal -0.886998 -0.461772 0
    outer loop
      vertex 32.3304 -42.4497 0.29
      vertex 31.849 -41.525 3
      vertex 31.849 -41.525 0.29
    endloop
  endfacet
  facet normal -0.886998 -0.461772 0
    outer loop
      vertex 31.849 -41.525 3
      vertex 32.3304 -42.4497 0.29
      vertex 32.3304 -42.4497 3
    endloop
  endfacet
  facet normal -0.976284 -0.216494 0
    outer loop
      vertex 33.2685 -45.4249 0.29
      vertex 33.0428 -44.4071 3
      vertex 33.0428 -44.4071 0.29
    endloop
  endfacet
  facet normal -0.976284 -0.216494 0
    outer loop
      vertex 33.0428 -44.4071 3
      vertex 33.2685 -45.4249 0.29
      vertex 33.2685 -45.4249 3
    endloop
  endfacet
endsolid OpenSCAD_Model
