solid OpenSCAD_Model
  facet normal 1 -0 0
    outer loop
      vertex -29.1 -27.44 4.5
      vertex -29.1 55 3
      vertex -29.1 55 4.5
    endloop
  endfacet
  facet normal 1 0 0
    outer loop
      vertex -29.1 55 3
      vertex -29.1 -27.44 4.5
      vertex -29.1 -27.44 3
    endloop
  endfacet
  facet normal -0 0 1
    outer loop
      vertex -31.1 55 4.5
      vertex -29.1 -27.44 4.5
      vertex -29.1 55 4.5
    endloop
  endfacet
  facet normal 0 0 1
    outer loop
      vertex -29.1 -27.44 4.5
      vertex -31.1 55 4.5
      vertex -31.1 -27.44 4.5
    endloop
  endfacet
  facet normal -1 0 0
    outer loop
      vertex -31.1 -27.44 3
      vertex -31.1 55 4.5
      vertex -31.1 55 3
    endloop
  endfacet
  facet normal -1 -0 0
    outer loop
      vertex -31.1 55 4.5
      vertex -31.1 -27.44 3
      vertex -31.1 -27.44 4.5
    endloop
  endfacet
  facet normal 0 1 -0
    outer loop
      vertex -29.1 55 3
      vertex -31.1 55 4.5
      vertex -29.1 55 4.5
    endloop
  endfacet
  facet normal 0 1 0
    outer loop
      vertex -31.1 55 4.5
      vertex -29.1 55 3
      vertex -31.1 55 3
    endloop
  endfacet
  facet normal 0 -1 0
    outer loop
      vertex -31.1 -27.44 3
      vertex -29.1 -27.44 4.5
      vertex -31.1 -27.44 4.5
    endloop
  endfacet
  facet normal 0 -1 -0
    outer loop
      vertex -29.1 -27.44 4.5
      vertex -31.1 -27.44 3
      vertex -29.1 -27.44 3
    endloop
  endfacet
  facet normal 1 -0 0
    outer loop
      vertex 31.1 -27.44 4.5
      vertex 31.1 55 3
      vertex 31.1 55 4.5
    endloop
  endfacet
  facet normal 1 0 0
    outer loop
      vertex 31.1 55 3
      vertex 31.1 -27.44 4.5
      vertex 31.1 -27.44 3
    endloop
  endfacet
  facet normal -0 0 1
    outer loop
      vertex 29.1 55 4.5
      vertex 31.1 -27.44 4.5
      vertex 31.1 55 4.5
    endloop
  endfacet
  facet normal 0 0 1
    outer loop
      vertex 31.1 -27.44 4.5
      vertex 29.1 55 4.5
      vertex 29.1 -27.44 4.5
    endloop
  endfacet
  facet normal -1 0 0
    outer loop
      vertex 29.1 -27.44 3
      vertex 29.1 55 4.5
      vertex 29.1 55 3
    endloop
  endfacet
  facet normal -1 -0 0
    outer loop
      vertex 29.1 55 4.5
      vertex 29.1 -27.44 3
      vertex 29.1 -27.44 4.5
    endloop
  endfacet
  facet normal 0 1 -0
    outer loop
      vertex 31.1 55 3
      vertex 29.1 55 4.5
      vertex 31.1 55 4.5
    endloop
  endfacet
  facet normal 0 1 0
    outer loop
      vertex 29.1 55 4.5
      vertex 31.1 55 3
      vertex 29.1 55 3
    endloop
  endfacet
  facet normal 0 -1 0
    outer loop
      vertex 29.1 -27.44 3
      vertex 31.1 -27.44 4.5
      vertex 29.1 -27.44 4.5
    endloop
  endfacet
  facet normal 0 -1 -0
    outer loop
      vertex 31.1 -27.44 4.5
      vertex 29.1 -27.44 3
      vertex 31.1 -27.44 3
    endloop
  endfacet
  facet normal -0 0 1
    outer loop
      vertex -6.7948 -41.0287 4.98
      vertex -3.37216 -46.2307 4.98
      vertex -4.7037 -39.7821 4.98
    endloop
  endfacet
  facet normal 0 0 1
    outer loop
      vertex -7.42752 -51.4427 4.98
      vertex -3.37216 -46.2307 4.98
      vertex -5.74567 -46.1097 4.98
    endloop
  endfacet
  facet normal 0 0 1
    outer loop
      vertex -3.37216 -46.2307 4.98
      vertex -6.7948 -41.0287 4.98
      vertex -5.74567 -46.1097 4.98
    endloop
  endfacet
  facet normal 0 0 1
    outer loop
      vertex -9.43488 -35.8036 4.98
      vertex -6.7948 -41.0287 4.98
      vertex -4.7037 -39.7821 4.98
    endloop
  endfacet
  facet normal 0 0 1
    outer loop
      vertex -9.43488 -35.8036 4.98
      vertex -10.5766 -37.8487 4.98
      vertex -6.7948 -41.0287 4.98
    endloop
  endfacet
  facet normal 0 0 1
    outer loop
      vertex -14.664 -36.498 4.98
      vertex -9.43488 -35.8036 4.98
      vertex -14.5067 -34.1277 4.98
    endloop
  endfacet
  facet normal 0 0 1
    outer loop
      vertex -9.43488 -35.8036 4.98
      vertex -14.664 -36.498 4.98
      vertex -10.5766 -37.8487 4.98
    endloop
  endfacet
  facet normal -0 0 1
    outer loop
      vertex -19.8083 -35.1287 4.98
      vertex -14.664 -36.498 4.98
      vertex -14.5067 -34.1277 4.98
    endloop
  endfacet
  facet normal 0 0 1
    outer loop
      vertex -14.664 -36.498 4.98
      vertex -19.8083 -35.1287 4.98
      vertex -19.1712 -37.349 4.98
    endloop
  endfacet
  facet normal 0 0 1
    outer loop
      vertex -19.8083 -35.1287 4.98
      vertex -25.6294 -39.8707 4.98
      vertex -19.1712 -37.349 4.98
    endloop
  endfacet
  facet normal -0 0 1
    outer loop
      vertex -26.6705 -37.8081 4.98
      vertex -25.6294 -39.8707 4.98
      vertex -19.8083 -35.1287 4.98
    endloop
  endfacet
  facet normal 0 0 1
    outer loop
      vertex -26.6705 -37.8081 4.98
      vertex -32.1887 -44.0073 4.98
      vertex -25.6294 -39.8707 4.98
    endloop
  endfacet
  facet normal -0 0 1
    outer loop
      vertex -33.7699 -42.2854 4.98
      vertex -32.1887 -44.0073 4.98
      vertex -26.6705 -37.8081 4.98
    endloop
  endfacet
  facet normal 0 0 1
    outer loop
      vertex -33.7699 -42.2854 4.98
      vertex -36.2558 -49.3821 4.98
      vertex -32.1887 -44.0073 4.98
    endloop
  endfacet
  facet normal 0 0 1
    outer loop
      vertex -36.2558 -49.3821 4.98
      vertex -38.4154 -48.4243 4.98
      vertex -37.7383 -57.2141 4.98
    endloop
  endfacet
  facet normal -0 0 1
    outer loop
      vertex -38.4154 -48.4243 4.98
      vertex -36.2558 -49.3821 4.98
      vertex -33.7699 -42.2854 4.98
    endloop
  endfacet
  facet normal 0 0 1
    outer loop
      vertex -3.37216 -46.2307 4.98
      vertex -7.42752 -51.4427 4.98
      vertex -5.43523 -52.7724 4.98
    endloop
  endfacet
  facet normal 0 0 1
    outer loop
      vertex -7.42752 -51.4427 4.98
      vertex -10.1588 -56.7445 4.98
      vertex -5.43523 -52.7724 4.98
    endloop
  endfacet
  facet normal -0 0 1
    outer loop
      vertex -11.2061 -54.6201 4.98
      vertex -10.1588 -56.7445 4.98
      vertex -7.42752 -51.4427 4.98
    endloop
  endfacet
  facet normal -0 0 1
    outer loop
      vertex -17.5592 -56.0191 4.98
      vertex -10.1588 -56.7445 4.98
      vertex -11.2061 -54.6201 4.98
    endloop
  endfacet
  facet normal 0 0 1
    outer loop
      vertex -17.5592 -56.0191 4.98
      vertex -18.2882 -58.5348 4.98
      vertex -10.1588 -56.7445 4.98
    endloop
  endfacet
  facet normal 0 0 1
    outer loop
      vertex -19.5044 -57.3295 4.98
      vertex -17.5592 -56.0191 4.98
      vertex -19.3641 -54.2304 4.98
    endloop
  endfacet
  facet normal 0 0 1
    outer loop
      vertex -17.5592 -56.0191 4.98
      vertex -19.5044 -57.3295 4.98
      vertex -18.2882 -58.5348 4.98
    endloop
  endfacet
  facet normal 0 0 1
    outer loop
      vertex -24.1548 -58.1876 4.98
      vertex -19.5044 -57.3295 4.98
      vertex -19.3641 -54.2304 4.98
    endloop
  endfacet
  facet normal -0 0 1
    outer loop
      vertex -24.1548 -58.1876 4.98
      vertex -24.7164 -61.6347 4.98
      vertex -19.5044 -57.3295 4.98
    endloop
  endfacet
  facet normal 0 0 1
    outer loop
      vertex -26.5791 -58.6462 4.98
      vertex -24.1548 -58.1876 4.98
      vertex -26.0735 -55.1091 4.98
    endloop
  endfacet
  facet normal 0 0 1
    outer loop
      vertex -24.1548 -58.1876 4.98
      vertex -26.5791 -58.6462 4.98
      vertex -24.7164 -61.6347 4.98
    endloop
  endfacet
  facet normal 0 0 1
    outer loop
      vertex -31.0164 -59.5278 4.98
      vertex -26.5791 -58.6462 4.98
      vertex -26.0735 -55.1091 4.98
    endloop
  endfacet
  facet normal -0 0 1
    outer loop
      vertex -31.0164 -59.5278 4.98
      vertex -31.7694 -63.2861 4.98
      vertex -26.5791 -58.6462 4.98
    endloop
  endfacet
  facet normal -0 0 1
    outer loop
      vertex -34.1535 -58.2976 4.98
      vertex -31.0164 -59.5278 4.98
      vertex -32.9956 -55.3866 4.98
    endloop
  endfacet
  facet normal 0 0 1
    outer loop
      vertex -31.0164 -59.5278 4.98
      vertex -34.1535 -58.2976 4.98
      vertex -31.7694 -63.2861 4.98
    endloop
  endfacet
  facet normal -0 0 1
    outer loop
      vertex -37.7383 -57.2141 4.98
      vertex -34.1535 -58.2976 4.98
      vertex -32.9956 -55.3866 4.98
    endloop
  endfacet
  facet normal 0 0 1
    outer loop
      vertex -37.7383 -57.2141 4.98
      vertex -40.7666 -60.8459 4.98
      vertex -34.1535 -58.2976 4.98
    endloop
  endfacet
  facet normal 0 0 1
    outer loop
      vertex -40.7666 -60.8459 4.98
      vertex -37.7383 -57.2141 4.98
      vertex -38.4154 -48.4243 4.98
    endloop
  endfacet
  facet normal -0.84863 -0.528987 0
    outer loop
      vertex -24.9562 -61.25 3
      vertex -24.7164 -61.6347 3
      vertex -24.9562 -61.25 4.5
    endloop
  endfacet
  facet normal -0.848657 -0.528943 0
    outer loop
      vertex -25.2367 -60.8 4.78
      vertex -26.5791 -58.6462 4.98
      vertex -26.5791 -58.6462 4.78
    endloop
  endfacet
  facet normal -0.84865 -0.528955 0.000171604
    outer loop
      vertex -25.2367 -60.8 4.78
      vertex -24.7164 -61.6347 4.98
      vertex -26.5791 -58.6462 4.98
    endloop
  endfacet
  facet normal -0.848632 -0.528983 4.32553e-06
    outer loop
      vertex -24.9562 -61.25 4.5
      vertex -24.7164 -61.6347 4.98
      vertex -25.2367 -60.8 4.78
    endloop
  endfacet
  facet normal -0.84863 -0.528987 -0
    outer loop
      vertex -24.7164 -61.6347 4.98
      vertex -24.9562 -61.25 4.5
      vertex -24.7164 -61.6347 3
    endloop
  endfacet
  facet normal -0.848633 -0.528981 0
    outer loop
      vertex -25.2367 -60.8 4.5
      vertex -24.9562 -61.25 4.5
      vertex -25.2367 -60.8 4.78
    endloop
  endfacet
  facet normal 0.636849 -0.770988 -3.83127e-05
    outer loop
      vertex -24.7164 -61.6347 4.98
      vertex -23.7059 -60.8 4.78
      vertex -19.5044 -57.3295 4.98
    endloop
  endfacet
  facet normal 0.636869 -0.770972 0.000125735
    outer loop
      vertex -24.7164 -61.6347 4.98
      vertex -24.2506 -61.25 4.5
      vertex -23.7059 -60.8 4.78
    endloop
  endfacet
  facet normal 0.636792 -0.771036 0
    outer loop
      vertex -24.7164 -61.6347 3
      vertex -24.2506 -61.25 4.5
      vertex -24.7164 -61.6347 4.98
    endloop
  endfacet
  facet normal 0.636792 -0.771036 0
    outer loop
      vertex -24.2506 -61.25 4.5
      vertex -24.7164 -61.6347 3
      vertex -24.2506 -61.25 3
    endloop
  endfacet
  facet normal 0.636848 -0.770989 0
    outer loop
      vertex -19.5044 -57.3295 4.98
      vertex -23.7059 -60.8 4.78
      vertex -19.5044 -57.3295 4.78
    endloop
  endfacet
  facet normal 0.636907 -0.770941 0
    outer loop
      vertex -23.7059 -60.8 4.78
      vertex -24.2506 -61.25 4.5
      vertex -23.7059 -60.8 4.5
    endloop
  endfacet
  facet normal -0.703917 -0.710283 0
    outer loop
      vertex -19.5044 -57.3295 4.78
      vertex -18.2882 -58.5348 4.98
      vertex -19.5044 -57.3295 4.98
    endloop
  endfacet
  facet normal -0.703917 -0.710283 -0
    outer loop
      vertex -18.2882 -58.5348 4.98
      vertex -19.5044 -57.3295 4.78
      vertex -18.2882 -58.5348 4.78
    endloop
  endfacet
  facet normal 0.215072 -0.976598 0
    outer loop
      vertex -18.2882 -58.5348 4.78
      vertex -10.1588 -56.7445 4.98
      vertex -18.2882 -58.5348 4.98
    endloop
  endfacet
  facet normal 0.215072 -0.976598 0
    outer loop
      vertex -10.1588 -56.7445 4.98
      vertex -18.2882 -58.5348 4.78
      vertex -10.1588 -56.7445 4.78
    endloop
  endfacet
  facet normal 0.643601 -0.765362 0
    outer loop
      vertex -10.1588 -56.7445 4.78
      vertex -5.43523 -52.7724 4.98
      vertex -10.1588 -56.7445 4.98
    endloop
  endfacet
  facet normal 0.643601 -0.765362 0
    outer loop
      vertex -5.43523 -52.7724 4.98
      vertex -10.1588 -56.7445 4.78
      vertex -5.43523 -52.7724 4.78
    endloop
  endfacet
  facet normal 0.953696 -0.300773 0
    outer loop
      vertex -3.37216 -46.2307 4.98
      vertex -3.74093 -47.4 3.3
      vertex -3.37216 -46.2307 3
    endloop
  endfacet
  facet normal 0.953698 -0.300765 -6.674e-06
    outer loop
      vertex -3.37216 -46.2307 4.98
      vertex -4.02476 -48.3 3.3
      vertex -3.74093 -47.4 3.3
    endloop
  endfacet
  facet normal 0.953698 -0.300767 0
    outer loop
      vertex -5.34931 -52.5 3
      vertex -4.02476 -48.3 3.3
      vertex -5.34931 -52.5 4.78
    endloop
  endfacet
  facet normal 0.953697 -0.300768 -2.70363e-06
    outer loop
      vertex -3.37216 -46.2307 4.98
      vertex -5.34931 -52.5 4.78
      vertex -4.02476 -48.3 3.3
    endloop
  endfacet
  facet normal 0.953697 -0.300769 6.02072e-05
    outer loop
      vertex -5.43523 -52.7724 4.98
      vertex -5.34931 -52.5 4.78
      vertex -3.37216 -46.2307 4.98
    endloop
  endfacet
  facet normal 0.953684 -0.30081 0
    outer loop
      vertex -5.34931 -52.5 4.78
      vertex -5.43523 -52.7724 4.98
      vertex -5.43523 -52.7724 4.78
    endloop
  endfacet
  facet normal 0.953696 -0.300773 0
    outer loop
      vertex -3.37216 -46.2307 3
      vertex -3.74093 -47.4 3.3
      vertex -3.74093 -47.4 3
    endloop
  endfacet
  facet normal 0.953698 -0.300767 0
    outer loop
      vertex -4.02476 -48.3 3.3
      vertex -5.34931 -52.5 3
      vertex -4.02476 -48.3 3
    endloop
  endfacet
  facet normal 0.97934 0.202221 0
    outer loop
      vertex -4.7037 -39.7821 4.98
      vertex -4.45222 -41 3.3
      vertex -4.7037 -39.7821 3
    endloop
  endfacet
  facet normal 0.97934 0.202223 -1.6426e-06
    outer loop
      vertex -4.7037 -39.7821 4.98
      vertex -4.26638 -41.9 3.3
      vertex -4.45222 -41 3.3
    endloop
  endfacet
  facet normal 0.979341 0.202217 0
    outer loop
      vertex -4.26638 -41.9 3.3
      vertex -3.79147 -44.2 3.3
      vertex -4.26638 -41.9 3
    endloop
  endfacet
  facet normal 0.97934 0.202219 2.99995e-06
    outer loop
      vertex -3.37216 -46.2307 4.98
      vertex -4.26638 -41.9 3.3
      vertex -4.7037 -39.7821 4.98
    endloop
  endfacet
  facet normal 0.979341 0.202217 -3.36154e-06
    outer loop
      vertex -4.26638 -41.9 3.3
      vertex -3.37216 -46.2307 4.98
      vertex -3.79147 -44.2 3.3
    endloop
  endfacet
  facet normal 0.97934 0.202223 4.07281e-06
    outer loop
      vertex -3.79147 -44.2 3.3
      vertex -3.37216 -46.2307 4.98
      vertex -3.60563 -45.1 3.3
    endloop
  endfacet
  facet normal 0.979341 0.202217 -0
    outer loop
      vertex -3.37216 -46.2307 3
      vertex -3.60563 -45.1 3.3
      vertex -3.37216 -46.2307 4.98
    endloop
  endfacet
  facet normal 0.979341 0.202217 0
    outer loop
      vertex -3.60563 -45.1 3.3
      vertex -3.37216 -46.2307 3
      vertex -3.60563 -45.1 3
    endloop
  endfacet
  facet normal 0.97934 0.202221 0
    outer loop
      vertex -4.7037 -39.7821 3
      vertex -4.45222 -41 3.3
      vertex -4.45222 -41 3
    endloop
  endfacet
  facet normal 0.979341 0.202217 0
    outer loop
      vertex -4.26638 -41.9 3
      vertex -3.79147 -44.2 3.3
      vertex -3.79147 -44.2 3
    endloop
  endfacet
  facet normal 0.643601 0.765361 6.39233e-05
    outer loop
      vertex -4.7037 -39.7821 4.98
      vertex -7 -37.8511 4.78
      vertex -9.43488 -35.8036 4.98
    endloop
  endfacet
  facet normal 0.643604 0.765359 -0
    outer loop
      vertex -4.7037 -39.7821 3
      vertex -7 -37.8511 4.78
      vertex -4.7037 -39.7821 4.98
    endloop
  endfacet
  facet normal 0.643604 0.765359 0
    outer loop
      vertex -7 -37.8511 4.78
      vertex -4.7037 -39.7821 3
      vertex -7 -37.8511 3
    endloop
  endfacet
  facet normal 0.643598 0.765364 0
    outer loop
      vertex -9.43488 -35.8036 4.98
      vertex -7 -37.8511 4.78
      vertex -9.43488 -35.8036 4.78
    endloop
  endfacet
  facet normal 0.313749 0.949506 -0
    outer loop
      vertex -9.43488 -35.8036 4.78
      vertex -14.5067 -34.1277 4.98
      vertex -9.43488 -35.8036 4.98
    endloop
  endfacet
  facet normal 0.313749 0.949506 0
    outer loop
      vertex -14.5067 -34.1277 4.98
      vertex -9.43488 -35.8036 4.78
      vertex -14.5067 -34.1277 4.78
    endloop
  endfacet
  facet normal -0.185533 0.982638 0
    outer loop
      vertex -14.5067 -34.1277 4.78
      vertex -19.8083 -35.1287 4.98
      vertex -14.5067 -34.1277 4.98
    endloop
  endfacet
  facet normal -0.185533 0.982638 0
    outer loop
      vertex -19.8083 -35.1287 4.98
      vertex -14.5067 -34.1277 4.78
      vertex -19.8083 -35.1287 4.78
    endloop
  endfacet
  facet normal -0.363715 0.93151 0
    outer loop
      vertex -19.8083 -35.1287 4.78
      vertex -26.6705 -37.8081 4.98
      vertex -19.8083 -35.1287 4.98
    endloop
  endfacet
  facet normal -0.363715 0.93151 0
    outer loop
      vertex -26.6705 -37.8081 4.98
      vertex -19.8083 -35.1287 4.78
      vertex -26.6705 -37.8081 4.78
    endloop
  endfacet
  facet normal -0.533437 0.84584 0
    outer loop
      vertex -26.6705 -37.8081 4.78
      vertex -33.7699 -42.2854 4.98
      vertex -26.6705 -37.8081 4.98
    endloop
  endfacet
  facet normal -0.533437 0.84584 0
    outer loop
      vertex -33.7699 -42.2854 4.98
      vertex -26.6705 -37.8081 4.78
      vertex -33.7699 -42.2854 4.78
    endloop
  endfacet
  facet normal -0.797416 0.60343 0
    outer loop
      vertex -38.4154 -48.4243 4.78
      vertex -33.7699 -42.2854 4.98
      vertex -33.7699 -42.2854 4.78
    endloop
  endfacet
  facet normal -0.797416 0.60343 0
    outer loop
      vertex -33.7699 -42.2854 4.98
      vertex -38.4154 -48.4243 4.78
      vertex -38.4154 -48.4243 4.98
    endloop
  endfacet
  facet normal -0.982552 0.185987 0
    outer loop
      vertex -40.1841 -57.7686 3
      vertex -40.7666 -60.8459 3
      vertex -40.1841 -57.7686 4.5
    endloop
  endfacet
  facet normal -0.982547 0.186014 0
    outer loop
      vertex -40.0533 -57.0777 4.5
      vertex -40.1841 -57.7686 4.5
      vertex -40.0533 -57.0777 4.78
    endloop
  endfacet
  facet normal -0.982554 0.185976 0
    outer loop
      vertex -40.0533 -57.0777 4.78
      vertex -38.4154 -48.4243 4.98
      vertex -38.4154 -48.4243 4.78
    endloop
  endfacet
  facet normal -0.982553 0.185981 -0.000211768
    outer loop
      vertex -40.0533 -57.0777 4.78
      vertex -40.7666 -60.8459 4.98
      vertex -38.4154 -48.4243 4.98
    endloop
  endfacet
  facet normal -0.982551 0.185994 5.07136e-05
    outer loop
      vertex -40.1841 -57.7686 4.5
      vertex -40.7666 -60.8459 4.98
      vertex -40.0533 -57.0777 4.78
    endloop
  endfacet
  facet normal -0.982552 0.185987 0
    outer loop
      vertex -40.7666 -60.8459 4.98
      vertex -40.1841 -57.7686 4.5
      vertex -40.7666 -60.8459 3
    endloop
  endfacet
  facet normal 0.359569 -0.933118 -1.45687e-05
    outer loop
      vertex -40.7666 -60.8459 4.98
      vertex -37.7293 -59.6755 4.78
      vertex -34.1535 -58.2976 4.98
    endloop
  endfacet
  facet normal 0.359572 -0.933117 3.88063e-05
    outer loop
      vertex -40.7666 -60.8459 4.98
      vertex -38.2405 -59.8725 4.5
      vertex -37.7293 -59.6755 4.78
    endloop
  endfacet
  facet normal 0.359566 -0.93312 0
    outer loop
      vertex -40.7666 -60.8459 3
      vertex -38.2405 -59.8725 4.5
      vertex -40.7666 -60.8459 4.98
    endloop
  endfacet
  facet normal 0.359566 -0.93312 0
    outer loop
      vertex -38.2405 -59.8725 4.5
      vertex -40.7666 -60.8459 3
      vertex -38.2405 -59.8725 3
    endloop
  endfacet
  facet normal 0.359568 -0.933119 0
    outer loop
      vertex -34.1535 -58.2976 4.98
      vertex -37.7293 -59.6755 4.78
      vertex -34.1535 -58.2976 4.78
    endloop
  endfacet
  facet normal 0.359591 -0.93311 0
    outer loop
      vertex -37.7293 -59.6755 4.78
      vertex -38.2405 -59.8725 4.5
      vertex -37.7293 -59.6755 4.5
    endloop
  endfacet
  facet normal -0.902253 -0.431208 0
    outer loop
      vertex -32.7425 -61.25 3
      vertex -31.7694 -63.2861 3
      vertex -32.7425 -61.25 4.5
    endloop
  endfacet
  facet normal -0.902246 -0.431221 0
    outer loop
      vertex -32.9575 -60.8 4.78
      vertex -34.1535 -58.2976 4.98
      vertex -34.1535 -58.2976 4.78
    endloop
  endfacet
  facet normal -0.902254 -0.431205 -0.000247932
    outer loop
      vertex -32.9575 -60.8 4.78
      vertex -31.7694 -63.2861 4.98
      vertex -34.1535 -58.2976 4.98
    endloop
  endfacet
  facet normal -0.902267 -0.431178 0.000153227
    outer loop
      vertex -32.7425 -61.25 4.5
      vertex -31.7694 -63.2861 4.98
      vertex -32.9575 -60.8 4.78
    endloop
  endfacet
  facet normal -0.902253 -0.431208 -0
    outer loop
      vertex -31.7694 -63.2861 4.98
      vertex -32.7425 -61.25 4.5
      vertex -31.7694 -63.2861 3
    endloop
  endfacet
  facet normal -0.902304 -0.431101 0
    outer loop
      vertex -32.9575 -60.8 4.5
      vertex -32.7425 -61.25 4.5
      vertex -32.9575 -60.8 4.78
    endloop
  endfacet
  facet normal 0.666471 -0.745531 -3.08322e-05
    outer loop
      vertex -31.7694 -63.2861 4.98
      vertex -28.9884 -60.8 4.78
      vertex -26.5791 -58.6462 4.98
    endloop
  endfacet
  facet normal 0.666471 -0.745531 -4.47135e-05
    outer loop
      vertex -31.7694 -63.2861 4.98
      vertex -29.4918 -61.25 4.5
      vertex -28.9884 -60.8 4.78
    endloop
  endfacet
  facet normal 0.666476 -0.745526 0
    outer loop
      vertex -31.7694 -63.2861 3
      vertex -29.4918 -61.25 4.5
      vertex -31.7694 -63.2861 4.98
    endloop
  endfacet
  facet normal 0.666476 -0.745526 0
    outer loop
      vertex -29.4918 -61.25 4.5
      vertex -31.7694 -63.2861 3
      vertex -29.4918 -61.25 3
    endloop
  endfacet
  facet normal 0.66647 -0.745532 0
    outer loop
      vertex -26.5791 -58.6462 4.98
      vertex -28.9884 -60.8 4.78
      vertex -26.5791 -58.6462 4.78
    endloop
  endfacet
  facet normal 0.666457 -0.745543 0
    outer loop
      vertex -28.9884 -60.8 4.78
      vertex -29.4918 -61.25 4.5
      vertex -28.9884 -60.8 4.5
    endloop
  endfacet
  facet normal -0.359559 0.933122 0
    outer loop
      vertex -32.9956 -55.3866 3
      vertex -37.7383 -57.2141 4.98
      vertex -32.9956 -55.3866 4.98
    endloop
  endfacet
  facet normal -0.359559 0.933122 0
    outer loop
      vertex -37.7383 -57.2141 4.98
      vertex -32.9956 -55.3866 3
      vertex -37.7383 -57.2141 3
    endloop
  endfacet
  facet normal 0.982553 -0.185985 0
    outer loop
      vertex -37.7383 -57.2141 4.98
      vertex -36.2558 -49.3821 3
      vertex -36.2558 -49.3821 4.98
    endloop
  endfacet
  facet normal 0.982553 -0.185985 0
    outer loop
      vertex -36.2558 -49.3821 3
      vertex -37.7383 -57.2141 4.98
      vertex -37.7383 -57.2141 3
    endloop
  endfacet
  facet normal 0.797429 -0.603413 0
    outer loop
      vertex -36.2558 -49.3821 4.98
      vertex -32.1887 -44.0073 3
      vertex -32.1887 -44.0073 4.98
    endloop
  endfacet
  facet normal 0.797429 -0.603413 0
    outer loop
      vertex -32.1887 -44.0073 3
      vertex -36.2558 -49.3821 4.98
      vertex -36.2558 -49.3821 3
    endloop
  endfacet
  facet normal 0.533429 -0.845845 0
    outer loop
      vertex -32.1887 -44.0073 3
      vertex -25.6294 -39.8707 4.98
      vertex -32.1887 -44.0073 4.98
    endloop
  endfacet
  facet normal 0.533429 -0.845845 0
    outer loop
      vertex -25.6294 -39.8707 4.98
      vertex -32.1887 -44.0073 3
      vertex -25.6294 -39.8707 3
    endloop
  endfacet
  facet normal 0.363721 -0.931508 0
    outer loop
      vertex -25.6294 -39.8707 3
      vertex -19.1712 -37.349 4.98
      vertex -25.6294 -39.8707 4.98
    endloop
  endfacet
  facet normal 0.363721 -0.931508 0
    outer loop
      vertex -19.1712 -37.349 4.98
      vertex -25.6294 -39.8707 3
      vertex -19.1712 -37.349 3
    endloop
  endfacet
  facet normal 0.185531 -0.982638 0
    outer loop
      vertex -19.1712 -37.349 3
      vertex -14.664 -36.498 4.98
      vertex -19.1712 -37.349 4.98
    endloop
  endfacet
  facet normal 0.185531 -0.982638 0
    outer loop
      vertex -14.664 -36.498 4.98
      vertex -19.1712 -37.349 3
      vertex -14.664 -36.498 3
    endloop
  endfacet
  facet normal -0.313767 -0.9495 0
    outer loop
      vertex -14.664 -36.498 4.98
      vertex -10.5766 -37.8487 4.78
      vertex -10.5766 -37.8487 4.98
    endloop
  endfacet
  facet normal -0.313767 -0.9495 0
    outer loop
      vertex -14.664 -36.498 3
      vertex -10.5766 -37.8487 4.78
      vertex -14.664 -36.498 4.98
    endloop
  endfacet
  facet normal -0.313767 -0.9495 -0
    outer loop
      vertex -10.5766 -37.8487 4.78
      vertex -14.664 -36.498 3
      vertex -10.5766 -37.8487 3
    endloop
  endfacet
  facet normal -0.643588 -0.765372 0
    outer loop
      vertex -7 -40.8562 4.78
      vertex -10.5766 -37.8487 4.98
      vertex -10.5766 -37.8487 4.78
    endloop
  endfacet
  facet normal -0.643582 -0.765377 0.000177592
    outer loop
      vertex -10.5766 -37.8487 4.98
      vertex -7 -40.8562 4.78
      vertex -6.7948 -41.0287 4.98
    endloop
  endfacet
  facet normal -0.643481 -0.765462 0
    outer loop
      vertex -6.7948 -41.0287 3
      vertex -7 -40.8562 4.78
      vertex -7 -40.8562 3
    endloop
  endfacet
  facet normal -0.643481 -0.765462 0
    outer loop
      vertex -7 -40.8562 4.78
      vertex -6.7948 -41.0287 3
      vertex -6.7948 -41.0287 4.98
    endloop
  endfacet
  facet normal -0.979341 -0.202215 0
    outer loop
      vertex -5.74567 -46.1097 3
      vertex -6.7948 -41.0287 4.98
      vertex -6.7948 -41.0287 3
    endloop
  endfacet
  facet normal -0.979341 -0.202215 0
    outer loop
      vertex -6.7948 -41.0287 4.98
      vertex -5.74567 -46.1097 3
      vertex -5.74567 -46.1097 4.98
    endloop
  endfacet
  facet normal -0.953698 0.300765 0
    outer loop
      vertex -7.42752 -51.4427 3
      vertex -5.74567 -46.1097 4.98
      vertex -5.74567 -46.1097 3
    endloop
  endfacet
  facet normal -0.953698 0.300765 0
    outer loop
      vertex -5.74567 -46.1097 4.98
      vertex -7.42752 -51.4427 3
      vertex -7.42752 -51.4427 4.98
    endloop
  endfacet
  facet normal -0.643595 0.765366 0
    outer loop
      vertex -7.42752 -51.4427 3
      vertex -11.2061 -54.6201 4.98
      vertex -7.42752 -51.4427 4.98
    endloop
  endfacet
  facet normal -0.643595 0.765366 0
    outer loop
      vertex -11.2061 -54.6201 4.98
      vertex -7.42752 -51.4427 3
      vertex -11.2061 -54.6201 3
    endloop
  endfacet
  facet normal -0.215055 0.976602 0
    outer loop
      vertex -11.2061 -54.6201 3
      vertex -17.5592 -56.0191 4.98
      vertex -11.2061 -54.6201 4.98
    endloop
  endfacet
  facet normal -0.215055 0.976602 0
    outer loop
      vertex -17.5592 -56.0191 4.98
      vertex -11.2061 -54.6201 3
      vertex -17.5592 -56.0191 3
    endloop
  endfacet
  facet normal 0.703912 0.710287 -0
    outer loop
      vertex -17.5592 -56.0191 3
      vertex -19.3641 -54.2304 4.98
      vertex -17.5592 -56.0191 4.98
    endloop
  endfacet
  facet normal 0.703912 0.710287 0
    outer loop
      vertex -19.3641 -54.2304 4.98
      vertex -17.5592 -56.0191 3
      vertex -19.3641 -54.2304 3
    endloop
  endfacet
  facet normal -0.636849 0.770988 0
    outer loop
      vertex -19.3641 -54.2304 3
      vertex -24.1548 -58.1876 4.98
      vertex -19.3641 -54.2304 4.98
    endloop
  endfacet
  facet normal -0.636849 0.770988 0
    outer loop
      vertex -24.1548 -58.1876 4.98
      vertex -19.3641 -54.2304 3
      vertex -24.1548 -58.1876 3
    endloop
  endfacet
  facet normal 0.848662 0.528935 0
    outer loop
      vertex -24.1548 -58.1876 4.98
      vertex -26.0735 -55.1091 3
      vertex -26.0735 -55.1091 4.98
    endloop
  endfacet
  facet normal 0.848662 0.528935 0
    outer loop
      vertex -26.0735 -55.1091 3
      vertex -24.1548 -58.1876 4.98
      vertex -24.1548 -58.1876 3
    endloop
  endfacet
  facet normal -0.666469 0.745533 0
    outer loop
      vertex -26.0735 -55.1091 3
      vertex -31.0164 -59.5278 4.98
      vertex -26.0735 -55.1091 4.98
    endloop
  endfacet
  facet normal -0.666469 0.745533 0
    outer loop
      vertex -31.0164 -59.5278 4.98
      vertex -26.0735 -55.1091 3
      vertex -31.0164 -59.5278 3
    endloop
  endfacet
  facet normal 0.902251 0.431212 0
    outer loop
      vertex -31.0164 -59.5278 4.98
      vertex -32.9956 -55.3866 3
      vertex -32.9956 -55.3866 4.98
    endloop
  endfacet
  facet normal 0.902251 0.431212 0
    outer loop
      vertex -32.9956 -55.3866 3
      vertex -31.0164 -59.5278 4.98
      vertex -31.0164 -59.5278 3
    endloop
  endfacet
  facet normal 0 0 1
    outer loop
      vertex 38.4154 -48.4243 4.98
      vertex 36.2558 -49.3821 4.98
      vertex 37.7383 -57.2141 4.98
    endloop
  endfacet
  facet normal 0 0 1
    outer loop
      vertex 33.7699 -42.2854 4.98
      vertex 36.2558 -49.3821 4.98
      vertex 38.4154 -48.4243 4.98
    endloop
  endfacet
  facet normal 0 0 1
    outer loop
      vertex 33.7699 -42.2854 4.98
      vertex 32.1887 -44.0073 4.98
      vertex 36.2558 -49.3821 4.98
    endloop
  endfacet
  facet normal 0 0 1
    outer loop
      vertex 26.6705 -37.8081 4.98
      vertex 32.1887 -44.0073 4.98
      vertex 33.7699 -42.2854 4.98
    endloop
  endfacet
  facet normal 0 0 1
    outer loop
      vertex 26.6705 -37.8081 4.98
      vertex 25.6294 -39.8707 4.98
      vertex 32.1887 -44.0073 4.98
    endloop
  endfacet
  facet normal 0 0 1
    outer loop
      vertex 19.8083 -35.1287 4.98
      vertex 25.6294 -39.8707 4.98
      vertex 26.6705 -37.8081 4.98
    endloop
  endfacet
  facet normal 0 0 1
    outer loop
      vertex 19.8083 -35.1287 4.98
      vertex 19.1712 -37.349 4.98
      vertex 25.6294 -39.8707 4.98
    endloop
  endfacet
  facet normal 0 0 1
    outer loop
      vertex 19.8083 -35.1287 4.98
      vertex 14.664 -36.498 4.98
      vertex 19.1712 -37.349 4.98
    endloop
  endfacet
  facet normal 0 0 1
    outer loop
      vertex 14.5067 -34.1277 4.98
      vertex 14.664 -36.498 4.98
      vertex 19.8083 -35.1287 4.98
    endloop
  endfacet
  facet normal -0 0 1
    outer loop
      vertex 9.43488 -35.8036 4.98
      vertex 14.664 -36.498 4.98
      vertex 14.5067 -34.1277 4.98
    endloop
  endfacet
  facet normal 0 0 1
    outer loop
      vertex 14.664 -36.498 4.98
      vertex 9.43488 -35.8036 4.98
      vertex 10.5766 -37.8487 4.98
    endloop
  endfacet
  facet normal 0 0 1
    outer loop
      vertex 9.43488 -35.8036 4.98
      vertex 6.7948 -41.0287 4.98
      vertex 10.5766 -37.8487 4.98
    endloop
  endfacet
  facet normal -0 0 1
    outer loop
      vertex 4.7037 -39.7821 4.98
      vertex 6.7948 -41.0287 4.98
      vertex 9.43488 -35.8036 4.98
    endloop
  endfacet
  facet normal 0 0 1
    outer loop
      vertex 3.37216 -46.2307 4.98
      vertex 6.7948 -41.0287 4.98
      vertex 4.7037 -39.7821 4.98
    endloop
  endfacet
  facet normal 0 0 1
    outer loop
      vertex 6.7948 -41.0287 4.98
      vertex 3.37216 -46.2307 4.98
      vertex 5.74567 -46.1097 4.98
    endloop
  endfacet
  facet normal 0 0 1
    outer loop
      vertex 5.74567 -46.1097 4.98
      vertex 3.37216 -46.2307 4.98
      vertex 5.43523 -52.7724 4.98
    endloop
  endfacet
  facet normal -0 0 1
    outer loop
      vertex 37.7383 -57.2141 4.98
      vertex 40.7666 -60.8459 4.98
      vertex 38.4154 -48.4243 4.98
    endloop
  endfacet
  facet normal 0 0 1
    outer loop
      vertex 37.7383 -57.2141 4.98
      vertex 34.1535 -58.2976 4.98
      vertex 40.7666 -60.8459 4.98
    endloop
  endfacet
  facet normal 0 0 1
    outer loop
      vertex 32.9956 -55.3866 4.98
      vertex 34.1535 -58.2976 4.98
      vertex 37.7383 -57.2141 4.98
    endloop
  endfacet
  facet normal 0 0 1
    outer loop
      vertex 31.0164 -59.5278 4.98
      vertex 34.1535 -58.2976 4.98
      vertex 32.9956 -55.3866 4.98
    endloop
  endfacet
  facet normal 0 0 1
    outer loop
      vertex 34.1535 -58.2976 4.98
      vertex 31.0164 -59.5278 4.98
      vertex 31.7694 -63.2861 4.98
    endloop
  endfacet
  facet normal 0 0 1
    outer loop
      vertex 31.0164 -59.5278 4.98
      vertex 26.5791 -58.6462 4.98
      vertex 31.7694 -63.2861 4.98
    endloop
  endfacet
  facet normal 0 0 1
    outer loop
      vertex 26.0735 -55.1091 4.98
      vertex 26.5791 -58.6462 4.98
      vertex 31.0164 -59.5278 4.98
    endloop
  endfacet
  facet normal -0 0 1
    outer loop
      vertex 24.1548 -58.1876 4.98
      vertex 26.5791 -58.6462 4.98
      vertex 26.0735 -55.1091 4.98
    endloop
  endfacet
  facet normal 0 0 1
    outer loop
      vertex 26.5791 -58.6462 4.98
      vertex 24.1548 -58.1876 4.98
      vertex 24.7164 -61.6347 4.98
    endloop
  endfacet
  facet normal 0 0 1
    outer loop
      vertex 24.1548 -58.1876 4.98
      vertex 19.5044 -57.3295 4.98
      vertex 24.7164 -61.6347 4.98
    endloop
  endfacet
  facet normal 0 0 1
    outer loop
      vertex 19.3641 -54.2304 4.98
      vertex 19.5044 -57.3295 4.98
      vertex 24.1548 -58.1876 4.98
    endloop
  endfacet
  facet normal -0 0 1
    outer loop
      vertex 17.5592 -56.0191 4.98
      vertex 19.5044 -57.3295 4.98
      vertex 19.3641 -54.2304 4.98
    endloop
  endfacet
  facet normal 0 0 1
    outer loop
      vertex 19.5044 -57.3295 4.98
      vertex 17.5592 -56.0191 4.98
      vertex 18.2882 -58.5348 4.98
    endloop
  endfacet
  facet normal 0 0 1
    outer loop
      vertex 10.1588 -56.7445 4.98
      vertex 17.5592 -56.0191 4.98
      vertex 11.2061 -54.6201 4.98
    endloop
  endfacet
  facet normal 0 0 1
    outer loop
      vertex 17.5592 -56.0191 4.98
      vertex 10.1588 -56.7445 4.98
      vertex 18.2882 -58.5348 4.98
    endloop
  endfacet
  facet normal 0 0 1
    outer loop
      vertex 7.42752 -51.4427 4.98
      vertex 10.1588 -56.7445 4.98
      vertex 11.2061 -54.6201 4.98
    endloop
  endfacet
  facet normal 0 0 1
    outer loop
      vertex 7.42752 -51.4427 4.98
      vertex 5.43523 -52.7724 4.98
      vertex 10.1588 -56.7445 4.98
    endloop
  endfacet
  facet normal 0 0 1
    outer loop
      vertex 5.43523 -52.7724 4.98
      vertex 7.42752 -51.4427 4.98
      vertex 5.74567 -46.1097 4.98
    endloop
  endfacet
  facet normal -0.359568 -0.933119 0
    outer loop
      vertex 37.7293 -59.6755 4.78
      vertex 34.1535 -58.2976 4.98
      vertex 34.1535 -58.2976 4.78
    endloop
  endfacet
  facet normal -0.359569 -0.933118 -1.45687e-05
    outer loop
      vertex 34.1535 -58.2976 4.98
      vertex 37.7293 -59.6755 4.78
      vertex 40.7666 -60.8459 4.98
    endloop
  endfacet
  facet normal -0.359591 -0.93311 0
    outer loop
      vertex 38.2405 -59.8725 4.5
      vertex 37.7293 -59.6755 4.78
      vertex 37.7293 -59.6755 4.5
    endloop
  endfacet
  facet normal -0.359572 -0.933117 3.88063e-05
    outer loop
      vertex 37.7293 -59.6755 4.78
      vertex 38.2405 -59.8725 4.5
      vertex 40.7666 -60.8459 4.98
    endloop
  endfacet
  facet normal -0.359566 -0.93312 0
    outer loop
      vertex 40.7666 -60.8459 3
      vertex 38.2405 -59.8725 4.5
      vertex 38.2405 -59.8725 3
    endloop
  endfacet
  facet normal -0.359566 -0.93312 0
    outer loop
      vertex 38.2405 -59.8725 4.5
      vertex 40.7666 -60.8459 3
      vertex 40.7666 -60.8459 4.98
    endloop
  endfacet
  facet normal 0.982554 0.185976 0
    outer loop
      vertex 38.4154 -48.4243 4.98
      vertex 40.0533 -57.0777 4.78
      vertex 38.4154 -48.4243 4.78
    endloop
  endfacet
  facet normal 0.982547 0.186014 0
    outer loop
      vertex 40.0533 -57.0777 4.78
      vertex 40.1841 -57.7686 4.5
      vertex 40.0533 -57.0777 4.5
    endloop
  endfacet
  facet normal 0.982553 0.185981 -0.000211768
    outer loop
      vertex 40.7666 -60.8459 4.98
      vertex 40.0533 -57.0777 4.78
      vertex 38.4154 -48.4243 4.98
    endloop
  endfacet
  facet normal 0.982551 0.185994 5.07136e-05
    outer loop
      vertex 40.7666 -60.8459 4.98
      vertex 40.1841 -57.7686 4.5
      vertex 40.0533 -57.0777 4.78
    endloop
  endfacet
  facet normal 0.982552 0.185987 -0
    outer loop
      vertex 40.7666 -60.8459 3
      vertex 40.1841 -57.7686 4.5
      vertex 40.7666 -60.8459 4.98
    endloop
  endfacet
  facet normal 0.982552 0.185987 0
    outer loop
      vertex 40.1841 -57.7686 4.5
      vertex 40.7666 -60.8459 3
      vertex 40.1841 -57.7686 3
    endloop
  endfacet
  facet normal 0.797416 0.60343 0
    outer loop
      vertex 38.4154 -48.4243 4.98
      vertex 33.7699 -42.2854 4.78
      vertex 33.7699 -42.2854 4.98
    endloop
  endfacet
  facet normal 0.797416 0.60343 0
    outer loop
      vertex 33.7699 -42.2854 4.78
      vertex 38.4154 -48.4243 4.98
      vertex 38.4154 -48.4243 4.78
    endloop
  endfacet
  facet normal 0.533437 0.84584 -0
    outer loop
      vertex 33.7699 -42.2854 4.78
      vertex 26.6705 -37.8081 4.98
      vertex 33.7699 -42.2854 4.98
    endloop
  endfacet
  facet normal 0.533437 0.84584 0
    outer loop
      vertex 26.6705 -37.8081 4.98
      vertex 33.7699 -42.2854 4.78
      vertex 26.6705 -37.8081 4.78
    endloop
  endfacet
  facet normal 0.363715 0.93151 -0
    outer loop
      vertex 26.6705 -37.8081 4.78
      vertex 19.8083 -35.1287 4.98
      vertex 26.6705 -37.8081 4.98
    endloop
  endfacet
  facet normal 0.363715 0.93151 0
    outer loop
      vertex 19.8083 -35.1287 4.98
      vertex 26.6705 -37.8081 4.78
      vertex 19.8083 -35.1287 4.78
    endloop
  endfacet
  facet normal 0.185533 0.982638 -0
    outer loop
      vertex 19.8083 -35.1287 4.78
      vertex 14.5067 -34.1277 4.98
      vertex 19.8083 -35.1287 4.98
    endloop
  endfacet
  facet normal 0.185533 0.982638 0
    outer loop
      vertex 14.5067 -34.1277 4.98
      vertex 19.8083 -35.1287 4.78
      vertex 14.5067 -34.1277 4.78
    endloop
  endfacet
  facet normal -0.313749 0.949506 0
    outer loop
      vertex 14.5067 -34.1277 4.78
      vertex 9.43488 -35.8036 4.98
      vertex 14.5067 -34.1277 4.98
    endloop
  endfacet
  facet normal -0.313749 0.949506 0
    outer loop
      vertex 9.43488 -35.8036 4.98
      vertex 14.5067 -34.1277 4.78
      vertex 9.43488 -35.8036 4.78
    endloop
  endfacet
  facet normal -0.643598 0.765364 0
    outer loop
      vertex 7 -37.8511 4.78
      vertex 9.43488 -35.8036 4.98
      vertex 9.43488 -35.8036 4.78
    endloop
  endfacet
  facet normal -0.643601 0.765361 6.39233e-05
    outer loop
      vertex 9.43488 -35.8036 4.98
      vertex 7 -37.8511 4.78
      vertex 4.7037 -39.7821 4.98
    endloop
  endfacet
  facet normal -0.643604 0.765359 0
    outer loop
      vertex 4.7037 -39.7821 3
      vertex 7 -37.8511 4.78
      vertex 7 -37.8511 3
    endloop
  endfacet
  facet normal -0.643604 0.765359 0
    outer loop
      vertex 7 -37.8511 4.78
      vertex 4.7037 -39.7821 3
      vertex 4.7037 -39.7821 4.98
    endloop
  endfacet
  facet normal -0.979341 0.202217 0
    outer loop
      vertex 3.60563 -45.1 3
      vertex 3.37216 -46.2307 3
      vertex 3.60563 -45.1 3.3
    endloop
  endfacet
  facet normal -0.979341 0.202217 0
    outer loop
      vertex 4.26638 -41.9 3
      vertex 3.79147 -44.2 3
      vertex 4.26638 -41.9 3.3
    endloop
  endfacet
  facet normal -0.97934 0.202221 0
    outer loop
      vertex 4.45222 -41 3.3
      vertex 4.7037 -39.7821 3
      vertex 4.45222 -41 3
    endloop
  endfacet
  facet normal -0.97934 0.202221 0
    outer loop
      vertex 4.7037 -39.7821 3
      vertex 4.45222 -41 3.3
      vertex 4.7037 -39.7821 4.98
    endloop
  endfacet
  facet normal -0.97934 0.202223 -1.6426e-06
    outer loop
      vertex 4.26638 -41.9 3.3
      vertex 4.7037 -39.7821 4.98
      vertex 4.45222 -41 3.3
    endloop
  endfacet
  facet normal -0.979341 0.202217 0
    outer loop
      vertex 3.79147 -44.2 3.3
      vertex 4.26638 -41.9 3.3
      vertex 3.79147 -44.2 3
    endloop
  endfacet
  facet normal -0.979341 0.202217 -3.36154e-06
    outer loop
      vertex 3.37216 -46.2307 4.98
      vertex 4.26638 -41.9 3.3
      vertex 3.79147 -44.2 3.3
    endloop
  endfacet
  facet normal -0.97934 0.202223 4.07281e-06
    outer loop
      vertex 3.37216 -46.2307 4.98
      vertex 3.79147 -44.2 3.3
      vertex 3.60563 -45.1 3.3
    endloop
  endfacet
  facet normal -0.979341 0.202217 0
    outer loop
      vertex 3.37216 -46.2307 4.98
      vertex 3.60563 -45.1 3.3
      vertex 3.37216 -46.2307 3
    endloop
  endfacet
  facet normal -0.97934 0.202219 2.99995e-06
    outer loop
      vertex 4.26638 -41.9 3.3
      vertex 3.37216 -46.2307 4.98
      vertex 4.7037 -39.7821 4.98
    endloop
  endfacet
  facet normal -0.953698 -0.300767 0
    outer loop
      vertex 4.02476 -48.3 3
      vertex 5.34931 -52.5 3
      vertex 4.02476 -48.3 3.3
    endloop
  endfacet
  facet normal -0.953696 -0.300773 -0
    outer loop
      vertex 3.74093 -47.4 3.3
      vertex 3.37216 -46.2307 3
      vertex 3.74093 -47.4 3
    endloop
  endfacet
  facet normal -0.953696 -0.300773 0
    outer loop
      vertex 3.37216 -46.2307 3
      vertex 3.74093 -47.4 3.3
      vertex 3.37216 -46.2307 4.98
    endloop
  endfacet
  facet normal -0.953698 -0.300765 -6.674e-06
    outer loop
      vertex 4.02476 -48.3 3.3
      vertex 3.37216 -46.2307 4.98
      vertex 3.74093 -47.4 3.3
    endloop
  endfacet
  facet normal -0.953698 -0.300767 -0
    outer loop
      vertex 5.34931 -52.5 4.78
      vertex 4.02476 -48.3 3.3
      vertex 5.34931 -52.5 3
    endloop
  endfacet
  facet normal -0.953697 -0.300768 -2.70363e-06
    outer loop
      vertex 4.02476 -48.3 3.3
      vertex 5.34931 -52.5 4.78
      vertex 3.37216 -46.2307 4.98
    endloop
  endfacet
  facet normal -0.953684 -0.30081 -0
    outer loop
      vertex 5.43523 -52.7724 4.98
      vertex 5.34931 -52.5 4.78
      vertex 5.43523 -52.7724 4.78
    endloop
  endfacet
  facet normal -0.953697 -0.300769 6.02072e-05
    outer loop
      vertex 5.34931 -52.5 4.78
      vertex 5.43523 -52.7724 4.98
      vertex 3.37216 -46.2307 4.98
    endloop
  endfacet
  facet normal -0.643601 -0.765362 0
    outer loop
      vertex 5.43523 -52.7724 4.78
      vertex 10.1588 -56.7445 4.98
      vertex 5.43523 -52.7724 4.98
    endloop
  endfacet
  facet normal -0.643601 -0.765362 -0
    outer loop
      vertex 10.1588 -56.7445 4.98
      vertex 5.43523 -52.7724 4.78
      vertex 10.1588 -56.7445 4.78
    endloop
  endfacet
  facet normal -0.215072 -0.976598 0
    outer loop
      vertex 10.1588 -56.7445 4.78
      vertex 18.2882 -58.5348 4.98
      vertex 10.1588 -56.7445 4.98
    endloop
  endfacet
  facet normal -0.215072 -0.976598 -0
    outer loop
      vertex 18.2882 -58.5348 4.98
      vertex 10.1588 -56.7445 4.78
      vertex 18.2882 -58.5348 4.78
    endloop
  endfacet
  facet normal 0.703917 -0.710283 0
    outer loop
      vertex 18.2882 -58.5348 4.78
      vertex 19.5044 -57.3295 4.98
      vertex 18.2882 -58.5348 4.98
    endloop
  endfacet
  facet normal 0.703917 -0.710283 0
    outer loop
      vertex 19.5044 -57.3295 4.98
      vertex 18.2882 -58.5348 4.78
      vertex 19.5044 -57.3295 4.78
    endloop
  endfacet
  facet normal -0.636848 -0.770989 0
    outer loop
      vertex 23.7059 -60.8 4.78
      vertex 19.5044 -57.3295 4.98
      vertex 19.5044 -57.3295 4.78
    endloop
  endfacet
  facet normal -0.636849 -0.770988 -3.83127e-05
    outer loop
      vertex 19.5044 -57.3295 4.98
      vertex 23.7059 -60.8 4.78
      vertex 24.7164 -61.6347 4.98
    endloop
  endfacet
  facet normal -0.636907 -0.770941 0
    outer loop
      vertex 24.2506 -61.25 4.5
      vertex 23.7059 -60.8 4.78
      vertex 23.7059 -60.8 4.5
    endloop
  endfacet
  facet normal -0.636869 -0.770972 0.000125735
    outer loop
      vertex 23.7059 -60.8 4.78
      vertex 24.2506 -61.25 4.5
      vertex 24.7164 -61.6347 4.98
    endloop
  endfacet
  facet normal -0.636792 -0.771036 0
    outer loop
      vertex 24.7164 -61.6347 3
      vertex 24.2506 -61.25 4.5
      vertex 24.2506 -61.25 3
    endloop
  endfacet
  facet normal -0.636792 -0.771036 0
    outer loop
      vertex 24.2506 -61.25 4.5
      vertex 24.7164 -61.6347 3
      vertex 24.7164 -61.6347 4.98
    endloop
  endfacet
  facet normal 0.848657 -0.528943 0
    outer loop
      vertex 26.5791 -58.6462 4.98
      vertex 25.2367 -60.8 4.78
      vertex 26.5791 -58.6462 4.78
    endloop
  endfacet
  facet normal 0.848633 -0.528981 0
    outer loop
      vertex 25.2367 -60.8 4.78
      vertex 24.9562 -61.25 4.5
      vertex 25.2367 -60.8 4.5
    endloop
  endfacet
  facet normal 0.84865 -0.528955 0.000171604
    outer loop
      vertex 24.7164 -61.6347 4.98
      vertex 25.2367 -60.8 4.78
      vertex 26.5791 -58.6462 4.98
    endloop
  endfacet
  facet normal 0.848632 -0.528983 4.32553e-06
    outer loop
      vertex 24.7164 -61.6347 4.98
      vertex 24.9562 -61.25 4.5
      vertex 25.2367 -60.8 4.78
    endloop
  endfacet
  facet normal 0.84863 -0.528987 0
    outer loop
      vertex 24.7164 -61.6347 3
      vertex 24.9562 -61.25 4.5
      vertex 24.7164 -61.6347 4.98
    endloop
  endfacet
  facet normal 0.84863 -0.528987 0
    outer loop
      vertex 24.9562 -61.25 4.5
      vertex 24.7164 -61.6347 3
      vertex 24.9562 -61.25 3
    endloop
  endfacet
  facet normal -0.66647 -0.745532 0
    outer loop
      vertex 28.9884 -60.8 4.78
      vertex 26.5791 -58.6462 4.98
      vertex 26.5791 -58.6462 4.78
    endloop
  endfacet
  facet normal -0.666471 -0.745531 -3.08322e-05
    outer loop
      vertex 26.5791 -58.6462 4.98
      vertex 28.9884 -60.8 4.78
      vertex 31.7694 -63.2861 4.98
    endloop
  endfacet
  facet normal -0.666457 -0.745543 0
    outer loop
      vertex 29.4918 -61.25 4.5
      vertex 28.9884 -60.8 4.78
      vertex 28.9884 -60.8 4.5
    endloop
  endfacet
  facet normal -0.666471 -0.745531 -4.47135e-05
    outer loop
      vertex 28.9884 -60.8 4.78
      vertex 29.4918 -61.25 4.5
      vertex 31.7694 -63.2861 4.98
    endloop
  endfacet
  facet normal -0.666476 -0.745526 0
    outer loop
      vertex 31.7694 -63.2861 3
      vertex 29.4918 -61.25 4.5
      vertex 29.4918 -61.25 3
    endloop
  endfacet
  facet normal -0.666476 -0.745526 0
    outer loop
      vertex 29.4918 -61.25 4.5
      vertex 31.7694 -63.2861 3
      vertex 31.7694 -63.2861 4.98
    endloop
  endfacet
  facet normal 0.902246 -0.431221 0
    outer loop
      vertex 34.1535 -58.2976 4.98
      vertex 32.9575 -60.8 4.78
      vertex 34.1535 -58.2976 4.78
    endloop
  endfacet
  facet normal 0.902304 -0.431101 0
    outer loop
      vertex 32.9575 -60.8 4.78
      vertex 32.7425 -61.25 4.5
      vertex 32.9575 -60.8 4.5
    endloop
  endfacet
  facet normal 0.902254 -0.431205 -0.000247932
    outer loop
      vertex 31.7694 -63.2861 4.98
      vertex 32.9575 -60.8 4.78
      vertex 34.1535 -58.2976 4.98
    endloop
  endfacet
  facet normal 0.902267 -0.431178 0.000153227
    outer loop
      vertex 31.7694 -63.2861 4.98
      vertex 32.7425 -61.25 4.5
      vertex 32.9575 -60.8 4.78
    endloop
  endfacet
  facet normal 0.902253 -0.431208 0
    outer loop
      vertex 31.7694 -63.2861 3
      vertex 32.7425 -61.25 4.5
      vertex 31.7694 -63.2861 4.98
    endloop
  endfacet
  facet normal 0.902253 -0.431208 0
    outer loop
      vertex 32.7425 -61.25 4.5
      vertex 31.7694 -63.2861 3
      vertex 32.7425 -61.25 3
    endloop
  endfacet
  facet normal -0.848662 0.528935 0
    outer loop
      vertex 24.1548 -58.1876 3
      vertex 26.0735 -55.1091 4.98
      vertex 26.0735 -55.1091 3
    endloop
  endfacet
  facet normal -0.848662 0.528935 0
    outer loop
      vertex 26.0735 -55.1091 4.98
      vertex 24.1548 -58.1876 3
      vertex 24.1548 -58.1876 4.98
    endloop
  endfacet
  facet normal 0.636849 0.770988 -0
    outer loop
      vertex 24.1548 -58.1876 3
      vertex 19.3641 -54.2304 4.98
      vertex 24.1548 -58.1876 4.98
    endloop
  endfacet
  facet normal 0.636849 0.770988 0
    outer loop
      vertex 19.3641 -54.2304 4.98
      vertex 24.1548 -58.1876 3
      vertex 19.3641 -54.2304 3
    endloop
  endfacet
  facet normal -0.703912 0.710287 0
    outer loop
      vertex 19.3641 -54.2304 3
      vertex 17.5592 -56.0191 4.98
      vertex 19.3641 -54.2304 4.98
    endloop
  endfacet
  facet normal -0.703912 0.710287 0
    outer loop
      vertex 17.5592 -56.0191 4.98
      vertex 19.3641 -54.2304 3
      vertex 17.5592 -56.0191 3
    endloop
  endfacet
  facet normal 0.215055 0.976602 -0
    outer loop
      vertex 17.5592 -56.0191 3
      vertex 11.2061 -54.6201 4.98
      vertex 17.5592 -56.0191 4.98
    endloop
  endfacet
  facet normal 0.215055 0.976602 0
    outer loop
      vertex 11.2061 -54.6201 4.98
      vertex 17.5592 -56.0191 3
      vertex 11.2061 -54.6201 3
    endloop
  endfacet
  facet normal 0.643595 0.765366 -0
    outer loop
      vertex 11.2061 -54.6201 3
      vertex 7.42752 -51.4427 4.98
      vertex 11.2061 -54.6201 4.98
    endloop
  endfacet
  facet normal 0.643595 0.765366 0
    outer loop
      vertex 7.42752 -51.4427 4.98
      vertex 11.2061 -54.6201 3
      vertex 7.42752 -51.4427 3
    endloop
  endfacet
  facet normal 0.953698 0.300765 0
    outer loop
      vertex 7.42752 -51.4427 4.98
      vertex 5.74567 -46.1097 3
      vertex 5.74567 -46.1097 4.98
    endloop
  endfacet
  facet normal 0.953698 0.300765 0
    outer loop
      vertex 5.74567 -46.1097 3
      vertex 7.42752 -51.4427 4.98
      vertex 7.42752 -51.4427 3
    endloop
  endfacet
  facet normal 0.979341 -0.202215 0
    outer loop
      vertex 5.74567 -46.1097 4.98
      vertex 6.7948 -41.0287 3
      vertex 6.7948 -41.0287 4.98
    endloop
  endfacet
  facet normal 0.979341 -0.202215 0
    outer loop
      vertex 6.7948 -41.0287 3
      vertex 5.74567 -46.1097 4.98
      vertex 5.74567 -46.1097 3
    endloop
  endfacet
  facet normal 0.643582 -0.765377 0.000177592
    outer loop
      vertex 6.7948 -41.0287 4.98
      vertex 7 -40.8562 4.78
      vertex 10.5766 -37.8487 4.98
    endloop
  endfacet
  facet normal 0.643481 -0.765462 0
    outer loop
      vertex 6.7948 -41.0287 3
      vertex 7 -40.8562 4.78
      vertex 6.7948 -41.0287 4.98
    endloop
  endfacet
  facet normal 0.643481 -0.765462 0
    outer loop
      vertex 7 -40.8562 4.78
      vertex 6.7948 -41.0287 3
      vertex 7 -40.8562 3
    endloop
  endfacet
  facet normal 0.643588 -0.765372 0
    outer loop
      vertex 10.5766 -37.8487 4.98
      vertex 7 -40.8562 4.78
      vertex 10.5766 -37.8487 4.78
    endloop
  endfacet
  facet normal 0.313767 -0.9495 0
    outer loop
      vertex 10.5766 -37.8487 4.78
      vertex 14.664 -36.498 4.98
      vertex 10.5766 -37.8487 4.98
    endloop
  endfacet
  facet normal 0.313767 -0.9495 0
    outer loop
      vertex 14.664 -36.498 3
      vertex 10.5766 -37.8487 4.78
      vertex 10.5766 -37.8487 3
    endloop
  endfacet
  facet normal 0.313767 -0.9495 0
    outer loop
      vertex 10.5766 -37.8487 4.78
      vertex 14.664 -36.498 3
      vertex 14.664 -36.498 4.98
    endloop
  endfacet
  facet normal -0.185531 -0.982638 0
    outer loop
      vertex 14.664 -36.498 3
      vertex 19.1712 -37.349 4.98
      vertex 14.664 -36.498 4.98
    endloop
  endfacet
  facet normal -0.185531 -0.982638 -0
    outer loop
      vertex 19.1712 -37.349 4.98
      vertex 14.664 -36.498 3
      vertex 19.1712 -37.349 3
    endloop
  endfacet
  facet normal -0.363721 -0.931508 0
    outer loop
      vertex 19.1712 -37.349 3
      vertex 25.6294 -39.8707 4.98
      vertex 19.1712 -37.349 4.98
    endloop
  endfacet
  facet normal -0.363721 -0.931508 -0
    outer loop
      vertex 25.6294 -39.8707 4.98
      vertex 19.1712 -37.349 3
      vertex 25.6294 -39.8707 3
    endloop
  endfacet
  facet normal -0.533429 -0.845845 0
    outer loop
      vertex 25.6294 -39.8707 3
      vertex 32.1887 -44.0073 4.98
      vertex 25.6294 -39.8707 4.98
    endloop
  endfacet
  facet normal -0.533429 -0.845845 -0
    outer loop
      vertex 32.1887 -44.0073 4.98
      vertex 25.6294 -39.8707 3
      vertex 32.1887 -44.0073 3
    endloop
  endfacet
  facet normal -0.797429 -0.603413 0
    outer loop
      vertex 36.2558 -49.3821 3
      vertex 32.1887 -44.0073 4.98
      vertex 32.1887 -44.0073 3
    endloop
  endfacet
  facet normal -0.797429 -0.603413 0
    outer loop
      vertex 32.1887 -44.0073 4.98
      vertex 36.2558 -49.3821 3
      vertex 36.2558 -49.3821 4.98
    endloop
  endfacet
  facet normal -0.982553 -0.185985 0
    outer loop
      vertex 37.7383 -57.2141 3
      vertex 36.2558 -49.3821 4.98
      vertex 36.2558 -49.3821 3
    endloop
  endfacet
  facet normal -0.982553 -0.185985 0
    outer loop
      vertex 36.2558 -49.3821 4.98
      vertex 37.7383 -57.2141 3
      vertex 37.7383 -57.2141 4.98
    endloop
  endfacet
  facet normal 0.359559 0.933122 -0
    outer loop
      vertex 37.7383 -57.2141 3
      vertex 32.9956 -55.3866 4.98
      vertex 37.7383 -57.2141 4.98
    endloop
  endfacet
  facet normal 0.359559 0.933122 0
    outer loop
      vertex 32.9956 -55.3866 4.98
      vertex 37.7383 -57.2141 3
      vertex 32.9956 -55.3866 3
    endloop
  endfacet
  facet normal -0.902251 0.431212 0
    outer loop
      vertex 31.0164 -59.5278 3
      vertex 32.9956 -55.3866 4.98
      vertex 32.9956 -55.3866 3
    endloop
  endfacet
  facet normal -0.902251 0.431212 0
    outer loop
      vertex 32.9956 -55.3866 4.98
      vertex 31.0164 -59.5278 3
      vertex 31.0164 -59.5278 4.98
    endloop
  endfacet
  facet normal 0.666469 0.745533 -0
    outer loop
      vertex 31.0164 -59.5278 3
      vertex 26.0735 -55.1091 4.98
      vertex 31.0164 -59.5278 4.98
    endloop
  endfacet
  facet normal 0.666469 0.745533 0
    outer loop
      vertex 26.0735 -55.1091 4.98
      vertex 31.0164 -59.5278 3
      vertex 26.0735 -55.1091 3
    endloop
  endfacet
  facet normal -0 0 1
    outer loop
      vertex 18.2882 -58.5348 4.78
      vertex 23.7059 -60.8 4.78
      vertex 19.5044 -57.3295 4.78
    endloop
  endfacet
  facet normal 0 0 1
    outer loop
      vertex 18.2882 -58.5348 4.78
      vertex 18.0651 -60.8 4.78
      vertex 23.7059 -60.8 4.78
    endloop
  endfacet
  facet normal 0 0 1
    outer loop
      vertex 18.2882 -58.5348 4.78
      vertex 16.0872 -60.3935 4.78
      vertex 18.0651 -60.8 4.78
    endloop
  endfacet
  facet normal 0 0 1
    outer loop
      vertex 18.2882 -58.5348 4.78
      vertex 13.5782 -59.9722 4.78
      vertex 16.0872 -60.3935 4.78
    endloop
  endfacet
  facet normal 0 0 1
    outer loop
      vertex 10.1588 -56.7445 4.78
      vertex 13.5782 -59.9722 4.78
      vertex 18.2882 -58.5348 4.78
    endloop
  endfacet
  facet normal 0 0 1
    outer loop
      vertex 13.5782 -59.9722 4.78
      vertex 10.1588 -56.7445 4.78
      vertex 10.9765 -59.6246 4.78
    endloop
  endfacet
  facet normal 0 0 1
    outer loop
      vertex 10.1588 -56.7445 4.78
      vertex 8.29947 -59.3523 4.78
      vertex 10.9765 -59.6246 4.78
    endloop
  endfacet
  facet normal 0 0 1
    outer loop
      vertex 10.1588 -56.7445 4.78
      vertex 5.56514 -59.1568 4.78
      vertex 8.29947 -59.3523 4.78
    endloop
  endfacet
  facet normal 0 0 1
    outer loop
      vertex 5.43523 -52.7724 4.78
      vertex 5.56514 -59.1568 4.78
      vertex 10.1588 -56.7445 4.78
    endloop
  endfacet
  facet normal 0 0 1
    outer loop
      vertex 0 -58.9997 4.78
      vertex 5.43523 -52.7724 4.78
      vertex 5.34931 -52.5 4.78
    endloop
  endfacet
  facet normal 0 0 1
    outer loop
      vertex 5.43523 -52.7724 4.78
      vertex 2.79227 -59.039 4.78
      vertex 5.56514 -59.1568 4.78
    endloop
  endfacet
  facet normal 0 0 1
    outer loop
      vertex 5.43523 -52.7724 4.78
      vertex 0 -58.9997 4.78
      vertex 2.79227 -59.039 4.78
    endloop
  endfacet
  facet normal -0 0 1
    outer loop
      vertex -5.34931 -52.5 4.78
      vertex 0 -58.9997 4.78
      vertex 5.34931 -52.5 4.78
    endloop
  endfacet
  facet normal -0 0 1
    outer loop
      vertex -5.43523 -52.7724 4.78
      vertex 0 -58.9997 4.78
      vertex -5.34931 -52.5 4.78
    endloop
  endfacet
  facet normal 0 0 1
    outer loop
      vertex 0 -58.9997 4.78
      vertex -5.43523 -52.7724 4.78
      vertex -2.79227 -59.039 4.78
    endloop
  endfacet
  facet normal 0 0 1
    outer loop
      vertex -5.43523 -52.7724 4.78
      vertex -5.56514 -59.1568 4.78
      vertex -2.79227 -59.039 4.78
    endloop
  endfacet
  facet normal -0 0 1
    outer loop
      vertex -10.1588 -56.7445 4.78
      vertex -5.56514 -59.1568 4.78
      vertex -5.43523 -52.7724 4.78
    endloop
  endfacet
  facet normal 0 0 1
    outer loop
      vertex -5.56514 -59.1568 4.78
      vertex -10.1588 -56.7445 4.78
      vertex -8.29947 -59.3523 4.78
    endloop
  endfacet
  facet normal 0 0 1
    outer loop
      vertex -10.1588 -56.7445 4.78
      vertex -10.9765 -59.6246 4.78
      vertex -8.29947 -59.3523 4.78
    endloop
  endfacet
  facet normal 0 0 1
    outer loop
      vertex -10.1588 -56.7445 4.78
      vertex -13.5782 -59.9722 4.78
      vertex -10.9765 -59.6246 4.78
    endloop
  endfacet
  facet normal -0 0 1
    outer loop
      vertex -18.2882 -58.5348 4.78
      vertex -13.5782 -59.9722 4.78
      vertex -10.1588 -56.7445 4.78
    endloop
  endfacet
  facet normal 0 0 1
    outer loop
      vertex -13.5782 -59.9722 4.78
      vertex -18.2882 -58.5348 4.78
      vertex -16.0872 -60.3935 4.78
    endloop
  endfacet
  facet normal 0 0 1
    outer loop
      vertex -16.0872 -60.3935 4.78
      vertex -18.2882 -58.5348 4.78
      vertex -18.0651 -60.8 4.78
    endloop
  endfacet
  facet normal 0 0 1
    outer loop
      vertex -19.5044 -57.3295 4.78
      vertex -18.0651 -60.8 4.78
      vertex -18.2882 -58.5348 4.78
    endloop
  endfacet
  facet normal 0 0 1
    outer loop
      vertex -18.0651 -60.8 4.78
      vertex -19.5044 -57.3295 4.78
      vertex -23.7059 -60.8 4.78
    endloop
  endfacet
  facet normal 0 0 1
    outer loop
      vertex 40.7678 -53.3322 4.78
      vertex 40.7711 -54.5924 4.78
      vertex 40.797 -54 4.78
    endloop
  endfacet
  facet normal 0 0 1
    outer loop
      vertex 40.7678 -53.3322 4.78
      vertex 40.6937 -55.1803 4.78
      vertex 40.7711 -54.5924 4.78
    endloop
  endfacet
  facet normal 0 0 1
    outer loop
      vertex 40.7678 -53.3322 4.78
      vertex 40.5654 -55.7591 4.78
      vertex 40.6937 -55.1803 4.78
    endloop
  endfacet
  facet normal 0 0 1
    outer loop
      vertex 40.7678 -53.3322 4.78
      vertex 40.3871 -56.3246 4.78
      vertex 40.5654 -55.7591 4.78
    endloop
  endfacet
  facet normal 0 0 1
    outer loop
      vertex 40.0533 -57.0777 4.78
      vertex 40.3871 -56.3246 4.78
      vertex 40.7678 -53.3322 4.78
    endloop
  endfacet
  facet normal 0 0 1
    outer loop
      vertex 40.3871 -56.3246 4.78
      vertex 40.0533 -57.0777 4.78
      vertex 40.1601 -56.8726 4.78
    endloop
  endfacet
  facet normal -0 0 1
    outer loop
      vertex 38.4154 -48.4243 4.78
      vertex 40.7678 -53.3322 4.78
      vertex 39.7848 -41.6398 4.78
    endloop
  endfacet
  facet normal 0 0 1
    outer loop
      vertex 33.7699 -42.2854 4.78
      vertex 39.7848 -41.6398 4.78
      vertex 39.0196 -34 4.78
    endloop
  endfacet
  facet normal 0 0 1
    outer loop
      vertex 40.7678 -53.3322 4.78
      vertex 38.4154 -48.4243 4.78
      vertex 40.0533 -57.0777 4.78
    endloop
  endfacet
  facet normal 0 0 1
    outer loop
      vertex 39.7848 -41.6398 4.78
      vertex 33.7699 -42.2854 4.78
      vertex 38.4154 -48.4243 4.78
    endloop
  endfacet
  facet normal 0 0 1
    outer loop
      vertex 39.0196 -34 4.78
      vertex 26.6705 -37.8081 4.78
      vertex 33.7699 -42.2854 4.78
    endloop
  endfacet
  facet normal 0 0 1
    outer loop
      vertex 39.0196 -34 4.78
      vertex 19.8083 -35.1287 4.78
      vertex 26.6705 -37.8081 4.78
    endloop
  endfacet
  facet normal 0 0 1
    outer loop
      vertex 39.0196 -34 4.78
      vertex 14.5067 -34.1277 4.78
      vertex 19.8083 -35.1287 4.78
    endloop
  endfacet
  facet normal 0 0 1
    outer loop
      vertex 14.5067 -34.1277 4.78
      vertex 7 -34.5 4.78
      vertex 9.43488 -35.8036 4.78
    endloop
  endfacet
  facet normal 0 0 1
    outer loop
      vertex 14.5067 -34.1277 4.78
      vertex -7 -34.5 4.78
      vertex 7 -34.5 4.78
    endloop
  endfacet
  facet normal 0 0 1
    outer loop
      vertex -7 -34.5 4.78
      vertex -9.43488 -35.8036 4.78
      vertex -7 -37.8511 4.78
    endloop
  endfacet
  facet normal 0 0 1
    outer loop
      vertex -7 -34.5 4.78
      vertex -14.5067 -34.1277 4.78
      vertex -9.43488 -35.8036 4.78
    endloop
  endfacet
  facet normal 0 0 1
    outer loop
      vertex 14.5067 -34.1277 4.78
      vertex -14.5067 -34.1277 4.78
      vertex -7 -34.5 4.78
    endloop
  endfacet
  facet normal 0 0 1
    outer loop
      vertex 39.0196 -34 4.78
      vertex -14.5067 -34.1277 4.78
      vertex 14.5067 -34.1277 4.78
    endloop
  endfacet
  facet normal -0 0 1
    outer loop
      vertex -39.0196 -34 4.78
      vertex -14.5067 -34.1277 4.78
      vertex 39.0196 -34 4.78
    endloop
  endfacet
  facet normal 0 0 1
    outer loop
      vertex -39.0196 -34 4.78
      vertex -19.8083 -35.1287 4.78
      vertex -14.5067 -34.1277 4.78
    endloop
  endfacet
  facet normal 0 0 1
    outer loop
      vertex -39.0196 -34 4.78
      vertex -26.6705 -37.8081 4.78
      vertex -19.8083 -35.1287 4.78
    endloop
  endfacet
  facet normal 0 0 1
    outer loop
      vertex -39.0196 -34 4.78
      vertex -33.7699 -42.2854 4.78
      vertex -26.6705 -37.8081 4.78
    endloop
  endfacet
  facet normal -0 0 1
    outer loop
      vertex -39.7848 -41.6398 4.78
      vertex -33.7699 -42.2854 4.78
      vertex -39.0196 -34 4.78
    endloop
  endfacet
  facet normal 0 0 1
    outer loop
      vertex -33.7699 -42.2854 4.78
      vertex -39.7848 -41.6398 4.78
      vertex -38.4154 -48.4243 4.78
    endloop
  endfacet
  facet normal 0 0 1
    outer loop
      vertex -40.7678 -53.3322 4.78
      vertex -38.4154 -48.4243 4.78
      vertex -39.7848 -41.6398 4.78
    endloop
  endfacet
  facet normal 0 0 1
    outer loop
      vertex -38.4154 -48.4243 4.78
      vertex -40.7678 -53.3322 4.78
      vertex -40.0533 -57.0777 4.78
    endloop
  endfacet
  facet normal -0 -0 1
    outer loop
      vertex -40.3871 -56.3246 4.78
      vertex -40.0533 -57.0777 4.78
      vertex -40.7678 -53.3322 4.78
    endloop
  endfacet
  facet normal 0 0 1
    outer loop
      vertex -40.0533 -57.0777 4.78
      vertex -40.3871 -56.3246 4.78
      vertex -40.1601 -56.8726 4.78
    endloop
  endfacet
  facet normal 0 0 1
    outer loop
      vertex -40.3871 -56.3246 4.78
      vertex -40.7678 -53.3322 4.78
      vertex -40.5654 -55.7591 4.78
    endloop
  endfacet
  facet normal 0 0 1
    outer loop
      vertex -40.5654 -55.7591 4.78
      vertex -40.7678 -53.3322 4.78
      vertex -40.6937 -55.1803 4.78
    endloop
  endfacet
  facet normal 0 0 1
    outer loop
      vertex -40.7678 -53.3322 4.78
      vertex -40.7711 -54.5924 4.78
      vertex -40.6937 -55.1803 4.78
    endloop
  endfacet
  facet normal 0 -0 1
    outer loop
      vertex -40.7711 -54.5924 4.78
      vertex -40.7678 -53.3322 4.78
      vertex -40.797 -54 4.78
    endloop
  endfacet
  facet normal 0 0 1
    outer loop
      vertex 9.43488 -35.8036 4.78
      vertex 7 -34.5 4.78
      vertex 7 -37.8511 4.78
    endloop
  endfacet
  facet normal 0 0 1
    outer loop
      vertex 34.1535 -58.2976 4.78
      vertex 37.3984 -59.8864 4.78
      vertex 37.7293 -59.6755 4.78
    endloop
  endfacet
  facet normal 0 0 1
    outer loop
      vertex 37.3984 -59.8864 4.78
      vertex 34.1535 -58.2976 4.78
      vertex 36.8726 -60.1601 4.78
    endloop
  endfacet
  facet normal 0 0 1
    outer loop
      vertex 36.8726 -60.1601 4.78
      vertex 34.1535 -58.2976 4.78
      vertex 36.3246 -60.3871 4.78
    endloop
  endfacet
  facet normal 0 0 1
    outer loop
      vertex 36.3246 -60.3871 4.78
      vertex 34.1535 -58.2976 4.78
      vertex 35.7591 -60.5654 4.78
    endloop
  endfacet
  facet normal 0 0 1
    outer loop
      vertex 35.7591 -60.5654 4.78
      vertex 34.1535 -58.2976 4.78
      vertex 35.1803 -60.6937 4.78
    endloop
  endfacet
  facet normal 0 0 1
    outer loop
      vertex 35.1803 -60.6937 4.78
      vertex 34.1535 -58.2976 4.78
      vertex 34.5924 -60.7711 4.78
    endloop
  endfacet
  facet normal 0 0 1
    outer loop
      vertex 34.1535 -58.2976 4.78
      vertex 33.93 -60.8 4.78
      vertex 34.5924 -60.7711 4.78
    endloop
  endfacet
  facet normal 0 -0 1
    outer loop
      vertex 33.93 -60.8 4.78
      vertex 34.1535 -58.2976 4.78
      vertex 32.9575 -60.8 4.78
    endloop
  endfacet
  facet normal 0 0 1
    outer loop
      vertex -34.1535 -58.2976 4.78
      vertex -33.93 -60.8 4.78
      vertex -32.9575 -60.8 4.78
    endloop
  endfacet
  facet normal 0 0 1
    outer loop
      vertex -34.1535 -58.2976 4.78
      vertex -34.5924 -60.7711 4.78
      vertex -33.93 -60.8 4.78
    endloop
  endfacet
  facet normal 0 0 1
    outer loop
      vertex -34.1535 -58.2976 4.78
      vertex -35.1803 -60.6937 4.78
      vertex -34.5924 -60.7711 4.78
    endloop
  endfacet
  facet normal 0 0 1
    outer loop
      vertex -34.1535 -58.2976 4.78
      vertex -35.7591 -60.5654 4.78
      vertex -35.1803 -60.6937 4.78
    endloop
  endfacet
  facet normal 0 0 1
    outer loop
      vertex -34.1535 -58.2976 4.78
      vertex -36.3246 -60.3871 4.78
      vertex -35.7591 -60.5654 4.78
    endloop
  endfacet
  facet normal 0 0 1
    outer loop
      vertex -34.1535 -58.2976 4.78
      vertex -36.8726 -60.1601 4.78
      vertex -36.3246 -60.3871 4.78
    endloop
  endfacet
  facet normal 0 0 1
    outer loop
      vertex -34.1535 -58.2976 4.78
      vertex -37.3984 -59.8864 4.78
      vertex -36.8726 -60.1601 4.78
    endloop
  endfacet
  facet normal 0 -0 1
    outer loop
      vertex -37.3984 -59.8864 4.78
      vertex -34.1535 -58.2976 4.78
      vertex -37.7293 -59.6755 4.78
    endloop
  endfacet
  facet normal 0 0 1
    outer loop
      vertex -25.2367 -60.8 4.78
      vertex -26.5791 -58.6462 4.78
      vertex -28.9884 -60.8 4.78
    endloop
  endfacet
  facet normal 0 0 1
    outer loop
      vertex 28.9884 -60.8 4.78
      vertex 26.5791 -58.6462 4.78
      vertex 25.2367 -60.8 4.78
    endloop
  endfacet
  facet normal 0.165597 -0.986193 0
    outer loop
      vertex -16.0872 -60.3935 4.5
      vertex -13.5782 -59.9722 4.78
      vertex -16.0872 -60.3935 4.78
    endloop
  endfacet
  facet normal 0.165597 -0.986193 0
    outer loop
      vertex -13.5782 -59.9722 4.78
      vertex -16.0872 -60.3935 4.5
      vertex -13.5782 -59.9722 4.5
    endloop
  endfacet
  facet normal 0.132428 -0.991193 0
    outer loop
      vertex -13.5782 -59.9722 4.5
      vertex -10.9765 -59.6246 4.78
      vertex -13.5782 -59.9722 4.78
    endloop
  endfacet
  facet normal 0.132428 -0.991193 0
    outer loop
      vertex -10.9765 -59.6246 4.78
      vertex -13.5782 -59.9722 4.5
      vertex -10.9765 -59.6246 4.5
    endloop
  endfacet
  facet normal 0.101195 -0.994867 0
    outer loop
      vertex -10.9765 -59.6246 4.5
      vertex -8.29947 -59.3523 4.78
      vertex -10.9765 -59.6246 4.78
    endloop
  endfacet
  facet normal 0.101195 -0.994867 0
    outer loop
      vertex -8.29947 -59.3523 4.78
      vertex -10.9765 -59.6246 4.5
      vertex -8.29947 -59.3523 4.5
    endloop
  endfacet
  facet normal 0.0713163 -0.997454 0
    outer loop
      vertex -8.29947 -59.3523 4.5
      vertex -5.56514 -59.1568 4.78
      vertex -8.29947 -59.3523 4.78
    endloop
  endfacet
  facet normal 0.0713163 -0.997454 0
    outer loop
      vertex -5.56514 -59.1568 4.78
      vertex -8.29947 -59.3523 4.5
      vertex -5.56514 -59.1568 4.5
    endloop
  endfacet
  facet normal 0.0424448 -0.999099 0
    outer loop
      vertex -5.56514 -59.1568 4.5
      vertex -2.79227 -59.039 4.78
      vertex -5.56514 -59.1568 4.78
    endloop
  endfacet
  facet normal 0.0424448 -0.999099 0
    outer loop
      vertex -2.79227 -59.039 4.78
      vertex -5.56514 -59.1568 4.5
      vertex -2.79227 -59.039 4.5
    endloop
  endfacet
  facet normal 0.0140732 -0.999901 0
    outer loop
      vertex -2.79227 -59.039 4.5
      vertex 0 -58.9997 4.78
      vertex -2.79227 -59.039 4.78
    endloop
  endfacet
  facet normal 0.0140732 -0.999901 0
    outer loop
      vertex 0 -58.9997 4.78
      vertex -2.79227 -59.039 4.5
      vertex 0 -58.9997 4.5
    endloop
  endfacet
  facet normal -0.0140732 -0.999901 0
    outer loop
      vertex 0 -58.9997 4.5
      vertex 2.79227 -59.039 4.78
      vertex 0 -58.9997 4.78
    endloop
  endfacet
  facet normal -0.0140732 -0.999901 -0
    outer loop
      vertex 2.79227 -59.039 4.78
      vertex 0 -58.9997 4.5
      vertex 2.79227 -59.039 4.5
    endloop
  endfacet
  facet normal -0.0424448 -0.999099 0
    outer loop
      vertex 2.79227 -59.039 4.5
      vertex 5.56514 -59.1568 4.78
      vertex 2.79227 -59.039 4.78
    endloop
  endfacet
  facet normal -0.0424448 -0.999099 -0
    outer loop
      vertex 5.56514 -59.1568 4.78
      vertex 2.79227 -59.039 4.5
      vertex 5.56514 -59.1568 4.5
    endloop
  endfacet
  facet normal -0.0713163 -0.997454 0
    outer loop
      vertex 5.56514 -59.1568 4.5
      vertex 8.29947 -59.3523 4.78
      vertex 5.56514 -59.1568 4.78
    endloop
  endfacet
  facet normal -0.0713163 -0.997454 -0
    outer loop
      vertex 8.29947 -59.3523 4.78
      vertex 5.56514 -59.1568 4.5
      vertex 8.29947 -59.3523 4.5
    endloop
  endfacet
  facet normal -0.101195 -0.994867 0
    outer loop
      vertex 8.29947 -59.3523 4.5
      vertex 10.9765 -59.6246 4.78
      vertex 8.29947 -59.3523 4.78
    endloop
  endfacet
  facet normal -0.101195 -0.994867 -0
    outer loop
      vertex 10.9765 -59.6246 4.78
      vertex 8.29947 -59.3523 4.5
      vertex 10.9765 -59.6246 4.5
    endloop
  endfacet
  facet normal -0.132428 -0.991193 0
    outer loop
      vertex 10.9765 -59.6246 4.5
      vertex 13.5782 -59.9722 4.78
      vertex 10.9765 -59.6246 4.78
    endloop
  endfacet
  facet normal -0.132428 -0.991193 -0
    outer loop
      vertex 13.5782 -59.9722 4.78
      vertex 10.9765 -59.6246 4.5
      vertex 13.5782 -59.9722 4.5
    endloop
  endfacet
  facet normal -0.165597 -0.986193 0
    outer loop
      vertex 13.5782 -59.9722 4.5
      vertex 16.0872 -60.3935 4.78
      vertex 13.5782 -59.9722 4.78
    endloop
  endfacet
  facet normal -0.165597 -0.986193 -0
    outer loop
      vertex 16.0872 -60.3935 4.78
      vertex 13.5782 -59.9722 4.5
      vertex 16.0872 -60.3935 4.5
    endloop
  endfacet
  facet normal -0.201313 -0.979527 0
    outer loop
      vertex 16.0872 -60.3935 4.5
      vertex 18.0651 -60.8 4.78
      vertex 16.0872 -60.3935 4.78
    endloop
  endfacet
  facet normal -0.201313 -0.979527 -0
    outer loop
      vertex 18.0651 -60.8 4.78
      vertex 16.0872 -60.3935 4.5
      vertex 18.0651 -60.8 4.5
    endloop
  endfacet
  facet normal 0 -1 0
    outer loop
      vertex 32.9575 -60.8 4.5
      vertex 33.93 -60.8 4.78
      vertex 32.9575 -60.8 4.78
    endloop
  endfacet
  facet normal 0 -1 -0
    outer loop
      vertex 33.93 -60.8 4.78
      vertex 32.9575 -60.8 4.5
      vertex 33.93 -60.8 4.5
    endloop
  endfacet
  facet normal 0 -1 0
    outer loop
      vertex 18.0651 -60.8 4.5
      vertex 23.7059 -60.8 4.78
      vertex 18.0651 -60.8 4.78
    endloop
  endfacet
  facet normal 0 -1 -0
    outer loop
      vertex 23.7059 -60.8 4.78
      vertex 18.0651 -60.8 4.5
      vertex 23.7059 -60.8 4.5
    endloop
  endfacet
  facet normal 0 -1 0
    outer loop
      vertex 25.2367 -60.8 4.5
      vertex 28.9884 -60.8 4.78
      vertex 25.2367 -60.8 4.78
    endloop
  endfacet
  facet normal 0 -1 -0
    outer loop
      vertex 28.9884 -60.8 4.78
      vertex 25.2367 -60.8 4.5
      vertex 28.9884 -60.8 4.5
    endloop
  endfacet
  facet normal 0.0435878 -0.99905 0
    outer loop
      vertex 33.93 -60.8 4.5
      vertex 34.5924 -60.7711 4.78
      vertex 33.93 -60.8 4.78
    endloop
  endfacet
  facet normal 0.0435878 -0.99905 0
    outer loop
      vertex 34.5924 -60.7711 4.78
      vertex 33.93 -60.8 4.5
      vertex 34.5924 -60.7711 4.5
    endloop
  endfacet
  facet normal 0.130529 -0.991445 0
    outer loop
      vertex 34.5924 -60.7711 4.5
      vertex 35.1803 -60.6937 4.78
      vertex 34.5924 -60.7711 4.78
    endloop
  endfacet
  facet normal 0.130529 -0.991445 0
    outer loop
      vertex 35.1803 -60.6937 4.78
      vertex 34.5924 -60.7711 4.5
      vertex 35.1803 -60.6937 4.5
    endloop
  endfacet
  facet normal 0.216412 -0.976302 0
    outer loop
      vertex 35.1803 -60.6937 4.5
      vertex 35.7591 -60.5654 4.78
      vertex 35.1803 -60.6937 4.78
    endloop
  endfacet
  facet normal 0.216412 -0.976302 0
    outer loop
      vertex 35.7591 -60.5654 4.78
      vertex 35.1803 -60.6937 4.5
      vertex 35.7591 -60.5654 4.5
    endloop
  endfacet
  facet normal 0.300704 -0.953718 0
    outer loop
      vertex 35.7591 -60.5654 4.5
      vertex 36.3246 -60.3871 4.78
      vertex 35.7591 -60.5654 4.78
    endloop
  endfacet
  facet normal 0.300704 -0.953718 0
    outer loop
      vertex 36.3246 -60.3871 4.78
      vertex 35.7591 -60.5654 4.5
      vertex 36.3246 -60.3871 4.5
    endloop
  endfacet
  facet normal 0.382699 -0.923873 0
    outer loop
      vertex 36.3246 -60.3871 4.5
      vertex 36.8726 -60.1601 4.78
      vertex 36.3246 -60.3871 4.78
    endloop
  endfacet
  facet normal 0.382699 -0.923873 0
    outer loop
      vertex 36.8726 -60.1601 4.78
      vertex 36.3246 -60.3871 4.5
      vertex 36.8726 -60.1601 4.5
    endloop
  endfacet
  facet normal 0.46173 -0.887021 0
    outer loop
      vertex 36.8726 -60.1601 4.5
      vertex 37.3984 -59.8864 4.78
      vertex 36.8726 -60.1601 4.78
    endloop
  endfacet
  facet normal 0.46173 -0.887021 0
    outer loop
      vertex 37.3984 -59.8864 4.78
      vertex 36.8726 -60.1601 4.5
      vertex 37.3984 -59.8864 4.5
    endloop
  endfacet
  facet normal 0.537469 -0.843284 0
    outer loop
      vertex 37.3984 -59.8864 4.5
      vertex 37.7293 -59.6755 4.78
      vertex 37.3984 -59.8864 4.78
    endloop
  endfacet
  facet normal 0.537469 -0.843284 0
    outer loop
      vertex 37.7293 -59.6755 4.78
      vertex 37.3984 -59.8864 4.5
      vertex 37.7293 -59.6755 4.5
    endloop
  endfacet
  facet normal 0.886955 -0.461856 0
    outer loop
      vertex 40.0533 -57.0777 4.78
      vertex 40.1601 -56.8726 4.5
      vertex 40.1601 -56.8726 4.78
    endloop
  endfacet
  facet normal 0.886955 -0.461856 0
    outer loop
      vertex 40.1601 -56.8726 4.5
      vertex 40.0533 -57.0777 4.78
      vertex 40.0533 -57.0777 4.5
    endloop
  endfacet
  facet normal 0.923873 -0.382699 0
    outer loop
      vertex 40.1601 -56.8726 4.78
      vertex 40.3871 -56.3246 4.5
      vertex 40.3871 -56.3246 4.78
    endloop
  endfacet
  facet normal 0.923873 -0.382699 0
    outer loop
      vertex 40.3871 -56.3246 4.5
      vertex 40.1601 -56.8726 4.78
      vertex 40.1601 -56.8726 4.5
    endloop
  endfacet
  facet normal 0.953718 -0.300704 0
    outer loop
      vertex 40.3871 -56.3246 4.78
      vertex 40.5654 -55.7591 4.5
      vertex 40.5654 -55.7591 4.78
    endloop
  endfacet
  facet normal 0.953718 -0.300704 0
    outer loop
      vertex 40.5654 -55.7591 4.5
      vertex 40.3871 -56.3246 4.78
      vertex 40.3871 -56.3246 4.5
    endloop
  endfacet
  facet normal 0.976302 -0.216412 0
    outer loop
      vertex 40.5654 -55.7591 4.78
      vertex 40.6937 -55.1803 4.5
      vertex 40.6937 -55.1803 4.78
    endloop
  endfacet
  facet normal 0.976302 -0.216412 0
    outer loop
      vertex 40.6937 -55.1803 4.5
      vertex 40.5654 -55.7591 4.78
      vertex 40.5654 -55.7591 4.5
    endloop
  endfacet
  facet normal 0.991445 -0.130529 0
    outer loop
      vertex 40.6937 -55.1803 4.78
      vertex 40.7711 -54.5924 4.5
      vertex 40.7711 -54.5924 4.78
    endloop
  endfacet
  facet normal 0.991445 -0.130529 0
    outer loop
      vertex 40.7711 -54.5924 4.5
      vertex 40.6937 -55.1803 4.78
      vertex 40.6937 -55.1803 4.5
    endloop
  endfacet
  facet normal 0.999046 -0.0436787 0
    outer loop
      vertex 40.7711 -54.5924 4.78
      vertex 40.797 -54 4.5
      vertex 40.797 -54 4.78
    endloop
  endfacet
  facet normal 0.999046 -0.0436787 0
    outer loop
      vertex 40.797 -54 4.5
      vertex 40.7711 -54.5924 4.78
      vertex 40.7711 -54.5924 4.5
    endloop
  endfacet
  facet normal 0.999045 0.0436839 0
    outer loop
      vertex 40.797 -54 4.78
      vertex 40.7678 -53.3322 4.5
      vertex 40.7678 -53.3322 4.78
    endloop
  endfacet
  facet normal 0.999045 0.0436839 0
    outer loop
      vertex 40.7678 -53.3322 4.5
      vertex 40.797 -54 4.78
      vertex 40.797 -54 4.5
    endloop
  endfacet
  facet normal 0.996485 0.0837762 0
    outer loop
      vertex 40.7678 -53.3322 4.78
      vertex 39.7848 -41.6398 4.5
      vertex 39.7848 -41.6398 4.78
    endloop
  endfacet
  facet normal 0.996485 0.0837762 0
    outer loop
      vertex 39.7848 -41.6398 4.5
      vertex 40.7678 -53.3322 4.78
      vertex 40.7678 -53.3322 4.5
    endloop
  endfacet
  facet normal 0.995021 0.099661 0
    outer loop
      vertex 39.7848 -41.6398 4.78
      vertex 39.0196 -34 4.5
      vertex 39.0196 -34 4.78
    endloop
  endfacet
  facet normal 0.995021 0.099661 0
    outer loop
      vertex 39.0196 -34 4.5
      vertex 39.7848 -41.6398 4.78
      vertex 39.7848 -41.6398 4.5
    endloop
  endfacet
  facet normal 0 1 -0
    outer loop
      vertex 38.0146 -34 3
      vertex -38.0146 -34 4.5
      vertex 38.0146 -34 4.5
    endloop
  endfacet
  facet normal 0 1 0
    outer loop
      vertex -38.0146 -34 4.5
      vertex 38.0146 -34 3
      vertex -38.0146 -34 3
    endloop
  endfacet
  facet normal 0 1 0
    outer loop
      vertex 38.0146 -34 4.5
      vertex 39.0196 -34 4.78
      vertex 39.0196 -34 4.5
    endloop
  endfacet
  facet normal 0 1 0
    outer loop
      vertex 39.0196 -34 4.78
      vertex 38.0146 -34 4.5
      vertex -39.0196 -34 4.78
    endloop
  endfacet
  facet normal 0 1 -0
    outer loop
      vertex -38.0146 -34 4.5
      vertex -39.0196 -34 4.78
      vertex 38.0146 -34 4.5
    endloop
  endfacet
  facet normal 0 1 0
    outer loop
      vertex -39.0196 -34 4.78
      vertex -38.0146 -34 4.5
      vertex -39.0196 -34 4.5
    endloop
  endfacet
  facet normal -0.995021 0.099661 0
    outer loop
      vertex -39.7848 -41.6398 4.5
      vertex -39.0196 -34 4.78
      vertex -39.0196 -34 4.5
    endloop
  endfacet
  facet normal -0.995021 0.099661 0
    outer loop
      vertex -39.0196 -34 4.78
      vertex -39.7848 -41.6398 4.5
      vertex -39.7848 -41.6398 4.78
    endloop
  endfacet
  facet normal -0.996485 0.0837762 0
    outer loop
      vertex -40.7678 -53.3322 4.5
      vertex -39.7848 -41.6398 4.78
      vertex -39.7848 -41.6398 4.5
    endloop
  endfacet
  facet normal -0.996485 0.0837762 0
    outer loop
      vertex -39.7848 -41.6398 4.78
      vertex -40.7678 -53.3322 4.5
      vertex -40.7678 -53.3322 4.78
    endloop
  endfacet
  facet normal -0.999045 0.0436839 0
    outer loop
      vertex -40.797 -54 4.5
      vertex -40.7678 -53.3322 4.78
      vertex -40.7678 -53.3322 4.5
    endloop
  endfacet
  facet normal -0.999045 0.0436839 0
    outer loop
      vertex -40.7678 -53.3322 4.78
      vertex -40.797 -54 4.5
      vertex -40.797 -54 4.78
    endloop
  endfacet
  facet normal -0.999046 -0.0436787 0
    outer loop
      vertex -40.7711 -54.5924 4.5
      vertex -40.797 -54 4.78
      vertex -40.797 -54 4.5
    endloop
  endfacet
  facet normal -0.999046 -0.0436787 0
    outer loop
      vertex -40.797 -54 4.78
      vertex -40.7711 -54.5924 4.5
      vertex -40.7711 -54.5924 4.78
    endloop
  endfacet
  facet normal -0.991445 -0.130529 0
    outer loop
      vertex -40.6937 -55.1803 4.5
      vertex -40.7711 -54.5924 4.78
      vertex -40.7711 -54.5924 4.5
    endloop
  endfacet
  facet normal -0.991445 -0.130529 0
    outer loop
      vertex -40.7711 -54.5924 4.78
      vertex -40.6937 -55.1803 4.5
      vertex -40.6937 -55.1803 4.78
    endloop
  endfacet
  facet normal -0.976302 -0.216412 0
    outer loop
      vertex -40.5654 -55.7591 4.5
      vertex -40.6937 -55.1803 4.78
      vertex -40.6937 -55.1803 4.5
    endloop
  endfacet
  facet normal -0.976302 -0.216412 0
    outer loop
      vertex -40.6937 -55.1803 4.78
      vertex -40.5654 -55.7591 4.5
      vertex -40.5654 -55.7591 4.78
    endloop
  endfacet
  facet normal -0.953718 -0.300704 0
    outer loop
      vertex -40.3871 -56.3246 4.5
      vertex -40.5654 -55.7591 4.78
      vertex -40.5654 -55.7591 4.5
    endloop
  endfacet
  facet normal -0.953718 -0.300704 0
    outer loop
      vertex -40.5654 -55.7591 4.78
      vertex -40.3871 -56.3246 4.5
      vertex -40.3871 -56.3246 4.78
    endloop
  endfacet
  facet normal -0.923873 -0.382699 0
    outer loop
      vertex -40.1601 -56.8726 4.5
      vertex -40.3871 -56.3246 4.78
      vertex -40.3871 -56.3246 4.5
    endloop
  endfacet
  facet normal -0.923873 -0.382699 0
    outer loop
      vertex -40.3871 -56.3246 4.78
      vertex -40.1601 -56.8726 4.5
      vertex -40.1601 -56.8726 4.78
    endloop
  endfacet
  facet normal -0.886955 -0.461856 0
    outer loop
      vertex -40.0533 -57.0777 4.5
      vertex -40.1601 -56.8726 4.78
      vertex -40.1601 -56.8726 4.5
    endloop
  endfacet
  facet normal -0.886955 -0.461856 0
    outer loop
      vertex -40.1601 -56.8726 4.78
      vertex -40.0533 -57.0777 4.5
      vertex -40.0533 -57.0777 4.78
    endloop
  endfacet
  facet normal -0.537469 -0.843284 0
    outer loop
      vertex -37.7293 -59.6755 4.5
      vertex -37.3984 -59.8864 4.78
      vertex -37.7293 -59.6755 4.78
    endloop
  endfacet
  facet normal -0.537469 -0.843284 -0
    outer loop
      vertex -37.3984 -59.8864 4.78
      vertex -37.7293 -59.6755 4.5
      vertex -37.3984 -59.8864 4.5
    endloop
  endfacet
  facet normal -0.46173 -0.887021 0
    outer loop
      vertex -37.3984 -59.8864 4.5
      vertex -36.8726 -60.1601 4.78
      vertex -37.3984 -59.8864 4.78
    endloop
  endfacet
  facet normal -0.46173 -0.887021 -0
    outer loop
      vertex -36.8726 -60.1601 4.78
      vertex -37.3984 -59.8864 4.5
      vertex -36.8726 -60.1601 4.5
    endloop
  endfacet
  facet normal -0.382699 -0.923873 0
    outer loop
      vertex -36.8726 -60.1601 4.5
      vertex -36.3246 -60.3871 4.78
      vertex -36.8726 -60.1601 4.78
    endloop
  endfacet
  facet normal -0.382699 -0.923873 -0
    outer loop
      vertex -36.3246 -60.3871 4.78
      vertex -36.8726 -60.1601 4.5
      vertex -36.3246 -60.3871 4.5
    endloop
  endfacet
  facet normal -0.300704 -0.953718 0
    outer loop
      vertex -36.3246 -60.3871 4.5
      vertex -35.7591 -60.5654 4.78
      vertex -36.3246 -60.3871 4.78
    endloop
  endfacet
  facet normal -0.300704 -0.953718 -0
    outer loop
      vertex -35.7591 -60.5654 4.78
      vertex -36.3246 -60.3871 4.5
      vertex -35.7591 -60.5654 4.5
    endloop
  endfacet
  facet normal -0.216412 -0.976302 0
    outer loop
      vertex -35.7591 -60.5654 4.5
      vertex -35.1803 -60.6937 4.78
      vertex -35.7591 -60.5654 4.78
    endloop
  endfacet
  facet normal -0.216412 -0.976302 -0
    outer loop
      vertex -35.1803 -60.6937 4.78
      vertex -35.7591 -60.5654 4.5
      vertex -35.1803 -60.6937 4.5
    endloop
  endfacet
  facet normal -0.130529 -0.991445 0
    outer loop
      vertex -35.1803 -60.6937 4.5
      vertex -34.5924 -60.7711 4.78
      vertex -35.1803 -60.6937 4.78
    endloop
  endfacet
  facet normal -0.130529 -0.991445 -0
    outer loop
      vertex -34.5924 -60.7711 4.78
      vertex -35.1803 -60.6937 4.5
      vertex -34.5924 -60.7711 4.5
    endloop
  endfacet
  facet normal -0.0435878 -0.99905 0
    outer loop
      vertex -34.5924 -60.7711 4.5
      vertex -33.93 -60.8 4.78
      vertex -34.5924 -60.7711 4.78
    endloop
  endfacet
  facet normal -0.0435878 -0.99905 -0
    outer loop
      vertex -33.93 -60.8 4.78
      vertex -34.5924 -60.7711 4.5
      vertex -33.93 -60.8 4.5
    endloop
  endfacet
  facet normal 0 -1 0
    outer loop
      vertex -33.93 -60.8 4.5
      vertex -32.9575 -60.8 4.78
      vertex -33.93 -60.8 4.78
    endloop
  endfacet
  facet normal 0 -1 -0
    outer loop
      vertex -32.9575 -60.8 4.78
      vertex -33.93 -60.8 4.5
      vertex -32.9575 -60.8 4.5
    endloop
  endfacet
  facet normal 0 -1 0
    outer loop
      vertex -23.7059 -60.8 4.5
      vertex -18.0651 -60.8 4.78
      vertex -23.7059 -60.8 4.78
    endloop
  endfacet
  facet normal 0 -1 -0
    outer loop
      vertex -18.0651 -60.8 4.78
      vertex -23.7059 -60.8 4.5
      vertex -18.0651 -60.8 4.5
    endloop
  endfacet
  facet normal 0 -1 0
    outer loop
      vertex -28.9884 -60.8 4.5
      vertex -25.2367 -60.8 4.78
      vertex -28.9884 -60.8 4.78
    endloop
  endfacet
  facet normal 0 -1 -0
    outer loop
      vertex -25.2367 -60.8 4.78
      vertex -28.9884 -60.8 4.5
      vertex -25.2367 -60.8 4.5
    endloop
  endfacet
  facet normal 0.201313 -0.979527 0
    outer loop
      vertex -18.0651 -60.8 4.5
      vertex -16.0872 -60.3935 4.78
      vertex -18.0651 -60.8 4.78
    endloop
  endfacet
  facet normal 0.201313 -0.979527 0
    outer loop
      vertex -16.0872 -60.3935 4.78
      vertex -18.0651 -60.8 4.5
      vertex -16.0872 -60.3935 4.5
    endloop
  endfacet
  facet normal 0 1 -0
    outer loop
      vertex 5.34931 -52.5 3
      vertex -5.34931 -52.5 4.78
      vertex 5.34931 -52.5 4.78
    endloop
  endfacet
  facet normal 0 1 0
    outer loop
      vertex -5.34931 -52.5 4.78
      vertex 5.34931 -52.5 3
      vertex -5.34931 -52.5 3
    endloop
  endfacet
  facet normal -0.643588 -0.765372 0
    outer loop
      vertex -10.5766 -37.8487 3
      vertex -7 -40.8562 4.78
      vertex -10.5766 -37.8487 4.78
    endloop
  endfacet
  facet normal -0.643588 -0.765372 -0
    outer loop
      vertex -7 -40.8562 4.78
      vertex -10.5766 -37.8487 3
      vertex -7 -40.8562 3
    endloop
  endfacet
  facet normal 1 -0 0
    outer loop
      vertex -7 -37.8511 4.78
      vertex -7 -34.5 3
      vertex -7 -34.5 4.78
    endloop
  endfacet
  facet normal 1 0 0
    outer loop
      vertex -7 -34.5 3
      vertex -7 -37.8511 4.78
      vertex -7 -37.8511 3
    endloop
  endfacet
  facet normal 0 -1 0
    outer loop
      vertex -7 -34.5 3
      vertex 7 -34.5 4.78
      vertex -7 -34.5 4.78
    endloop
  endfacet
  facet normal 0 -1 -0
    outer loop
      vertex 7 -34.5 4.78
      vertex -7 -34.5 3
      vertex 7 -34.5 3
    endloop
  endfacet
  facet normal -1 0 0
    outer loop
      vertex 7 -37.8511 3
      vertex 7 -34.5 4.78
      vertex 7 -34.5 3
    endloop
  endfacet
  facet normal -1 -0 0
    outer loop
      vertex 7 -34.5 4.78
      vertex 7 -37.8511 3
      vertex 7 -37.8511 4.78
    endloop
  endfacet
  facet normal 0.643588 -0.765372 0
    outer loop
      vertex 7 -40.8562 3
      vertex 10.5766 -37.8487 4.78
      vertex 7 -40.8562 4.78
    endloop
  endfacet
  facet normal 0.643588 -0.765372 0
    outer loop
      vertex 10.5766 -37.8487 4.78
      vertex 7 -40.8562 3
      vertex 10.5766 -37.8487 3
    endloop
  endfacet
  facet normal 0 0 -1
    outer loop
      vertex 38.9653 -57.3553 0
      vertex 44 -54 0
      vertex 43.9619 -54.8716 0
    endloop
  endfacet
  facet normal 0 0 -1
    outer loop
      vertex 38.9653 -57.3553 0
      vertex 43.9619 -54.8716 0
      vertex 43.8481 -55.7365 0
    endloop
  endfacet
  facet normal 0 0 -1
    outer loop
      vertex 38.9653 -57.3553 0
      vertex 43.8481 -55.7365 0
      vertex 43.6593 -56.5882 0
    endloop
  endfacet
  facet normal 0 0 -1
    outer loop
      vertex 38.9653 -57.3553 0
      vertex 43.6593 -56.5882 0
      vertex 43.3969 -57.4202 0
    endloop
  endfacet
  facet normal 0 0 -1
    outer loop
      vertex 38.9653 -57.3553 0
      vertex 43.3969 -57.4202 0
      vertex 43.0631 -58.2262 0
    endloop
  endfacet
  facet normal -0 0 -1
    outer loop
      vertex 44 -54 0
      vertex 38.9653 -57.3553 0
      vertex 43.9619 -53.1284 0
    endloop
  endfacet
  facet normal 0 0 -1
    outer loop
      vertex 38.9653 -57.3553 0
      vertex 43.0631 -58.2262 0
      vertex 42.6602 -59 0
    endloop
  endfacet
  facet normal 0 0 -1
    outer loop
      vertex 38.9653 -57.3553 0
      vertex 42.6602 -59 0
      vertex 42.1915 -59.7358 0
    endloop
  endfacet
  facet normal 0 0 -1
    outer loop
      vertex 38.9118 -57.4392 0
      vertex 42.1915 -59.7358 0
      vertex 41.6604 -60.4279 0
    endloop
  endfacet
  facet normal 0 0 -1
    outer loop
      vertex 38.5932 -57.8544 0
      vertex 41.6604 -60.4279 0
      vertex 41.0711 -61.0711 0
    endloop
  endfacet
  facet normal 0 0 -1
    outer loop
      vertex 38.2399 -58.2399 0
      vertex 41.0711 -61.0711 0
      vertex 40.4279 -61.6604 0
    endloop
  endfacet
  facet normal -0 0 -1
    outer loop
      vertex 43.9619 -53.1284 0
      vertex 38.9653 -57.3553 0
      vertex 42.9715 -41.3463 0
    endloop
  endfacet
  facet normal 0 0 -1
    outer loop
      vertex 37.8544 -58.5932 0
      vertex 40.4279 -61.6604 0
      vertex 39.7358 -62.1915 0
    endloop
  endfacet
  facet normal 0 0 -1
    outer loop
      vertex 35.9878 -29.1689 0
      vertex 42.9715 -41.3463 0
      vertex 38.9653 -57.3553 0
    endloop
  endfacet
  facet normal 0 0 -1
    outer loop
      vertex 42.9715 -41.3463 0
      vertex 35.9594 -28.9791 0
      vertex 40.0092 -11.7725 0
    endloop
  endfacet
  facet normal 0 0 -1
    outer loop
      vertex 37.4392 -58.9118 0
      vertex 39.7358 -62.1915 0
      vertex 39 -62.6602 0
    endloop
  endfacet
  facet normal 0 0 -1
    outer loop
      vertex 35.9594 -28.9791 0
      vertex 42.9715 -41.3463 0
      vertex 35.9878 -29.1689 0
    endloop
  endfacet
  facet normal 0 0 -1
    outer loop
      vertex 35.9144 -28.7925 0
      vertex 40.0092 -11.7725 0
      vertex 35.9594 -28.9791 0
    endloop
  endfacet
  facet normal 0 0 -1
    outer loop
      vertex 42.1915 -59.7358 0
      vertex 38.9118 -57.4392 0
      vertex 38.9653 -57.3553 0
    endloop
  endfacet
  facet normal 0 0 -1
    outer loop
      vertex 41.6604 -60.4279 0
      vertex 38.5932 -57.8544 0
      vertex 38.9118 -57.4392 0
    endloop
  endfacet
  facet normal 0 0 -1
    outer loop
      vertex 41.0711 -61.0711 0
      vertex 38.2399 -58.2399 0
      vertex 38.5932 -57.8544 0
    endloop
  endfacet
  facet normal 0 0 -1
    outer loop
      vertex 36.9982 -59.1928 0
      vertex 39 -62.6602 0
      vertex 38.2262 -63.0631 0
    endloop
  endfacet
  facet normal 0 0 -1
    outer loop
      vertex 40.4279 -61.6604 0
      vertex 37.8544 -58.5932 0
      vertex 38.2399 -58.2399 0
    endloop
  endfacet
  facet normal 0 0 -1
    outer loop
      vertex 39.7358 -62.1915 0
      vertex 37.4392 -58.9118 0
      vertex 37.8544 -58.5932 0
    endloop
  endfacet
  facet normal 0 0 -1
    outer loop
      vertex 36.534 -59.4344 0
      vertex 38.2262 -63.0631 0
      vertex 37.4202 -63.3969 0
    endloop
  endfacet
  facet normal 0 0 -1
    outer loop
      vertex 39 -62.6602 0
      vertex 36.9982 -59.1928 0
      vertex 37.4392 -58.9118 0
    endloop
  endfacet
  facet normal 0 0 -1
    outer loop
      vertex 36.0508 -59.6346 0
      vertex 37.4202 -63.3969 0
      vertex 36.5882 -63.6593 0
    endloop
  endfacet
  facet normal 0 0 -1
    outer loop
      vertex 38.2262 -63.0631 0
      vertex 36.534 -59.4344 0
      vertex 36.9982 -59.1928 0
    endloop
  endfacet
  facet normal 0 0 -1
    outer loop
      vertex 37.4202 -63.3969 0
      vertex 36.0508 -59.6346 0
      vertex 36.534 -59.4344 0
    endloop
  endfacet
  facet normal 0 0 -1
    outer loop
      vertex 35.5519 -59.7919 0
      vertex 36.5882 -63.6593 0
      vertex 35.7365 -63.8481 0
    endloop
  endfacet
  facet normal 0 0 -1
    outer loop
      vertex 36.5882 -63.6593 0
      vertex 35.5519 -59.7919 0
      vertex 36.0508 -59.6346 0
    endloop
  endfacet
  facet normal 0 0 -1
    outer loop
      vertex 35.7365 -63.8481 0
      vertex 35.0413 -59.9051 0
      vertex 35.5519 -59.7919 0
    endloop
  endfacet
  facet normal 0 0 -1
    outer loop
      vertex 34.8716 -63.9619 0
      vertex 35.0413 -59.9051 0
      vertex 35.7365 -63.8481 0
    endloop
  endfacet
  facet normal 0 0 -1
    outer loop
      vertex 34.8716 -63.9619 0
      vertex 34.5225 -59.9734 0
      vertex 35.0413 -59.9051 0
    endloop
  endfacet
  facet normal 0 0 -1
    outer loop
      vertex 34 -64 0
      vertex 34.5225 -59.9734 0
      vertex 34.8716 -63.9619 0
    endloop
  endfacet
  facet normal 0 0 -1
    outer loop
      vertex 34 -64 0
      vertex 33.9132 -60 0
      vertex 34.5225 -59.9734 0
    endloop
  endfacet
  facet normal 0 0 -1
    outer loop
      vertex 34 -64 0
      vertex 18.1464 -60 0
      vertex 33.9132 -60 0
    endloop
  endfacet
  facet normal 0 0 -1
    outer loop
      vertex 17.7397 -64 0
      vertex 18.1464 -60 0
      vertex 34 -64 0
    endloop
  endfacet
  facet normal 0 0 -1
    outer loop
      vertex 15.5 -63.5397 0
      vertex 18.1464 -60 0
      vertex 17.7397 -64 0
    endloop
  endfacet
  facet normal -0 0 -1
    outer loop
      vertex 18.1464 -60 0
      vertex 15.5 -63.5397 0
      vertex 16.2341 -59.607 0
    endloop
  endfacet
  facet normal 0 0 -1
    outer loop
      vertex 15.5 -63.5397 0
      vertex 13.6974 -59.181 0
      vertex 16.2341 -59.607 0
    endloop
  endfacet
  facet normal 0 0 -1
    outer loop
      vertex 13.1012 -63.1369 0
      vertex 13.6974 -59.181 0
      vertex 15.5 -63.5397 0
    endloop
  endfacet
  facet normal 0 0 -1
    outer loop
      vertex 13.1012 -63.1369 0
      vertex 11.07 -58.83 0
      vertex 13.6974 -59.181 0
    endloop
  endfacet
  facet normal 0 0 -1
    outer loop
      vertex 10.6026 -62.8031 0
      vertex 11.07 -58.83 0
      vertex 13.1012 -63.1369 0
    endloop
  endfacet
  facet normal 0 0 -1
    outer loop
      vertex 10.6026 -62.8031 0
      vertex 8.3685 -58.5552 0
      vertex 11.07 -58.83 0
    endloop
  endfacet
  facet normal 0 0 -1
    outer loop
      vertex 8.02338 -62.5407 0
      vertex 8.3685 -58.5552 0
      vertex 10.6026 -62.8031 0
    endloop
  endfacet
  facet normal 0 0 -1
    outer loop
      vertex 8.02338 -62.5407 0
      vertex 5.61066 -58.358 0
      vertex 8.3685 -58.5552 0
    endloop
  endfacet
  facet normal 0 0 -1
    outer loop
      vertex 5.38309 -62.3519 0
      vertex 5.61066 -58.358 0
      vertex 8.02338 -62.5407 0
    endloop
  endfacet
  facet normal 0 0 -1
    outer loop
      vertex 5.38309 -62.3519 0
      vertex 2.81487 -58.2392 0
      vertex 5.61066 -58.358 0
    endloop
  endfacet
  facet normal 0 0 -1
    outer loop
      vertex 2.70183 -62.2381 0
      vertex 2.81487 -58.2392 0
      vertex 5.38309 -62.3519 0
    endloop
  endfacet
  facet normal 0 0 -1
    outer loop
      vertex 0 -62.2 0
      vertex 2.81487 -58.2392 0
      vertex 2.70183 -62.2381 0
    endloop
  endfacet
  facet normal 0 0 -1
    outer loop
      vertex 0 -62.2 0
      vertex 0 -58.1996 0
      vertex 2.81487 -58.2392 0
    endloop
  endfacet
  facet normal 0 0 -1
    outer loop
      vertex -2.70183 -62.2381 0
      vertex 0 -58.1996 0
      vertex 0 -62.2 0
    endloop
  endfacet
  facet normal 0 0 -1
    outer loop
      vertex -2.70183 -62.2381 0
      vertex -2.81487 -58.2392 0
      vertex 0 -58.1996 0
    endloop
  endfacet
  facet normal 0 0 -1
    outer loop
      vertex -5.38309 -62.3519 0
      vertex -2.81487 -58.2392 0
      vertex -2.70183 -62.2381 0
    endloop
  endfacet
  facet normal 0 0 -1
    outer loop
      vertex -5.38309 -62.3519 0
      vertex -5.61066 -58.358 0
      vertex -2.81487 -58.2392 0
    endloop
  endfacet
  facet normal 0 0 -1
    outer loop
      vertex -8.02338 -62.5407 0
      vertex -5.61066 -58.358 0
      vertex -5.38309 -62.3519 0
    endloop
  endfacet
  facet normal 0 0 -1
    outer loop
      vertex -8.02338 -62.5407 0
      vertex -8.3685 -58.5552 0
      vertex -5.61066 -58.358 0
    endloop
  endfacet
  facet normal 0 0 -1
    outer loop
      vertex -10.6026 -62.8031 0
      vertex -8.3685 -58.5552 0
      vertex -8.02338 -62.5407 0
    endloop
  endfacet
  facet normal 0 0 -1
    outer loop
      vertex -10.6026 -62.8031 0
      vertex -11.07 -58.83 0
      vertex -8.3685 -58.5552 0
    endloop
  endfacet
  facet normal 0 0 -1
    outer loop
      vertex -13.1012 -63.1369 0
      vertex -11.07 -58.83 0
      vertex -10.6026 -62.8031 0
    endloop
  endfacet
  facet normal 0 0 -1
    outer loop
      vertex -13.1012 -63.1369 0
      vertex -13.6974 -59.181 0
      vertex -11.07 -58.83 0
    endloop
  endfacet
  facet normal 0 0 -1
    outer loop
      vertex -15.5 -63.5397 0
      vertex -13.6974 -59.181 0
      vertex -13.1012 -63.1369 0
    endloop
  endfacet
  facet normal 0 0 -1
    outer loop
      vertex -15.5 -63.5397 0
      vertex -16.2341 -59.607 0
      vertex -13.6974 -59.181 0
    endloop
  endfacet
  facet normal 0 0 -1
    outer loop
      vertex -18.1464 -60 0
      vertex -15.5 -63.5397 0
      vertex -17.7397 -64 0
    endloop
  endfacet
  facet normal 0 0 -1
    outer loop
      vertex -15.5 -63.5397 0
      vertex -18.1464 -60 0
      vertex -16.2341 -59.607 0
    endloop
  endfacet
  facet normal 0 0 -1
    outer loop
      vertex -34 -64 0
      vertex -18.1464 -60 0
      vertex -17.7397 -64 0
    endloop
  endfacet
  facet normal -0 0 -1
    outer loop
      vertex -18.1464 -60 0
      vertex -34 -64 0
      vertex -33.9132 -60 0
    endloop
  endfacet
  facet normal 0 0 -1
    outer loop
      vertex -34 -64 0
      vertex -34.5225 -59.9734 0
      vertex -33.9132 -60 0
    endloop
  endfacet
  facet normal 0 0 -1
    outer loop
      vertex -34.8716 -63.9619 0
      vertex -34.5225 -59.9734 0
      vertex -34 -64 0
    endloop
  endfacet
  facet normal 0 0 -1
    outer loop
      vertex -34.8716 -63.9619 0
      vertex -35.0413 -59.9051 0
      vertex -34.5225 -59.9734 0
    endloop
  endfacet
  facet normal 0 0 -1
    outer loop
      vertex -35.7365 -63.8481 0
      vertex -35.0413 -59.9051 0
      vertex -34.8716 -63.9619 0
    endloop
  endfacet
  facet normal -0 0 -1
    outer loop
      vertex -35.0413 -59.9051 0
      vertex -35.7365 -63.8481 0
      vertex -35.5519 -59.7919 0
    endloop
  endfacet
  facet normal 0 0 -1
    outer loop
      vertex -36.5882 -63.6593 0
      vertex -35.5519 -59.7919 0
      vertex -35.7365 -63.8481 0
    endloop
  endfacet
  facet normal -0 0 -1
    outer loop
      vertex -35.5519 -59.7919 0
      vertex -36.5882 -63.6593 0
      vertex -36.0508 -59.6346 0
    endloop
  endfacet
  facet normal 0 0 -1
    outer loop
      vertex -37.4202 -63.3969 0
      vertex -36.0508 -59.6346 0
      vertex -36.5882 -63.6593 0
    endloop
  endfacet
  facet normal -0 0 -1
    outer loop
      vertex -36.0508 -59.6346 0
      vertex -37.4202 -63.3969 0
      vertex -36.534 -59.4344 0
    endloop
  endfacet
  facet normal 0 0 -1
    outer loop
      vertex -38.2262 -63.0631 0
      vertex -36.534 -59.4344 0
      vertex -37.4202 -63.3969 0
    endloop
  endfacet
  facet normal -0 0 -1
    outer loop
      vertex -36.534 -59.4344 0
      vertex -38.2262 -63.0631 0
      vertex -36.9982 -59.1928 0
    endloop
  endfacet
  facet normal 0 0 -1
    outer loop
      vertex -39 -62.6602 0
      vertex -36.9982 -59.1928 0
      vertex -38.2262 -63.0631 0
    endloop
  endfacet
  facet normal -0 0 -1
    outer loop
      vertex -36.9982 -59.1928 0
      vertex -39 -62.6602 0
      vertex -37.4392 -58.9118 0
    endloop
  endfacet
  facet normal 0 0 -1
    outer loop
      vertex -39.7358 -62.1915 0
      vertex -37.4392 -58.9118 0
      vertex -39 -62.6602 0
    endloop
  endfacet
  facet normal -0 0 -1
    outer loop
      vertex -37.4392 -58.9118 0
      vertex -39.7358 -62.1915 0
      vertex -37.8544 -58.5932 0
    endloop
  endfacet
  facet normal 0 0 -1
    outer loop
      vertex -40.4279 -61.6604 0
      vertex -37.8544 -58.5932 0
      vertex -39.7358 -62.1915 0
    endloop
  endfacet
  facet normal -0 0 -1
    outer loop
      vertex -37.8544 -58.5932 0
      vertex -40.4279 -61.6604 0
      vertex -38.2399 -58.2399 0
    endloop
  endfacet
  facet normal 0 0 -1
    outer loop
      vertex -41.0711 -61.0711 0
      vertex -38.2399 -58.2399 0
      vertex -40.4279 -61.6604 0
    endloop
  endfacet
  facet normal -0 0 -1
    outer loop
      vertex -38.2399 -58.2399 0
      vertex -41.0711 -61.0711 0
      vertex -38.5932 -57.8544 0
    endloop
  endfacet
  facet normal 0 0 -1
    outer loop
      vertex -38.9653 -57.3553 0
      vertex -40.0092 -11.7725 0
      vertex -38.9677 59.4035 0
    endloop
  endfacet
  facet normal 0 0 -1
    outer loop
      vertex -41.6604 -60.4279 0
      vertex -38.5932 -57.8544 0
      vertex -41.0711 -61.0711 0
    endloop
  endfacet
  facet normal 0 0 -1
    outer loop
      vertex -41.5 25 0
      vertex -38.9677 59.4035 0
      vertex -40.0092 -11.7725 0
    endloop
  endfacet
  facet normal 0 0 -1
    outer loop
      vertex -41.975 50.3057 0
      vertex -38.9677 59.4035 0
      vertex -41.5 25 0
    endloop
  endfacet
  facet normal -0 0 -1
    outer loop
      vertex -38.5932 -57.8544 0
      vertex -41.6604 -60.4279 0
      vertex -38.9118 -57.4392 0
    endloop
  endfacet
  facet normal 0 0 -1
    outer loop
      vertex -42.1915 -59.7358 0
      vertex -38.9118 -57.4392 0
      vertex -41.6604 -60.4279 0
    endloop
  endfacet
  facet normal -0 0 -1
    outer loop
      vertex -38.9118 -57.4392 0
      vertex -42.1915 -59.7358 0
      vertex -38.9653 -57.3553 0
    endloop
  endfacet
  facet normal 0 0 -1
    outer loop
      vertex -42.6602 -59 0
      vertex -38.9653 -57.3553 0
      vertex -42.1915 -59.7358 0
    endloop
  endfacet
  facet normal 0 0 -1
    outer loop
      vertex -43.0631 -58.2262 0
      vertex -38.9653 -57.3553 0
      vertex -42.6602 -59 0
    endloop
  endfacet
  facet normal 0 0 -1
    outer loop
      vertex -38.9653 -57.3553 0
      vertex -42.9715 -41.3463 0
      vertex -40.0092 -11.7725 0
    endloop
  endfacet
  facet normal 0 0 -1
    outer loop
      vertex -43.3969 -57.4202 0
      vertex -38.9653 -57.3553 0
      vertex -43.0631 -58.2262 0
    endloop
  endfacet
  facet normal 0 0 -1
    outer loop
      vertex -43.6593 -56.5882 0
      vertex -38.9653 -57.3553 0
      vertex -43.3969 -57.4202 0
    endloop
  endfacet
  facet normal 0 0 -1
    outer loop
      vertex -43.8481 -55.7365 0
      vertex -38.9653 -57.3553 0
      vertex -43.6593 -56.5882 0
    endloop
  endfacet
  facet normal 0 0 -1
    outer loop
      vertex -43.9619 -54.8716 0
      vertex -38.9653 -57.3553 0
      vertex -43.8481 -55.7365 0
    endloop
  endfacet
  facet normal 0 0 -1
    outer loop
      vertex -44 -54 0
      vertex -38.9653 -57.3553 0
      vertex -43.9619 -54.8716 0
    endloop
  endfacet
  facet normal 0 0 -1
    outer loop
      vertex -38.9653 -57.3553 0
      vertex -43.9619 -53.1284 0
      vertex -42.9715 -41.3463 0
    endloop
  endfacet
  facet normal 0 0 -1
    outer loop
      vertex -38.9653 -57.3553 0
      vertex -44 -54 0
      vertex -43.9619 -53.1284 0
    endloop
  endfacet
  facet normal 0 0 -1
    outer loop
      vertex 39.9723 58.5835 0
      vertex 42 52 0
      vertex 41.975 50.3057 0
    endloop
  endfacet
  facet normal 0 0 -1
    outer loop
      vertex 42 52 0
      vertex 39.9723 58.5835 0
      vertex 41.975 53.6943 0
    endloop
  endfacet
  facet normal 0 0 -1
    outer loop
      vertex 41.975 53.6943 0
      vertex 39.9723 58.5835 0
      vertex 41.9 54.6113 0
    endloop
  endfacet
  facet normal 0 0 -1
    outer loop
      vertex 41.9 54.6113 0
      vertex 39.9723 58.5835 0
      vertex 41.7751 55.3612 0
    endloop
  endfacet
  facet normal 0 0 -1
    outer loop
      vertex 39.9723 58.5835 0
      vertex 41.975 50.3057 0
      vertex 41.5 25 0
    endloop
  endfacet
  facet normal 0 0 -1
    outer loop
      vertex 41.7751 55.3612 0
      vertex 39.9723 58.5835 0
      vertex 41.6001 56.0177 0
    endloop
  endfacet
  facet normal 0 0 -1
    outer loop
      vertex 41.6001 56.0177 0
      vertex 39.9723 58.5835 0
      vertex 41.375 56.6107 0
    endloop
  endfacet
  facet normal 0 0 -1
    outer loop
      vertex 41.375 56.6107 0
      vertex 39.9723 58.5835 0
      vertex 41.0997 57.1559 0
    endloop
  endfacet
  facet normal 0 0 -1
    outer loop
      vertex 41.0997 57.1559 0
      vertex 39.9723 58.5835 0
      vertex 40.7743 57.6626 0
    endloop
  endfacet
  facet normal 0 0 -1
    outer loop
      vertex 39.9723 58.5835 0
      vertex 41.5 25 0
      vertex 40.0092 -11.7725 0
    endloop
  endfacet
  facet normal 0 0 -1
    outer loop
      vertex 40.7743 57.6626 0
      vertex 39.9723 58.5835 0
      vertex 40.3985 58.1371 0
    endloop
  endfacet
  facet normal 0 0 -1
    outer loop
      vertex 35.8535 -28.6105 0
      vertex 40.0092 -11.7725 0
      vertex 35.9144 -28.7925 0
    endloop
  endfacet
  facet normal 0 0 -1
    outer loop
      vertex 35.7768 -28.4345 0
      vertex 40.0092 -11.7725 0
      vertex 35.8535 -28.6105 0
    endloop
  endfacet
  facet normal 0 0 -1
    outer loop
      vertex 35.6852 -28.2659 0
      vertex 40.0092 -11.7725 0
      vertex 35.7768 -28.4345 0
    endloop
  endfacet
  facet normal 0 0 -1
    outer loop
      vertex 35.5791 -28.1059 0
      vertex 40.0092 -11.7725 0
      vertex 35.6852 -28.2659 0
    endloop
  endfacet
  facet normal 0 0 -1
    outer loop
      vertex 35.4596 -27.9558 0
      vertex 40.0092 -11.7725 0
      vertex 35.5791 -28.1059 0
    endloop
  endfacet
  facet normal 0 0 -1
    outer loop
      vertex 35.3274 -27.8167 0
      vertex 40.0092 -11.7725 0
      vertex 35.4596 -27.9558 0
    endloop
  endfacet
  facet normal 0 0 -1
    outer loop
      vertex 35.1836 -27.6895 0
      vertex 40.0092 -11.7725 0
      vertex 35.3274 -27.8167 0
    endloop
  endfacet
  facet normal 0 0 -1
    outer loop
      vertex 35.0293 -27.5755 0
      vertex 40.0092 -11.7725 0
      vertex 35.1836 -27.6895 0
    endloop
  endfacet
  facet normal 0 0 -1
    outer loop
      vertex 40.0092 -11.7725 0
      vertex 28.25 48.88 0
      vertex 39.9723 58.5835 0
    endloop
  endfacet
  facet normal 0 0 -1
    outer loop
      vertex 28.168 49.8177 0
      vertex 39.9723 58.5835 0
      vertex 28.2294 49.3506 0
    endloop
  endfacet
  facet normal 0 0 -1
    outer loop
      vertex 27.9243 50.7269 0
      vertex 39.9723 58.5835 0
      vertex 28.066 50.2776 0
    endloop
  endfacet
  facet normal -0 0 -1
    outer loop
      vertex 39.4954 59.0048 0
      vertex 27.9243 50.7269 0
      vertex 38.9677 59.4035 0
    endloop
  endfacet
  facet normal -0 0 -1
    outer loop
      vertex 39.9723 58.5835 0
      vertex 27.9243 50.7269 0
      vertex 39.4954 59.0048 0
    endloop
  endfacet
  facet normal 0 0 -1
    outer loop
      vertex 28.066 50.2776 0
      vertex 39.9723 58.5835 0
      vertex 28.168 49.8177 0
    endloop
  endfacet
  facet normal 0 0 -1
    outer loop
      vertex 28.2294 49.3506 0
      vertex 39.9723 58.5835 0
      vertex 28.25 48.88 0
    endloop
  endfacet
  facet normal 0 0 -1
    outer loop
      vertex 34.8656 -27.4753 0
      vertex 40.0092 -11.7725 0
      vertex 35.0293 -27.5755 0
    endloop
  endfacet
  facet normal 0 0 -1
    outer loop
      vertex 34.6938 -27.3897 0
      vertex 40.0092 -11.7725 0
      vertex 34.8656 -27.4753 0
    endloop
  endfacet
  facet normal -0 0 -1
    outer loop
      vertex 38.9677 59.4035 0
      vertex 27.9243 50.7269 0
      vertex 38.3889 59.781 0
    endloop
  endfacet
  facet normal 0 0 -1
    outer loop
      vertex 34.5152 -27.3195 0
      vertex 40.0092 -11.7725 0
      vertex 34.6938 -27.3897 0
    endloop
  endfacet
  facet normal 0 0 -1
    outer loop
      vertex 34.3311 -27.2651 0
      vertex 40.0092 -11.7725 0
      vertex 34.5152 -27.3195 0
    endloop
  endfacet
  facet normal 0 0 -1
    outer loop
      vertex 40.0092 -11.7725 0
      vertex 34.3311 -27.2651 0
      vertex 28.25 -21.32 0
    endloop
  endfacet
  facet normal 0 0 -1
    outer loop
      vertex 28.25 -21.32 0
      vertex 34.3311 -27.2651 0
      vertex 34.143 -27.2269 0
    endloop
  endfacet
  facet normal 0 0 -1
    outer loop
      vertex 28.25 -21.32 0
      vertex 34.143 -27.2269 0
      vertex 33.9523 -27.2053 0
    endloop
  endfacet
  facet normal -0 0 -1
    outer loop
      vertex 38.3889 59.781 0
      vertex 27.9243 50.7269 0
      vertex 37.7587 60.1389 0
    endloop
  endfacet
  facet normal 0 0 -1
    outer loop
      vertex 28.25 -21.32 0
      vertex 33.9523 -27.2053 0
      vertex 33.8 -27.2 0
    endloop
  endfacet
  facet normal 0 0 -1
    outer loop
      vertex 27.744 51.1621 0
      vertex 37.7587 60.1389 0
      vertex 27.9243 50.7269 0
    endloop
  endfacet
  facet normal -0 0 -1
    outer loop
      vertex 37.7587 60.1389 0
      vertex 27.744 51.1621 0
      vertex 37.0768 60.4781 0
    endloop
  endfacet
  facet normal -0 0 -1
    outer loop
      vertex 37.0768 60.4781 0
      vertex 27.744 51.1621 0
      vertex 36.3426 60.7995 0
    endloop
  endfacet
  facet normal 0 0 -1
    outer loop
      vertex 27.5265 51.58 0
      vertex 36.3426 60.7995 0
      vertex 27.744 51.1621 0
    endloop
  endfacet
  facet normal -0 0 -1
    outer loop
      vertex 36.3426 60.7995 0
      vertex 27.5265 51.58 0
      vertex 35.5556 61.1038 0
    endloop
  endfacet
  facet normal -0 0 -1
    outer loop
      vertex 40.0092 -11.7725 0
      vertex 28.25 -21.32 0
      vertex 28.25 48.88 0
    endloop
  endfacet
  facet normal 0 0 -1
    outer loop
      vertex 33.8 -27.2 0
      vertex 28.2294 -21.7906 0
      vertex 28.25 -21.32 0
    endloop
  endfacet
  facet normal 0 0 -1
    outer loop
      vertex 33.8 -27.2 0
      vertex 28.168 -22.2577 0
      vertex 28.2294 -21.7906 0
    endloop
  endfacet
  facet normal 0 0 -1
    outer loop
      vertex 33.8 -27.2 0
      vertex 28.066 -22.7176 0
      vertex 28.168 -22.2577 0
    endloop
  endfacet
  facet normal 0 0 -1
    outer loop
      vertex 33.8 -27.2 0
      vertex 27.9243 -23.1669 0
      vertex 28.066 -22.7176 0
    endloop
  endfacet
  facet normal 0 0 -1
    outer loop
      vertex 33.8 -27.2 0
      vertex 27.744 -23.6021 0
      vertex 27.9243 -23.1669 0
    endloop
  endfacet
  facet normal 0 0 -1
    outer loop
      vertex 33.8 -27.2 0
      vertex 27.5265 -24.02 0
      vertex 27.744 -23.6021 0
    endloop
  endfacet
  facet normal 0 0 -1
    outer loop
      vertex 33.8 -27.2 0
      vertex 27.2734 -24.4173 0
      vertex 27.5265 -24.02 0
    endloop
  endfacet
  facet normal 0 0 -1
    outer loop
      vertex 33.8 -27.2 0
      vertex 26.9866 -24.791 0
      vertex 27.2734 -24.4173 0
    endloop
  endfacet
  facet normal 0 0 -1
    outer loop
      vertex 33.8 -27.2 0
      vertex 26.6684 -25.1384 0
      vertex 26.9866 -24.791 0
    endloop
  endfacet
  facet normal 0 0 -1
    outer loop
      vertex 33.8 -27.2 0
      vertex 26.321 -25.4566 0
      vertex 26.6684 -25.1384 0
    endloop
  endfacet
  facet normal 0 0 -1
    outer loop
      vertex 33.8 -27.2 0
      vertex 25.9473 -25.7434 0
      vertex 26.321 -25.4566 0
    endloop
  endfacet
  facet normal 0 0 -1
    outer loop
      vertex 33.8 -27.2 0
      vertex 25.55 -25.9965 0
      vertex 25.9473 -25.7434 0
    endloop
  endfacet
  facet normal 0 0 -1
    outer loop
      vertex 33.8 -27.2 0
      vertex 25.1321 -26.214 0
      vertex 25.55 -25.9965 0
    endloop
  endfacet
  facet normal 0 0 -1
    outer loop
      vertex 33.8 -27.2 0
      vertex 24.6969 -26.3943 0
      vertex 25.1321 -26.214 0
    endloop
  endfacet
  facet normal 0 0 -1
    outer loop
      vertex 33.8 -27.2 0
      vertex 24.2476 -26.536 0
      vertex 24.6969 -26.3943 0
    endloop
  endfacet
  facet normal 0 0 -1
    outer loop
      vertex 33.8 -27.2 0
      vertex 23.7877 -26.638 0
      vertex 24.2476 -26.536 0
    endloop
  endfacet
  facet normal 0 0 -1
    outer loop
      vertex 33.8 -27.2 0
      vertex 23.3206 -26.6994 0
      vertex 23.7877 -26.638 0
    endloop
  endfacet
  facet normal 0 0 -1
    outer loop
      vertex 33.8 -27.2 0
      vertex 22.85 -26.72 0
      vertex 23.3206 -26.6994 0
    endloop
  endfacet
  facet normal 0 0 -1
    outer loop
      vertex 33.8 -27.2 0
      vertex -22.85 -26.72 0
      vertex 22.85 -26.72 0
    endloop
  endfacet
  facet normal 0 0 -1
    outer loop
      vertex -35.0619 -27.5979 0
      vertex -28.25 48.88 0
      vertex -28.25 -21.32 0
    endloop
  endfacet
  facet normal 0 -0 -1
    outer loop
      vertex -38.3889 59.781 0
      vertex -28.25 48.88 0
      vertex -38.9677 59.4035 0
    endloop
  endfacet
  facet normal 0 0 -1
    outer loop
      vertex -28.25 48.88 0
      vertex -29.6735 62.5934 0
      vertex -28.4862 62.7882 0
    endloop
  endfacet
  facet normal 0 0 -1
    outer loop
      vertex -28.25 48.88 0
      vertex -30.7984 62.3836 0
      vertex -29.6735 62.5934 0
    endloop
  endfacet
  facet normal 0 0 -1
    outer loop
      vertex -28.25 48.88 0
      vertex -31.8633 62.1587 0
      vertex -30.7984 62.3836 0
    endloop
  endfacet
  facet normal 0 0 -1
    outer loop
      vertex -33.8 -27.2 0
      vertex -28.25 -21.32 0
      vertex -28.2294 -21.7906 0
    endloop
  endfacet
  facet normal 0 0 -1
    outer loop
      vertex -33.8 -27.2 0
      vertex -22.85 -26.72 0
      vertex 33.8 -27.2 0
    endloop
  endfacet
  facet normal 0 0 -1
    outer loop
      vertex -33.8 -27.2 0
      vertex -23.3206 -26.6994 0
      vertex -22.85 -26.72 0
    endloop
  endfacet
  facet normal 0 0 -1
    outer loop
      vertex -33.8 -27.2 0
      vertex -23.7877 -26.638 0
      vertex -23.3206 -26.6994 0
    endloop
  endfacet
  facet normal 0 0 -1
    outer loop
      vertex -33.8 -27.2 0
      vertex -24.2476 -26.536 0
      vertex -23.7877 -26.638 0
    endloop
  endfacet
  facet normal 0 0 -1
    outer loop
      vertex -33.8 -27.2 0
      vertex -24.6969 -26.3943 0
      vertex -24.2476 -26.536 0
    endloop
  endfacet
  facet normal 0 0 -1
    outer loop
      vertex -33.8 -27.2 0
      vertex -25.1321 -26.214 0
      vertex -24.6969 -26.3943 0
    endloop
  endfacet
  facet normal 0 0 -1
    outer loop
      vertex -33.8 -27.2 0
      vertex -25.55 -25.9965 0
      vertex -25.1321 -26.214 0
    endloop
  endfacet
  facet normal 0 0 -1
    outer loop
      vertex -33.8 -27.2 0
      vertex -25.9473 -25.7434 0
      vertex -25.55 -25.9965 0
    endloop
  endfacet
  facet normal 0 0 -1
    outer loop
      vertex -33.8 -27.2 0
      vertex -26.321 -25.4566 0
      vertex -25.9473 -25.7434 0
    endloop
  endfacet
  facet normal 0 0 -1
    outer loop
      vertex -33.8 -27.2 0
      vertex -26.6684 -25.1384 0
      vertex -26.321 -25.4566 0
    endloop
  endfacet
  facet normal 0 0 -1
    outer loop
      vertex -33.8 -27.2 0
      vertex -26.9866 -24.791 0
      vertex -26.6684 -25.1384 0
    endloop
  endfacet
  facet normal 0 0 -1
    outer loop
      vertex -33.8 -27.2 0
      vertex -27.2734 -24.4173 0
      vertex -26.9866 -24.791 0
    endloop
  endfacet
  facet normal 0 0 -1
    outer loop
      vertex -33.8 -27.2 0
      vertex -27.5265 -24.02 0
      vertex -27.2734 -24.4173 0
    endloop
  endfacet
  facet normal 0 0 -1
    outer loop
      vertex -33.8 -27.2 0
      vertex -27.744 -23.6021 0
      vertex -27.5265 -24.02 0
    endloop
  endfacet
  facet normal 0 0 -1
    outer loop
      vertex -33.8 -27.2 0
      vertex -27.9243 -23.1669 0
      vertex -27.744 -23.6021 0
    endloop
  endfacet
  facet normal 0 0 -1
    outer loop
      vertex -33.8 -27.2 0
      vertex -28.066 -22.7176 0
      vertex -27.9243 -23.1669 0
    endloop
  endfacet
  facet normal 0 0 -1
    outer loop
      vertex -33.8 -27.2 0
      vertex -28.168 -22.2577 0
      vertex -28.066 -22.7176 0
    endloop
  endfacet
  facet normal 0 0 -1
    outer loop
      vertex -33.8 -27.2 0
      vertex -28.2294 -21.7906 0
      vertex -28.168 -22.2577 0
    endloop
  endfacet
  facet normal 0 0 -1
    outer loop
      vertex -28.25 -21.32 0
      vertex -33.8 -27.2 0
      vertex -33.9917 -27.2084 0
    endloop
  endfacet
  facet normal 0 0 -1
    outer loop
      vertex -28.25 48.88 0
      vertex -32.8701 61.9186 0
      vertex -31.8633 62.1587 0
    endloop
  endfacet
  facet normal 0 0 -1
    outer loop
      vertex -28.25 -21.32 0
      vertex -33.9917 -27.2084 0
      vertex -34.182 -27.2334 0
    endloop
  endfacet
  facet normal 0 0 -1
    outer loop
      vertex -28.25 -21.32 0
      vertex -34.182 -27.2334 0
      vertex -34.3694 -27.275 0
    endloop
  endfacet
  facet normal 0 0 -1
    outer loop
      vertex -28.25 -21.32 0
      vertex -34.3694 -27.275 0
      vertex -34.5524 -27.3327 0
    endloop
  endfacet
  facet normal 0 0 -1
    outer loop
      vertex -28.25 -21.32 0
      vertex -34.5524 -27.3327 0
      vertex -34.7298 -27.4061 0
    endloop
  endfacet
  facet normal 0 0 -1
    outer loop
      vertex -28.25 48.88 0
      vertex -33.8203 61.6629 0
      vertex -32.8701 61.9186 0
    endloop
  endfacet
  facet normal 0 0 -1
    outer loop
      vertex -28.25 -21.32 0
      vertex -34.7298 -27.4061 0
      vertex -34.9 -27.4947 0
    endloop
  endfacet
  facet normal 0 0 -1
    outer loop
      vertex -28.25 -21.32 0
      vertex -34.9 -27.4947 0
      vertex -35.0619 -27.5979 0
    endloop
  endfacet
  facet normal 0 0 -1
    outer loop
      vertex -35.2141 -27.7147 0
      vertex -28.25 48.88 0
      vertex -35.0619 -27.5979 0
    endloop
  endfacet
  facet normal -0 0 -1
    outer loop
      vertex -28.25 48.88 0
      vertex -35.2141 -27.7147 0
      vertex -38.9677 59.4035 0
    endloop
  endfacet
  facet normal 0 0 -1
    outer loop
      vertex -38.9677 59.4035 0
      vertex -35.2141 -27.7147 0
      vertex -35.3556 -27.8444 0
    endloop
  endfacet
  facet normal 0 0 -1
    outer loop
      vertex -38.9677 59.4035 0
      vertex -35.3556 -27.8444 0
      vertex -35.4853 -27.9859 0
    endloop
  endfacet
  facet normal 0 0 -1
    outer loop
      vertex -28.25 48.88 0
      vertex -34.7151 61.3915 0
      vertex -33.8203 61.6629 0
    endloop
  endfacet
  facet normal 0 0 -1
    outer loop
      vertex -38.9677 59.4035 0
      vertex -35.4853 -27.9859 0
      vertex -35.6021 -28.1381 0
    endloop
  endfacet
  facet normal 0 0 -1
    outer loop
      vertex -38.9677 59.4035 0
      vertex -35.6021 -28.1381 0
      vertex -35.7052 -28.3 0
    endloop
  endfacet
  facet normal 0 0 -1
    outer loop
      vertex -38.9677 59.4035 0
      vertex -35.7052 -28.3 0
      vertex -35.7939 -28.4702 0
    endloop
  endfacet
  facet normal 0 0 -1
    outer loop
      vertex -38.9677 59.4035 0
      vertex -35.7939 -28.4702 0
      vertex -35.8673 -28.6476 0
    endloop
  endfacet
  facet normal 0 0 -1
    outer loop
      vertex -38.9677 59.4035 0
      vertex -35.8673 -28.6476 0
      vertex -35.925 -28.8306 0
    endloop
  endfacet
  facet normal 0 0 -1
    outer loop
      vertex -38.9677 59.4035 0
      vertex -35.925 -28.8306 0
      vertex -35.9666 -29.018 0
    endloop
  endfacet
  facet normal 0 0 -1
    outer loop
      vertex -38.9677 59.4035 0
      vertex -35.9666 -29.018 0
      vertex -35.9878 -29.1689 0
    endloop
  endfacet
  facet normal 0 0 -1
    outer loop
      vertex -28.25 48.88 0
      vertex -35.5556 61.1038 0
      vertex -34.7151 61.3915 0
    endloop
  endfacet
  facet normal 0 0 -1
    outer loop
      vertex -28.25 48.88 0
      vertex -36.3426 60.7995 0
      vertex -35.5556 61.1038 0
    endloop
  endfacet
  facet normal 0 0 -1
    outer loop
      vertex -28.25 48.88 0
      vertex -37.0768 60.4781 0
      vertex -36.3426 60.7995 0
    endloop
  endfacet
  facet normal 0 0 -1
    outer loop
      vertex -28.25 48.88 0
      vertex -37.7587 60.1389 0
      vertex -37.0768 60.4781 0
    endloop
  endfacet
  facet normal 0 0 -1
    outer loop
      vertex -38.9677 59.4035 0
      vertex -35.9878 -29.1689 0
      vertex -38.9653 -57.3553 0
    endloop
  endfacet
  facet normal 0 0 -1
    outer loop
      vertex -28.25 48.88 0
      vertex -38.3889 59.781 0
      vertex -37.7587 60.1389 0
    endloop
  endfacet
  facet normal -0 0 -1
    outer loop
      vertex 35.5556 61.1038 0
      vertex 27.5265 51.58 0
      vertex 34.7151 61.3915 0
    endloop
  endfacet
  facet normal 0 0 -1
    outer loop
      vertex 27.2734 51.9773 0
      vertex 34.7151 61.3915 0
      vertex 27.5265 51.58 0
    endloop
  endfacet
  facet normal -0 0 -1
    outer loop
      vertex 34.7151 61.3915 0
      vertex 27.2734 51.9773 0
      vertex 33.8203 61.6629 0
    endloop
  endfacet
  facet normal 0 0 -1
    outer loop
      vertex 26.9866 52.351 0
      vertex 33.8203 61.6629 0
      vertex 27.2734 51.9773 0
    endloop
  endfacet
  facet normal -0 0 -1
    outer loop
      vertex 33.8203 61.6629 0
      vertex 26.9866 52.351 0
      vertex 32.8701 61.9186 0
    endloop
  endfacet
  facet normal -0 0 -1
    outer loop
      vertex 32.8701 61.9186 0
      vertex 26.9866 52.351 0
      vertex 31.8633 62.1587 0
    endloop
  endfacet
  facet normal 0 0 -1
    outer loop
      vertex 26.6684 52.6984 0
      vertex 31.8633 62.1587 0
      vertex 26.9866 52.351 0
    endloop
  endfacet
  facet normal -0 0 -1
    outer loop
      vertex 31.8633 62.1587 0
      vertex 26.6684 52.6984 0
      vertex 30.7984 62.3836 0
    endloop
  endfacet
  facet normal 0 0 -1
    outer loop
      vertex 26.321 53.0166 0
      vertex 30.7984 62.3836 0
      vertex 26.6684 52.6984 0
    endloop
  endfacet
  facet normal 0 0 -1
    outer loop
      vertex 25.9473 53.3034 0
      vertex 30.7984 62.3836 0
      vertex 26.321 53.0166 0
    endloop
  endfacet
  facet normal -0 0 -1
    outer loop
      vertex 30.7984 62.3836 0
      vertex 25.9473 53.3034 0
      vertex 29.6735 62.5934 0
    endloop
  endfacet
  facet normal 0 0 -1
    outer loop
      vertex 25.55 53.5565 0
      vertex 29.6735 62.5934 0
      vertex 25.9473 53.3034 0
    endloop
  endfacet
  facet normal -0 0 -1
    outer loop
      vertex 29.6735 62.5934 0
      vertex 25.55 53.5565 0
      vertex 28.4862 62.7882 0
    endloop
  endfacet
  facet normal 0 0 -1
    outer loop
      vertex 25.1321 53.774 0
      vertex 28.4862 62.7882 0
      vertex 25.55 53.5565 0
    endloop
  endfacet
  facet normal -0 0 -1
    outer loop
      vertex 28.4862 62.7882 0
      vertex 25.1321 53.774 0
      vertex 27.2336 62.9683 0
    endloop
  endfacet
  facet normal 0 0 -1
    outer loop
      vertex 24.6969 53.9543 0
      vertex 27.2336 62.9683 0
      vertex 25.1321 53.774 0
    endloop
  endfacet
  facet normal -0 0 -1
    outer loop
      vertex 27.2336 62.9683 0
      vertex 24.6969 53.9543 0
      vertex 25.9121 63.1336 0
    endloop
  endfacet
  facet normal 0 0 -1
    outer loop
      vertex 24.2476 54.096 0
      vertex 25.9121 63.1336 0
      vertex 24.6969 53.9543 0
    endloop
  endfacet
  facet normal 0 0 -1
    outer loop
      vertex 23.7877 54.198 0
      vertex 25.9121 63.1336 0
      vertex 24.2476 54.096 0
    endloop
  endfacet
  facet normal -0 0 -1
    outer loop
      vertex 25.9121 63.1336 0
      vertex 23.7877 54.198 0
      vertex 24.517 63.2844 0
    endloop
  endfacet
  facet normal 0 0 -1
    outer loop
      vertex 23.3206 54.2594 0
      vertex 24.517 63.2844 0
      vertex 23.7877 54.198 0
    endloop
  endfacet
  facet normal 0 0 -1
    outer loop
      vertex 23.3206 54.2594 0
      vertex 23.0422 63.4206 0
      vertex 24.517 63.2844 0
    endloop
  endfacet
  facet normal 0 0 -1
    outer loop
      vertex 22.85 54.28 0
      vertex 23.0422 63.4206 0
      vertex 23.3206 54.2594 0
    endloop
  endfacet
  facet normal 0 0 -1
    outer loop
      vertex 22.85 54.28 0
      vertex 21.4799 63.5424 0
      vertex 23.0422 63.4206 0
    endloop
  endfacet
  facet normal 0 0 -1
    outer loop
      vertex 22.85 54.28 0
      vertex 19.8193 63.6498 0
      vertex 21.4799 63.5424 0
    endloop
  endfacet
  facet normal 0 0 -1
    outer loop
      vertex 22.85 54.28 0
      vertex 18.0456 63.7428 0
      vertex 19.8193 63.6498 0
    endloop
  endfacet
  facet normal 0 0 -1
    outer loop
      vertex 22.85 54.28 0
      vertex 16.1374 63.8214 0
      vertex 18.0456 63.7428 0
    endloop
  endfacet
  facet normal 0 0 -1
    outer loop
      vertex 22.85 54.28 0
      vertex 14.0619 63.8857 0
      vertex 16.1374 63.8214 0
    endloop
  endfacet
  facet normal 0 0 -1
    outer loop
      vertex 22.85 54.28 0
      vertex 11.7641 63.9357 0
      vertex 14.0619 63.8857 0
    endloop
  endfacet
  facet normal 0 0 -1
    outer loop
      vertex 22.85 54.28 0
      vertex 9.13974 63.9714 0
      vertex 11.7641 63.9357 0
    endloop
  endfacet
  facet normal 0 0 -1
    outer loop
      vertex 22.85 54.28 0
      vertex 5.92992 63.9929 0
      vertex 9.13974 63.9714 0
    endloop
  endfacet
  facet normal 0 0 -1
    outer loop
      vertex 22.85 54.28 0
      vertex 0 64 0
      vertex 5.92992 63.9929 0
    endloop
  endfacet
  facet normal 0 0 -1
    outer loop
      vertex -22.85 54.28 0
      vertex 0 64 0
      vertex 22.85 54.28 0
    endloop
  endfacet
  facet normal 0 0 -1
    outer loop
      vertex 0 64 0
      vertex -22.85 54.28 0
      vertex -5.92992 63.9929 0
    endloop
  endfacet
  facet normal 0 0 -1
    outer loop
      vertex -5.92992 63.9929 0
      vertex -22.85 54.28 0
      vertex -9.13974 63.9714 0
    endloop
  endfacet
  facet normal 0 0 -1
    outer loop
      vertex -9.13974 63.9714 0
      vertex -22.85 54.28 0
      vertex -11.7641 63.9357 0
    endloop
  endfacet
  facet normal 0 0 -1
    outer loop
      vertex -11.7641 63.9357 0
      vertex -22.85 54.28 0
      vertex -14.0619 63.8857 0
    endloop
  endfacet
  facet normal 0 0 -1
    outer loop
      vertex -14.0619 63.8857 0
      vertex -22.85 54.28 0
      vertex -16.1374 63.8214 0
    endloop
  endfacet
  facet normal 0 0 -1
    outer loop
      vertex -16.1374 63.8214 0
      vertex -22.85 54.28 0
      vertex -18.0456 63.7428 0
    endloop
  endfacet
  facet normal 0 0 -1
    outer loop
      vertex -18.0456 63.7428 0
      vertex -22.85 54.28 0
      vertex -19.8193 63.6498 0
    endloop
  endfacet
  facet normal 0 0 -1
    outer loop
      vertex -19.8193 63.6498 0
      vertex -22.85 54.28 0
      vertex -21.4799 63.5424 0
    endloop
  endfacet
  facet normal 0 0 -1
    outer loop
      vertex -22.85 54.28 0
      vertex -23.0422 63.4206 0
      vertex -21.4799 63.5424 0
    endloop
  endfacet
  facet normal 0 0 -1
    outer loop
      vertex -23.3206 54.2594 0
      vertex -23.0422 63.4206 0
      vertex -22.85 54.28 0
    endloop
  endfacet
  facet normal 0 0 -1
    outer loop
      vertex -24.517 63.2844 0
      vertex -23.3206 54.2594 0
      vertex -23.7877 54.198 0
    endloop
  endfacet
  facet normal 0 0 -1
    outer loop
      vertex -25.9121 63.1336 0
      vertex -23.7877 54.198 0
      vertex -24.2476 54.096 0
    endloop
  endfacet
  facet normal 0 0 -1
    outer loop
      vertex -23.3206 54.2594 0
      vertex -24.517 63.2844 0
      vertex -23.0422 63.4206 0
    endloop
  endfacet
  facet normal 0 0 -1
    outer loop
      vertex -25.9121 63.1336 0
      vertex -24.2476 54.096 0
      vertex -24.6969 53.9543 0
    endloop
  endfacet
  facet normal 0 0 -1
    outer loop
      vertex -27.2336 62.9683 0
      vertex -24.6969 53.9543 0
      vertex -25.1321 53.774 0
    endloop
  endfacet
  facet normal 0 0 -1
    outer loop
      vertex -28.4862 62.7882 0
      vertex -25.1321 53.774 0
      vertex -25.55 53.5565 0
    endloop
  endfacet
  facet normal 0 0 -1
    outer loop
      vertex -23.7877 54.198 0
      vertex -25.9121 63.1336 0
      vertex -24.517 63.2844 0
    endloop
  endfacet
  facet normal 0 0 -1
    outer loop
      vertex -28.4862 62.7882 0
      vertex -25.55 53.5565 0
      vertex -25.9473 53.3034 0
    endloop
  endfacet
  facet normal 0 0 -1
    outer loop
      vertex -28.4862 62.7882 0
      vertex -25.9473 53.3034 0
      vertex -26.321 53.0166 0
    endloop
  endfacet
  facet normal 0 0 -1
    outer loop
      vertex -28.4862 62.7882 0
      vertex -26.321 53.0166 0
      vertex -26.6684 52.6984 0
    endloop
  endfacet
  facet normal 0 0 -1
    outer loop
      vertex -28.4862 62.7882 0
      vertex -26.6684 52.6984 0
      vertex -26.9866 52.351 0
    endloop
  endfacet
  facet normal 0 0 -1
    outer loop
      vertex -24.6969 53.9543 0
      vertex -27.2336 62.9683 0
      vertex -25.9121 63.1336 0
    endloop
  endfacet
  facet normal 0 0 -1
    outer loop
      vertex -28.4862 62.7882 0
      vertex -26.9866 52.351 0
      vertex -27.2734 51.9773 0
    endloop
  endfacet
  facet normal 0 0 -1
    outer loop
      vertex -28.4862 62.7882 0
      vertex -27.2734 51.9773 0
      vertex -27.5265 51.58 0
    endloop
  endfacet
  facet normal 0 0 -1
    outer loop
      vertex -28.4862 62.7882 0
      vertex -27.5265 51.58 0
      vertex -27.744 51.1621 0
    endloop
  endfacet
  facet normal 0 0 -1
    outer loop
      vertex -28.4862 62.7882 0
      vertex -27.744 51.1621 0
      vertex -27.9243 50.7269 0
    endloop
  endfacet
  facet normal 0 0 -1
    outer loop
      vertex -28.4862 62.7882 0
      vertex -27.9243 50.7269 0
      vertex -28.066 50.2776 0
    endloop
  endfacet
  facet normal 0 0 -1
    outer loop
      vertex -28.4862 62.7882 0
      vertex -28.066 50.2776 0
      vertex -28.168 49.8177 0
    endloop
  endfacet
  facet normal 0 0 -1
    outer loop
      vertex -28.4862 62.7882 0
      vertex -28.168 49.8177 0
      vertex -28.2294 49.3506 0
    endloop
  endfacet
  facet normal 0 0 -1
    outer loop
      vertex -25.1321 53.774 0
      vertex -28.4862 62.7882 0
      vertex -27.2336 62.9683 0
    endloop
  endfacet
  facet normal 0 0 -1
    outer loop
      vertex -28.4862 62.7882 0
      vertex -28.2294 49.3506 0
      vertex -28.25 48.88 0
    endloop
  endfacet
  facet normal 0 0 -1
    outer loop
      vertex -42 52 0
      vertex -38.9677 59.4035 0
      vertex -41.975 50.3057 0
    endloop
  endfacet
  facet normal 0 -0 -1
    outer loop
      vertex -41.975 53.6943 0
      vertex -38.9677 59.4035 0
      vertex -42 52 0
    endloop
  endfacet
  facet normal 0 -0 -1
    outer loop
      vertex -41.9 54.6113 0
      vertex -38.9677 59.4035 0
      vertex -41.975 53.6943 0
    endloop
  endfacet
  facet normal 0 0 -1
    outer loop
      vertex -38.9677 59.4035 0
      vertex -41.9 54.6113 0
      vertex -39.4954 59.0048 0
    endloop
  endfacet
  facet normal 0 0 -1
    outer loop
      vertex -39.4954 59.0048 0
      vertex -41.9 54.6113 0
      vertex -39.9723 58.5835 0
    endloop
  endfacet
  facet normal 0 -0 -1
    outer loop
      vertex -41.7751 55.3612 0
      vertex -39.9723 58.5835 0
      vertex -41.9 54.6113 0
    endloop
  endfacet
  facet normal 0 0 -1
    outer loop
      vertex -39.9723 58.5835 0
      vertex -41.7751 55.3612 0
      vertex -40.3985 58.1371 0
    endloop
  endfacet
  facet normal 0 0 -1
    outer loop
      vertex -40.3985 58.1371 0
      vertex -41.7751 55.3612 0
      vertex -40.7743 57.6626 0
    endloop
  endfacet
  facet normal 0 0 -1
    outer loop
      vertex -40.7743 57.6626 0
      vertex -41.7751 55.3612 0
      vertex -41.0997 57.1559 0
    endloop
  endfacet
  facet normal 0 0 -1
    outer loop
      vertex -41.0997 57.1559 0
      vertex -41.7751 55.3612 0
      vertex -41.375 56.6107 0
    endloop
  endfacet
  facet normal 0 0 -1
    outer loop
      vertex -41.375 56.6107 0
      vertex -41.7751 55.3612 0
      vertex -41.6001 56.0177 0
    endloop
  endfacet
  facet normal -0 0 1
    outer loop
      vertex 39.2267 53.5616 3
      vertex 42 52 3
      vertex 41.975 53.6943 3
    endloop
  endfacet
  facet normal 0 0 1
    outer loop
      vertex 39.2267 53.5616 3
      vertex 41.975 53.6943 3
      vertex 41.9 54.6113 3
    endloop
  endfacet
  facet normal 0 0 1
    outer loop
      vertex 39.1685 54.2727 3
      vertex 41.9 54.6113 3
      vertex 41.7751 55.3612 3
    endloop
  endfacet
  facet normal 0 0 1
    outer loop
      vertex 39.084 54.7796 3
      vertex 41.7751 55.3612 3
      vertex 41.6001 56.0177 3
    endloop
  endfacet
  facet normal 0 0 1
    outer loop
      vertex 42 52 3
      vertex 39.2267 53.5616 3
      vertex 39.2497 52 3
    endloop
  endfacet
  facet normal 0 0 1
    outer loop
      vertex 38.979 55.1735 3
      vertex 41.6001 56.0177 3
      vertex 41.375 56.6107 3
    endloop
  endfacet
  facet normal 0 0 1
    outer loop
      vertex 38.8551 55.5 3
      vertex 41.375 56.6107 3
      vertex 41.0997 57.1559 3
    endloop
  endfacet
  facet normal 0 0 1
    outer loop
      vertex 38.709 55.7896 3
      vertex 41.0997 57.1559 3
      vertex 40.7743 57.6626 3
    endloop
  endfacet
  facet normal 0 0 1
    outer loop
      vertex 38.534 56.062 3
      vertex 40.7743 57.6626 3
      vertex 40.3985 58.1371 3
    endloop
  endfacet
  facet normal 0 0 1
    outer loop
      vertex 41.975 50.3057 3
      vertex 39.2254 50.3523 3
      vertex 41.5 25 3
    endloop
  endfacet
  facet normal 0 0 1
    outer loop
      vertex 38.3217 56.33 3
      vertex 40.3985 58.1371 3
      vertex 39.9723 58.5835 3
    endloop
  endfacet
  facet normal 0 0 1
    outer loop
      vertex 42.6602 -59 3
      vertex 40.1841 -57.7686 3
      vertex 42.1915 -59.7358 3
    endloop
  endfacet
  facet normal 0 0 1
    outer loop
      vertex 42.1915 -59.7358 3
      vertex 40.1841 -57.7686 3
      vertex 41.6604 -60.4279 3
    endloop
  endfacet
  facet normal 0 0 1
    outer loop
      vertex 41.6604 -60.4279 3
      vertex 40.1841 -57.7686 3
      vertex 40.7666 -60.8459 3
    endloop
  endfacet
  facet normal 0 0 1
    outer loop
      vertex 41.2474 -54 3
      vertex 44 -54 3
      vertex 43.9619 -53.1284 3
    endloop
  endfacet
  facet normal 0 0 1
    outer loop
      vertex 44 -54 3
      vertex 41.2474 -54 3
      vertex 43.9619 -54.8716 3
    endloop
  endfacet
  facet normal 0 0 1
    outer loop
      vertex 43.9619 -54.8716 3
      vertex 41.2198 -54.6316 3
      vertex 43.8481 -55.7365 3
    endloop
  endfacet
  facet normal -0 0 1
    outer loop
      vertex 41.1373 -55.2585 3
      vertex 43.8481 -55.7365 3
      vertex 41.2198 -54.6316 3
    endloop
  endfacet
  facet normal -0 0 1
    outer loop
      vertex 41.0004 -55.8757 3
      vertex 43.6593 -56.5882 3
      vertex 41.1373 -55.2585 3
    endloop
  endfacet
  facet normal 0 0 1
    outer loop
      vertex 41.217 -53.304 3
      vertex 43.9619 -53.1284 3
      vertex 42.9715 -41.3463 3
    endloop
  endfacet
  facet normal 0 -0 1
    outer loop
      vertex 41.2474 -54 3
      vertex 43.9619 -53.1284 3
      vertex 41.217 -53.304 3
    endloop
  endfacet
  facet normal 0 0 1
    outer loop
      vertex 43.9619 -54.8716 3
      vertex 41.2474 -54 3
      vertex 41.2198 -54.6316 3
    endloop
  endfacet
  facet normal 0 0 1
    outer loop
      vertex 43.8481 -55.7365 3
      vertex 41.1373 -55.2585 3
      vertex 43.6593 -56.5882 3
    endloop
  endfacet
  facet normal -0 0 1
    outer loop
      vertex 40.8103 -56.4788 3
      vertex 43.3969 -57.4202 3
      vertex 41.0004 -55.8757 3
    endloop
  endfacet
  facet normal 0 0 1
    outer loop
      vertex 43.6593 -56.5882 3
      vertex 41.0004 -55.8757 3
      vertex 43.3969 -57.4202 3
    endloop
  endfacet
  facet normal 0 0 1
    outer loop
      vertex 42.9715 -41.3463 3
      vertex 40.2329 -41.5984 3
      vertex 41.217 -53.304 3
    endloop
  endfacet
  facet normal 0 0 1
    outer loop
      vertex 40.0092 -11.7725 3
      vertex 40.2329 -41.5984 3
      vertex 42.9715 -41.3463 3
    endloop
  endfacet
  facet normal 0 0 1
    outer loop
      vertex 38.064 56.5999 3
      vertex 39.9723 58.5835 3
      vertex 39.4954 59.0048 3
    endloop
  endfacet
  facet normal 0 0 1
    outer loop
      vertex 41.975 50.3057 3
      vertex 39.2497 52 3
      vertex 39.2254 50.3523 3
    endloop
  endfacet
  facet normal 0 0 1
    outer loop
      vertex 41.5 25 3
      vertex 39.2254 50.3523 3
      vertex 38.7511 25.0816 3
    endloop
  endfacet
  facet normal 0 0 1
    outer loop
      vertex 41.5 25 3
      vertex 38.7511 25.0816 3
      vertex 40.0092 -11.7725 3
    endloop
  endfacet
  facet normal 0 0 1
    outer loop
      vertex 37.2536 -11.8542 3
      vertex 40.0092 -11.7725 3
      vertex 38.7511 25.0816 3
    endloop
  endfacet
  facet normal 0 0 1
    outer loop
      vertex 40.0092 -11.7725 3
      vertex 37.2536 -11.8542 3
      vertex 40.2329 -41.5984 3
    endloop
  endfacet
  facet normal 0 0 1
    outer loop
      vertex 43.3969 -57.4202 3
      vertex 40.8103 -56.4788 3
      vertex 43.0631 -58.2262 3
    endloop
  endfacet
  facet normal -0 0 1
    outer loop
      vertex 40.5684 -57.0628 3
      vertex 43.0631 -58.2262 3
      vertex 40.8103 -56.4788 3
    endloop
  endfacet
  facet normal 0 0 1
    outer loop
      vertex 43.0631 -58.2262 3
      vertex 40.5684 -57.0628 3
      vertex 42.6602 -59 3
    endloop
  endfacet
  facet normal -0 0 1
    outer loop
      vertex 40.2764 -57.6237 3
      vertex 42.6602 -59 3
      vertex 40.5684 -57.0628 3
    endloop
  endfacet
  facet normal -0 0 1
    outer loop
      vertex 40.1841 -57.7686 3
      vertex 42.6602 -59 3
      vertex 40.2764 -57.6237 3
    endloop
  endfacet
  facet normal 0 0 1
    outer loop
      vertex 41.6604 -60.4279 3
      vertex 40.7666 -60.8459 3
      vertex 41.0711 -61.0711 3
    endloop
  endfacet
  facet normal 0 0 1
    outer loop
      vertex 40.7666 -60.8459 3
      vertex 40.4279 -61.6604 3
      vertex 41.0711 -61.0711 3
    endloop
  endfacet
  facet normal 0 0 1
    outer loop
      vertex 38.2405 -59.8725 3
      vertex 40.4279 -61.6604 3
      vertex 40.7666 -60.8459 3
    endloop
  endfacet
  facet normal 0 0 1
    outer loop
      vertex 40.4279 -61.6604 3
      vertex 38.2405 -59.8725 3
      vertex 39.7358 -62.1915 3
    endloop
  endfacet
  facet normal -0 0 1
    outer loop
      vertex 38.1569 -59.9367 3
      vertex 39.7358 -62.1915 3
      vertex 38.2405 -59.8725 3
    endloop
  endfacet
  facet normal 0 0 1
    outer loop
      vertex 39.7358 -62.1915 3
      vertex 38.1569 -59.9367 3
      vertex 39 -62.6602 3
    endloop
  endfacet
  facet normal -0 0 1
    outer loop
      vertex 37.6237 -60.2764 3
      vertex 39 -62.6602 3
      vertex 38.1569 -59.9367 3
    endloop
  endfacet
  facet normal 0 0 1
    outer loop
      vertex 39 -62.6602 3
      vertex 37.6237 -60.2764 3
      vertex 38.2262 -63.0631 3
    endloop
  endfacet
  facet normal -0 0 1
    outer loop
      vertex 37.0628 -60.5684 3
      vertex 38.2262 -63.0631 3
      vertex 37.6237 -60.2764 3
    endloop
  endfacet
  facet normal 0 0 1
    outer loop
      vertex 38.2262 -63.0631 3
      vertex 37.0628 -60.5684 3
      vertex 37.4202 -63.3969 3
    endloop
  endfacet
  facet normal -0 0 1
    outer loop
      vertex 36.4788 -60.8103 3
      vertex 37.4202 -63.3969 3
      vertex 37.0628 -60.5684 3
    endloop
  endfacet
  facet normal 0 0 1
    outer loop
      vertex 37.4202 -63.3969 3
      vertex 36.4788 -60.8103 3
      vertex 36.5882 -63.6593 3
    endloop
  endfacet
  facet normal -0 0 1
    outer loop
      vertex 35.8757 -61.0004 3
      vertex 36.5882 -63.6593 3
      vertex 36.4788 -60.8103 3
    endloop
  endfacet
  facet normal 0 0 1
    outer loop
      vertex 35.8757 -61.0004 3
      vertex 35.7365 -63.8481 3
      vertex 36.5882 -63.6593 3
    endloop
  endfacet
  facet normal -0 0 1
    outer loop
      vertex 35.2585 -61.1373 3
      vertex 35.7365 -63.8481 3
      vertex 35.8757 -61.0004 3
    endloop
  endfacet
  facet normal 0 0 1
    outer loop
      vertex 35.2585 -61.1373 3
      vertex 34.8716 -63.9619 3
      vertex 35.7365 -63.8481 3
    endloop
  endfacet
  facet normal -0 0 1
    outer loop
      vertex 34.6316 -61.2198 3
      vertex 34.8716 -63.9619 3
      vertex 35.2585 -61.1373 3
    endloop
  endfacet
  facet normal 0 0 1
    outer loop
      vertex 34.6316 -61.2198 3
      vertex 34 -64 3
      vertex 34.8716 -63.9619 3
    endloop
  endfacet
  facet normal -0 0 1
    outer loop
      vertex 33.9401 -61.25 3
      vertex 34 -64 3
      vertex 34.6316 -61.2198 3
    endloop
  endfacet
  facet normal -0 0 1
    outer loop
      vertex 32.7425 -61.25 3
      vertex 34 -64 3
      vertex 33.9401 -61.25 3
    endloop
  endfacet
  facet normal -0 0 1
    outer loop
      vertex 31.7694 -63.2861 3
      vertex 34 -64 3
      vertex 32.7425 -61.25 3
    endloop
  endfacet
  facet normal 0 0 1
    outer loop
      vertex 24.7164 -61.6347 3
      vertex 29.4918 -61.25 3
      vertex 24.9562 -61.25 3
    endloop
  endfacet
  facet normal 0 0 1
    outer loop
      vertex 29.4918 -61.25 3
      vertex 24.7164 -61.6347 3
      vertex 31.7694 -63.2861 3
    endloop
  endfacet
  facet normal 0 0 1
    outer loop
      vertex 17.7397 -64 3
      vertex 31.7694 -63.2861 3
      vertex 24.7164 -61.6347 3
    endloop
  endfacet
  facet normal 0 0 1
    outer loop
      vertex 17.7397 -64 3
      vertex 24.2506 -61.25 3
      vertex 18.0193 -61.25 3
    endloop
  endfacet
  facet normal 0 0 1
    outer loop
      vertex 24.2506 -61.25 3
      vertex 17.7397 -64 3
      vertex 24.7164 -61.6347 3
    endloop
  endfacet
  facet normal 0 0 1
    outer loop
      vertex 31.7694 -63.2861 3
      vertex 17.7397 -64 3
      vertex 34 -64 3
    endloop
  endfacet
  facet normal 0 0 1
    outer loop
      vertex 15.5 -63.5397 3
      vertex 18.0193 -61.25 3
      vertex 16.0047 -60.836 3
    endloop
  endfacet
  facet normal 0 0 1
    outer loop
      vertex 18.0193 -61.25 3
      vertex 15.5 -63.5397 3
      vertex 17.7397 -64 3
    endloop
  endfacet
  facet normal 0 0 1
    outer loop
      vertex 13.5111 -60.4173 3
      vertex 15.5 -63.5397 3
      vertex 16.0047 -60.836 3
    endloop
  endfacet
  facet normal 0 0 1
    outer loop
      vertex 13.5111 -60.4173 3
      vertex 13.1012 -63.1369 3
      vertex 15.5 -63.5397 3
    endloop
  endfacet
  facet normal 0 0 1
    outer loop
      vertex 10.9239 -60.0716 3
      vertex 13.1012 -63.1369 3
      vertex 13.5111 -60.4173 3
    endloop
  endfacet
  facet normal 0 0 1
    outer loop
      vertex 10.9239 -60.0716 3
      vertex 10.6026 -62.8031 3
      vertex 13.1012 -63.1369 3
    endloop
  endfacet
  facet normal 0 0 1
    outer loop
      vertex 8.26065 -59.8007 3
      vertex 10.6026 -62.8031 3
      vertex 10.9239 -60.0716 3
    endloop
  endfacet
  facet normal 0 0 1
    outer loop
      vertex 8.26065 -59.8007 3
      vertex 8.02338 -62.5407 3
      vertex 10.6026 -62.8031 3
    endloop
  endfacet
  facet normal 0 0 1
    outer loop
      vertex 5.53955 -59.6061 3
      vertex 8.02338 -62.5407 3
      vertex 8.26065 -59.8007 3
    endloop
  endfacet
  facet normal 0 0 1
    outer loop
      vertex 5.53955 -59.6061 3
      vertex 5.38309 -62.3519 3
      vertex 8.02338 -62.5407 3
    endloop
  endfacet
  facet normal 0 0 1
    outer loop
      vertex 2.77954 -59.4889 3
      vertex 5.38309 -62.3519 3
      vertex 5.53955 -59.6061 3
    endloop
  endfacet
  facet normal 0 0 1
    outer loop
      vertex 2.77954 -59.4889 3
      vertex 2.70183 -62.2381 3
      vertex 5.38309 -62.3519 3
    endloop
  endfacet
  facet normal 0 0 1
    outer loop
      vertex 0 -59.4497 3
      vertex 2.70183 -62.2381 3
      vertex 2.77954 -59.4889 3
    endloop
  endfacet
  facet normal 0 0 1
    outer loop
      vertex 0 -59.4497 3
      vertex 0 -62.2 3
      vertex 2.70183 -62.2381 3
    endloop
  endfacet
  facet normal 0 0 1
    outer loop
      vertex 0 -59.4497 3
      vertex -2.70183 -62.2381 3
      vertex 0 -62.2 3
    endloop
  endfacet
  facet normal -0 0 1
    outer loop
      vertex -2.77954 -59.4889 3
      vertex -2.70183 -62.2381 3
      vertex 0 -59.4497 3
    endloop
  endfacet
  facet normal 0 0 1
    outer loop
      vertex -2.77954 -59.4889 3
      vertex -5.38309 -62.3519 3
      vertex -2.70183 -62.2381 3
    endloop
  endfacet
  facet normal -0 0 1
    outer loop
      vertex -5.53955 -59.6061 3
      vertex -5.38309 -62.3519 3
      vertex -2.77954 -59.4889 3
    endloop
  endfacet
  facet normal 0 0 1
    outer loop
      vertex -5.53955 -59.6061 3
      vertex -8.02338 -62.5407 3
      vertex -5.38309 -62.3519 3
    endloop
  endfacet
  facet normal -0 0 1
    outer loop
      vertex -8.26065 -59.8007 3
      vertex -8.02338 -62.5407 3
      vertex -5.53955 -59.6061 3
    endloop
  endfacet
  facet normal 0 0 1
    outer loop
      vertex -8.26065 -59.8007 3
      vertex -10.6026 -62.8031 3
      vertex -8.02338 -62.5407 3
    endloop
  endfacet
  facet normal -0 0 1
    outer loop
      vertex -10.9239 -60.0716 3
      vertex -10.6026 -62.8031 3
      vertex -8.26065 -59.8007 3
    endloop
  endfacet
  facet normal 0 0 1
    outer loop
      vertex -10.9239 -60.0716 3
      vertex -13.1012 -63.1369 3
      vertex -10.6026 -62.8031 3
    endloop
  endfacet
  facet normal -0 0 1
    outer loop
      vertex -13.5111 -60.4173 3
      vertex -13.1012 -63.1369 3
      vertex -10.9239 -60.0716 3
    endloop
  endfacet
  facet normal 0 0 1
    outer loop
      vertex -13.5111 -60.4173 3
      vertex -15.5 -63.5397 3
      vertex -13.1012 -63.1369 3
    endloop
  endfacet
  facet normal -0 0 1
    outer loop
      vertex -16.0047 -60.836 3
      vertex -15.5 -63.5397 3
      vertex -13.5111 -60.4173 3
    endloop
  endfacet
  facet normal -0 0 1
    outer loop
      vertex -18.0193 -61.25 3
      vertex -15.5 -63.5397 3
      vertex -16.0047 -60.836 3
    endloop
  endfacet
  facet normal 0 0 1
    outer loop
      vertex -15.5 -63.5397 3
      vertex -18.0193 -61.25 3
      vertex -17.7397 -64 3
    endloop
  endfacet
  facet normal -0 0 1
    outer loop
      vertex -24.2506 -61.25 3
      vertex -17.7397 -64 3
      vertex -18.0193 -61.25 3
    endloop
  endfacet
  facet normal -0 0 1
    outer loop
      vertex -24.7164 -61.6347 3
      vertex -17.7397 -64 3
      vertex -24.2506 -61.25 3
    endloop
  endfacet
  facet normal -0 0 1
    outer loop
      vertex -29.4918 -61.25 3
      vertex -24.7164 -61.6347 3
      vertex -24.9562 -61.25 3
    endloop
  endfacet
  facet normal 0 0 1
    outer loop
      vertex -31.7694 -63.2861 3
      vertex -24.7164 -61.6347 3
      vertex -29.4918 -61.25 3
    endloop
  endfacet
  facet normal 0 0 1
    outer loop
      vertex -24.7164 -61.6347 3
      vertex -31.7694 -63.2861 3
      vertex -17.7397 -64 3
    endloop
  endfacet
  facet normal 0 0 1
    outer loop
      vertex -34 -64 3
      vertex -32.7425 -61.25 3
      vertex -33.9401 -61.25 3
    endloop
  endfacet
  facet normal 0 0 1
    outer loop
      vertex -31.7694 -63.2861 3
      vertex -34 -64 3
      vertex -17.7397 -64 3
    endloop
  endfacet
  facet normal 0 0 1
    outer loop
      vertex -32.7425 -61.25 3
      vertex -34 -64 3
      vertex -31.7694 -63.2861 3
    endloop
  endfacet
  facet normal 0 0 1
    outer loop
      vertex -34.6316 -61.2198 3
      vertex -34 -64 3
      vertex -33.9401 -61.25 3
    endloop
  endfacet
  facet normal 0 0 1
    outer loop
      vertex -34.6316 -61.2198 3
      vertex -34.8716 -63.9619 3
      vertex -34 -64 3
    endloop
  endfacet
  facet normal 0 0 1
    outer loop
      vertex -35.2585 -61.1373 3
      vertex -34.8716 -63.9619 3
      vertex -34.6316 -61.2198 3
    endloop
  endfacet
  facet normal 0 0 1
    outer loop
      vertex -35.2585 -61.1373 3
      vertex -35.7365 -63.8481 3
      vertex -34.8716 -63.9619 3
    endloop
  endfacet
  facet normal 0 0 1
    outer loop
      vertex -35.8757 -61.0004 3
      vertex -35.7365 -63.8481 3
      vertex -35.2585 -61.1373 3
    endloop
  endfacet
  facet normal 0 0 1
    outer loop
      vertex -36.5882 -63.6593 3
      vertex -35.8757 -61.0004 3
      vertex -36.4788 -60.8103 3
    endloop
  endfacet
  facet normal 0 0 1
    outer loop
      vertex -35.8757 -61.0004 3
      vertex -36.5882 -63.6593 3
      vertex -35.7365 -63.8481 3
    endloop
  endfacet
  facet normal 0 0 1
    outer loop
      vertex -37.4202 -63.3969 3
      vertex -36.4788 -60.8103 3
      vertex -37.0628 -60.5684 3
    endloop
  endfacet
  facet normal 0 0 1
    outer loop
      vertex -36.4788 -60.8103 3
      vertex -37.4202 -63.3969 3
      vertex -36.5882 -63.6593 3
    endloop
  endfacet
  facet normal 0 0 1
    outer loop
      vertex -38.2262 -63.0631 3
      vertex -37.0628 -60.5684 3
      vertex -37.6237 -60.2764 3
    endloop
  endfacet
  facet normal 0 0 1
    outer loop
      vertex -39 -62.6602 3
      vertex -37.6237 -60.2764 3
      vertex -38.1569 -59.9367 3
    endloop
  endfacet
  facet normal 0 0 1
    outer loop
      vertex -37.0628 -60.5684 3
      vertex -38.2262 -63.0631 3
      vertex -37.4202 -63.3969 3
    endloop
  endfacet
  facet normal 0 0 1
    outer loop
      vertex -39.7358 -62.1915 3
      vertex -38.1569 -59.9367 3
      vertex -38.2405 -59.8725 3
    endloop
  endfacet
  facet normal 0 0 1
    outer loop
      vertex -37.6237 -60.2764 3
      vertex -39 -62.6602 3
      vertex -38.2262 -63.0631 3
    endloop
  endfacet
  facet normal 0 0 1
    outer loop
      vertex -38.1569 -59.9367 3
      vertex -39.7358 -62.1915 3
      vertex -39 -62.6602 3
    endloop
  endfacet
  facet normal 0 0 1
    outer loop
      vertex -38.2405 -59.8725 3
      vertex -40.4279 -61.6604 3
      vertex -39.7358 -62.1915 3
    endloop
  endfacet
  facet normal -0 0 1
    outer loop
      vertex -40.7666 -60.8459 3
      vertex -40.4279 -61.6604 3
      vertex -38.2405 -59.8725 3
    endloop
  endfacet
  facet normal 0 0 1
    outer loop
      vertex -43.3969 -57.4202 3
      vertex -40.8103 -56.4788 3
      vertex -41.0004 -55.8757 3
    endloop
  endfacet
  facet normal 0 0 1
    outer loop
      vertex -40.7666 -60.8459 3
      vertex -41.0711 -61.0711 3
      vertex -40.4279 -61.6604 3
    endloop
  endfacet
  facet normal 0 0 1
    outer loop
      vertex -40.8103 -56.4788 3
      vertex -42.1915 -59.7358 3
      vertex -40.7666 -60.8459 3
    endloop
  endfacet
  facet normal 0 0 1
    outer loop
      vertex -43.6593 -56.5882 3
      vertex -41.0004 -55.8757 3
      vertex -41.1373 -55.2585 3
    endloop
  endfacet
  facet normal 0 0 1
    outer loop
      vertex -43.8481 -55.7365 3
      vertex -41.1373 -55.2585 3
      vertex -41.2198 -54.6316 3
    endloop
  endfacet
  facet normal 0 0 1
    outer loop
      vertex -43.9619 -54.8716 3
      vertex -41.2198 -54.6316 3
      vertex -41.2474 -54 3
    endloop
  endfacet
  facet normal 0 0 1
    outer loop
      vertex -40.7666 -60.8459 3
      vertex -41.6604 -60.4279 3
      vertex -41.0711 -61.0711 3
    endloop
  endfacet
  facet normal 0 0 1
    outer loop
      vertex -40.2764 -57.6237 3
      vertex -40.7666 -60.8459 3
      vertex -40.1841 -57.7686 3
    endloop
  endfacet
  facet normal 0 0 1
    outer loop
      vertex -40.5684 -57.0628 3
      vertex -40.7666 -60.8459 3
      vertex -40.2764 -57.6237 3
    endloop
  endfacet
  facet normal 0 -0 1
    outer loop
      vertex -40.7666 -60.8459 3
      vertex -40.5684 -57.0628 3
      vertex -40.8103 -56.4788 3
    endloop
  endfacet
  facet normal 0 0 1
    outer loop
      vertex 42 52 3
      vertex 39.2497 52 3
      vertex 41.975 50.3057 3
    endloop
  endfacet
  facet normal 0 0 1
    outer loop
      vertex 41.9 54.6113 3
      vertex 39.1685 54.2727 3
      vertex 39.2267 53.5616 3
    endloop
  endfacet
  facet normal 0 0 1
    outer loop
      vertex 41.7751 55.3612 3
      vertex 39.084 54.7796 3
      vertex 39.1685 54.2727 3
    endloop
  endfacet
  facet normal 0 0 1
    outer loop
      vertex 41.6001 56.0177 3
      vertex 38.979 55.1735 3
      vertex 39.084 54.7796 3
    endloop
  endfacet
  facet normal 0 0 1
    outer loop
      vertex 37.7536 56.8741 3
      vertex 39.4954 59.0048 3
      vertex 38.9677 59.4035 3
    endloop
  endfacet
  facet normal 0 0 1
    outer loop
      vertex 41.375 56.6107 3
      vertex 38.8551 55.5 3
      vertex 38.979 55.1735 3
    endloop
  endfacet
  facet normal 0 0 1
    outer loop
      vertex 41.0997 57.1559 3
      vertex 38.709 55.7896 3
      vertex 38.8551 55.5 3
    endloop
  endfacet
  facet normal 0 0 1
    outer loop
      vertex 40.7743 57.6626 3
      vertex 38.534 56.062 3
      vertex 38.709 55.7896 3
    endloop
  endfacet
  facet normal 0 0 1
    outer loop
      vertex 37.3857 57.152 3
      vertex 38.9677 59.4035 3
      vertex 38.3889 59.781 3
    endloop
  endfacet
  facet normal 0 0 1
    outer loop
      vertex 40.3985 58.1371 3
      vertex 38.3217 56.33 3
      vertex 38.534 56.062 3
    endloop
  endfacet
  facet normal 0 0 1
    outer loop
      vertex 39.9723 58.5835 3
      vertex 38.064 56.5999 3
      vertex 38.3217 56.33 3
    endloop
  endfacet
  facet normal 0 0 1
    outer loop
      vertex 36.9572 57.4316 3
      vertex 38.3889 59.781 3
      vertex 37.7587 60.1389 3
    endloop
  endfacet
  facet normal 0 0 1
    outer loop
      vertex 39.4954 59.0048 3
      vertex 37.7536 56.8741 3
      vertex 38.064 56.5999 3
    endloop
  endfacet
  facet normal 0 0 1
    outer loop
      vertex 38.9677 59.4035 3
      vertex 37.3857 57.152 3
      vertex 37.7536 56.8741 3
    endloop
  endfacet
  facet normal 0 0 1
    outer loop
      vertex 36.4665 57.7103 3
      vertex 37.7587 60.1389 3
      vertex 37.0768 60.4781 3
    endloop
  endfacet
  facet normal 0 0 1
    outer loop
      vertex 38.3889 59.781 3
      vertex 36.9572 57.4316 3
      vertex 37.3857 57.152 3
    endloop
  endfacet
  facet normal 0 0 1
    outer loop
      vertex 37.7587 60.1389 3
      vertex 36.4665 57.7103 3
      vertex 36.9572 57.4316 3
    endloop
  endfacet
  facet normal 0 0 1
    outer loop
      vertex 35.9122 57.986 3
      vertex 37.0768 60.4781 3
      vertex 36.3426 60.7995 3
    endloop
  endfacet
  facet normal 0 0 1
    outer loop
      vertex 37.0768 60.4781 3
      vertex 35.9122 57.986 3
      vertex 36.4665 57.7103 3
    endloop
  endfacet
  facet normal 0 0 1
    outer loop
      vertex 35.2949 58.2562 3
      vertex 36.3426 60.7995 3
      vertex 35.5556 61.1038 3
    endloop
  endfacet
  facet normal 0 0 1
    outer loop
      vertex 36.3426 60.7995 3
      vertex 35.2949 58.2562 3
      vertex 35.9122 57.986 3
    endloop
  endfacet
  facet normal 0 0 1
    outer loop
      vertex 34.6142 58.5194 3
      vertex 35.5556 61.1038 3
      vertex 34.7151 61.3915 3
    endloop
  endfacet
  facet normal 0 0 1
    outer loop
      vertex 35.5556 61.1038 3
      vertex 34.6142 58.5194 3
      vertex 35.2949 58.2562 3
    endloop
  endfacet
  facet normal 0 0 1
    outer loop
      vertex 34.7151 61.3915 3
      vertex 33.8702 58.774 3
      vertex 34.6142 58.5194 3
    endloop
  endfacet
  facet normal 0 0 1
    outer loop
      vertex 33.8203 61.6629 3
      vertex 33.8702 58.774 3
      vertex 34.7151 61.3915 3
    endloop
  endfacet
  facet normal 0 0 1
    outer loop
      vertex 33.8203 61.6629 3
      vertex 33.0636 59.0187 3
      vertex 33.8702 58.774 3
    endloop
  endfacet
  facet normal 0 0 1
    outer loop
      vertex 32.8701 61.9186 3
      vertex 33.0636 59.0187 3
      vertex 33.8203 61.6629 3
    endloop
  endfacet
  facet normal 0 0 1
    outer loop
      vertex 32.8701 61.9186 3
      vertex 32.1938 59.2528 3
      vertex 33.0636 59.0187 3
    endloop
  endfacet
  facet normal 0 0 1
    outer loop
      vertex 31.8633 62.1587 3
      vertex 32.1938 59.2528 3
      vertex 32.8701 61.9186 3
    endloop
  endfacet
  facet normal 0 0 1
    outer loop
      vertex 31.8633 62.1587 3
      vertex 31.2601 59.4755 3
      vertex 32.1938 59.2528 3
    endloop
  endfacet
  facet normal 0 0 1
    outer loop
      vertex 30.7984 62.3836 3
      vertex 31.2601 59.4755 3
      vertex 31.8633 62.1587 3
    endloop
  endfacet
  facet normal 0 0 1
    outer loop
      vertex 30.7984 62.3836 3
      vertex 30.2621 59.6862 3
      vertex 31.2601 59.4755 3
    endloop
  endfacet
  facet normal 0 0 1
    outer loop
      vertex 29.6735 62.5934 3
      vertex 30.2621 59.6862 3
      vertex 30.7984 62.3836 3
    endloop
  endfacet
  facet normal 0 0 1
    outer loop
      vertex 29.6735 62.5934 3
      vertex 29.199 59.8844 3
      vertex 30.2621 59.6862 3
    endloop
  endfacet
  facet normal 0 0 1
    outer loop
      vertex 28.4862 62.7882 3
      vertex 29.199 59.8844 3
      vertex 29.6735 62.5934 3
    endloop
  endfacet
  facet normal 0 0 1
    outer loop
      vertex 28.4862 62.7882 3
      vertex 28.0675 60.0701 3
      vertex 29.199 59.8844 3
    endloop
  endfacet
  facet normal 0 0 1
    outer loop
      vertex 27.2336 62.9683 3
      vertex 28.0675 60.0701 3
      vertex 28.4862 62.7882 3
    endloop
  endfacet
  facet normal 0 0 1
    outer loop
      vertex 27.2336 62.9683 3
      vertex 26.8672 60.2427 3
      vertex 28.0675 60.0701 3
    endloop
  endfacet
  facet normal 0 0 1
    outer loop
      vertex 25.9121 63.1336 3
      vertex 26.8672 60.2427 3
      vertex 27.2336 62.9683 3
    endloop
  endfacet
  facet normal 0 0 1
    outer loop
      vertex 25.9121 63.1336 3
      vertex 25.5943 60.4019 3
      vertex 26.8672 60.2427 3
    endloop
  endfacet
  facet normal 0 0 1
    outer loop
      vertex 24.517 63.2844 3
      vertex 25.5943 60.4019 3
      vertex 25.9121 63.1336 3
    endloop
  endfacet
  facet normal 0 0 1
    outer loop
      vertex 24.517 63.2844 3
      vertex 24.2426 60.548 3
      vertex 25.5943 60.4019 3
    endloop
  endfacet
  facet normal 0 0 1
    outer loop
      vertex 23.0422 63.4206 3
      vertex 24.2426 60.548 3
      vertex 24.517 63.2844 3
    endloop
  endfacet
  facet normal 0 0 1
    outer loop
      vertex 23.0422 63.4206 3
      vertex 22.8086 60.6805 3
      vertex 24.2426 60.548 3
    endloop
  endfacet
  facet normal 0 0 1
    outer loop
      vertex 21.4799 63.5424 3
      vertex 22.8086 60.6805 3
      vertex 23.0422 63.4206 3
    endloop
  endfacet
  facet normal 0 0 1
    outer loop
      vertex 21.4799 63.5424 3
      vertex 21.2838 60.7994 3
      vertex 22.8086 60.6805 3
    endloop
  endfacet
  facet normal 0 0 1
    outer loop
      vertex 19.8193 63.6498 3
      vertex 21.2838 60.7994 3
      vertex 21.4799 63.5424 3
    endloop
  endfacet
  facet normal 0 0 1
    outer loop
      vertex 19.8193 63.6498 3
      vertex 19.6593 60.9044 3
      vertex 21.2838 60.7994 3
    endloop
  endfacet
  facet normal 0 0 1
    outer loop
      vertex 18.0456 63.7428 3
      vertex 19.6593 60.9044 3
      vertex 19.8193 63.6498 3
    endloop
  endfacet
  facet normal 0 0 1
    outer loop
      vertex 18.0456 63.7428 3
      vertex 17.9165 60.9958 3
      vertex 19.6593 60.9044 3
    endloop
  endfacet
  facet normal 0 0 1
    outer loop
      vertex 16.1374 63.8214 3
      vertex 17.9165 60.9958 3
      vertex 18.0456 63.7428 3
    endloop
  endfacet
  facet normal 0 0 1
    outer loop
      vertex 16.1374 63.8214 3
      vertex 16.0392 61.0731 3
      vertex 17.9165 60.9958 3
    endloop
  endfacet
  facet normal 0 0 1
    outer loop
      vertex 14.0619 63.8857 3
      vertex 16.0392 61.0731 3
      vertex 16.1374 63.8214 3
    endloop
  endfacet
  facet normal 0 0 1
    outer loop
      vertex 14.0619 63.8857 3
      vertex 13.988 61.1367 3
      vertex 16.0392 61.0731 3
    endloop
  endfacet
  facet normal 0 0 1
    outer loop
      vertex 11.7641 63.9357 3
      vertex 13.988 61.1367 3
      vertex 14.0619 63.8857 3
    endloop
  endfacet
  facet normal 0 0 1
    outer loop
      vertex 11.7641 63.9357 3
      vertex 11.7155 61.1861 3
      vertex 13.988 61.1367 3
    endloop
  endfacet
  facet normal 0 0 1
    outer loop
      vertex 9.13974 63.9714 3
      vertex 11.7155 61.1861 3
      vertex 11.7641 63.9357 3
    endloop
  endfacet
  facet normal 0 0 1
    outer loop
      vertex 9.13974 63.9714 3
      vertex 9.11259 61.2216 3
      vertex 11.7155 61.1861 3
    endloop
  endfacet
  facet normal 0 0 1
    outer loop
      vertex 5.92992 63.9929 3
      vertex 9.11259 61.2216 3
      vertex 9.13974 63.9714 3
    endloop
  endfacet
  facet normal 0 0 1
    outer loop
      vertex 5.92992 63.9929 3
      vertex 5.9194 61.2429 3
      vertex 9.11259 61.2216 3
    endloop
  endfacet
  facet normal 0 0 1
    outer loop
      vertex 0 64 3
      vertex 5.9194 61.2429 3
      vertex 5.92992 63.9929 3
    endloop
  endfacet
  facet normal 0 0 1
    outer loop
      vertex 0 64 3
      vertex 0 61.25 3
      vertex 5.9194 61.2429 3
    endloop
  endfacet
  facet normal 0 0 1
    outer loop
      vertex 0 64 3
      vertex -5.9194 61.2429 3
      vertex 0 61.25 3
    endloop
  endfacet
  facet normal -0 0 1
    outer loop
      vertex -5.92992 63.9929 3
      vertex -5.9194 61.2429 3
      vertex 0 64 3
    endloop
  endfacet
  facet normal 0 0 1
    outer loop
      vertex -5.92992 63.9929 3
      vertex -9.11259 61.2216 3
      vertex -5.9194 61.2429 3
    endloop
  endfacet
  facet normal -0 0 1
    outer loop
      vertex -9.13974 63.9714 3
      vertex -9.11259 61.2216 3
      vertex -5.92992 63.9929 3
    endloop
  endfacet
  facet normal 0 0 1
    outer loop
      vertex -9.13974 63.9714 3
      vertex -11.7155 61.1861 3
      vertex -9.11259 61.2216 3
    endloop
  endfacet
  facet normal -0 0 1
    outer loop
      vertex -11.7641 63.9357 3
      vertex -11.7155 61.1861 3
      vertex -9.13974 63.9714 3
    endloop
  endfacet
  facet normal 0 0 1
    outer loop
      vertex -11.7641 63.9357 3
      vertex -13.988 61.1367 3
      vertex -11.7155 61.1861 3
    endloop
  endfacet
  facet normal -0 0 1
    outer loop
      vertex -14.0619 63.8857 3
      vertex -13.988 61.1367 3
      vertex -11.7641 63.9357 3
    endloop
  endfacet
  facet normal 0 0 1
    outer loop
      vertex -14.0619 63.8857 3
      vertex -16.0392 61.0731 3
      vertex -13.988 61.1367 3
    endloop
  endfacet
  facet normal -0 0 1
    outer loop
      vertex -16.1374 63.8214 3
      vertex -16.0392 61.0731 3
      vertex -14.0619 63.8857 3
    endloop
  endfacet
  facet normal 0 0 1
    outer loop
      vertex -16.1374 63.8214 3
      vertex -17.9165 60.9958 3
      vertex -16.0392 61.0731 3
    endloop
  endfacet
  facet normal -0 0 1
    outer loop
      vertex -18.0456 63.7428 3
      vertex -17.9165 60.9958 3
      vertex -16.1374 63.8214 3
    endloop
  endfacet
  facet normal 0 0 1
    outer loop
      vertex -18.0456 63.7428 3
      vertex -19.6593 60.9044 3
      vertex -17.9165 60.9958 3
    endloop
  endfacet
  facet normal -0 0 1
    outer loop
      vertex -19.8193 63.6498 3
      vertex -19.6593 60.9044 3
      vertex -18.0456 63.7428 3
    endloop
  endfacet
  facet normal 0 0 1
    outer loop
      vertex -19.8193 63.6498 3
      vertex -21.2838 60.7994 3
      vertex -19.6593 60.9044 3
    endloop
  endfacet
  facet normal -0 0 1
    outer loop
      vertex -21.4799 63.5424 3
      vertex -21.2838 60.7994 3
      vertex -19.8193 63.6498 3
    endloop
  endfacet
  facet normal 0 0 1
    outer loop
      vertex -21.4799 63.5424 3
      vertex -22.8086 60.6805 3
      vertex -21.2838 60.7994 3
    endloop
  endfacet
  facet normal -0 0 1
    outer loop
      vertex -23.0422 63.4206 3
      vertex -22.8086 60.6805 3
      vertex -21.4799 63.5424 3
    endloop
  endfacet
  facet normal 0 0 1
    outer loop
      vertex -23.0422 63.4206 3
      vertex -24.2426 60.548 3
      vertex -22.8086 60.6805 3
    endloop
  endfacet
  facet normal -0 0 1
    outer loop
      vertex -24.517 63.2844 3
      vertex -24.2426 60.548 3
      vertex -23.0422 63.4206 3
    endloop
  endfacet
  facet normal 0 0 1
    outer loop
      vertex -24.517 63.2844 3
      vertex -25.5943 60.4019 3
      vertex -24.2426 60.548 3
    endloop
  endfacet
  facet normal -0 0 1
    outer loop
      vertex -25.9121 63.1336 3
      vertex -25.5943 60.4019 3
      vertex -24.517 63.2844 3
    endloop
  endfacet
  facet normal 0 0 1
    outer loop
      vertex -25.9121 63.1336 3
      vertex -26.8672 60.2427 3
      vertex -25.5943 60.4019 3
    endloop
  endfacet
  facet normal -0 0 1
    outer loop
      vertex -27.2336 62.9683 3
      vertex -26.8672 60.2427 3
      vertex -25.9121 63.1336 3
    endloop
  endfacet
  facet normal 0 0 1
    outer loop
      vertex -27.2336 62.9683 3
      vertex -28.0675 60.0701 3
      vertex -26.8672 60.2427 3
    endloop
  endfacet
  facet normal -0 0 1
    outer loop
      vertex -28.4862 62.7882 3
      vertex -28.0675 60.0701 3
      vertex -27.2336 62.9683 3
    endloop
  endfacet
  facet normal 0 0 1
    outer loop
      vertex -28.4862 62.7882 3
      vertex -29.199 59.8844 3
      vertex -28.0675 60.0701 3
    endloop
  endfacet
  facet normal -0 0 1
    outer loop
      vertex -29.6735 62.5934 3
      vertex -29.199 59.8844 3
      vertex -28.4862 62.7882 3
    endloop
  endfacet
  facet normal 0 0 1
    outer loop
      vertex -29.6735 62.5934 3
      vertex -30.2621 59.6862 3
      vertex -29.199 59.8844 3
    endloop
  endfacet
  facet normal -0 0 1
    outer loop
      vertex -30.7984 62.3836 3
      vertex -30.2621 59.6862 3
      vertex -29.6735 62.5934 3
    endloop
  endfacet
  facet normal 0 0 1
    outer loop
      vertex -30.7984 62.3836 3
      vertex -31.2601 59.4755 3
      vertex -30.2621 59.6862 3
    endloop
  endfacet
  facet normal -0 0 1
    outer loop
      vertex -31.8633 62.1587 3
      vertex -31.2601 59.4755 3
      vertex -30.7984 62.3836 3
    endloop
  endfacet
  facet normal 0 0 1
    outer loop
      vertex -31.8633 62.1587 3
      vertex -32.1938 59.2528 3
      vertex -31.2601 59.4755 3
    endloop
  endfacet
  facet normal -0 0 1
    outer loop
      vertex -32.8701 61.9186 3
      vertex -32.1938 59.2528 3
      vertex -31.8633 62.1587 3
    endloop
  endfacet
  facet normal 0 0 1
    outer loop
      vertex -32.8701 61.9186 3
      vertex -33.0636 59.0187 3
      vertex -32.1938 59.2528 3
    endloop
  endfacet
  facet normal -0 0 1
    outer loop
      vertex -33.8203 61.6629 3
      vertex -33.0636 59.0187 3
      vertex -32.8701 61.9186 3
    endloop
  endfacet
  facet normal 0 0 1
    outer loop
      vertex -33.8203 61.6629 3
      vertex -33.8702 58.774 3
      vertex -33.0636 59.0187 3
    endloop
  endfacet
  facet normal -0 0 1
    outer loop
      vertex -34.7151 61.3915 3
      vertex -33.8702 58.774 3
      vertex -33.8203 61.6629 3
    endloop
  endfacet
  facet normal 0 0 1
    outer loop
      vertex -33.8702 58.774 3
      vertex -34.7151 61.3915 3
      vertex -34.6142 58.5194 3
    endloop
  endfacet
  facet normal -0 0 1
    outer loop
      vertex -35.5556 61.1038 3
      vertex -34.6142 58.5194 3
      vertex -34.7151 61.3915 3
    endloop
  endfacet
  facet normal 0 0 1
    outer loop
      vertex -34.6142 58.5194 3
      vertex -35.5556 61.1038 3
      vertex -35.2949 58.2562 3
    endloop
  endfacet
  facet normal -0 0 1
    outer loop
      vertex -36.3426 60.7995 3
      vertex -35.2949 58.2562 3
      vertex -35.5556 61.1038 3
    endloop
  endfacet
  facet normal 0 0 1
    outer loop
      vertex -35.2949 58.2562 3
      vertex -36.3426 60.7995 3
      vertex -35.9122 57.986 3
    endloop
  endfacet
  facet normal -0 0 1
    outer loop
      vertex -37.0768 60.4781 3
      vertex -35.9122 57.986 3
      vertex -36.3426 60.7995 3
    endloop
  endfacet
  facet normal 0 0 1
    outer loop
      vertex -35.9122 57.986 3
      vertex -37.0768 60.4781 3
      vertex -36.4665 57.7103 3
    endloop
  endfacet
  facet normal -0 0 1
    outer loop
      vertex -37.7587 60.1389 3
      vertex -36.4665 57.7103 3
      vertex -37.0768 60.4781 3
    endloop
  endfacet
  facet normal 0 0 1
    outer loop
      vertex -36.4665 57.7103 3
      vertex -37.7587 60.1389 3
      vertex -36.9572 57.4316 3
    endloop
  endfacet
  facet normal -0 0 1
    outer loop
      vertex -38.3889 59.781 3
      vertex -36.9572 57.4316 3
      vertex -37.7587 60.1389 3
    endloop
  endfacet
  facet normal 0 0 1
    outer loop
      vertex -36.9572 57.4316 3
      vertex -38.3889 59.781 3
      vertex -37.3857 57.152 3
    endloop
  endfacet
  facet normal -0 0 1
    outer loop
      vertex -38.9677 59.4035 3
      vertex -37.3857 57.152 3
      vertex -38.3889 59.781 3
    endloop
  endfacet
  facet normal 0 0 1
    outer loop
      vertex -37.3857 57.152 3
      vertex -38.9677 59.4035 3
      vertex -37.7536 56.8741 3
    endloop
  endfacet
  facet normal -0 0 1
    outer loop
      vertex -39.4954 59.0048 3
      vertex -37.7536 56.8741 3
      vertex -38.9677 59.4035 3
    endloop
  endfacet
  facet normal 0 0 1
    outer loop
      vertex -37.7536 56.8741 3
      vertex -39.4954 59.0048 3
      vertex -38.064 56.5999 3
    endloop
  endfacet
  facet normal -0 0 1
    outer loop
      vertex -39.9723 58.5835 3
      vertex -38.064 56.5999 3
      vertex -39.4954 59.0048 3
    endloop
  endfacet
  facet normal 0 0 1
    outer loop
      vertex -38.064 56.5999 3
      vertex -39.9723 58.5835 3
      vertex -38.3217 56.33 3
    endloop
  endfacet
  facet normal -0 0 1
    outer loop
      vertex -40.3985 58.1371 3
      vertex -38.3217 56.33 3
      vertex -39.9723 58.5835 3
    endloop
  endfacet
  facet normal 0 0 1
    outer loop
      vertex -38.3217 56.33 3
      vertex -40.3985 58.1371 3
      vertex -38.534 56.062 3
    endloop
  endfacet
  facet normal -0 0 1
    outer loop
      vertex -40.7743 57.6626 3
      vertex -38.534 56.062 3
      vertex -40.3985 58.1371 3
    endloop
  endfacet
  facet normal 0 0 1
    outer loop
      vertex -38.534 56.062 3
      vertex -40.7743 57.6626 3
      vertex -38.709 55.7896 3
    endloop
  endfacet
  facet normal -0 0 1
    outer loop
      vertex -41.0997 57.1559 3
      vertex -38.709 55.7896 3
      vertex -40.7743 57.6626 3
    endloop
  endfacet
  facet normal -0 0 1
    outer loop
      vertex -41.375 56.6107 3
      vertex -38.8551 55.5 3
      vertex -41.0997 57.1559 3
    endloop
  endfacet
  facet normal 0 0 1
    outer loop
      vertex -38.709 55.7896 3
      vertex -41.0997 57.1559 3
      vertex -38.8551 55.5 3
    endloop
  endfacet
  facet normal 0 0 1
    outer loop
      vertex -38.8551 55.5 3
      vertex -41.375 56.6107 3
      vertex -38.979 55.1735 3
    endloop
  endfacet
  facet normal -0 0 1
    outer loop
      vertex -41.6001 56.0177 3
      vertex -38.979 55.1735 3
      vertex -41.375 56.6107 3
    endloop
  endfacet
  facet normal 0 0 1
    outer loop
      vertex -38.979 55.1735 3
      vertex -41.6001 56.0177 3
      vertex -39.084 54.7796 3
    endloop
  endfacet
  facet normal 0 0 1
    outer loop
      vertex -39.2254 50.3523 3
      vertex -41.975 50.3057 3
      vertex -38.7511 25.0816 3
    endloop
  endfacet
  facet normal -0 0 1
    outer loop
      vertex -40.0092 -11.7725 3
      vertex -37.2536 -11.8542 3
      vertex -38.7511 25.0816 3
    endloop
  endfacet
  facet normal 0 0 1
    outer loop
      vertex -40.0092 -11.7725 3
      vertex -40.2329 -41.5984 3
      vertex -37.2536 -11.8542 3
    endloop
  endfacet
  facet normal -0 0 1
    outer loop
      vertex -42.9715 -41.3463 3
      vertex -40.2329 -41.5984 3
      vertex -40.0092 -11.7725 3
    endloop
  endfacet
  facet normal 0 0 1
    outer loop
      vertex -40.2329 -41.5984 3
      vertex -42.9715 -41.3463 3
      vertex -41.217 -53.304 3
    endloop
  endfacet
  facet normal -0 0 1
    outer loop
      vertex -43.9619 -53.1284 3
      vertex -41.217 -53.304 3
      vertex -42.9715 -41.3463 3
    endloop
  endfacet
  facet normal 0 0 1
    outer loop
      vertex -41.217 -53.304 3
      vertex -43.9619 -53.1284 3
      vertex -41.2474 -54 3
    endloop
  endfacet
  facet normal 0 0 1
    outer loop
      vertex -44 -54 3
      vertex -41.2474 -54 3
      vertex -43.9619 -53.1284 3
    endloop
  endfacet
  facet normal 0 0 1
    outer loop
      vertex -40.7666 -60.8459 3
      vertex -42.1915 -59.7358 3
      vertex -41.6604 -60.4279 3
    endloop
  endfacet
  facet normal 0 0 1
    outer loop
      vertex -40.8103 -56.4788 3
      vertex -42.6602 -59 3
      vertex -42.1915 -59.7358 3
    endloop
  endfacet
  facet normal 0 0 1
    outer loop
      vertex -40.8103 -56.4788 3
      vertex -43.0631 -58.2262 3
      vertex -42.6602 -59 3
    endloop
  endfacet
  facet normal 0 0 1
    outer loop
      vertex -40.8103 -56.4788 3
      vertex -43.3969 -57.4202 3
      vertex -43.0631 -58.2262 3
    endloop
  endfacet
  facet normal 0 0 1
    outer loop
      vertex -41.0004 -55.8757 3
      vertex -43.6593 -56.5882 3
      vertex -43.3969 -57.4202 3
    endloop
  endfacet
  facet normal 0 0 1
    outer loop
      vertex -41.1373 -55.2585 3
      vertex -43.8481 -55.7365 3
      vertex -43.6593 -56.5882 3
    endloop
  endfacet
  facet normal 0 0 1
    outer loop
      vertex -41.2198 -54.6316 3
      vertex -43.9619 -54.8716 3
      vertex -43.8481 -55.7365 3
    endloop
  endfacet
  facet normal 0 0 1
    outer loop
      vertex -41.2474 -54 3
      vertex -44 -54 3
      vertex -43.9619 -54.8716 3
    endloop
  endfacet
  facet normal -0 0 1
    outer loop
      vertex -41.7751 55.3612 3
      vertex -39.084 54.7796 3
      vertex -41.6001 56.0177 3
    endloop
  endfacet
  facet normal 0 0 1
    outer loop
      vertex -39.084 54.7796 3
      vertex -41.7751 55.3612 3
      vertex -39.1685 54.2727 3
    endloop
  endfacet
  facet normal -0 0 1
    outer loop
      vertex -41.9 54.6113 3
      vertex -39.1685 54.2727 3
      vertex -41.7751 55.3612 3
    endloop
  endfacet
  facet normal 0 0 1
    outer loop
      vertex -39.1685 54.2727 3
      vertex -41.9 54.6113 3
      vertex -39.2267 53.5616 3
    endloop
  endfacet
  facet normal 0 0 1
    outer loop
      vertex -38.7511 25.0816 3
      vertex -41.5 25 3
      vertex -40.0092 -11.7725 3
    endloop
  endfacet
  facet normal -0 0 1
    outer loop
      vertex -41.975 53.6943 3
      vertex -39.2267 53.5616 3
      vertex -41.9 54.6113 3
    endloop
  endfacet
  facet normal 0 0 1
    outer loop
      vertex -42 52 3
      vertex -39.2267 53.5616 3
      vertex -41.975 53.6943 3
    endloop
  endfacet
  facet normal 0 0 1
    outer loop
      vertex -39.2267 53.5616 3
      vertex -42 52 3
      vertex -39.2497 52 3
    endloop
  endfacet
  facet normal 0 -0 1
    outer loop
      vertex -41.975 50.3057 3
      vertex -39.2497 52 3
      vertex -42 52 3
    endloop
  endfacet
  facet normal 0 0 1
    outer loop
      vertex -38.7511 25.0816 3
      vertex -41.975 50.3057 3
      vertex -41.5 25 3
    endloop
  endfacet
  facet normal 0 0 1
    outer loop
      vertex -39.2497 52 3
      vertex -41.975 50.3057 3
      vertex -39.2254 50.3523 3
    endloop
  endfacet
  facet normal 0 0 1
    outer loop
      vertex -5.74567 -46.1097 3
      vertex -7.93126 -41.7063 3
      vertex -7.03561 -46.0439 3
    endloop
  endfacet
  facet normal -0 0 1
    outer loop
      vertex -11.197 -38.9601 3
      vertex -7 -40.8562 3
      vertex -10.5766 -37.8487 3
    endloop
  endfacet
  facet normal 0 0 1
    outer loop
      vertex -7 -40.8562 3
      vertex -11.197 -38.9601 3
      vertex -7.93126 -41.7063 3
    endloop
  endfacet
  facet normal -0 0 1
    outer loop
      vertex -14.7495 -37.7862 3
      vertex -10.5766 -37.8487 3
      vertex -14.664 -36.498 3
    endloop
  endfacet
  facet normal 0 0 1
    outer loop
      vertex -10.5766 -37.8487 3
      vertex -14.7495 -37.7862 3
      vertex -11.197 -38.9601 3
    endloop
  endfacet
  facet normal -0 0 1
    outer loop
      vertex -19.1712 -37.349 3
      vertex -14.7495 -37.7862 3
      vertex -14.664 -36.498 3
    endloop
  endfacet
  facet normal 0 0 1
    outer loop
      vertex -14.7495 -37.7862 3
      vertex -19.1712 -37.349 3
      vertex -18.8249 -38.5557 3
    endloop
  endfacet
  facet normal 0 0 1
    outer loop
      vertex -19.1712 -37.349 3
      vertex -25.0636 -40.9917 3
      vertex -18.8249 -38.5557 3
    endloop
  endfacet
  facet normal -0 0 1
    outer loop
      vertex -25.6294 -39.8707 3
      vertex -25.0636 -40.9917 3
      vertex -19.1712 -37.349 3
    endloop
  endfacet
  facet normal 0 0 1
    outer loop
      vertex -25.6294 -39.8707 3
      vertex -31.3293 -44.9432 3
      vertex -25.0636 -40.9917 3
    endloop
  endfacet
  facet normal -0 0 1
    outer loop
      vertex -32.1887 -44.0073 3
      vertex -31.3293 -44.9432 3
      vertex -25.6294 -39.8707 3
    endloop
  endfacet
  facet normal 0 0 1
    outer loop
      vertex -32.1887 -44.0073 3
      vertex -35.0821 -49.9026 3
      vertex -31.3293 -44.9432 3
    endloop
  endfacet
  facet normal 0 0 1
    outer loop
      vertex -35.0821 -49.9026 3
      vertex -36.2558 -49.3821 3
      vertex -36.0925 -55.2404 3
    endloop
  endfacet
  facet normal -0 0 1
    outer loop
      vertex -36.2558 -49.3821 3
      vertex -35.0821 -49.9026 3
      vertex -32.1887 -44.0073 3
    endloop
  endfacet
  facet normal 0 0 1
    outer loop
      vertex -7.93126 -41.7063 3
      vertex -6.7948 -41.0287 3
      vertex -7 -40.8562 3
    endloop
  endfacet
  facet normal -0 0 1
    outer loop
      vertex -7.93126 -41.7063 3
      vertex -5.74567 -46.1097 3
      vertex -6.7948 -41.0287 3
    endloop
  endfacet
  facet normal 0 0 1
    outer loop
      vertex -8.51028 -50.72 3
      vertex -5.74567 -46.1097 3
      vertex -7.03561 -46.0439 3
    endloop
  endfacet
  facet normal 0 0 1
    outer loop
      vertex -5.74567 -46.1097 3
      vertex -8.51028 -50.72 3
      vertex -7.42752 -51.4427 3
    endloop
  endfacet
  facet normal 0 0 1
    outer loop
      vertex -8.51028 -50.72 3
      vertex -11.2061 -54.6201 3
      vertex -7.42752 -51.4427 3
    endloop
  endfacet
  facet normal -0 0 1
    outer loop
      vertex -11.7752 -53.4654 3
      vertex -11.2061 -54.6201 3
      vertex -8.51028 -50.72 3
    endloop
  endfacet
  facet normal 0 0 1
    outer loop
      vertex -17.1629 -54.6519 3
      vertex -11.2061 -54.6201 3
      vertex -11.7752 -53.4654 3
    endloop
  endfacet
  facet normal -0 0 1
    outer loop
      vertex -17.1629 -54.6519 3
      vertex -17.5592 -56.0191 3
      vertex -11.2061 -54.6201 3
    endloop
  endfacet
  facet normal -0 0 1
    outer loop
      vertex -19.3641 -54.2304 3
      vertex -17.1629 -54.6519 3
      vertex -19.2878 -52.5461 3
    endloop
  endfacet
  facet normal 0 0 1
    outer loop
      vertex -17.1629 -54.6519 3
      vertex -19.3641 -54.2304 3
      vertex -17.5592 -56.0191 3
    endloop
  endfacet
  facet normal 0 0 1
    outer loop
      vertex -23.8495 -56.3142 3
      vertex -19.3641 -54.2304 3
      vertex -19.2878 -52.5461 3
    endloop
  endfacet
  facet normal -0 0 1
    outer loop
      vertex -23.8495 -56.3142 3
      vertex -24.1548 -58.1876 3
      vertex -19.3641 -54.2304 3
    endloop
  endfacet
  facet normal -0 0 1
    outer loop
      vertex -26.0735 -55.1091 3
      vertex -23.8495 -56.3142 3
      vertex -25.7988 -53.1868 3
    endloop
  endfacet
  facet normal 0 0 1
    outer loop
      vertex -23.8495 -56.3142 3
      vertex -26.0735 -55.1091 3
      vertex -24.1548 -58.1876 3
    endloop
  endfacet
  facet normal 0 0 1
    outer loop
      vertex -30.6071 -57.4853 3
      vertex -26.0735 -55.1091 3
      vertex -25.7988 -53.1868 3
    endloop
  endfacet
  facet normal -0 0 1
    outer loop
      vertex -30.6071 -57.4853 3
      vertex -31.0164 -59.5278 3
      vertex -26.0735 -55.1091 3
    endloop
  endfacet
  facet normal -0 0 1
    outer loop
      vertex -32.9956 -55.3866 3
      vertex -30.6071 -57.4853 3
      vertex -32.3663 -53.8045 3
    endloop
  endfacet
  facet normal 0 0 1
    outer loop
      vertex -30.6071 -57.4853 3
      vertex -32.9956 -55.3866 3
      vertex -31.0164 -59.5278 3
    endloop
  endfacet
  facet normal -0 0 1
    outer loop
      vertex -36.0925 -55.2404 3
      vertex -32.9956 -55.3866 3
      vertex -32.3663 -53.8045 3
    endloop
  endfacet
  facet normal 0 0 1
    outer loop
      vertex -36.0925 -55.2404 3
      vertex -37.7383 -57.2141 3
      vertex -32.9956 -55.3866 3
    endloop
  endfacet
  facet normal 0 0 1
    outer loop
      vertex -37.7383 -57.2141 3
      vertex -36.0925 -55.2404 3
      vertex -36.2558 -49.3821 3
    endloop
  endfacet
  facet normal -0 0 1
    outer loop
      vertex 4.5 -37.8 3
      vertex 7 -37.8511 3
      vertex 7 -34.5 3
    endloop
  endfacet
  facet normal 0 0 1
    outer loop
      vertex 7 -37.8511 3
      vertex 4.5 -37.8 3
      vertex 4.5 -38.7 3
    endloop
  endfacet
  facet normal 0 0 1
    outer loop
      vertex 7 -34.5 3
      vertex -4.5 -37.8 3
      vertex 4.5 -37.8 3
    endloop
  endfacet
  facet normal -0 0 1
    outer loop
      vertex -7 -37.8511 3
      vertex -4.5 -38.7 3
      vertex -4.5 -37.8 3
    endloop
  endfacet
  facet normal -0 0 1
    outer loop
      vertex -7 -34.5 3
      vertex -4.5 -37.8 3
      vertex 7 -34.5 3
    endloop
  endfacet
  facet normal 0 0 1
    outer loop
      vertex -7 -37.8511 3
      vertex -4.5 -37.8 3
      vertex -7 -34.5 3
    endloop
  endfacet
  facet normal 0 0 1
    outer loop
      vertex -4.5 -38.7 3
      vertex -7 -37.8511 3
      vertex -4.7037 -39.7821 3
    endloop
  endfacet
  facet normal 0 0 1
    outer loop
      vertex 7 -37.8511 3
      vertex 4.5 -38.7 3
      vertex 4.7037 -39.7821 3
    endloop
  endfacet
  facet normal 0 0 1
    outer loop
      vertex 4.5 -38.7 3
      vertex 4.45222 -41 3
      vertex 4.7037 -39.7821 3
    endloop
  endfacet
  facet normal 0 0 1
    outer loop
      vertex 4.5 -38.7 3
      vertex -4.45222 -41 3
      vertex 4.45222 -41 3
    endloop
  endfacet
  facet normal -0 0 1
    outer loop
      vertex -4.5 -38.7 3
      vertex -4.45222 -41 3
      vertex 4.5 -38.7 3
    endloop
  endfacet
  facet normal 0 0 1
    outer loop
      vertex -4.45222 -41 3
      vertex -4.5 -38.7 3
      vertex -4.7037 -39.7821 3
    endloop
  endfacet
  facet normal -0 0 1
    outer loop
      vertex -4.02476 -48.3 3
      vertex 5.34931 -52.5 3
      vertex 4.02476 -48.3 3
    endloop
  endfacet
  facet normal 0 0 1
    outer loop
      vertex 5.34931 -52.5 3
      vertex -4.02476 -48.3 3
      vertex -5.34931 -52.5 3
    endloop
  endfacet
  facet normal 0 0 1
    outer loop
      vertex 3.60563 -45.1 3
      vertex -3.37216 -46.2307 3
      vertex 3.37216 -46.2307 3
    endloop
  endfacet
  facet normal 0 -0 1
    outer loop
      vertex -3.37216 -46.2307 3
      vertex 3.60563 -45.1 3
      vertex -3.60563 -45.1 3
    endloop
  endfacet
  facet normal -0 0 1
    outer loop
      vertex -3.37216 -46.2307 3
      vertex 3.74093 -47.4 3
      vertex 3.37216 -46.2307 3
    endloop
  endfacet
  facet normal 0 0 1
    outer loop
      vertex 3.74093 -47.4 3
      vertex -3.37216 -46.2307 3
      vertex -3.74093 -47.4 3
    endloop
  endfacet
  facet normal 0 0 1
    outer loop
      vertex 36.2558 -49.3821 3
      vertex 35.0821 -49.9026 3
      vertex 36.0925 -55.2404 3
    endloop
  endfacet
  facet normal 0 0 1
    outer loop
      vertex 32.1887 -44.0073 3
      vertex 35.0821 -49.9026 3
      vertex 36.2558 -49.3821 3
    endloop
  endfacet
  facet normal 0 0 1
    outer loop
      vertex 32.1887 -44.0073 3
      vertex 31.3293 -44.9432 3
      vertex 35.0821 -49.9026 3
    endloop
  endfacet
  facet normal 0 0 1
    outer loop
      vertex 25.6294 -39.8707 3
      vertex 31.3293 -44.9432 3
      vertex 32.1887 -44.0073 3
    endloop
  endfacet
  facet normal 0 0 1
    outer loop
      vertex 25.6294 -39.8707 3
      vertex 25.0636 -40.9917 3
      vertex 31.3293 -44.9432 3
    endloop
  endfacet
  facet normal 0 0 1
    outer loop
      vertex 19.1712 -37.349 3
      vertex 25.0636 -40.9917 3
      vertex 25.6294 -39.8707 3
    endloop
  endfacet
  facet normal 0 0 1
    outer loop
      vertex 19.1712 -37.349 3
      vertex 18.8249 -38.5557 3
      vertex 25.0636 -40.9917 3
    endloop
  endfacet
  facet normal 0 0 1
    outer loop
      vertex 19.1712 -37.349 3
      vertex 14.7495 -37.7862 3
      vertex 18.8249 -38.5557 3
    endloop
  endfacet
  facet normal 0 0 1
    outer loop
      vertex 14.664 -36.498 3
      vertex 14.7495 -37.7862 3
      vertex 19.1712 -37.349 3
    endloop
  endfacet
  facet normal 0 0 1
    outer loop
      vertex 10.5766 -37.8487 3
      vertex 14.7495 -37.7862 3
      vertex 14.664 -36.498 3
    endloop
  endfacet
  facet normal 0 0 1
    outer loop
      vertex 14.7495 -37.7862 3
      vertex 10.5766 -37.8487 3
      vertex 11.197 -38.9601 3
    endloop
  endfacet
  facet normal 0 0 1
    outer loop
      vertex 7 -40.8562 3
      vertex 11.197 -38.9601 3
      vertex 10.5766 -37.8487 3
    endloop
  endfacet
  facet normal -0 0 1
    outer loop
      vertex 6.7948 -41.0287 3
      vertex 7.93126 -41.7063 3
      vertex 7 -40.8562 3
    endloop
  endfacet
  facet normal 0 0 1
    outer loop
      vertex 11.197 -38.9601 3
      vertex 7 -40.8562 3
      vertex 7.93126 -41.7063 3
    endloop
  endfacet
  facet normal -0 0 1
    outer loop
      vertex 36.0925 -55.2404 3
      vertex 37.7383 -57.2141 3
      vertex 36.2558 -49.3821 3
    endloop
  endfacet
  facet normal 0 0 1
    outer loop
      vertex 36.0925 -55.2404 3
      vertex 32.9956 -55.3866 3
      vertex 37.7383 -57.2141 3
    endloop
  endfacet
  facet normal 0 0 1
    outer loop
      vertex 32.3663 -53.8045 3
      vertex 32.9956 -55.3866 3
      vertex 36.0925 -55.2404 3
    endloop
  endfacet
  facet normal 0 0 1
    outer loop
      vertex 30.6071 -57.4853 3
      vertex 32.9956 -55.3866 3
      vertex 32.3663 -53.8045 3
    endloop
  endfacet
  facet normal 0 0 1
    outer loop
      vertex 32.9956 -55.3866 3
      vertex 30.6071 -57.4853 3
      vertex 31.0164 -59.5278 3
    endloop
  endfacet
  facet normal 0 0 1
    outer loop
      vertex 30.6071 -57.4853 3
      vertex 26.0735 -55.1091 3
      vertex 31.0164 -59.5278 3
    endloop
  endfacet
  facet normal 0 0 1
    outer loop
      vertex 25.7988 -53.1868 3
      vertex 26.0735 -55.1091 3
      vertex 30.6071 -57.4853 3
    endloop
  endfacet
  facet normal 0 0 1
    outer loop
      vertex 23.8495 -56.3142 3
      vertex 26.0735 -55.1091 3
      vertex 25.7988 -53.1868 3
    endloop
  endfacet
  facet normal 0 0 1
    outer loop
      vertex 26.0735 -55.1091 3
      vertex 23.8495 -56.3142 3
      vertex 24.1548 -58.1876 3
    endloop
  endfacet
  facet normal 0 0 1
    outer loop
      vertex 23.8495 -56.3142 3
      vertex 19.3641 -54.2304 3
      vertex 24.1548 -58.1876 3
    endloop
  endfacet
  facet normal 0 0 1
    outer loop
      vertex 19.2878 -52.5461 3
      vertex 19.3641 -54.2304 3
      vertex 23.8495 -56.3142 3
    endloop
  endfacet
  facet normal 0 0 1
    outer loop
      vertex 17.1629 -54.6519 3
      vertex 19.3641 -54.2304 3
      vertex 19.2878 -52.5461 3
    endloop
  endfacet
  facet normal 0 0 1
    outer loop
      vertex 19.3641 -54.2304 3
      vertex 17.1629 -54.6519 3
      vertex 17.5592 -56.0191 3
    endloop
  endfacet
  facet normal -0 0 1
    outer loop
      vertex 11.2061 -54.6201 3
      vertex 17.1629 -54.6519 3
      vertex 11.7752 -53.4654 3
    endloop
  endfacet
  facet normal 0 0 1
    outer loop
      vertex 17.1629 -54.6519 3
      vertex 11.2061 -54.6201 3
      vertex 17.5592 -56.0191 3
    endloop
  endfacet
  facet normal 0 0 1
    outer loop
      vertex 8.51028 -50.72 3
      vertex 11.2061 -54.6201 3
      vertex 11.7752 -53.4654 3
    endloop
  endfacet
  facet normal 0 0 1
    outer loop
      vertex 8.51028 -50.72 3
      vertex 7.42752 -51.4427 3
      vertex 11.2061 -54.6201 3
    endloop
  endfacet
  facet normal -0 0 1
    outer loop
      vertex 5.74567 -46.1097 3
      vertex 8.51028 -50.72 3
      vertex 7.03561 -46.0439 3
    endloop
  endfacet
  facet normal 0 0 1
    outer loop
      vertex 5.74567 -46.1097 3
      vertex 7.93126 -41.7063 3
      vertex 6.7948 -41.0287 3
    endloop
  endfacet
  facet normal 0 0 1
    outer loop
      vertex 8.51028 -50.72 3
      vertex 5.74567 -46.1097 3
      vertex 7.42752 -51.4427 3
    endloop
  endfacet
  facet normal 0 0 1
    outer loop
      vertex 7.93126 -41.7063 3
      vertex 5.74567 -46.1097 3
      vertex 7.03561 -46.0439 3
    endloop
  endfacet
  facet normal 0 0 1
    outer loop
      vertex 31.1 55 3
      vertex 37.7995 52 3
      vertex 37.7775 53.4918 3
    endloop
  endfacet
  facet normal 0 0 1
    outer loop
      vertex 36.5516 55.9649 3
      vertex 37.7775 53.4918 3
      vertex 37.7283 54.0942 3
    endloop
  endfacet
  facet normal 0 0 1
    outer loop
      vertex 36.8353 55.7507 3
      vertex 37.7283 54.0942 3
      vertex 37.6652 54.4729 3
    endloop
  endfacet
  facet normal 0 0 1
    outer loop
      vertex 37.0578 55.554 3
      vertex 37.6652 54.4729 3
      vertex 37.5971 54.7283 3
    endloop
  endfacet
  facet normal 0 0 1
    outer loop
      vertex 37.2267 55.3772 3
      vertex 37.5971 54.7283 3
      vertex 37.5264 54.9145 3
    endloop
  endfacet
  facet normal 0 0 1
    outer loop
      vertex 37.2267 55.3772 3
      vertex 37.5264 54.9145 3
      vertex 37.4484 55.0691 3
    endloop
  endfacet
  facet normal 0 0 1
    outer loop
      vertex 37.2267 55.3772 3
      vertex 37.4484 55.0691 3
      vertex 37.3527 55.218 3
    endloop
  endfacet
  facet normal 0 0 1
    outer loop
      vertex 37.7995 52 3
      vertex 31.1 55 3
      vertex 37.7756 50.3782 3
    endloop
  endfacet
  facet normal 0 0 1
    outer loop
      vertex 37.5971 54.7283 3
      vertex 37.2267 55.3772 3
      vertex 37.0578 55.554 3
    endloop
  endfacet
  facet normal 0 0 1
    outer loop
      vertex 37.6652 54.4729 3
      vertex 37.0578 55.554 3
      vertex 36.8353 55.7507 3
    endloop
  endfacet
  facet normal 0 0 1
    outer loop
      vertex 37.7283 54.0942 3
      vertex 36.8353 55.7507 3
      vertex 36.5516 55.9649 3
    endloop
  endfacet
  facet normal 0 0 1
    outer loop
      vertex 37.7775 53.4918 3
      vertex 36.5516 55.9649 3
      vertex 36.2024 56.1928 3
    endloop
  endfacet
  facet normal 0 0 1
    outer loop
      vertex 37.7775 53.4918 3
      vertex 36.2024 56.1928 3
      vertex 31.1 55 3
    endloop
  endfacet
  facet normal 0 0 1
    outer loop
      vertex 37.7756 50.3782 3
      vertex 31.1 55 3
      vertex 37.3016 25.1241 3
    endloop
  endfacet
  facet normal 0 0 1
    outer loop
      vertex 31.1 55 3
      vertex 36.2024 56.1928 3
      vertex 35.7849 56.4299 3
    endloop
  endfacet
  facet normal 0 0 1
    outer loop
      vertex 31.1 55 3
      vertex 35.7849 56.4299 3
      vertex 35.2984 56.6718 3
    endloop
  endfacet
  facet normal 0 0 1
    outer loop
      vertex 31.1 55 3
      vertex 35.2984 56.6718 3
      vertex 34.7425 56.9152 3
    endloop
  endfacet
  facet normal 0 0 1
    outer loop
      vertex 31.1 55 3
      vertex 34.7425 56.9152 3
      vertex 34.1177 57.1568 3
    endloop
  endfacet
  facet normal 0 0 1
    outer loop
      vertex 31.1 55 3
      vertex 34.1177 57.1568 3
      vertex 33.4252 57.3938 3
    endloop
  endfacet
  facet normal 0 0 1
    outer loop
      vertex 31.1 55 3
      vertex 33.4252 57.3938 3
      vertex 32.6647 57.6245 3
    endloop
  endfacet
  facet normal 0 0 1
    outer loop
      vertex 31.1 55 3
      vertex 32.6647 57.6245 3
      vertex 31.8368 57.8472 3
    endloop
  endfacet
  facet normal 0 0 1
    outer loop
      vertex 31.1 -27.44 3
      vertex 37.3016 25.1241 3
      vertex 31.1 55 3
    endloop
  endfacet
  facet normal 0 0 1
    outer loop
      vertex 37.3016 25.1241 3
      vertex 31.1 -27.44 3
      vertex 35.8007 -11.8974 3
    endloop
  endfacet
  facet normal -0 0 1
    outer loop
      vertex 31.1 -27.44 3
      vertex 38.0146 -34 3
      vertex 35.8007 -11.8974 3
    endloop
  endfacet
  facet normal -0 0 1
    outer loop
      vertex 29.1 -27.44 3
      vertex 38.0146 -34 3
      vertex 31.1 -27.44 3
    endloop
  endfacet
  facet normal 0 0 1
    outer loop
      vertex 26.6735 58.8056 3
      vertex 29.1 55 3
      vertex 27.8471 58.6369 3
    endloop
  endfacet
  facet normal 0 0 1
    outer loop
      vertex 25.4262 58.9617 3
      vertex 29.1 55 3
      vertex 26.6735 58.8056 3
    endloop
  endfacet
  facet normal 0 0 1
    outer loop
      vertex 22.8772 49.8535 3
      vertex 29.1 55 3
      vertex 25.4262 58.9617 3
    endloop
  endfacet
  facet normal 0 0 1
    outer loop
      vertex 22.8772 49.8535 3
      vertex 25.4262 58.9617 3
      vertex 24.0979 59.1052 3
    endloop
  endfacet
  facet normal 0 0 1
    outer loop
      vertex 29.1 55 3
      vertex 23.93 48.35 3
      vertex 29.1 -27.44 3
    endloop
  endfacet
  facet normal -0 0 1
    outer loop
      vertex 23.93 -20.79 3
      vertex 29.1 -27.44 3
      vertex 23.93 48.35 3
    endloop
  endfacet
  facet normal -0 0 1
    outer loop
      vertex 23.9239 -20.9294 3
      vertex 29.1 -27.44 3
      vertex 23.93 -20.79 3
    endloop
  endfacet
  facet normal -0 0 1
    outer loop
      vertex 23.9057 -21.0678 3
      vertex 29.1 -27.44 3
      vertex 23.9239 -20.9294 3
    endloop
  endfacet
  facet normal -0 0 1
    outer loop
      vertex 23.8755 -21.2041 3
      vertex 29.1 -27.44 3
      vertex 23.9057 -21.0678 3
    endloop
  endfacet
  facet normal -0 0 1
    outer loop
      vertex 23.8335 -21.3372 3
      vertex 29.1 -27.44 3
      vertex 23.8755 -21.2041 3
    endloop
  endfacet
  facet normal -0 0 1
    outer loop
      vertex 23.7801 -21.4662 3
      vertex 29.1 -27.44 3
      vertex 23.8335 -21.3372 3
    endloop
  endfacet
  facet normal -0 0 1
    outer loop
      vertex 23.7156 -21.59 3
      vertex 29.1 -27.44 3
      vertex 23.7801 -21.4662 3
    endloop
  endfacet
  facet normal -0 0 1
    outer loop
      vertex 23.6406 -21.7077 3
      vertex 29.1 -27.44 3
      vertex 23.7156 -21.59 3
    endloop
  endfacet
  facet normal -0 0 1
    outer loop
      vertex 23.5557 -21.8184 3
      vertex 29.1 -27.44 3
      vertex 23.6406 -21.7077 3
    endloop
  endfacet
  facet normal -0 0 1
    outer loop
      vertex 23.4614 -21.9214 3
      vertex 29.1 -27.44 3
      vertex 23.5557 -21.8184 3
    endloop
  endfacet
  facet normal -0 0 1
    outer loop
      vertex 23.3585 -22.0157 3
      vertex 29.1 -27.44 3
      vertex 23.4614 -21.9214 3
    endloop
  endfacet
  facet normal -0 0 1
    outer loop
      vertex 23.2477 -22.1006 3
      vertex 29.1 -27.44 3
      vertex 23.3585 -22.0157 3
    endloop
  endfacet
  facet normal -0 0 1
    outer loop
      vertex 23.13 -22.1756 3
      vertex 29.1 -27.44 3
      vertex 23.2477 -22.1006 3
    endloop
  endfacet
  facet normal -0 0 1
    outer loop
      vertex 23.0062 -22.2401 3
      vertex 29.1 -27.44 3
      vertex 23.13 -22.1756 3
    endloop
  endfacet
  facet normal -0 0 1
    outer loop
      vertex 22.8772 -22.2935 3
      vertex 29.1 -27.44 3
      vertex 23.0062 -22.2401 3
    endloop
  endfacet
  facet normal -0 0 1
    outer loop
      vertex 22.7441 -22.3355 3
      vertex 29.1 -27.44 3
      vertex 22.8772 -22.2935 3
    endloop
  endfacet
  facet normal -0 0 1
    outer loop
      vertex 22.6078 -22.3657 3
      vertex 29.1 -27.44 3
      vertex 22.7441 -22.3355 3
    endloop
  endfacet
  facet normal -0 0 1
    outer loop
      vertex 22.4694 -22.3839 3
      vertex 29.1 -27.44 3
      vertex 22.6078 -22.3657 3
    endloop
  endfacet
  facet normal -0 0 1
    outer loop
      vertex 22.33 -22.39 3
      vertex 29.1 -27.44 3
      vertex 22.4694 -22.3839 3
    endloop
  endfacet
  facet normal -0 0 1
    outer loop
      vertex -22.33 -22.39 3
      vertex 29.1 -27.44 3
      vertex 22.33 -22.39 3
    endloop
  endfacet
  facet normal 0 0 1
    outer loop
      vertex -29.1 -27.44 3
      vertex 29.1 -27.44 3
      vertex -22.33 -22.39 3
    endloop
  endfacet
  facet normal 0 0 1
    outer loop
      vertex -29.1 -27.44 3
      vertex -22.33 -22.39 3
      vertex -22.4694 -22.3839 3
    endloop
  endfacet
  facet normal 0 0 1
    outer loop
      vertex -29.1 -27.44 3
      vertex -22.4694 -22.3839 3
      vertex -22.6078 -22.3657 3
    endloop
  endfacet
  facet normal 0 0 1
    outer loop
      vertex -23.9239 48.4894 3
      vertex -29.1 55 3
      vertex -23.93 48.35 3
    endloop
  endfacet
  facet normal 0 0 1
    outer loop
      vertex -29.1 55 3
      vertex -25.4262 58.9617 3
      vertex -26.6735 58.8056 3
    endloop
  endfacet
  facet normal 0 0 1
    outer loop
      vertex -29.1 55 3
      vertex -26.6735 58.8056 3
      vertex -27.8471 58.6369 3
    endloop
  endfacet
  facet normal 0 0 1
    outer loop
      vertex -23.93 48.35 3
      vertex -29.1 55 3
      vertex -23.93 -20.79 3
    endloop
  endfacet
  facet normal 0 0 1
    outer loop
      vertex -29.1 55 3
      vertex -27.8471 58.6369 3
      vertex -28.9489 58.4561 3
    endloop
  endfacet
  facet normal 0 0 1
    outer loop
      vertex -29.1 -27.44 3
      vertex -23.93 -20.79 3
      vertex -29.1 55 3
    endloop
  endfacet
  facet normal 0 0 1
    outer loop
      vertex -23.93 -20.79 3
      vertex -29.1 -27.44 3
      vertex -23.9239 -20.9294 3
    endloop
  endfacet
  facet normal 0 0 1
    outer loop
      vertex -29.1 -27.44 3
      vertex -23.9057 -21.0678 3
      vertex -23.9239 -20.9294 3
    endloop
  endfacet
  facet normal 0 0 1
    outer loop
      vertex -29.1 -27.44 3
      vertex -23.8755 -21.2041 3
      vertex -23.9057 -21.0678 3
    endloop
  endfacet
  facet normal 0 0 1
    outer loop
      vertex -29.1 -27.44 3
      vertex -23.8335 -21.3372 3
      vertex -23.8755 -21.2041 3
    endloop
  endfacet
  facet normal 0 0 1
    outer loop
      vertex -29.1 -27.44 3
      vertex -23.7801 -21.4662 3
      vertex -23.8335 -21.3372 3
    endloop
  endfacet
  facet normal 0 0 1
    outer loop
      vertex -29.1 -27.44 3
      vertex -23.7156 -21.59 3
      vertex -23.7801 -21.4662 3
    endloop
  endfacet
  facet normal 0 0 1
    outer loop
      vertex -29.1 -27.44 3
      vertex -23.6406 -21.7077 3
      vertex -23.7156 -21.59 3
    endloop
  endfacet
  facet normal 0 0 1
    outer loop
      vertex -29.1 -27.44 3
      vertex -23.5557 -21.8184 3
      vertex -23.6406 -21.7077 3
    endloop
  endfacet
  facet normal 0 0 1
    outer loop
      vertex -29.1 -27.44 3
      vertex -23.4614 -21.9214 3
      vertex -23.5557 -21.8184 3
    endloop
  endfacet
  facet normal 0 0 1
    outer loop
      vertex -29.1 -27.44 3
      vertex -23.3585 -22.0157 3
      vertex -23.4614 -21.9214 3
    endloop
  endfacet
  facet normal 0 0 1
    outer loop
      vertex -29.1 -27.44 3
      vertex -23.2477 -22.1006 3
      vertex -23.3585 -22.0157 3
    endloop
  endfacet
  facet normal 0 0 1
    outer loop
      vertex -29.1 -27.44 3
      vertex -23.13 -22.1756 3
      vertex -23.2477 -22.1006 3
    endloop
  endfacet
  facet normal 0 0 1
    outer loop
      vertex -29.1 -27.44 3
      vertex -23.0062 -22.2401 3
      vertex -23.13 -22.1756 3
    endloop
  endfacet
  facet normal 0 0 1
    outer loop
      vertex -29.1 -27.44 3
      vertex -22.8772 -22.2935 3
      vertex -23.0062 -22.2401 3
    endloop
  endfacet
  facet normal 0 0 1
    outer loop
      vertex -29.1 -27.44 3
      vertex -22.7441 -22.3355 3
      vertex -22.8772 -22.2935 3
    endloop
  endfacet
  facet normal 0 0 1
    outer loop
      vertex -29.1 -27.44 3
      vertex -22.6078 -22.3657 3
      vertex -22.7441 -22.3355 3
    endloop
  endfacet
  facet normal 0 0 1
    outer loop
      vertex 29.1 -27.44 3
      vertex -29.1 -27.44 3
      vertex 38.0146 -34 3
    endloop
  endfacet
  facet normal 0 0 1
    outer loop
      vertex -38.0146 -34 3
      vertex -29.1 -27.44 3
      vertex -31.1 -27.44 3
    endloop
  endfacet
  facet normal -0 0 1
    outer loop
      vertex -33.4252 57.3938 3
      vertex -31.1 55 3
      vertex -32.6647 57.6245 3
    endloop
  endfacet
  facet normal -0 0 1
    outer loop
      vertex -34.1177 57.1568 3
      vertex -31.1 55 3
      vertex -33.4252 57.3938 3
    endloop
  endfacet
  facet normal -0 0 1
    outer loop
      vertex -34.7425 56.9152 3
      vertex -31.1 55 3
      vertex -34.1177 57.1568 3
    endloop
  endfacet
  facet normal -0 0 1
    outer loop
      vertex -35.2984 56.6718 3
      vertex -31.1 55 3
      vertex -34.7425 56.9152 3
    endloop
  endfacet
  facet normal -0 0 1
    outer loop
      vertex -35.7849 56.4299 3
      vertex -31.1 55 3
      vertex -35.2984 56.6718 3
    endloop
  endfacet
  facet normal 0 0 1
    outer loop
      vertex -31.1 55 3
      vertex -35.7849 56.4299 3
      vertex -37.7775 53.4918 3
    endloop
  endfacet
  facet normal 0 0 1
    outer loop
      vertex -31.1 55 3
      vertex -37.3016 25.1241 3
      vertex -31.1 -27.44 3
    endloop
  endfacet
  facet normal 0 0 1
    outer loop
      vertex -29.1 -27.44 3
      vertex -38.0146 -34 3
      vertex 38.0146 -34 3
    endloop
  endfacet
  facet normal 0 0 1
    outer loop
      vertex -38.0146 -34 3
      vertex -31.1 -27.44 3
      vertex -35.8007 -11.8974 3
    endloop
  endfacet
  facet normal 0 0 1
    outer loop
      vertex -37.7775 53.4918 3
      vertex -35.7849 56.4299 3
      vertex -36.2024 56.1928 3
    endloop
  endfacet
  facet normal 0 0 1
    outer loop
      vertex -37.7775 53.4918 3
      vertex -36.2024 56.1928 3
      vertex -36.5516 55.9649 3
    endloop
  endfacet
  facet normal 0 0 1
    outer loop
      vertex -37.7283 54.0942 3
      vertex -36.5516 55.9649 3
      vertex -36.8353 55.7507 3
    endloop
  endfacet
  facet normal 0 0 1
    outer loop
      vertex -37.7283 54.0942 3
      vertex -36.8353 55.7507 3
      vertex -37.0578 55.554 3
    endloop
  endfacet
  facet normal 0 0 1
    outer loop
      vertex -37.6652 54.4729 3
      vertex -37.0578 55.554 3
      vertex -37.2267 55.3772 3
    endloop
  endfacet
  facet normal 0 0 1
    outer loop
      vertex -31.1 -27.44 3
      vertex -37.3016 25.1241 3
      vertex -35.8007 -11.8974 3
    endloop
  endfacet
  facet normal 0 0 1
    outer loop
      vertex -37.5971 54.7283 3
      vertex -37.2267 55.3772 3
      vertex -37.3527 55.218 3
    endloop
  endfacet
  facet normal 0 0 1
    outer loop
      vertex -37.5971 54.7283 3
      vertex -37.3527 55.218 3
      vertex -37.4484 55.0691 3
    endloop
  endfacet
  facet normal 0 0 1
    outer loop
      vertex -37.5971 54.7283 3
      vertex -37.4484 55.0691 3
      vertex -37.5264 54.9145 3
    endloop
  endfacet
  facet normal 0 0 1
    outer loop
      vertex -37.2267 55.3772 3
      vertex -37.5971 54.7283 3
      vertex -37.6652 54.4729 3
    endloop
  endfacet
  facet normal 0 0 1
    outer loop
      vertex -37.0578 55.554 3
      vertex -37.6652 54.4729 3
      vertex -37.7283 54.0942 3
    endloop
  endfacet
  facet normal 0 0 1
    outer loop
      vertex -36.5516 55.9649 3
      vertex -37.7283 54.0942 3
      vertex -37.7775 53.4918 3
    endloop
  endfacet
  facet normal 0 0 1
    outer loop
      vertex -31.1 55 3
      vertex -37.7756 50.3782 3
      vertex -37.3016 25.1241 3
    endloop
  endfacet
  facet normal 0 0 1
    outer loop
      vertex -31.1 55 3
      vertex -37.7775 53.4918 3
      vertex -37.7995 52 3
    endloop
  endfacet
  facet normal 0 0 1
    outer loop
      vertex -31.1 55 3
      vertex -37.7995 52 3
      vertex -37.7756 50.3782 3
    endloop
  endfacet
  facet normal -0 0 1
    outer loop
      vertex -29.9794 58.2639 3
      vertex -29.1 55 3
      vertex -28.9489 58.4561 3
    endloop
  endfacet
  facet normal -0 0 1
    outer loop
      vertex -30.942 58.0607 3
      vertex -29.1 55 3
      vertex -29.9794 58.2639 3
    endloop
  endfacet
  facet normal 0 0 1
    outer loop
      vertex -30.942 58.0607 3
      vertex -31.1 55 3
      vertex -29.1 55 3
    endloop
  endfacet
  facet normal -0 0 1
    outer loop
      vertex -32.6647 57.6245 3
      vertex -31.1 55 3
      vertex -31.8368 57.8472 3
    endloop
  endfacet
  facet normal -0 0 1
    outer loop
      vertex -31.8368 57.8472 3
      vertex -31.1 55 3
      vertex -30.942 58.0607 3
    endloop
  endfacet
  facet normal 0 0 1
    outer loop
      vertex 29.1 55 3
      vertex 23.9239 48.4894 3
      vertex 23.93 48.35 3
    endloop
  endfacet
  facet normal 0 0 1
    outer loop
      vertex 29.1 55 3
      vertex 23.9057 48.6278 3
      vertex 23.9239 48.4894 3
    endloop
  endfacet
  facet normal 0 0 1
    outer loop
      vertex 29.1 55 3
      vertex 23.8755 48.7641 3
      vertex 23.9057 48.6278 3
    endloop
  endfacet
  facet normal 0 0 1
    outer loop
      vertex 29.1 55 3
      vertex 23.8335 48.8972 3
      vertex 23.8755 48.7641 3
    endloop
  endfacet
  facet normal 0 0 1
    outer loop
      vertex 29.1 55 3
      vertex 23.7801 49.0262 3
      vertex 23.8335 48.8972 3
    endloop
  endfacet
  facet normal 0 0 1
    outer loop
      vertex 29.1 55 3
      vertex 23.7156 49.15 3
      vertex 23.7801 49.0262 3
    endloop
  endfacet
  facet normal 0 0 1
    outer loop
      vertex 29.1 55 3
      vertex 23.6406 49.2677 3
      vertex 23.7156 49.15 3
    endloop
  endfacet
  facet normal 0 0 1
    outer loop
      vertex 29.1 55 3
      vertex 23.5557 49.3784 3
      vertex 23.6406 49.2677 3
    endloop
  endfacet
  facet normal 0 0 1
    outer loop
      vertex 29.1 55 3
      vertex 23.4614 49.4814 3
      vertex 23.5557 49.3784 3
    endloop
  endfacet
  facet normal 0 0 1
    outer loop
      vertex 29.1 55 3
      vertex 23.3585 49.5757 3
      vertex 23.4614 49.4814 3
    endloop
  endfacet
  facet normal 0 0 1
    outer loop
      vertex 29.1 55 3
      vertex 23.2477 49.6606 3
      vertex 23.3585 49.5757 3
    endloop
  endfacet
  facet normal 0 0 1
    outer loop
      vertex 29.1 55 3
      vertex 23.13 49.7356 3
      vertex 23.2477 49.6606 3
    endloop
  endfacet
  facet normal 0 0 1
    outer loop
      vertex 29.1 55 3
      vertex 23.0062 49.8001 3
      vertex 23.13 49.7356 3
    endloop
  endfacet
  facet normal 0 0 1
    outer loop
      vertex 29.1 55 3
      vertex 22.8772 49.8535 3
      vertex 23.0062 49.8001 3
    endloop
  endfacet
  facet normal 0 0 1
    outer loop
      vertex 24.0979 59.1052 3
      vertex 22.7441 49.8955 3
      vertex 22.8772 49.8535 3
    endloop
  endfacet
  facet normal 0 0 1
    outer loop
      vertex 22.4694 49.9439 3
      vertex 24.0979 59.1052 3
      vertex 22.6861 59.2357 3
    endloop
  endfacet
  facet normal 0 0 1
    outer loop
      vertex 24.0979 59.1052 3
      vertex 22.6078 49.9257 3
      vertex 22.7441 49.8955 3
    endloop
  endfacet
  facet normal 0 0 1
    outer loop
      vertex 24.0979 59.1052 3
      vertex 22.4694 49.9439 3
      vertex 22.6078 49.9257 3
    endloop
  endfacet
  facet normal 0 0 1
    outer loop
      vertex 22.6861 59.2357 3
      vertex 22.33 49.95 3
      vertex 22.4694 49.9439 3
    endloop
  endfacet
  facet normal 0 0 1
    outer loop
      vertex 21.1814 59.3529 3
      vertex 22.33 49.95 3
      vertex 22.6861 59.2357 3
    endloop
  endfacet
  facet normal 0 0 1
    outer loop
      vertex 19.5737 59.4569 3
      vertex 22.33 49.95 3
      vertex 21.1814 59.3529 3
    endloop
  endfacet
  facet normal 0 0 1
    outer loop
      vertex 17.849 59.5473 3
      vertex 22.33 49.95 3
      vertex 19.5737 59.4569 3
    endloop
  endfacet
  facet normal 0 0 1
    outer loop
      vertex 15.9855 59.6241 3
      vertex 22.33 49.95 3
      vertex 17.849 59.5473 3
    endloop
  endfacet
  facet normal 0 0 1
    outer loop
      vertex 13.9513 59.6871 3
      vertex 22.33 49.95 3
      vertex 15.9855 59.6241 3
    endloop
  endfacet
  facet normal 0 0 1
    outer loop
      vertex 11.6905 59.7363 3
      vertex 22.33 49.95 3
      vertex 13.9513 59.6871 3
    endloop
  endfacet
  facet normal 0 0 1
    outer loop
      vertex 9.09639 59.7716 3
      vertex 22.33 49.95 3
      vertex 11.6905 59.7363 3
    endloop
  endfacet
  facet normal 0 0 1
    outer loop
      vertex 5.91356 59.7929 3
      vertex 22.33 49.95 3
      vertex 9.09639 59.7716 3
    endloop
  endfacet
  facet normal 0 0 1
    outer loop
      vertex 0 59.8 3
      vertex 22.33 49.95 3
      vertex 5.91356 59.7929 3
    endloop
  endfacet
  facet normal 0 0 1
    outer loop
      vertex -22.33 49.95 3
      vertex 0 59.8 3
      vertex -5.91356 59.7929 3
    endloop
  endfacet
  facet normal 0 0 1
    outer loop
      vertex -22.33 49.95 3
      vertex -5.91356 59.7929 3
      vertex -9.09639 59.7716 3
    endloop
  endfacet
  facet normal 0 0 1
    outer loop
      vertex -22.33 49.95 3
      vertex -9.09639 59.7716 3
      vertex -11.6905 59.7363 3
    endloop
  endfacet
  facet normal 0 0 1
    outer loop
      vertex -22.33 49.95 3
      vertex -11.6905 59.7363 3
      vertex -13.9513 59.6871 3
    endloop
  endfacet
  facet normal 0 0 1
    outer loop
      vertex -22.33 49.95 3
      vertex -13.9513 59.6871 3
      vertex -15.9855 59.6241 3
    endloop
  endfacet
  facet normal 0 0 1
    outer loop
      vertex -22.33 49.95 3
      vertex -15.9855 59.6241 3
      vertex -17.849 59.5473 3
    endloop
  endfacet
  facet normal 0 0 1
    outer loop
      vertex -22.33 49.95 3
      vertex -17.849 59.5473 3
      vertex -19.5737 59.4569 3
    endloop
  endfacet
  facet normal 0 0 1
    outer loop
      vertex -22.33 49.95 3
      vertex -19.5737 59.4569 3
      vertex -21.1814 59.3529 3
    endloop
  endfacet
  facet normal 0 0 1
    outer loop
      vertex 0 59.8 3
      vertex -22.33 49.95 3
      vertex 22.33 49.95 3
    endloop
  endfacet
  facet normal -0 0 1
    outer loop
      vertex -22.6861 59.2357 3
      vertex -22.33 49.95 3
      vertex -21.1814 59.3529 3
    endloop
  endfacet
  facet normal 0 0 1
    outer loop
      vertex -22.33 49.95 3
      vertex -22.6861 59.2357 3
      vertex -22.4694 49.9439 3
    endloop
  endfacet
  facet normal -0 0 1
    outer loop
      vertex -24.0979 59.1052 3
      vertex -22.4694 49.9439 3
      vertex -22.6861 59.2357 3
    endloop
  endfacet
  facet normal 0 0 1
    outer loop
      vertex -22.4694 49.9439 3
      vertex -24.0979 59.1052 3
      vertex -22.6078 49.9257 3
    endloop
  endfacet
  facet normal 0 0 1
    outer loop
      vertex -22.6078 49.9257 3
      vertex -24.0979 59.1052 3
      vertex -22.7441 49.8955 3
    endloop
  endfacet
  facet normal 0 0 1
    outer loop
      vertex -22.7441 49.8955 3
      vertex -24.0979 59.1052 3
      vertex -22.8772 49.8535 3
    endloop
  endfacet
  facet normal -0 0 1
    outer loop
      vertex -25.4262 58.9617 3
      vertex -22.8772 49.8535 3
      vertex -24.0979 59.1052 3
    endloop
  endfacet
  facet normal -0 0 1
    outer loop
      vertex -29.1 55 3
      vertex -22.8772 49.8535 3
      vertex -25.4262 58.9617 3
    endloop
  endfacet
  facet normal 0 0 1
    outer loop
      vertex -22.8772 49.8535 3
      vertex -29.1 55 3
      vertex -23.0062 49.8001 3
    endloop
  endfacet
  facet normal 0 0 1
    outer loop
      vertex -23.0062 49.8001 3
      vertex -29.1 55 3
      vertex -23.13 49.7356 3
    endloop
  endfacet
  facet normal 0 0 1
    outer loop
      vertex -23.13 49.7356 3
      vertex -29.1 55 3
      vertex -23.2477 49.6606 3
    endloop
  endfacet
  facet normal 0 0 1
    outer loop
      vertex -23.2477 49.6606 3
      vertex -29.1 55 3
      vertex -23.3585 49.5757 3
    endloop
  endfacet
  facet normal 0 0 1
    outer loop
      vertex -23.3585 49.5757 3
      vertex -29.1 55 3
      vertex -23.4614 49.4814 3
    endloop
  endfacet
  facet normal 0 0 1
    outer loop
      vertex -23.4614 49.4814 3
      vertex -29.1 55 3
      vertex -23.5557 49.3784 3
    endloop
  endfacet
  facet normal 0 0 1
    outer loop
      vertex -23.5557 49.3784 3
      vertex -29.1 55 3
      vertex -23.6406 49.2677 3
    endloop
  endfacet
  facet normal 0 0 1
    outer loop
      vertex -23.6406 49.2677 3
      vertex -29.1 55 3
      vertex -23.7156 49.15 3
    endloop
  endfacet
  facet normal 0 0 1
    outer loop
      vertex -23.7156 49.15 3
      vertex -29.1 55 3
      vertex -23.7801 49.0262 3
    endloop
  endfacet
  facet normal 0 0 1
    outer loop
      vertex -23.7801 49.0262 3
      vertex -29.1 55 3
      vertex -23.8335 48.8972 3
    endloop
  endfacet
  facet normal 0 0 1
    outer loop
      vertex -23.9057 48.6278 3
      vertex -29.1 55 3
      vertex -23.9239 48.4894 3
    endloop
  endfacet
  facet normal 0 0 1
    outer loop
      vertex -23.8755 48.7641 3
      vertex -29.1 55 3
      vertex -23.9057 48.6278 3
    endloop
  endfacet
  facet normal 0 0 1
    outer loop
      vertex -23.8335 48.8972 3
      vertex -29.1 55 3
      vertex -23.8755 48.7641 3
    endloop
  endfacet
  facet normal 0 0 1
    outer loop
      vertex 30.942 58.0607 3
      vertex 31.1 55 3
      vertex 31.8368 57.8472 3
    endloop
  endfacet
  facet normal 0 0 1
    outer loop
      vertex 29.9794 58.2639 3
      vertex 31.1 55 3
      vertex 30.942 58.0607 3
    endloop
  endfacet
  facet normal 0 0 1
    outer loop
      vertex 29.9794 58.2639 3
      vertex 29.1 55 3
      vertex 31.1 55 3
    endloop
  endfacet
  facet normal 0 0 1
    outer loop
      vertex 27.8471 58.6369 3
      vertex 29.1 55 3
      vertex 28.9489 58.4561 3
    endloop
  endfacet
  facet normal 0 0 1
    outer loop
      vertex 28.9489 58.4561 3
      vertex 29.1 55 3
      vertex 29.9794 58.2639 3
    endloop
  endfacet
  facet normal 0 0 1
    outer loop
      vertex 4.26638 -41.9 3
      vertex -3.79147 -44.2 3
      vertex 3.79147 -44.2 3
    endloop
  endfacet
  facet normal 0 -0 1
    outer loop
      vertex -3.79147 -44.2 3
      vertex 4.26638 -41.9 3
      vertex -4.26638 -41.9 3
    endloop
  endfacet
  facet normal 0.165599 -0.986193 0
    outer loop
      vertex -15.5 -63.5397 0
      vertex -13.1012 -63.1369 3
      vertex -15.5 -63.5397 3
    endloop
  endfacet
  facet normal 0.165599 -0.986193 0
    outer loop
      vertex -13.1012 -63.1369 3
      vertex -15.5 -63.5397 0
      vertex -13.1012 -63.1369 0
    endloop
  endfacet
  facet normal 0.132418 -0.991194 0
    outer loop
      vertex -13.1012 -63.1369 0
      vertex -10.6026 -62.8031 3
      vertex -13.1012 -63.1369 3
    endloop
  endfacet
  facet normal 0.132418 -0.991194 0
    outer loop
      vertex -10.6026 -62.8031 3
      vertex -13.1012 -63.1369 0
      vertex -10.6026 -62.8031 0
    endloop
  endfacet
  facet normal 0.101214 -0.994865 0
    outer loop
      vertex -10.6026 -62.8031 0
      vertex -8.02338 -62.5407 3
      vertex -10.6026 -62.8031 3
    endloop
  endfacet
  facet normal 0.101214 -0.994865 0
    outer loop
      vertex -8.02338 -62.5407 3
      vertex -10.6026 -62.8031 0
      vertex -8.02338 -62.5407 0
    endloop
  endfacet
  facet normal 0.0713252 -0.997453 0
    outer loop
      vertex -8.02338 -62.5407 0
      vertex -5.38309 -62.3519 3
      vertex -8.02338 -62.5407 3
    endloop
  endfacet
  facet normal 0.0713252 -0.997453 0
    outer loop
      vertex -5.38309 -62.3519 3
      vertex -8.02338 -62.5407 0
      vertex -5.38309 -62.3519 0
    endloop
  endfacet
  facet normal 0.0424046 -0.999101 0
    outer loop
      vertex -5.38309 -62.3519 0
      vertex -2.70183 -62.2381 3
      vertex -5.38309 -62.3519 3
    endloop
  endfacet
  facet normal 0.0424046 -0.999101 0
    outer loop
      vertex -2.70183 -62.2381 3
      vertex -5.38309 -62.3519 0
      vertex -2.70183 -62.2381 0
    endloop
  endfacet
  facet normal 0.0141002 -0.999901 0
    outer loop
      vertex -2.70183 -62.2381 0
      vertex 0 -62.2 3
      vertex -2.70183 -62.2381 3
    endloop
  endfacet
  facet normal 0.0141002 -0.999901 0
    outer loop
      vertex 0 -62.2 3
      vertex -2.70183 -62.2381 0
      vertex 0 -62.2 0
    endloop
  endfacet
  facet normal -0.0141002 -0.999901 0
    outer loop
      vertex 0 -62.2 0
      vertex 2.70183 -62.2381 3
      vertex 0 -62.2 3
    endloop
  endfacet
  facet normal -0.0141002 -0.999901 -0
    outer loop
      vertex 2.70183 -62.2381 3
      vertex 0 -62.2 0
      vertex 2.70183 -62.2381 0
    endloop
  endfacet
  facet normal -0.0424046 -0.999101 0
    outer loop
      vertex 2.70183 -62.2381 0
      vertex 5.38309 -62.3519 3
      vertex 2.70183 -62.2381 3
    endloop
  endfacet
  facet normal -0.0424046 -0.999101 -0
    outer loop
      vertex 5.38309 -62.3519 3
      vertex 2.70183 -62.2381 0
      vertex 5.38309 -62.3519 0
    endloop
  endfacet
  facet normal -0.0713252 -0.997453 0
    outer loop
      vertex 5.38309 -62.3519 0
      vertex 8.02338 -62.5407 3
      vertex 5.38309 -62.3519 3
    endloop
  endfacet
  facet normal -0.0713252 -0.997453 -0
    outer loop
      vertex 8.02338 -62.5407 3
      vertex 5.38309 -62.3519 0
      vertex 8.02338 -62.5407 0
    endloop
  endfacet
  facet normal -0.101214 -0.994865 0
    outer loop
      vertex 8.02338 -62.5407 0
      vertex 10.6026 -62.8031 3
      vertex 8.02338 -62.5407 3
    endloop
  endfacet
  facet normal -0.101214 -0.994865 -0
    outer loop
      vertex 10.6026 -62.8031 3
      vertex 8.02338 -62.5407 0
      vertex 10.6026 -62.8031 0
    endloop
  endfacet
  facet normal -0.132418 -0.991194 0
    outer loop
      vertex 10.6026 -62.8031 0
      vertex 13.1012 -63.1369 3
      vertex 10.6026 -62.8031 3
    endloop
  endfacet
  facet normal -0.132418 -0.991194 -0
    outer loop
      vertex 13.1012 -63.1369 3
      vertex 10.6026 -62.8031 0
      vertex 13.1012 -63.1369 0
    endloop
  endfacet
  facet normal -0.165599 -0.986193 0
    outer loop
      vertex 13.1012 -63.1369 0
      vertex 15.5 -63.5397 3
      vertex 13.1012 -63.1369 3
    endloop
  endfacet
  facet normal -0.165599 -0.986193 -0
    outer loop
      vertex 15.5 -63.5397 3
      vertex 13.1012 -63.1369 0
      vertex 15.5 -63.5397 0
    endloop
  endfacet
  facet normal -0.201311 -0.979527 0
    outer loop
      vertex 15.5 -63.5397 0
      vertex 17.7397 -64 3
      vertex 15.5 -63.5397 3
    endloop
  endfacet
  facet normal -0.201311 -0.979527 -0
    outer loop
      vertex 17.7397 -64 3
      vertex 15.5 -63.5397 0
      vertex 17.7397 -64 0
    endloop
  endfacet
  facet normal 0 -1 0
    outer loop
      vertex 17.7397 -64 0
      vertex 34 -64 3
      vertex 17.7397 -64 3
    endloop
  endfacet
  facet normal 0 -1 -0
    outer loop
      vertex 34 -64 3
      vertex 17.7397 -64 0
      vertex 34 -64 0
    endloop
  endfacet
  facet normal 0.043671 -0.999046 0
    outer loop
      vertex 34 -64 0
      vertex 34.8716 -63.9619 3
      vertex 34 -64 3
    endloop
  endfacet
  facet normal 0.043671 -0.999046 0
    outer loop
      vertex 34.8716 -63.9619 3
      vertex 34 -64 0
      vertex 34.8716 -63.9619 0
    endloop
  endfacet
  facet normal 0.130452 -0.991455 0
    outer loop
      vertex 34.8716 -63.9619 0
      vertex 35.7365 -63.8481 3
      vertex 34.8716 -63.9619 3
    endloop
  endfacet
  facet normal 0.130452 -0.991455 0
    outer loop
      vertex 35.7365 -63.8481 3
      vertex 34.8716 -63.9619 0
      vertex 35.7365 -63.8481 0
    endloop
  endfacet
  facet normal 0.216421 -0.9763 0
    outer loop
      vertex 35.7365 -63.8481 0
      vertex 36.5882 -63.6593 3
      vertex 35.7365 -63.8481 3
    endloop
  endfacet
  facet normal 0.216421 -0.9763 0
    outer loop
      vertex 36.5882 -63.6593 3
      vertex 35.7365 -63.8481 0
      vertex 36.5882 -63.6593 0
    endloop
  endfacet
  facet normal 0.30078 -0.953693 0
    outer loop
      vertex 36.5882 -63.6593 0
      vertex 37.4202 -63.3969 3
      vertex 36.5882 -63.6593 3
    endloop
  endfacet
  facet normal 0.30078 -0.953693 0
    outer loop
      vertex 37.4202 -63.3969 3
      vertex 36.5882 -63.6593 0
      vertex 37.4202 -63.3969 0
    endloop
  endfacet
  facet normal 0.382629 -0.923902 0
    outer loop
      vertex 37.4202 -63.3969 0
      vertex 38.2262 -63.0631 3
      vertex 37.4202 -63.3969 3
    endloop
  endfacet
  facet normal 0.382629 -0.923902 0
    outer loop
      vertex 38.2262 -63.0631 3
      vertex 37.4202 -63.3969 0
      vertex 38.2262 -63.0631 0
    endloop
  endfacet
  facet normal 0.461825 -0.886971 0
    outer loop
      vertex 38.2262 -63.0631 0
      vertex 39 -62.6602 3
      vertex 38.2262 -63.0631 3
    endloop
  endfacet
  facet normal 0.461825 -0.886971 0
    outer loop
      vertex 39 -62.6602 3
      vertex 38.2262 -63.0631 0
      vertex 39 -62.6602 0
    endloop
  endfacet
  facet normal 0.537254 -0.843421 0
    outer loop
      vertex 39 -62.6602 0
      vertex 39.7358 -62.1915 3
      vertex 39 -62.6602 3
    endloop
  endfacet
  facet normal 0.537254 -0.843421 0
    outer loop
      vertex 39.7358 -62.1915 3
      vertex 39 -62.6602 0
      vertex 39.7358 -62.1915 0
    endloop
  endfacet
  facet normal 0.608785 -0.793335 0
    outer loop
      vertex 39.7358 -62.1915 0
      vertex 40.4279 -61.6604 3
      vertex 39.7358 -62.1915 3
    endloop
  endfacet
  facet normal 0.608785 -0.793335 0
    outer loop
      vertex 40.4279 -61.6604 3
      vertex 39.7358 -62.1915 0
      vertex 40.4279 -61.6604 0
    endloop
  endfacet
  facet normal 0.675538 -0.737325 0
    outer loop
      vertex 40.4279 -61.6604 0
      vertex 41.0711 -61.0711 3
      vertex 40.4279 -61.6604 3
    endloop
  endfacet
  facet normal 0.675538 -0.737325 0
    outer loop
      vertex 41.0711 -61.0711 3
      vertex 40.4279 -61.6604 0
      vertex 41.0711 -61.0711 0
    endloop
  endfacet
  facet normal 0.737325 -0.675538 0
    outer loop
      vertex 41.0711 -61.0711 3
      vertex 41.6604 -60.4279 0
      vertex 41.6604 -60.4279 3
    endloop
  endfacet
  facet normal 0.737325 -0.675538 0
    outer loop
      vertex 41.6604 -60.4279 0
      vertex 41.0711 -61.0711 3
      vertex 41.0711 -61.0711 0
    endloop
  endfacet
  facet normal 0.793335 -0.608785 0
    outer loop
      vertex 41.6604 -60.4279 3
      vertex 42.1915 -59.7358 0
      vertex 42.1915 -59.7358 3
    endloop
  endfacet
  facet normal 0.793335 -0.608785 0
    outer loop
      vertex 42.1915 -59.7358 0
      vertex 41.6604 -60.4279 3
      vertex 41.6604 -60.4279 0
    endloop
  endfacet
  facet normal 0.843421 -0.537254 0
    outer loop
      vertex 42.1915 -59.7358 3
      vertex 42.6602 -59 0
      vertex 42.6602 -59 3
    endloop
  endfacet
  facet normal 0.843421 -0.537254 0
    outer loop
      vertex 42.6602 -59 0
      vertex 42.1915 -59.7358 3
      vertex 42.1915 -59.7358 0
    endloop
  endfacet
  facet normal 0.886971 -0.461825 0
    outer loop
      vertex 42.6602 -59 3
      vertex 43.0631 -58.2262 0
      vertex 43.0631 -58.2262 3
    endloop
  endfacet
  facet normal 0.886971 -0.461825 0
    outer loop
      vertex 43.0631 -58.2262 0
      vertex 42.6602 -59 3
      vertex 42.6602 -59 0
    endloop
  endfacet
  facet normal 0.923902 -0.382629 0
    outer loop
      vertex 43.0631 -58.2262 3
      vertex 43.3969 -57.4202 0
      vertex 43.3969 -57.4202 3
    endloop
  endfacet
  facet normal 0.923902 -0.382629 0
    outer loop
      vertex 43.3969 -57.4202 0
      vertex 43.0631 -58.2262 3
      vertex 43.0631 -58.2262 0
    endloop
  endfacet
  facet normal 0.953693 -0.30078 0
    outer loop
      vertex 43.3969 -57.4202 3
      vertex 43.6593 -56.5882 0
      vertex 43.6593 -56.5882 3
    endloop
  endfacet
  facet normal 0.953693 -0.30078 0
    outer loop
      vertex 43.6593 -56.5882 0
      vertex 43.3969 -57.4202 3
      vertex 43.3969 -57.4202 0
    endloop
  endfacet
  facet normal 0.9763 -0.216421 0
    outer loop
      vertex 43.6593 -56.5882 3
      vertex 43.8481 -55.7365 0
      vertex 43.8481 -55.7365 3
    endloop
  endfacet
  facet normal 0.9763 -0.216421 0
    outer loop
      vertex 43.8481 -55.7365 0
      vertex 43.6593 -56.5882 3
      vertex 43.6593 -56.5882 0
    endloop
  endfacet
  facet normal 0.991455 -0.130452 0
    outer loop
      vertex 43.8481 -55.7365 3
      vertex 43.9619 -54.8716 0
      vertex 43.9619 -54.8716 3
    endloop
  endfacet
  facet normal 0.991455 -0.130452 0
    outer loop
      vertex 43.9619 -54.8716 0
      vertex 43.8481 -55.7365 3
      vertex 43.8481 -55.7365 0
    endloop
  endfacet
  facet normal 0.999046 -0.043671 0
    outer loop
      vertex 43.9619 -54.8716 3
      vertex 44 -54 0
      vertex 44 -54 3
    endloop
  endfacet
  facet normal 0.999046 -0.043671 0
    outer loop
      vertex 44 -54 0
      vertex 43.9619 -54.8716 3
      vertex 43.9619 -54.8716 0
    endloop
  endfacet
  facet normal 0.999046 0.043671 0
    outer loop
      vertex 44 -54 3
      vertex 43.9619 -53.1284 0
      vertex 43.9619 -53.1284 3
    endloop
  endfacet
  facet normal 0.999046 0.043671 0
    outer loop
      vertex 43.9619 -53.1284 0
      vertex 44 -54 3
      vertex 44 -54 0
    endloop
  endfacet
  facet normal 0.996486 0.0837643 0
    outer loop
      vertex 43.9619 -53.1284 3
      vertex 42.9715 -41.3463 0
      vertex 42.9715 -41.3463 3
    endloop
  endfacet
  facet normal 0.996486 0.0837643 0
    outer loop
      vertex 42.9715 -41.3463 0
      vertex 43.9619 -53.1284 3
      vertex 43.9619 -53.1284 0
    endloop
  endfacet
  facet normal 0.995021 0.0996676 0
    outer loop
      vertex 42.9715 -41.3463 3
      vertex 40.0092 -11.7725 0
      vertex 40.0092 -11.7725 3
    endloop
  endfacet
  facet normal 0.995021 0.0996676 0
    outer loop
      vertex 40.0092 -11.7725 0
      vertex 42.9715 -41.3463 3
      vertex 42.9715 -41.3463 0
    endloop
  endfacet
  facet normal 0.999179 -0.0405079 0
    outer loop
      vertex 40.0092 -11.7725 3
      vertex 41.5 25 0
      vertex 41.5 25 3
    endloop
  endfacet
  facet normal 0.999179 -0.0405079 0
    outer loop
      vertex 41.5 25 0
      vertex 40.0092 -11.7725 3
      vertex 40.0092 -11.7725 0
    endloop
  endfacet
  facet normal 0.999824 -0.0187672 0
    outer loop
      vertex 41.5 25 3
      vertex 41.975 50.3057 0
      vertex 41.975 50.3057 3
    endloop
  endfacet
  facet normal 0.999824 -0.0187672 0
    outer loop
      vertex 41.975 50.3057 0
      vertex 41.5 25 3
      vertex 41.5 25 0
    endloop
  endfacet
  facet normal 0.999891 -0.0147538 0
    outer loop
      vertex 41.975 50.3057 3
      vertex 42 52 0
      vertex 42 52 3
    endloop
  endfacet
  facet normal 0.999891 -0.0147538 0
    outer loop
      vertex 42 52 0
      vertex 41.975 50.3057 3
      vertex 41.975 50.3057 0
    endloop
  endfacet
  facet normal 0.999891 0.0147538 0
    outer loop
      vertex 42 52 3
      vertex 41.975 53.6943 0
      vertex 41.975 53.6943 3
    endloop
  endfacet
  facet normal 0.999891 0.0147538 0
    outer loop
      vertex 41.975 53.6943 0
      vertex 42 52 3
      vertex 42 52 0
    endloop
  endfacet
  facet normal 0.996672 0.0815162 0
    outer loop
      vertex 41.975 53.6943 3
      vertex 41.9 54.6113 0
      vertex 41.9 54.6113 3
    endloop
  endfacet
  facet normal 0.996672 0.0815162 0
    outer loop
      vertex 41.9 54.6113 0
      vertex 41.975 53.6943 3
      vertex 41.975 53.6943 0
    endloop
  endfacet
  facet normal 0.986412 0.164292 0
    outer loop
      vertex 41.9 54.6113 3
      vertex 41.7751 55.3612 0
      vertex 41.7751 55.3612 3
    endloop
  endfacet
  facet normal 0.986412 0.164292 0
    outer loop
      vertex 41.7751 55.3612 0
      vertex 41.9 54.6113 3
      vertex 41.9 54.6113 0
    endloop
  endfacet
  facet normal 0.966259 0.257571 0
    outer loop
      vertex 41.7751 55.3612 3
      vertex 41.6001 56.0177 0
      vertex 41.6001 56.0177 3
    endloop
  endfacet
  facet normal 0.966259 0.257571 0
    outer loop
      vertex 41.6001 56.0177 0
      vertex 41.7751 55.3612 3
      vertex 41.7751 55.3612 0
    endloop
  endfacet
  facet normal 0.934909 0.354887 0
    outer loop
      vertex 41.6001 56.0177 3
      vertex 41.375 56.6107 0
      vertex 41.375 56.6107 3
    endloop
  endfacet
  facet normal 0.934909 0.354887 0
    outer loop
      vertex 41.375 56.6107 0
      vertex 41.6001 56.0177 3
      vertex 41.6001 56.0177 0
    endloop
  endfacet
  facet normal 0.892652 0.450747 0
    outer loop
      vertex 41.375 56.6107 3
      vertex 41.0997 57.1559 0
      vertex 41.0997 57.1559 3
    endloop
  endfacet
  facet normal 0.892652 0.450747 0
    outer loop
      vertex 41.0997 57.1559 0
      vertex 41.375 56.6107 3
      vertex 41.375 56.6107 0
    endloop
  endfacet
  facet normal 0.841432 0.540363 0
    outer loop
      vertex 41.0997 57.1559 3
      vertex 40.7743 57.6626 0
      vertex 40.7743 57.6626 3
    endloop
  endfacet
  facet normal 0.841432 0.540363 0
    outer loop
      vertex 40.7743 57.6626 0
      vertex 41.0997 57.1559 3
      vertex 41.0997 57.1559 0
    endloop
  endfacet
  facet normal 0.783922 0.62086 0
    outer loop
      vertex 40.7743 57.6626 3
      vertex 40.3985 58.1371 0
      vertex 40.3985 58.1371 3
    endloop
  endfacet
  facet normal 0.783922 0.62086 0
    outer loop
      vertex 40.3985 58.1371 0
      vertex 40.7743 57.6626 3
      vertex 40.7743 57.6626 0
    endloop
  endfacet
  facet normal 0.723282 0.690553 0
    outer loop
      vertex 40.3985 58.1371 3
      vertex 39.9723 58.5835 0
      vertex 39.9723 58.5835 3
    endloop
  endfacet
  facet normal 0.723282 0.690553 0
    outer loop
      vertex 39.9723 58.5835 0
      vertex 40.3985 58.1371 3
      vertex 40.3985 58.1371 0
    endloop
  endfacet
  facet normal 0.662069 0.749443 -0
    outer loop
      vertex 39.9723 58.5835 0
      vertex 39.4954 59.0048 3
      vertex 39.9723 58.5835 3
    endloop
  endfacet
  facet normal 0.662069 0.749443 0
    outer loop
      vertex 39.4954 59.0048 3
      vertex 39.9723 58.5835 0
      vertex 39.4954 59.0048 0
    endloop
  endfacet
  facet normal 0.602827 0.797872 -0
    outer loop
      vertex 39.4954 59.0048 0
      vertex 38.9677 59.4035 3
      vertex 39.4954 59.0048 3
    endloop
  endfacet
  facet normal 0.602827 0.797872 0
    outer loop
      vertex 38.9677 59.4035 3
      vertex 39.4954 59.0048 0
      vertex 38.9677 59.4035 0
    endloop
  endfacet
  facet normal 0.54629 0.837596 -0
    outer loop
      vertex 38.9677 59.4035 0
      vertex 38.3889 59.781 3
      vertex 38.9677 59.4035 3
    endloop
  endfacet
  facet normal 0.54629 0.837596 0
    outer loop
      vertex 38.3889 59.781 3
      vertex 38.9677 59.4035 0
      vertex 38.3889 59.781 0
    endloop
  endfacet
  facet normal 0.493834 0.869556 -0
    outer loop
      vertex 38.3889 59.781 0
      vertex 37.7587 60.1389 3
      vertex 38.3889 59.781 3
    endloop
  endfacet
  facet normal 0.493834 0.869556 0
    outer loop
      vertex 37.7587 60.1389 3
      vertex 38.3889 59.781 0
      vertex 37.7587 60.1389 0
    endloop
  endfacet
  facet normal 0.445374 0.895344 -0
    outer loop
      vertex 37.7587 60.1389 0
      vertex 37.0768 60.4781 3
      vertex 37.7587 60.1389 3
    endloop
  endfacet
  facet normal 0.445374 0.895344 0
    outer loop
      vertex 37.0768 60.4781 3
      vertex 37.7587 60.1389 0
      vertex 37.0768 60.4781 0
    endloop
  endfacet
  facet normal 0.401015 0.916071 -0
    outer loop
      vertex 37.0768 60.4781 0
      vertex 36.3426 60.7995 3
      vertex 37.0768 60.4781 3
    endloop
  endfacet
  facet normal 0.401015 0.916071 0
    outer loop
      vertex 36.3426 60.7995 3
      vertex 37.0768 60.4781 0
      vertex 36.3426 60.7995 0
    endloop
  endfacet
  facet normal 0.360638 0.932706 -0
    outer loop
      vertex 36.3426 60.7995 0
      vertex 35.5556 61.1038 3
      vertex 36.3426 60.7995 3
    endloop
  endfacet
  facet normal 0.360638 0.932706 0
    outer loop
      vertex 35.5556 61.1038 3
      vertex 36.3426 60.7995 0
      vertex 35.5556 61.1038 0
    endloop
  endfacet
  facet normal 0.323849 0.946109 -0
    outer loop
      vertex 35.5556 61.1038 0
      vertex 34.7151 61.3915 3
      vertex 35.5556 61.1038 3
    endloop
  endfacet
  facet normal 0.323849 0.946109 0
    outer loop
      vertex 34.7151 61.3915 3
      vertex 35.5556 61.1038 0
      vertex 34.7151 61.3915 0
    endloop
  endfacet
  facet normal 0.290251 0.956951 -0
    outer loop
      vertex 34.7151 61.3915 0
      vertex 33.8203 61.6629 3
      vertex 34.7151 61.3915 3
    endloop
  endfacet
  facet normal 0.290251 0.956951 0
    outer loop
      vertex 33.8203 61.6629 3
      vertex 34.7151 61.3915 0
      vertex 33.8203 61.6629 0
    endloop
  endfacet
  facet normal 0.259857 0.965647 -0
    outer loop
      vertex 33.8203 61.6629 0
      vertex 32.8701 61.9186 3
      vertex 33.8203 61.6629 3
    endloop
  endfacet
  facet normal 0.259857 0.965647 0
    outer loop
      vertex 32.8701 61.9186 3
      vertex 33.8203 61.6629 0
      vertex 32.8701 61.9186 0
    endloop
  endfacet
  facet normal 0.231973 0.972722 -0
    outer loop
      vertex 32.8701 61.9186 0
      vertex 31.8633 62.1587 3
      vertex 32.8701 61.9186 3
    endloop
  endfacet
  facet normal 0.231973 0.972722 0
    outer loop
      vertex 31.8633 62.1587 3
      vertex 32.8701 61.9186 0
      vertex 31.8633 62.1587 0
    endloop
  endfacet
  facet normal 0.206636 0.978418 -0
    outer loop
      vertex 31.8633 62.1587 0
      vertex 30.7984 62.3836 3
      vertex 31.8633 62.1587 3
    endloop
  endfacet
  facet normal 0.206636 0.978418 0
    outer loop
      vertex 30.7984 62.3836 3
      vertex 31.8633 62.1587 0
      vertex 30.7984 62.3836 0
    endloop
  endfacet
  facet normal 0.183344 0.983049 -0
    outer loop
      vertex 30.7984 62.3836 0
      vertex 29.6735 62.5934 3
      vertex 30.7984 62.3836 3
    endloop
  endfacet
  facet normal 0.183344 0.983049 0
    outer loop
      vertex 29.6735 62.5934 3
      vertex 30.7984 62.3836 0
      vertex 29.6735 62.5934 0
    endloop
  endfacet
  facet normal 0.161905 0.986806 -0
    outer loop
      vertex 29.6735 62.5934 0
      vertex 28.4862 62.7882 3
      vertex 29.6735 62.5934 3
    endloop
  endfacet
  facet normal 0.161905 0.986806 0
    outer loop
      vertex 28.4862 62.7882 3
      vertex 29.6735 62.5934 0
      vertex 28.4862 62.7882 0
    endloop
  endfacet
  facet normal 0.142317 0.989821 -0
    outer loop
      vertex 28.4862 62.7882 0
      vertex 27.2336 62.9683 3
      vertex 28.4862 62.7882 3
    endloop
  endfacet
  facet normal 0.142317 0.989821 0
    outer loop
      vertex 27.2336 62.9683 3
      vertex 28.4862 62.7882 0
      vertex 27.2336 62.9683 0
    endloop
  endfacet
  facet normal 0.124118 0.992267 -0
    outer loop
      vertex 27.2336 62.9683 0
      vertex 25.9121 63.1336 3
      vertex 27.2336 62.9683 3
    endloop
  endfacet
  facet normal 0.124118 0.992267 0
    outer loop
      vertex 25.9121 63.1336 3
      vertex 27.2336 62.9683 0
      vertex 25.9121 63.1336 0
    endloop
  endfacet
  facet normal 0.107467 0.994209 -0
    outer loop
      vertex 25.9121 63.1336 0
      vertex 24.517 63.2844 3
      vertex 25.9121 63.1336 3
    endloop
  endfacet
  facet normal 0.107467 0.994209 0
    outer loop
      vertex 24.517 63.2844 3
      vertex 25.9121 63.1336 0
      vertex 24.517 63.2844 0
    endloop
  endfacet
  facet normal 0.0919602 0.995763 -0
    outer loop
      vertex 24.517 63.2844 0
      vertex 23.0422 63.4206 3
      vertex 24.517 63.2844 3
    endloop
  endfacet
  facet normal 0.0919602 0.995763 0
    outer loop
      vertex 23.0422 63.4206 3
      vertex 24.517 63.2844 0
      vertex 23.0422 63.4206 0
    endloop
  endfacet
  facet normal 0.0777261 0.996975 -0
    outer loop
      vertex 23.0422 63.4206 0
      vertex 21.4799 63.5424 3
      vertex 23.0422 63.4206 3
    endloop
  endfacet
  facet normal 0.0777261 0.996975 0
    outer loop
      vertex 21.4799 63.5424 3
      vertex 23.0422 63.4206 0
      vertex 21.4799 63.5424 0
    endloop
  endfacet
  facet normal 0.0645406 0.997915 -0
    outer loop
      vertex 21.4799 63.5424 0
      vertex 19.8193 63.6498 3
      vertex 21.4799 63.5424 3
    endloop
  endfacet
  facet normal 0.0645406 0.997915 0
    outer loop
      vertex 19.8193 63.6498 3
      vertex 21.4799 63.5424 0
      vertex 19.8193 63.6498 0
    endloop
  endfacet
  facet normal 0.0523608 0.998628 -0
    outer loop
      vertex 19.8193 63.6498 0
      vertex 18.0456 63.7428 3
      vertex 19.8193 63.6498 3
    endloop
  endfacet
  facet normal 0.0523608 0.998628 0
    outer loop
      vertex 18.0456 63.7428 3
      vertex 19.8193 63.6498 0
      vertex 18.0456 63.7428 0
    endloop
  endfacet
  facet normal 0.0411558 0.999153 -0
    outer loop
      vertex 18.0456 63.7428 0
      vertex 16.1374 63.8214 3
      vertex 18.0456 63.7428 3
    endloop
  endfacet
  facet normal 0.0411558 0.999153 0
    outer loop
      vertex 16.1374 63.8214 3
      vertex 18.0456 63.7428 0
      vertex 16.1374 63.8214 0
    endloop
  endfacet
  facet normal 0.0309656 0.99952 -0
    outer loop
      vertex 16.1374 63.8214 0
      vertex 14.0619 63.8857 3
      vertex 16.1374 63.8214 3
    endloop
  endfacet
  facet normal 0.0309656 0.99952 0
    outer loop
      vertex 14.0619 63.8857 3
      vertex 16.1374 63.8214 0
      vertex 14.0619 63.8857 0
    endloop
  endfacet
  facet normal 0.0217548 0.999763 -0
    outer loop
      vertex 14.0619 63.8857 0
      vertex 11.7641 63.9357 3
      vertex 14.0619 63.8857 3
    endloop
  endfacet
  facet normal 0.0217548 0.999763 0
    outer loop
      vertex 11.7641 63.9357 3
      vertex 14.0619 63.8857 0
      vertex 11.7641 63.9357 0
    endloop
  endfacet
  facet normal 0.0136021 0.999907 -0
    outer loop
      vertex 11.7641 63.9357 0
      vertex 9.13974 63.9714 3
      vertex 11.7641 63.9357 3
    endloop
  endfacet
  facet normal 0.0136021 0.999907 0
    outer loop
      vertex 9.13974 63.9714 3
      vertex 11.7641 63.9357 0
      vertex 9.13974 63.9714 0
    endloop
  endfacet
  facet normal 0.00669804 0.999978 -0
    outer loop
      vertex 9.13974 63.9714 0
      vertex 5.92992 63.9929 3
      vertex 9.13974 63.9714 3
    endloop
  endfacet
  facet normal 0.00669804 0.999978 0
    outer loop
      vertex 5.92992 63.9929 3
      vertex 9.13974 63.9714 0
      vertex 5.92992 63.9929 0
    endloop
  endfacet
  facet normal 0.00119732 0.999999 -0
    outer loop
      vertex 5.92992 63.9929 0
      vertex 0 64 3
      vertex 5.92992 63.9929 3
    endloop
  endfacet
  facet normal 0.00119732 0.999999 0
    outer loop
      vertex 0 64 3
      vertex 5.92992 63.9929 0
      vertex 0 64 0
    endloop
  endfacet
  facet normal -0.00119732 0.999999 0
    outer loop
      vertex 0 64 0
      vertex -5.92992 63.9929 3
      vertex 0 64 3
    endloop
  endfacet
  facet normal -0.00119732 0.999999 0
    outer loop
      vertex -5.92992 63.9929 3
      vertex 0 64 0
      vertex -5.92992 63.9929 0
    endloop
  endfacet
  facet normal -0.00669804 0.999978 0
    outer loop
      vertex -5.92992 63.9929 0
      vertex -9.13974 63.9714 3
      vertex -5.92992 63.9929 3
    endloop
  endfacet
  facet normal -0.00669804 0.999978 0
    outer loop
      vertex -9.13974 63.9714 3
      vertex -5.92992 63.9929 0
      vertex -9.13974 63.9714 0
    endloop
  endfacet
  facet normal -0.0136021 0.999907 0
    outer loop
      vertex -9.13974 63.9714 0
      vertex -11.7641 63.9357 3
      vertex -9.13974 63.9714 3
    endloop
  endfacet
  facet normal -0.0136021 0.999907 0
    outer loop
      vertex -11.7641 63.9357 3
      vertex -9.13974 63.9714 0
      vertex -11.7641 63.9357 0
    endloop
  endfacet
  facet normal -0.0217548 0.999763 0
    outer loop
      vertex -11.7641 63.9357 0
      vertex -14.0619 63.8857 3
      vertex -11.7641 63.9357 3
    endloop
  endfacet
  facet normal -0.0217548 0.999763 0
    outer loop
      vertex -14.0619 63.8857 3
      vertex -11.7641 63.9357 0
      vertex -14.0619 63.8857 0
    endloop
  endfacet
  facet normal -0.0309656 0.99952 0
    outer loop
      vertex -14.0619 63.8857 0
      vertex -16.1374 63.8214 3
      vertex -14.0619 63.8857 3
    endloop
  endfacet
  facet normal -0.0309656 0.99952 0
    outer loop
      vertex -16.1374 63.8214 3
      vertex -14.0619 63.8857 0
      vertex -16.1374 63.8214 0
    endloop
  endfacet
  facet normal -0.0411558 0.999153 0
    outer loop
      vertex -16.1374 63.8214 0
      vertex -18.0456 63.7428 3
      vertex -16.1374 63.8214 3
    endloop
  endfacet
  facet normal -0.0411558 0.999153 0
    outer loop
      vertex -18.0456 63.7428 3
      vertex -16.1374 63.8214 0
      vertex -18.0456 63.7428 0
    endloop
  endfacet
  facet normal -0.0523608 0.998628 0
    outer loop
      vertex -18.0456 63.7428 0
      vertex -19.8193 63.6498 3
      vertex -18.0456 63.7428 3
    endloop
  endfacet
  facet normal -0.0523608 0.998628 0
    outer loop
      vertex -19.8193 63.6498 3
      vertex -18.0456 63.7428 0
      vertex -19.8193 63.6498 0
    endloop
  endfacet
  facet normal -0.0645406 0.997915 0
    outer loop
      vertex -19.8193 63.6498 0
      vertex -21.4799 63.5424 3
      vertex -19.8193 63.6498 3
    endloop
  endfacet
  facet normal -0.0645406 0.997915 0
    outer loop
      vertex -21.4799 63.5424 3
      vertex -19.8193 63.6498 0
      vertex -21.4799 63.5424 0
    endloop
  endfacet
  facet normal -0.0777261 0.996975 0
    outer loop
      vertex -21.4799 63.5424 0
      vertex -23.0422 63.4206 3
      vertex -21.4799 63.5424 3
    endloop
  endfacet
  facet normal -0.0777261 0.996975 0
    outer loop
      vertex -23.0422 63.4206 3
      vertex -21.4799 63.5424 0
      vertex -23.0422 63.4206 0
    endloop
  endfacet
  facet normal -0.0919602 0.995763 0
    outer loop
      vertex -23.0422 63.4206 0
      vertex -24.517 63.2844 3
      vertex -23.0422 63.4206 3
    endloop
  endfacet
  facet normal -0.0919602 0.995763 0
    outer loop
      vertex -24.517 63.2844 3
      vertex -23.0422 63.4206 0
      vertex -24.517 63.2844 0
    endloop
  endfacet
  facet normal -0.107467 0.994209 0
    outer loop
      vertex -24.517 63.2844 0
      vertex -25.9121 63.1336 3
      vertex -24.517 63.2844 3
    endloop
  endfacet
  facet normal -0.107467 0.994209 0
    outer loop
      vertex -25.9121 63.1336 3
      vertex -24.517 63.2844 0
      vertex -25.9121 63.1336 0
    endloop
  endfacet
  facet normal -0.124118 0.992267 0
    outer loop
      vertex -25.9121 63.1336 0
      vertex -27.2336 62.9683 3
      vertex -25.9121 63.1336 3
    endloop
  endfacet
  facet normal -0.124118 0.992267 0
    outer loop
      vertex -27.2336 62.9683 3
      vertex -25.9121 63.1336 0
      vertex -27.2336 62.9683 0
    endloop
  endfacet
  facet normal -0.142317 0.989821 0
    outer loop
      vertex -27.2336 62.9683 0
      vertex -28.4862 62.7882 3
      vertex -27.2336 62.9683 3
    endloop
  endfacet
  facet normal -0.142317 0.989821 0
    outer loop
      vertex -28.4862 62.7882 3
      vertex -27.2336 62.9683 0
      vertex -28.4862 62.7882 0
    endloop
  endfacet
  facet normal -0.161905 0.986806 0
    outer loop
      vertex -28.4862 62.7882 0
      vertex -29.6735 62.5934 3
      vertex -28.4862 62.7882 3
    endloop
  endfacet
  facet normal -0.161905 0.986806 0
    outer loop
      vertex -29.6735 62.5934 3
      vertex -28.4862 62.7882 0
      vertex -29.6735 62.5934 0
    endloop
  endfacet
  facet normal -0.183344 0.983049 0
    outer loop
      vertex -29.6735 62.5934 0
      vertex -30.7984 62.3836 3
      vertex -29.6735 62.5934 3
    endloop
  endfacet
  facet normal -0.183344 0.983049 0
    outer loop
      vertex -30.7984 62.3836 3
      vertex -29.6735 62.5934 0
      vertex -30.7984 62.3836 0
    endloop
  endfacet
  facet normal -0.206636 0.978418 0
    outer loop
      vertex -30.7984 62.3836 0
      vertex -31.8633 62.1587 3
      vertex -30.7984 62.3836 3
    endloop
  endfacet
  facet normal -0.206636 0.978418 0
    outer loop
      vertex -31.8633 62.1587 3
      vertex -30.7984 62.3836 0
      vertex -31.8633 62.1587 0
    endloop
  endfacet
  facet normal -0.231973 0.972722 0
    outer loop
      vertex -31.8633 62.1587 0
      vertex -32.8701 61.9186 3
      vertex -31.8633 62.1587 3
    endloop
  endfacet
  facet normal -0.231973 0.972722 0
    outer loop
      vertex -32.8701 61.9186 3
      vertex -31.8633 62.1587 0
      vertex -32.8701 61.9186 0
    endloop
  endfacet
  facet normal -0.259857 0.965647 0
    outer loop
      vertex -32.8701 61.9186 0
      vertex -33.8203 61.6629 3
      vertex -32.8701 61.9186 3
    endloop
  endfacet
  facet normal -0.259857 0.965647 0
    outer loop
      vertex -33.8203 61.6629 3
      vertex -32.8701 61.9186 0
      vertex -33.8203 61.6629 0
    endloop
  endfacet
  facet normal -0.290251 0.956951 0
    outer loop
      vertex -33.8203 61.6629 0
      vertex -34.7151 61.3915 3
      vertex -33.8203 61.6629 3
    endloop
  endfacet
  facet normal -0.290251 0.956951 0
    outer loop
      vertex -34.7151 61.3915 3
      vertex -33.8203 61.6629 0
      vertex -34.7151 61.3915 0
    endloop
  endfacet
  facet normal -0.323849 0.946109 0
    outer loop
      vertex -34.7151 61.3915 0
      vertex -35.5556 61.1038 3
      vertex -34.7151 61.3915 3
    endloop
  endfacet
  facet normal -0.323849 0.946109 0
    outer loop
      vertex -35.5556 61.1038 3
      vertex -34.7151 61.3915 0
      vertex -35.5556 61.1038 0
    endloop
  endfacet
  facet normal -0.360638 0.932706 0
    outer loop
      vertex -35.5556 61.1038 0
      vertex -36.3426 60.7995 3
      vertex -35.5556 61.1038 3
    endloop
  endfacet
  facet normal -0.360638 0.932706 0
    outer loop
      vertex -36.3426 60.7995 3
      vertex -35.5556 61.1038 0
      vertex -36.3426 60.7995 0
    endloop
  endfacet
  facet normal -0.401015 0.916071 0
    outer loop
      vertex -36.3426 60.7995 0
      vertex -37.0768 60.4781 3
      vertex -36.3426 60.7995 3
    endloop
  endfacet
  facet normal -0.401015 0.916071 0
    outer loop
      vertex -37.0768 60.4781 3
      vertex -36.3426 60.7995 0
      vertex -37.0768 60.4781 0
    endloop
  endfacet
  facet normal -0.445374 0.895344 0
    outer loop
      vertex -37.0768 60.4781 0
      vertex -37.7587 60.1389 3
      vertex -37.0768 60.4781 3
    endloop
  endfacet
  facet normal -0.445374 0.895344 0
    outer loop
      vertex -37.7587 60.1389 3
      vertex -37.0768 60.4781 0
      vertex -37.7587 60.1389 0
    endloop
  endfacet
  facet normal -0.493834 0.869556 0
    outer loop
      vertex -37.7587 60.1389 0
      vertex -38.3889 59.781 3
      vertex -37.7587 60.1389 3
    endloop
  endfacet
  facet normal -0.493834 0.869556 0
    outer loop
      vertex -38.3889 59.781 3
      vertex -37.7587 60.1389 0
      vertex -38.3889 59.781 0
    endloop
  endfacet
  facet normal -0.54629 0.837596 0
    outer loop
      vertex -38.3889 59.781 0
      vertex -38.9677 59.4035 3
      vertex -38.3889 59.781 3
    endloop
  endfacet
  facet normal -0.54629 0.837596 0
    outer loop
      vertex -38.9677 59.4035 3
      vertex -38.3889 59.781 0
      vertex -38.9677 59.4035 0
    endloop
  endfacet
  facet normal -0.602827 0.797872 0
    outer loop
      vertex -38.9677 59.4035 0
      vertex -39.4954 59.0048 3
      vertex -38.9677 59.4035 3
    endloop
  endfacet
  facet normal -0.602827 0.797872 0
    outer loop
      vertex -39.4954 59.0048 3
      vertex -38.9677 59.4035 0
      vertex -39.4954 59.0048 0
    endloop
  endfacet
  facet normal -0.662069 0.749443 0
    outer loop
      vertex -39.4954 59.0048 0
      vertex -39.9723 58.5835 3
      vertex -39.4954 59.0048 3
    endloop
  endfacet
  facet normal -0.662069 0.749443 0
    outer loop
      vertex -39.9723 58.5835 3
      vertex -39.4954 59.0048 0
      vertex -39.9723 58.5835 0
    endloop
  endfacet
  facet normal -0.723282 0.690553 0
    outer loop
      vertex -40.3985 58.1371 0
      vertex -39.9723 58.5835 3
      vertex -39.9723 58.5835 0
    endloop
  endfacet
  facet normal -0.723282 0.690553 0
    outer loop
      vertex -39.9723 58.5835 3
      vertex -40.3985 58.1371 0
      vertex -40.3985 58.1371 3
    endloop
  endfacet
  facet normal -0.783922 0.62086 0
    outer loop
      vertex -40.7743 57.6626 0
      vertex -40.3985 58.1371 3
      vertex -40.3985 58.1371 0
    endloop
  endfacet
  facet normal -0.783922 0.62086 0
    outer loop
      vertex -40.3985 58.1371 3
      vertex -40.7743 57.6626 0
      vertex -40.7743 57.6626 3
    endloop
  endfacet
  facet normal -0.841432 0.540363 0
    outer loop
      vertex -41.0997 57.1559 0
      vertex -40.7743 57.6626 3
      vertex -40.7743 57.6626 0
    endloop
  endfacet
  facet normal -0.841432 0.540363 0
    outer loop
      vertex -40.7743 57.6626 3
      vertex -41.0997 57.1559 0
      vertex -41.0997 57.1559 3
    endloop
  endfacet
  facet normal -0.892652 0.450747 0
    outer loop
      vertex -41.375 56.6107 0
      vertex -41.0997 57.1559 3
      vertex -41.0997 57.1559 0
    endloop
  endfacet
  facet normal -0.892652 0.450747 0
    outer loop
      vertex -41.0997 57.1559 3
      vertex -41.375 56.6107 0
      vertex -41.375 56.6107 3
    endloop
  endfacet
  facet normal -0.934909 0.354887 0
    outer loop
      vertex -41.6001 56.0177 0
      vertex -41.375 56.6107 3
      vertex -41.375 56.6107 0
    endloop
  endfacet
  facet normal -0.934909 0.354887 0
    outer loop
      vertex -41.375 56.6107 3
      vertex -41.6001 56.0177 0
      vertex -41.6001 56.0177 3
    endloop
  endfacet
  facet normal -0.966259 0.257571 0
    outer loop
      vertex -41.7751 55.3612 0
      vertex -41.6001 56.0177 3
      vertex -41.6001 56.0177 0
    endloop
  endfacet
  facet normal -0.966259 0.257571 0
    outer loop
      vertex -41.6001 56.0177 3
      vertex -41.7751 55.3612 0
      vertex -41.7751 55.3612 3
    endloop
  endfacet
  facet normal -0.986412 0.164292 0
    outer loop
      vertex -41.9 54.6113 0
      vertex -41.7751 55.3612 3
      vertex -41.7751 55.3612 0
    endloop
  endfacet
  facet normal -0.986412 0.164292 0
    outer loop
      vertex -41.7751 55.3612 3
      vertex -41.9 54.6113 0
      vertex -41.9 54.6113 3
    endloop
  endfacet
  facet normal -0.996672 0.0815162 0
    outer loop
      vertex -41.975 53.6943 0
      vertex -41.9 54.6113 3
      vertex -41.9 54.6113 0
    endloop
  endfacet
  facet normal -0.996672 0.0815162 0
    outer loop
      vertex -41.9 54.6113 3
      vertex -41.975 53.6943 0
      vertex -41.975 53.6943 3
    endloop
  endfacet
  facet normal -0.999891 0.0147538 0
    outer loop
      vertex -42 52 0
      vertex -41.975 53.6943 3
      vertex -41.975 53.6943 0
    endloop
  endfacet
  facet normal -0.999891 0.0147538 0
    outer loop
      vertex -41.975 53.6943 3
      vertex -42 52 0
      vertex -42 52 3
    endloop
  endfacet
  facet normal -0.999891 -0.0147538 0
    outer loop
      vertex -41.975 50.3057 0
      vertex -42 52 3
      vertex -42 52 0
    endloop
  endfacet
  facet normal -0.999891 -0.0147538 0
    outer loop
      vertex -42 52 3
      vertex -41.975 50.3057 0
      vertex -41.975 50.3057 3
    endloop
  endfacet
  facet normal -0.999824 -0.0187672 0
    outer loop
      vertex -41.5 25 0
      vertex -41.975 50.3057 3
      vertex -41.975 50.3057 0
    endloop
  endfacet
  facet normal -0.999824 -0.0187672 0
    outer loop
      vertex -41.975 50.3057 3
      vertex -41.5 25 0
      vertex -41.5 25 3
    endloop
  endfacet
  facet normal -0.999179 -0.0405079 0
    outer loop
      vertex -40.0092 -11.7725 0
      vertex -41.5 25 3
      vertex -41.5 25 0
    endloop
  endfacet
  facet normal -0.999179 -0.0405079 0
    outer loop
      vertex -41.5 25 3
      vertex -40.0092 -11.7725 0
      vertex -40.0092 -11.7725 3
    endloop
  endfacet
  facet normal -0.995021 0.0996676 0
    outer loop
      vertex -42.9715 -41.3463 0
      vertex -40.0092 -11.7725 3
      vertex -40.0092 -11.7725 0
    endloop
  endfacet
  facet normal -0.995021 0.0996676 0
    outer loop
      vertex -40.0092 -11.7725 3
      vertex -42.9715 -41.3463 0
      vertex -42.9715 -41.3463 3
    endloop
  endfacet
  facet normal -0.996486 0.0837643 0
    outer loop
      vertex -43.9619 -53.1284 0
      vertex -42.9715 -41.3463 3
      vertex -42.9715 -41.3463 0
    endloop
  endfacet
  facet normal -0.996486 0.0837643 0
    outer loop
      vertex -42.9715 -41.3463 3
      vertex -43.9619 -53.1284 0
      vertex -43.9619 -53.1284 3
    endloop
  endfacet
  facet normal -0.999046 0.043671 0
    outer loop
      vertex -44 -54 0
      vertex -43.9619 -53.1284 3
      vertex -43.9619 -53.1284 0
    endloop
  endfacet
  facet normal -0.999046 0.043671 0
    outer loop
      vertex -43.9619 -53.1284 3
      vertex -44 -54 0
      vertex -44 -54 3
    endloop
  endfacet
  facet normal -0.999046 -0.043671 0
    outer loop
      vertex -43.9619 -54.8716 0
      vertex -44 -54 3
      vertex -44 -54 0
    endloop
  endfacet
  facet normal -0.999046 -0.043671 0
    outer loop
      vertex -44 -54 3
      vertex -43.9619 -54.8716 0
      vertex -43.9619 -54.8716 3
    endloop
  endfacet
  facet normal -0.991455 -0.130452 0
    outer loop
      vertex -43.8481 -55.7365 0
      vertex -43.9619 -54.8716 3
      vertex -43.9619 -54.8716 0
    endloop
  endfacet
  facet normal -0.991455 -0.130452 0
    outer loop
      vertex -43.9619 -54.8716 3
      vertex -43.8481 -55.7365 0
      vertex -43.8481 -55.7365 3
    endloop
  endfacet
  facet normal -0.9763 -0.216421 0
    outer loop
      vertex -43.6593 -56.5882 0
      vertex -43.8481 -55.7365 3
      vertex -43.8481 -55.7365 0
    endloop
  endfacet
  facet normal -0.9763 -0.216421 0
    outer loop
      vertex -43.8481 -55.7365 3
      vertex -43.6593 -56.5882 0
      vertex -43.6593 -56.5882 3
    endloop
  endfacet
  facet normal -0.953693 -0.30078 0
    outer loop
      vertex -43.3969 -57.4202 0
      vertex -43.6593 -56.5882 3
      vertex -43.6593 -56.5882 0
    endloop
  endfacet
  facet normal -0.953693 -0.30078 0
    outer loop
      vertex -43.6593 -56.5882 3
      vertex -43.3969 -57.4202 0
      vertex -43.3969 -57.4202 3
    endloop
  endfacet
  facet normal -0.923902 -0.382629 0
    outer loop
      vertex -43.0631 -58.2262 0
      vertex -43.3969 -57.4202 3
      vertex -43.3969 -57.4202 0
    endloop
  endfacet
  facet normal -0.923902 -0.382629 0
    outer loop
      vertex -43.3969 -57.4202 3
      vertex -43.0631 -58.2262 0
      vertex -43.0631 -58.2262 3
    endloop
  endfacet
  facet normal -0.886971 -0.461825 0
    outer loop
      vertex -42.6602 -59 0
      vertex -43.0631 -58.2262 3
      vertex -43.0631 -58.2262 0
    endloop
  endfacet
  facet normal -0.886971 -0.461825 0
    outer loop
      vertex -43.0631 -58.2262 3
      vertex -42.6602 -59 0
      vertex -42.6602 -59 3
    endloop
  endfacet
  facet normal -0.843421 -0.537254 0
    outer loop
      vertex -42.1915 -59.7358 0
      vertex -42.6602 -59 3
      vertex -42.6602 -59 0
    endloop
  endfacet
  facet normal -0.843421 -0.537254 0
    outer loop
      vertex -42.6602 -59 3
      vertex -42.1915 -59.7358 0
      vertex -42.1915 -59.7358 3
    endloop
  endfacet
  facet normal -0.793335 -0.608785 0
    outer loop
      vertex -41.6604 -60.4279 0
      vertex -42.1915 -59.7358 3
      vertex -42.1915 -59.7358 0
    endloop
  endfacet
  facet normal -0.793335 -0.608785 0
    outer loop
      vertex -42.1915 -59.7358 3
      vertex -41.6604 -60.4279 0
      vertex -41.6604 -60.4279 3
    endloop
  endfacet
  facet normal -0.737325 -0.675538 0
    outer loop
      vertex -41.0711 -61.0711 0
      vertex -41.6604 -60.4279 3
      vertex -41.6604 -60.4279 0
    endloop
  endfacet
  facet normal -0.737325 -0.675538 0
    outer loop
      vertex -41.6604 -60.4279 3
      vertex -41.0711 -61.0711 0
      vertex -41.0711 -61.0711 3
    endloop
  endfacet
  facet normal -0.675538 -0.737325 0
    outer loop
      vertex -41.0711 -61.0711 0
      vertex -40.4279 -61.6604 3
      vertex -41.0711 -61.0711 3
    endloop
  endfacet
  facet normal -0.675538 -0.737325 -0
    outer loop
      vertex -40.4279 -61.6604 3
      vertex -41.0711 -61.0711 0
      vertex -40.4279 -61.6604 0
    endloop
  endfacet
  facet normal -0.608785 -0.793335 0
    outer loop
      vertex -40.4279 -61.6604 0
      vertex -39.7358 -62.1915 3
      vertex -40.4279 -61.6604 3
    endloop
  endfacet
  facet normal -0.608785 -0.793335 -0
    outer loop
      vertex -39.7358 -62.1915 3
      vertex -40.4279 -61.6604 0
      vertex -39.7358 -62.1915 0
    endloop
  endfacet
  facet normal -0.537254 -0.843421 0
    outer loop
      vertex -39.7358 -62.1915 0
      vertex -39 -62.6602 3
      vertex -39.7358 -62.1915 3
    endloop
  endfacet
  facet normal -0.537254 -0.843421 -0
    outer loop
      vertex -39 -62.6602 3
      vertex -39.7358 -62.1915 0
      vertex -39 -62.6602 0
    endloop
  endfacet
  facet normal -0.461825 -0.886971 0
    outer loop
      vertex -39 -62.6602 0
      vertex -38.2262 -63.0631 3
      vertex -39 -62.6602 3
    endloop
  endfacet
  facet normal -0.461825 -0.886971 -0
    outer loop
      vertex -38.2262 -63.0631 3
      vertex -39 -62.6602 0
      vertex -38.2262 -63.0631 0
    endloop
  endfacet
  facet normal -0.382629 -0.923902 0
    outer loop
      vertex -38.2262 -63.0631 0
      vertex -37.4202 -63.3969 3
      vertex -38.2262 -63.0631 3
    endloop
  endfacet
  facet normal -0.382629 -0.923902 -0
    outer loop
      vertex -37.4202 -63.3969 3
      vertex -38.2262 -63.0631 0
      vertex -37.4202 -63.3969 0
    endloop
  endfacet
  facet normal -0.30078 -0.953693 0
    outer loop
      vertex -37.4202 -63.3969 0
      vertex -36.5882 -63.6593 3
      vertex -37.4202 -63.3969 3
    endloop
  endfacet
  facet normal -0.30078 -0.953693 -0
    outer loop
      vertex -36.5882 -63.6593 3
      vertex -37.4202 -63.3969 0
      vertex -36.5882 -63.6593 0
    endloop
  endfacet
  facet normal -0.216421 -0.9763 0
    outer loop
      vertex -36.5882 -63.6593 0
      vertex -35.7365 -63.8481 3
      vertex -36.5882 -63.6593 3
    endloop
  endfacet
  facet normal -0.216421 -0.9763 -0
    outer loop
      vertex -35.7365 -63.8481 3
      vertex -36.5882 -63.6593 0
      vertex -35.7365 -63.8481 0
    endloop
  endfacet
  facet normal -0.130452 -0.991455 0
    outer loop
      vertex -35.7365 -63.8481 0
      vertex -34.8716 -63.9619 3
      vertex -35.7365 -63.8481 3
    endloop
  endfacet
  facet normal -0.130452 -0.991455 -0
    outer loop
      vertex -34.8716 -63.9619 3
      vertex -35.7365 -63.8481 0
      vertex -34.8716 -63.9619 0
    endloop
  endfacet
  facet normal -0.043671 -0.999046 0
    outer loop
      vertex -34.8716 -63.9619 0
      vertex -34 -64 3
      vertex -34.8716 -63.9619 3
    endloop
  endfacet
  facet normal -0.043671 -0.999046 -0
    outer loop
      vertex -34 -64 3
      vertex -34.8716 -63.9619 0
      vertex -34 -64 0
    endloop
  endfacet
  facet normal 0 -1 0
    outer loop
      vertex -34 -64 0
      vertex -17.7397 -64 3
      vertex -34 -64 3
    endloop
  endfacet
  facet normal 0 -1 -0
    outer loop
      vertex -17.7397 -64 3
      vertex -34 -64 0
      vertex -17.7397 -64 0
    endloop
  endfacet
  facet normal 0.201311 -0.979527 0
    outer loop
      vertex -17.7397 -64 0
      vertex -15.5 -63.5397 3
      vertex -17.7397 -64 3
    endloop
  endfacet
  facet normal 0.201311 -0.979527 0
    outer loop
      vertex -15.5 -63.5397 3
      vertex -17.7397 -64 0
      vertex -15.5 -63.5397 0
    endloop
  endfacet
  facet normal 0 0 1
    outer loop
      vertex 18.0193 -61.25 4.5
      vertex 23.7059 -60.8 4.5
      vertex 18.0651 -60.8 4.5
    endloop
  endfacet
  facet normal 0 0 1
    outer loop
      vertex 23.7059 -60.8 4.5
      vertex 18.0193 -61.25 4.5
      vertex 24.2506 -61.25 4.5
    endloop
  endfacet
  facet normal 0 0 1
    outer loop
      vertex 16.0047 -60.836 4.5
      vertex 18.0651 -60.8 4.5
      vertex 16.0872 -60.3935 4.5
    endloop
  endfacet
  facet normal 0 0 1
    outer loop
      vertex 18.0651 -60.8 4.5
      vertex 16.0047 -60.836 4.5
      vertex 18.0193 -61.25 4.5
    endloop
  endfacet
  facet normal 0 0 1
    outer loop
      vertex 13.5782 -59.9722 4.5
      vertex 16.0047 -60.836 4.5
      vertex 16.0872 -60.3935 4.5
    endloop
  endfacet
  facet normal 0 0 1
    outer loop
      vertex 13.5782 -59.9722 4.5
      vertex 13.5111 -60.4173 4.5
      vertex 16.0047 -60.836 4.5
    endloop
  endfacet
  facet normal 0 0 1
    outer loop
      vertex 10.9765 -59.6246 4.5
      vertex 13.5111 -60.4173 4.5
      vertex 13.5782 -59.9722 4.5
    endloop
  endfacet
  facet normal 0 0 1
    outer loop
      vertex 10.9765 -59.6246 4.5
      vertex 10.9239 -60.0716 4.5
      vertex 13.5111 -60.4173 4.5
    endloop
  endfacet
  facet normal 0 0 1
    outer loop
      vertex 8.29947 -59.3523 4.5
      vertex 10.9239 -60.0716 4.5
      vertex 10.9765 -59.6246 4.5
    endloop
  endfacet
  facet normal 0 0 1
    outer loop
      vertex 8.29947 -59.3523 4.5
      vertex 8.26065 -59.8007 4.5
      vertex 10.9239 -60.0716 4.5
    endloop
  endfacet
  facet normal 0 0 1
    outer loop
      vertex 5.56514 -59.1568 4.5
      vertex 8.26065 -59.8007 4.5
      vertex 8.29947 -59.3523 4.5
    endloop
  endfacet
  facet normal 0 0 1
    outer loop
      vertex 5.56514 -59.1568 4.5
      vertex 5.53955 -59.6061 4.5
      vertex 8.26065 -59.8007 4.5
    endloop
  endfacet
  facet normal 0 0 1
    outer loop
      vertex 2.79227 -59.039 4.5
      vertex 5.53955 -59.6061 4.5
      vertex 5.56514 -59.1568 4.5
    endloop
  endfacet
  facet normal 0 0 1
    outer loop
      vertex 2.79227 -59.039 4.5
      vertex 2.77954 -59.4889 4.5
      vertex 5.53955 -59.6061 4.5
    endloop
  endfacet
  facet normal 0 0 1
    outer loop
      vertex 0 -58.9997 4.5
      vertex 2.77954 -59.4889 4.5
      vertex 2.79227 -59.039 4.5
    endloop
  endfacet
  facet normal 0 0 1
    outer loop
      vertex 0 -58.9997 4.5
      vertex 0 -59.4497 4.5
      vertex 2.77954 -59.4889 4.5
    endloop
  endfacet
  facet normal 0 0 1
    outer loop
      vertex 0 -58.9997 4.5
      vertex -2.77954 -59.4889 4.5
      vertex 0 -59.4497 4.5
    endloop
  endfacet
  facet normal -0 0 1
    outer loop
      vertex -2.79227 -59.039 4.5
      vertex -2.77954 -59.4889 4.5
      vertex 0 -58.9997 4.5
    endloop
  endfacet
  facet normal 0 0 1
    outer loop
      vertex -2.79227 -59.039 4.5
      vertex -5.53955 -59.6061 4.5
      vertex -2.77954 -59.4889 4.5
    endloop
  endfacet
  facet normal -0 0 1
    outer loop
      vertex -5.56514 -59.1568 4.5
      vertex -5.53955 -59.6061 4.5
      vertex -2.79227 -59.039 4.5
    endloop
  endfacet
  facet normal 0 0 1
    outer loop
      vertex -5.56514 -59.1568 4.5
      vertex -8.26065 -59.8007 4.5
      vertex -5.53955 -59.6061 4.5
    endloop
  endfacet
  facet normal -0 0 1
    outer loop
      vertex -8.29947 -59.3523 4.5
      vertex -8.26065 -59.8007 4.5
      vertex -5.56514 -59.1568 4.5
    endloop
  endfacet
  facet normal 0 0 1
    outer loop
      vertex -8.29947 -59.3523 4.5
      vertex -10.9239 -60.0716 4.5
      vertex -8.26065 -59.8007 4.5
    endloop
  endfacet
  facet normal -0 0 1
    outer loop
      vertex -10.9765 -59.6246 4.5
      vertex -10.9239 -60.0716 4.5
      vertex -8.29947 -59.3523 4.5
    endloop
  endfacet
  facet normal 0 0 1
    outer loop
      vertex -10.9765 -59.6246 4.5
      vertex -13.5111 -60.4173 4.5
      vertex -10.9239 -60.0716 4.5
    endloop
  endfacet
  facet normal -0 0 1
    outer loop
      vertex -13.5782 -59.9722 4.5
      vertex -13.5111 -60.4173 4.5
      vertex -10.9765 -59.6246 4.5
    endloop
  endfacet
  facet normal 0 0 1
    outer loop
      vertex -13.5782 -59.9722 4.5
      vertex -16.0047 -60.836 4.5
      vertex -13.5111 -60.4173 4.5
    endloop
  endfacet
  facet normal -0 0 1
    outer loop
      vertex -16.0872 -60.3935 4.5
      vertex -16.0047 -60.836 4.5
      vertex -13.5782 -59.9722 4.5
    endloop
  endfacet
  facet normal -0 0 1
    outer loop
      vertex -18.0651 -60.8 4.5
      vertex -16.0047 -60.836 4.5
      vertex -16.0872 -60.3935 4.5
    endloop
  endfacet
  facet normal 0 0 1
    outer loop
      vertex -16.0047 -60.836 4.5
      vertex -18.0651 -60.8 4.5
      vertex -18.0193 -61.25 4.5
    endloop
  endfacet
  facet normal -0 0 1
    outer loop
      vertex -23.7059 -60.8 4.5
      vertex -18.0193 -61.25 4.5
      vertex -18.0651 -60.8 4.5
    endloop
  endfacet
  facet normal 0 0 1
    outer loop
      vertex -18.0193 -61.25 4.5
      vertex -23.7059 -60.8 4.5
      vertex -24.2506 -61.25 4.5
    endloop
  endfacet
  facet normal 0 0 1
    outer loop
      vertex 39.2497 52 4.5
      vertex 37.7775 53.4918 4.5
      vertex 37.7995 52 4.5
    endloop
  endfacet
  facet normal 0 0 1
    outer loop
      vertex 37.0578 55.554 4.5
      vertex 38.064 56.5999 4.5
      vertex 37.7536 56.8741 4.5
    endloop
  endfacet
  facet normal 0 0 1
    outer loop
      vertex 38.3217 56.33 4.5
      vertex 37.7283 54.0942 4.5
      vertex 37.7775 53.4918 4.5
    endloop
  endfacet
  facet normal 0 0 1
    outer loop
      vertex 38.3217 56.33 4.5
      vertex 37.6652 54.4729 4.5
      vertex 37.7283 54.0942 4.5
    endloop
  endfacet
  facet normal 0 0 1
    outer loop
      vertex 38.3217 56.33 4.5
      vertex 37.5971 54.7283 4.5
      vertex 37.6652 54.4729 4.5
    endloop
  endfacet
  facet normal 0 0 1
    outer loop
      vertex 38.3217 56.33 4.5
      vertex 37.5264 54.9145 4.5
      vertex 37.5971 54.7283 4.5
    endloop
  endfacet
  facet normal 0 0 1
    outer loop
      vertex 38.3217 56.33 4.5
      vertex 37.4484 55.0691 4.5
      vertex 37.5264 54.9145 4.5
    endloop
  endfacet
  facet normal 0 0 1
    outer loop
      vertex 36.8353 55.7507 4.5
      vertex 37.7536 56.8741 4.5
      vertex 37.3857 57.152 4.5
    endloop
  endfacet
  facet normal 0 0 1
    outer loop
      vertex 38.3217 56.33 4.5
      vertex 37.3527 55.218 4.5
      vertex 37.4484 55.0691 4.5
    endloop
  endfacet
  facet normal 0 0 1
    outer loop
      vertex 38.3217 56.33 4.5
      vertex 37.2267 55.3772 4.5
      vertex 37.3527 55.218 4.5
    endloop
  endfacet
  facet normal 0 0 1
    outer loop
      vertex 38.064 56.5999 4.5
      vertex 37.0578 55.554 4.5
      vertex 37.2267 55.3772 4.5
    endloop
  endfacet
  facet normal 0 0 1
    outer loop
      vertex 36.5516 55.9649 4.5
      vertex 37.3857 57.152 4.5
      vertex 36.9572 57.4316 4.5
    endloop
  endfacet
  facet normal 0 0 1
    outer loop
      vertex 37.7536 56.8741 4.5
      vertex 36.8353 55.7507 4.5
      vertex 37.0578 55.554 4.5
    endloop
  endfacet
  facet normal 0 0 1
    outer loop
      vertex 37.3857 57.152 4.5
      vertex 36.5516 55.9649 4.5
      vertex 36.8353 55.7507 4.5
    endloop
  endfacet
  facet normal 0 0 1
    outer loop
      vertex 36.2024 56.1928 4.5
      vertex 36.9572 57.4316 4.5
      vertex 36.4665 57.7103 4.5
    endloop
  endfacet
  facet normal 0 0 1
    outer loop
      vertex 36.9572 57.4316 4.5
      vertex 36.2024 56.1928 4.5
      vertex 36.5516 55.9649 4.5
    endloop
  endfacet
  facet normal 0 0 1
    outer loop
      vertex 35.7849 56.4299 4.5
      vertex 36.4665 57.7103 4.5
      vertex 35.9122 57.986 4.5
    endloop
  endfacet
  facet normal 0 0 1
    outer loop
      vertex 36.4665 57.7103 4.5
      vertex 35.7849 56.4299 4.5
      vertex 36.2024 56.1928 4.5
    endloop
  endfacet
  facet normal 0 0 1
    outer loop
      vertex 35.9122 57.986 4.5
      vertex 35.2984 56.6718 4.5
      vertex 35.7849 56.4299 4.5
    endloop
  endfacet
  facet normal 0 0 1
    outer loop
      vertex 35.2949 58.2562 4.5
      vertex 35.2984 56.6718 4.5
      vertex 35.9122 57.986 4.5
    endloop
  endfacet
  facet normal 0 0 1
    outer loop
      vertex 35.2949 58.2562 4.5
      vertex 34.7425 56.9152 4.5
      vertex 35.2984 56.6718 4.5
    endloop
  endfacet
  facet normal 0 0 1
    outer loop
      vertex 34.6142 58.5194 4.5
      vertex 34.7425 56.9152 4.5
      vertex 35.2949 58.2562 4.5
    endloop
  endfacet
  facet normal 0 0 1
    outer loop
      vertex 34.6142 58.5194 4.5
      vertex 34.1177 57.1568 4.5
      vertex 34.7425 56.9152 4.5
    endloop
  endfacet
  facet normal 0 0 1
    outer loop
      vertex 33.8702 58.774 4.5
      vertex 34.1177 57.1568 4.5
      vertex 34.6142 58.5194 4.5
    endloop
  endfacet
  facet normal 0 0 1
    outer loop
      vertex 33.8702 58.774 4.5
      vertex 33.4252 57.3938 4.5
      vertex 34.1177 57.1568 4.5
    endloop
  endfacet
  facet normal 0 0 1
    outer loop
      vertex 33.0636 59.0187 4.5
      vertex 33.4252 57.3938 4.5
      vertex 33.8702 58.774 4.5
    endloop
  endfacet
  facet normal 0 0 1
    outer loop
      vertex 33.0636 59.0187 4.5
      vertex 32.6647 57.6245 4.5
      vertex 33.4252 57.3938 4.5
    endloop
  endfacet
  facet normal 0 0 1
    outer loop
      vertex 32.1938 59.2528 4.5
      vertex 32.6647 57.6245 4.5
      vertex 33.0636 59.0187 4.5
    endloop
  endfacet
  facet normal 0 0 1
    outer loop
      vertex 32.1938 59.2528 4.5
      vertex 31.8368 57.8472 4.5
      vertex 32.6647 57.6245 4.5
    endloop
  endfacet
  facet normal 0 0 1
    outer loop
      vertex 31.2601 59.4755 4.5
      vertex 31.8368 57.8472 4.5
      vertex 32.1938 59.2528 4.5
    endloop
  endfacet
  facet normal 0 0 1
    outer loop
      vertex 31.2601 59.4755 4.5
      vertex 30.942 58.0607 4.5
      vertex 31.8368 57.8472 4.5
    endloop
  endfacet
  facet normal 0 0 1
    outer loop
      vertex 30.2621 59.6862 4.5
      vertex 30.942 58.0607 4.5
      vertex 31.2601 59.4755 4.5
    endloop
  endfacet
  facet normal 0 0 1
    outer loop
      vertex 30.2621 59.6862 4.5
      vertex 29.9794 58.2639 4.5
      vertex 30.942 58.0607 4.5
    endloop
  endfacet
  facet normal 0 0 1
    outer loop
      vertex 29.199 59.8844 4.5
      vertex 29.9794 58.2639 4.5
      vertex 30.2621 59.6862 4.5
    endloop
  endfacet
  facet normal 0 0 1
    outer loop
      vertex 29.199 59.8844 4.5
      vertex 28.9489 58.4561 4.5
      vertex 29.9794 58.2639 4.5
    endloop
  endfacet
  facet normal 0 0 1
    outer loop
      vertex 28.0675 60.0701 4.5
      vertex 28.9489 58.4561 4.5
      vertex 29.199 59.8844 4.5
    endloop
  endfacet
  facet normal 0 0 1
    outer loop
      vertex 28.0675 60.0701 4.5
      vertex 27.8471 58.6369 4.5
      vertex 28.9489 58.4561 4.5
    endloop
  endfacet
  facet normal 0 0 1
    outer loop
      vertex 26.8672 60.2427 4.5
      vertex 27.8471 58.6369 4.5
      vertex 28.0675 60.0701 4.5
    endloop
  endfacet
  facet normal 0 0 1
    outer loop
      vertex 26.8672 60.2427 4.5
      vertex 26.6735 58.8056 4.5
      vertex 27.8471 58.6369 4.5
    endloop
  endfacet
  facet normal 0 0 1
    outer loop
      vertex 25.5943 60.4019 4.5
      vertex 26.6735 58.8056 4.5
      vertex 26.8672 60.2427 4.5
    endloop
  endfacet
  facet normal 0 0 1
    outer loop
      vertex 25.5943 60.4019 4.5
      vertex 25.4262 58.9617 4.5
      vertex 26.6735 58.8056 4.5
    endloop
  endfacet
  facet normal 0 0 1
    outer loop
      vertex 24.2426 60.548 4.5
      vertex 25.4262 58.9617 4.5
      vertex 25.5943 60.4019 4.5
    endloop
  endfacet
  facet normal 0 0 1
    outer loop
      vertex 24.2426 60.548 4.5
      vertex 24.0979 59.1052 4.5
      vertex 25.4262 58.9617 4.5
    endloop
  endfacet
  facet normal 0 0 1
    outer loop
      vertex 22.8086 60.6805 4.5
      vertex 24.0979 59.1052 4.5
      vertex 24.2426 60.548 4.5
    endloop
  endfacet
  facet normal 0 0 1
    outer loop
      vertex 22.8086 60.6805 4.5
      vertex 22.6861 59.2357 4.5
      vertex 24.0979 59.1052 4.5
    endloop
  endfacet
  facet normal 0 0 1
    outer loop
      vertex 21.2838 60.7994 4.5
      vertex 22.6861 59.2357 4.5
      vertex 22.8086 60.6805 4.5
    endloop
  endfacet
  facet normal 0 0 1
    outer loop
      vertex 21.2838 60.7994 4.5
      vertex 21.1814 59.3529 4.5
      vertex 22.6861 59.2357 4.5
    endloop
  endfacet
  facet normal 0 0 1
    outer loop
      vertex 19.6593 60.9044 4.5
      vertex 21.1814 59.3529 4.5
      vertex 21.2838 60.7994 4.5
    endloop
  endfacet
  facet normal 0 0 1
    outer loop
      vertex 19.6593 60.9044 4.5
      vertex 19.5737 59.4569 4.5
      vertex 21.1814 59.3529 4.5
    endloop
  endfacet
  facet normal 0 0 1
    outer loop
      vertex 17.9165 60.9958 4.5
      vertex 19.5737 59.4569 4.5
      vertex 19.6593 60.9044 4.5
    endloop
  endfacet
  facet normal 0 0 1
    outer loop
      vertex 17.9165 60.9958 4.5
      vertex 17.849 59.5473 4.5
      vertex 19.5737 59.4569 4.5
    endloop
  endfacet
  facet normal 0 0 1
    outer loop
      vertex 16.0392 61.0731 4.5
      vertex 17.849 59.5473 4.5
      vertex 17.9165 60.9958 4.5
    endloop
  endfacet
  facet normal 0 0 1
    outer loop
      vertex 16.0392 61.0731 4.5
      vertex 15.9855 59.6241 4.5
      vertex 17.849 59.5473 4.5
    endloop
  endfacet
  facet normal 0 0 1
    outer loop
      vertex 13.988 61.1367 4.5
      vertex 15.9855 59.6241 4.5
      vertex 16.0392 61.0731 4.5
    endloop
  endfacet
  facet normal 0 0 1
    outer loop
      vertex 13.988 61.1367 4.5
      vertex 13.9513 59.6871 4.5
      vertex 15.9855 59.6241 4.5
    endloop
  endfacet
  facet normal 0 0 1
    outer loop
      vertex 11.7155 61.1861 4.5
      vertex 13.9513 59.6871 4.5
      vertex 13.988 61.1367 4.5
    endloop
  endfacet
  facet normal 0 0 1
    outer loop
      vertex 11.7155 61.1861 4.5
      vertex 11.6905 59.7363 4.5
      vertex 13.9513 59.6871 4.5
    endloop
  endfacet
  facet normal 0 0 1
    outer loop
      vertex 9.11259 61.2216 4.5
      vertex 11.6905 59.7363 4.5
      vertex 11.7155 61.1861 4.5
    endloop
  endfacet
  facet normal 0 0 1
    outer loop
      vertex 9.11259 61.2216 4.5
      vertex 9.09639 59.7716 4.5
      vertex 11.6905 59.7363 4.5
    endloop
  endfacet
  facet normal 0 0 1
    outer loop
      vertex 5.9194 61.2429 4.5
      vertex 9.09639 59.7716 4.5
      vertex 9.11259 61.2216 4.5
    endloop
  endfacet
  facet normal 0 0 1
    outer loop
      vertex 5.9194 61.2429 4.5
      vertex 5.91356 59.7929 4.5
      vertex 9.09639 59.7716 4.5
    endloop
  endfacet
  facet normal 0 0 1
    outer loop
      vertex 0 61.25 4.5
      vertex 5.91356 59.7929 4.5
      vertex 5.9194 61.2429 4.5
    endloop
  endfacet
  facet normal 0 0 1
    outer loop
      vertex 0 61.25 4.5
      vertex 0 59.8 4.5
      vertex 5.91356 59.7929 4.5
    endloop
  endfacet
  facet normal 0 0 1
    outer loop
      vertex 0 61.25 4.5
      vertex -5.91356 59.7929 4.5
      vertex 0 59.8 4.5
    endloop
  endfacet
  facet normal -0 0 1
    outer loop
      vertex -5.9194 61.2429 4.5
      vertex -5.91356 59.7929 4.5
      vertex 0 61.25 4.5
    endloop
  endfacet
  facet normal 0 0 1
    outer loop
      vertex -5.9194 61.2429 4.5
      vertex -9.09639 59.7716 4.5
      vertex -5.91356 59.7929 4.5
    endloop
  endfacet
  facet normal -0 0 1
    outer loop
      vertex -9.11259 61.2216 4.5
      vertex -9.09639 59.7716 4.5
      vertex -5.9194 61.2429 4.5
    endloop
  endfacet
  facet normal 0 0 1
    outer loop
      vertex -9.11259 61.2216 4.5
      vertex -11.6905 59.7363 4.5
      vertex -9.09639 59.7716 4.5
    endloop
  endfacet
  facet normal -0 0 1
    outer loop
      vertex -11.7155 61.1861 4.5
      vertex -11.6905 59.7363 4.5
      vertex -9.11259 61.2216 4.5
    endloop
  endfacet
  facet normal 0 0 1
    outer loop
      vertex -11.7155 61.1861 4.5
      vertex -13.9513 59.6871 4.5
      vertex -11.6905 59.7363 4.5
    endloop
  endfacet
  facet normal -0 0 1
    outer loop
      vertex -13.988 61.1367 4.5
      vertex -13.9513 59.6871 4.5
      vertex -11.7155 61.1861 4.5
    endloop
  endfacet
  facet normal 0 0 1
    outer loop
      vertex -13.988 61.1367 4.5
      vertex -15.9855 59.6241 4.5
      vertex -13.9513 59.6871 4.5
    endloop
  endfacet
  facet normal -0 0 1
    outer loop
      vertex -16.0392 61.0731 4.5
      vertex -15.9855 59.6241 4.5
      vertex -13.988 61.1367 4.5
    endloop
  endfacet
  facet normal 0 0 1
    outer loop
      vertex -16.0392 61.0731 4.5
      vertex -17.849 59.5473 4.5
      vertex -15.9855 59.6241 4.5
    endloop
  endfacet
  facet normal -0 0 1
    outer loop
      vertex -17.9165 60.9958 4.5
      vertex -17.849 59.5473 4.5
      vertex -16.0392 61.0731 4.5
    endloop
  endfacet
  facet normal 0 0 1
    outer loop
      vertex -17.9165 60.9958 4.5
      vertex -19.5737 59.4569 4.5
      vertex -17.849 59.5473 4.5
    endloop
  endfacet
  facet normal -0 0 1
    outer loop
      vertex -19.6593 60.9044 4.5
      vertex -19.5737 59.4569 4.5
      vertex -17.9165 60.9958 4.5
    endloop
  endfacet
  facet normal 0 0 1
    outer loop
      vertex -19.6593 60.9044 4.5
      vertex -21.1814 59.3529 4.5
      vertex -19.5737 59.4569 4.5
    endloop
  endfacet
  facet normal -0 0 1
    outer loop
      vertex -21.2838 60.7994 4.5
      vertex -21.1814 59.3529 4.5
      vertex -19.6593 60.9044 4.5
    endloop
  endfacet
  facet normal 0 0 1
    outer loop
      vertex -21.2838 60.7994 4.5
      vertex -22.6861 59.2357 4.5
      vertex -21.1814 59.3529 4.5
    endloop
  endfacet
  facet normal -0 0 1
    outer loop
      vertex -22.8086 60.6805 4.5
      vertex -22.6861 59.2357 4.5
      vertex -21.2838 60.7994 4.5
    endloop
  endfacet
  facet normal 0 0 1
    outer loop
      vertex -22.8086 60.6805 4.5
      vertex -24.0979 59.1052 4.5
      vertex -22.6861 59.2357 4.5
    endloop
  endfacet
  facet normal -0 0 1
    outer loop
      vertex -24.2426 60.548 4.5
      vertex -24.0979 59.1052 4.5
      vertex -22.8086 60.6805 4.5
    endloop
  endfacet
  facet normal 0 0 1
    outer loop
      vertex -24.2426 60.548 4.5
      vertex -25.4262 58.9617 4.5
      vertex -24.0979 59.1052 4.5
    endloop
  endfacet
  facet normal -0 0 1
    outer loop
      vertex -25.5943 60.4019 4.5
      vertex -25.4262 58.9617 4.5
      vertex -24.2426 60.548 4.5
    endloop
  endfacet
  facet normal 0 0 1
    outer loop
      vertex -25.5943 60.4019 4.5
      vertex -26.6735 58.8056 4.5
      vertex -25.4262 58.9617 4.5
    endloop
  endfacet
  facet normal -0 0 1
    outer loop
      vertex -26.8672 60.2427 4.5
      vertex -26.6735 58.8056 4.5
      vertex -25.5943 60.4019 4.5
    endloop
  endfacet
  facet normal 0 0 1
    outer loop
      vertex -26.8672 60.2427 4.5
      vertex -27.8471 58.6369 4.5
      vertex -26.6735 58.8056 4.5
    endloop
  endfacet
  facet normal -0 0 1
    outer loop
      vertex -28.0675 60.0701 4.5
      vertex -27.8471 58.6369 4.5
      vertex -26.8672 60.2427 4.5
    endloop
  endfacet
  facet normal 0 0 1
    outer loop
      vertex -28.0675 60.0701 4.5
      vertex -28.9489 58.4561 4.5
      vertex -27.8471 58.6369 4.5
    endloop
  endfacet
  facet normal -0 0 1
    outer loop
      vertex -29.199 59.8844 4.5
      vertex -28.9489 58.4561 4.5
      vertex -28.0675 60.0701 4.5
    endloop
  endfacet
  facet normal 0 0 1
    outer loop
      vertex -29.199 59.8844 4.5
      vertex -29.9794 58.2639 4.5
      vertex -28.9489 58.4561 4.5
    endloop
  endfacet
  facet normal -0 0 1
    outer loop
      vertex -30.2621 59.6862 4.5
      vertex -29.9794 58.2639 4.5
      vertex -29.199 59.8844 4.5
    endloop
  endfacet
  facet normal 0 0 1
    outer loop
      vertex -30.2621 59.6862 4.5
      vertex -30.942 58.0607 4.5
      vertex -29.9794 58.2639 4.5
    endloop
  endfacet
  facet normal -0 0 1
    outer loop
      vertex -31.2601 59.4755 4.5
      vertex -30.942 58.0607 4.5
      vertex -30.2621 59.6862 4.5
    endloop
  endfacet
  facet normal 0 0 1
    outer loop
      vertex -31.2601 59.4755 4.5
      vertex -31.8368 57.8472 4.5
      vertex -30.942 58.0607 4.5
    endloop
  endfacet
  facet normal -0 0 1
    outer loop
      vertex -32.1938 59.2528 4.5
      vertex -31.8368 57.8472 4.5
      vertex -31.2601 59.4755 4.5
    endloop
  endfacet
  facet normal 0 0 1
    outer loop
      vertex -32.1938 59.2528 4.5
      vertex -32.6647 57.6245 4.5
      vertex -31.8368 57.8472 4.5
    endloop
  endfacet
  facet normal -0 0 1
    outer loop
      vertex -33.0636 59.0187 4.5
      vertex -32.6647 57.6245 4.5
      vertex -32.1938 59.2528 4.5
    endloop
  endfacet
  facet normal 0 0 1
    outer loop
      vertex -33.0636 59.0187 4.5
      vertex -33.4252 57.3938 4.5
      vertex -32.6647 57.6245 4.5
    endloop
  endfacet
  facet normal -0 0 1
    outer loop
      vertex -33.8702 58.774 4.5
      vertex -33.4252 57.3938 4.5
      vertex -33.0636 59.0187 4.5
    endloop
  endfacet
  facet normal 0 0 1
    outer loop
      vertex -33.8702 58.774 4.5
      vertex -34.1177 57.1568 4.5
      vertex -33.4252 57.3938 4.5
    endloop
  endfacet
  facet normal -0 0 1
    outer loop
      vertex -34.6142 58.5194 4.5
      vertex -34.1177 57.1568 4.5
      vertex -33.8702 58.774 4.5
    endloop
  endfacet
  facet normal 0 0 1
    outer loop
      vertex -34.6142 58.5194 4.5
      vertex -34.7425 56.9152 4.5
      vertex -34.1177 57.1568 4.5
    endloop
  endfacet
  facet normal -0 0 1
    outer loop
      vertex -35.2949 58.2562 4.5
      vertex -34.7425 56.9152 4.5
      vertex -34.6142 58.5194 4.5
    endloop
  endfacet
  facet normal 0 0 1
    outer loop
      vertex -35.2949 58.2562 4.5
      vertex -35.2984 56.6718 4.5
      vertex -34.7425 56.9152 4.5
    endloop
  endfacet
  facet normal -0 0 1
    outer loop
      vertex -35.9122 57.986 4.5
      vertex -35.2984 56.6718 4.5
      vertex -35.2949 58.2562 4.5
    endloop
  endfacet
  facet normal 0 0 1
    outer loop
      vertex -35.2984 56.6718 4.5
      vertex -35.9122 57.986 4.5
      vertex -35.7849 56.4299 4.5
    endloop
  endfacet
  facet normal -0 0 1
    outer loop
      vertex -36.4665 57.7103 4.5
      vertex -35.7849 56.4299 4.5
      vertex -35.9122 57.986 4.5
    endloop
  endfacet
  facet normal 0 0 1
    outer loop
      vertex -35.7849 56.4299 4.5
      vertex -36.4665 57.7103 4.5
      vertex -36.2024 56.1928 4.5
    endloop
  endfacet
  facet normal -0 0 1
    outer loop
      vertex -36.9572 57.4316 4.5
      vertex -36.2024 56.1928 4.5
      vertex -36.4665 57.7103 4.5
    endloop
  endfacet
  facet normal 0 0 1
    outer loop
      vertex -36.2024 56.1928 4.5
      vertex -36.9572 57.4316 4.5
      vertex -36.5516 55.9649 4.5
    endloop
  endfacet
  facet normal -0 0 1
    outer loop
      vertex -37.3857 57.152 4.5
      vertex -36.5516 55.9649 4.5
      vertex -36.9572 57.4316 4.5
    endloop
  endfacet
  facet normal 0 0 1
    outer loop
      vertex -36.5516 55.9649 4.5
      vertex -37.3857 57.152 4.5
      vertex -36.8353 55.7507 4.5
    endloop
  endfacet
  facet normal -0 0 1
    outer loop
      vertex -37.7536 56.8741 4.5
      vertex -36.8353 55.7507 4.5
      vertex -37.3857 57.152 4.5
    endloop
  endfacet
  facet normal 0 0 1
    outer loop
      vertex -36.8353 55.7507 4.5
      vertex -37.7536 56.8741 4.5
      vertex -37.0578 55.554 4.5
    endloop
  endfacet
  facet normal -0 0 1
    outer loop
      vertex -38.064 56.5999 4.5
      vertex -37.0578 55.554 4.5
      vertex -37.7536 56.8741 4.5
    endloop
  endfacet
  facet normal 0 0 1
    outer loop
      vertex -37.0578 55.554 4.5
      vertex -38.064 56.5999 4.5
      vertex -37.2267 55.3772 4.5
    endloop
  endfacet
  facet normal -0 0 1
    outer loop
      vertex -38.3217 56.33 4.5
      vertex -37.2267 55.3772 4.5
      vertex -38.064 56.5999 4.5
    endloop
  endfacet
  facet normal 0 0 1
    outer loop
      vertex -37.2267 55.3772 4.5
      vertex -38.3217 56.33 4.5
      vertex -37.3527 55.218 4.5
    endloop
  endfacet
  facet normal -0 0 1
    outer loop
      vertex -38.534 56.062 4.5
      vertex -37.3527 55.218 4.5
      vertex -38.3217 56.33 4.5
    endloop
  endfacet
  facet normal 0 0 1
    outer loop
      vertex -37.3527 55.218 4.5
      vertex -38.534 56.062 4.5
      vertex -37.4484 55.0691 4.5
    endloop
  endfacet
  facet normal -0 0 1
    outer loop
      vertex -38.709 55.7896 4.5
      vertex -37.4484 55.0691 4.5
      vertex -38.534 56.062 4.5
    endloop
  endfacet
  facet normal 0 0 1
    outer loop
      vertex -37.4484 55.0691 4.5
      vertex -38.709 55.7896 4.5
      vertex -37.5264 54.9145 4.5
    endloop
  endfacet
  facet normal -0 0 1
    outer loop
      vertex -38.8551 55.5 4.5
      vertex -37.5264 54.9145 4.5
      vertex -38.709 55.7896 4.5
    endloop
  endfacet
  facet normal 0 0 1
    outer loop
      vertex -37.5264 54.9145 4.5
      vertex -38.8551 55.5 4.5
      vertex -37.5971 54.7283 4.5
    endloop
  endfacet
  facet normal -0 0 1
    outer loop
      vertex 37.7775 53.4918 4.5
      vertex 39.2497 52 4.5
      vertex 39.2267 53.5616 4.5
    endloop
  endfacet
  facet normal 0 0 1
    outer loop
      vertex 37.7775 53.4918 4.5
      vertex 39.2267 53.5616 4.5
      vertex 39.1685 54.2727 4.5
    endloop
  endfacet
  facet normal 0 0 1
    outer loop
      vertex 37.7775 53.4918 4.5
      vertex 39.1685 54.2727 4.5
      vertex 39.084 54.7796 4.5
    endloop
  endfacet
  facet normal 0 0 1
    outer loop
      vertex 37.7775 53.4918 4.5
      vertex 39.084 54.7796 4.5
      vertex 38.979 55.1735 4.5
    endloop
  endfacet
  facet normal 0 0 1
    outer loop
      vertex 37.7775 53.4918 4.5
      vertex 38.979 55.1735 4.5
      vertex 38.8551 55.5 4.5
    endloop
  endfacet
  facet normal 0 0 1
    outer loop
      vertex 39.2497 52 4.5
      vertex 37.7995 52 4.5
      vertex 39.2254 50.3523 4.5
    endloop
  endfacet
  facet normal 0 0 1
    outer loop
      vertex 37.7775 53.4918 4.5
      vertex 38.8551 55.5 4.5
      vertex 38.709 55.7896 4.5
    endloop
  endfacet
  facet normal 0 0 1
    outer loop
      vertex 37.7775 53.4918 4.5
      vertex 38.709 55.7896 4.5
      vertex 38.534 56.062 4.5
    endloop
  endfacet
  facet normal 0 0 1
    outer loop
      vertex 37.7775 53.4918 4.5
      vertex 38.534 56.062 4.5
      vertex 38.3217 56.33 4.5
    endloop
  endfacet
  facet normal 0 0 1
    outer loop
      vertex 37.2267 55.3772 4.5
      vertex 38.3217 56.33 4.5
      vertex 38.064 56.5999 4.5
    endloop
  endfacet
  facet normal 0 0 1
    outer loop
      vertex 39.2254 50.3523 4.5
      vertex 37.7995 52 4.5
      vertex 37.7756 50.3782 4.5
    endloop
  endfacet
  facet normal 0 0 1
    outer loop
      vertex 39.2254 50.3523 4.5
      vertex 37.7756 50.3782 4.5
      vertex 38.7511 25.0816 4.5
    endloop
  endfacet
  facet normal -0 0 1
    outer loop
      vertex 37.3016 25.1241 4.5
      vertex 38.7511 25.0816 4.5
      vertex 37.7756 50.3782 4.5
    endloop
  endfacet
  facet normal 0 0 1
    outer loop
      vertex 37.3016 25.1241 4.5
      vertex 37.2536 -11.8542 4.5
      vertex 38.7511 25.0816 4.5
    endloop
  endfacet
  facet normal 0 -0 1
    outer loop
      vertex 37.2536 -11.8542 4.5
      vertex 37.3016 25.1241 4.5
      vertex 35.8007 -11.8974 4.5
    endloop
  endfacet
  facet normal 0 0 1
    outer loop
      vertex 40.797 -54 4.5
      vertex 41.2474 -54 4.5
      vertex 41.217 -53.304 4.5
    endloop
  endfacet
  facet normal 0 0 1
    outer loop
      vertex 41.2474 -54 4.5
      vertex 40.797 -54 4.5
      vertex 41.2198 -54.6316 4.5
    endloop
  endfacet
  facet normal -0 0 1
    outer loop
      vertex 40.7711 -54.5924 4.5
      vertex 41.2198 -54.6316 4.5
      vertex 40.797 -54 4.5
    endloop
  endfacet
  facet normal -0 0 1
    outer loop
      vertex 40.6937 -55.1803 4.5
      vertex 41.1373 -55.2585 4.5
      vertex 40.7711 -54.5924 4.5
    endloop
  endfacet
  facet normal 0 0 1
    outer loop
      vertex 41.2198 -54.6316 4.5
      vertex 40.7711 -54.5924 4.5
      vertex 41.1373 -55.2585 4.5
    endloop
  endfacet
  facet normal 0 0 1
    outer loop
      vertex 41.217 -53.304 4.5
      vertex 40.7678 -53.3322 4.5
      vertex 40.797 -54 4.5
    endloop
  endfacet
  facet normal 0 0 1
    outer loop
      vertex 40.2329 -41.5984 4.5
      vertex 40.7678 -53.3322 4.5
      vertex 41.217 -53.304 4.5
    endloop
  endfacet
  facet normal 0 0 1
    outer loop
      vertex 40.2329 -41.5984 4.5
      vertex 39.7848 -41.6398 4.5
      vertex 40.7678 -53.3322 4.5
    endloop
  endfacet
  facet normal 0 0 1
    outer loop
      vertex 40.2329 -41.5984 4.5
      vertex 39.0196 -34 4.5
      vertex 39.7848 -41.6398 4.5
    endloop
  endfacet
  facet normal 0 0 1
    outer loop
      vertex 37.2536 -11.8542 4.5
      vertex 39.0196 -34 4.5
      vertex 40.2329 -41.5984 4.5
    endloop
  endfacet
  facet normal 0 0 1
    outer loop
      vertex 37.2536 -11.8542 4.5
      vertex 38.0146 -34 4.5
      vertex 39.0196 -34 4.5
    endloop
  endfacet
  facet normal 0 0 1
    outer loop
      vertex 38.0146 -34 4.5
      vertex 37.2536 -11.8542 4.5
      vertex 35.8007 -11.8974 4.5
    endloop
  endfacet
  facet normal 0 0 1
    outer loop
      vertex 41.1373 -55.2585 4.5
      vertex 40.6937 -55.1803 4.5
      vertex 41.0004 -55.8757 4.5
    endloop
  endfacet
  facet normal -0 0 1
    outer loop
      vertex 40.5654 -55.7591 4.5
      vertex 41.0004 -55.8757 4.5
      vertex 40.6937 -55.1803 4.5
    endloop
  endfacet
  facet normal 0 0 1
    outer loop
      vertex 41.0004 -55.8757 4.5
      vertex 40.5654 -55.7591 4.5
      vertex 40.8103 -56.4788 4.5
    endloop
  endfacet
  facet normal -0 0 1
    outer loop
      vertex 40.3871 -56.3246 4.5
      vertex 40.8103 -56.4788 4.5
      vertex 40.5654 -55.7591 4.5
    endloop
  endfacet
  facet normal 0 0 1
    outer loop
      vertex 40.8103 -56.4788 4.5
      vertex 40.3871 -56.3246 4.5
      vertex 40.5684 -57.0628 4.5
    endloop
  endfacet
  facet normal -0 0 1
    outer loop
      vertex 40.1601 -56.8726 4.5
      vertex 40.5684 -57.0628 4.5
      vertex 40.3871 -56.3246 4.5
    endloop
  endfacet
  facet normal 0 0 1
    outer loop
      vertex 40.0533 -57.0777 4.5
      vertex 40.5684 -57.0628 4.5
      vertex 40.1601 -56.8726 4.5
    endloop
  endfacet
  facet normal 0 0 1
    outer loop
      vertex 40.5684 -57.0628 4.5
      vertex 40.0533 -57.0777 4.5
      vertex 40.2764 -57.6237 4.5
    endloop
  endfacet
  facet normal 0 0 1
    outer loop
      vertex 40.2764 -57.6237 4.5
      vertex 40.0533 -57.0777 4.5
      vertex 40.1841 -57.7686 4.5
    endloop
  endfacet
  facet normal 0 0 1
    outer loop
      vertex -37.3016 25.1241 4.5
      vertex -37.2536 -11.8542 4.5
      vertex -35.8007 -11.8974 4.5
    endloop
  endfacet
  facet normal 0 0 1
    outer loop
      vertex -38.7511 25.0816 4.5
      vertex -37.3016 25.1241 4.5
      vertex -37.7756 50.3782 4.5
    endloop
  endfacet
  facet normal 0 0 1
    outer loop
      vertex -39.2254 50.3523 4.5
      vertex -37.7756 50.3782 4.5
      vertex -37.7995 52 4.5
    endloop
  endfacet
  facet normal -0 0 1
    outer loop
      vertex -38.979 55.1735 4.5
      vertex -37.5971 54.7283 4.5
      vertex -38.8551 55.5 4.5
    endloop
  endfacet
  facet normal 0 0 1
    outer loop
      vertex -37.5971 54.7283 4.5
      vertex -38.979 55.1735 4.5
      vertex -37.6652 54.4729 4.5
    endloop
  endfacet
  facet normal -0 0 1
    outer loop
      vertex -39.084 54.7796 4.5
      vertex -37.6652 54.4729 4.5
      vertex -38.979 55.1735 4.5
    endloop
  endfacet
  facet normal 0 0 1
    outer loop
      vertex -37.6652 54.4729 4.5
      vertex -39.084 54.7796 4.5
      vertex -37.7283 54.0942 4.5
    endloop
  endfacet
  facet normal 0 0 1
    outer loop
      vertex -37.3016 25.1241 4.5
      vertex -38.7511 25.0816 4.5
      vertex -37.2536 -11.8542 4.5
    endloop
  endfacet
  facet normal -0 0 1
    outer loop
      vertex -39.1685 54.2727 4.5
      vertex -37.7283 54.0942 4.5
      vertex -39.084 54.7796 4.5
    endloop
  endfacet
  facet normal 0 0 1
    outer loop
      vertex -37.7283 54.0942 4.5
      vertex -39.1685 54.2727 4.5
      vertex -37.7775 53.4918 4.5
    endloop
  endfacet
  facet normal -0 0 1
    outer loop
      vertex -39.2267 53.5616 4.5
      vertex -37.7775 53.4918 4.5
      vertex -39.1685 54.2727 4.5
    endloop
  endfacet
  facet normal 0 0 1
    outer loop
      vertex -39.2497 52 4.5
      vertex -37.7775 53.4918 4.5
      vertex -39.2267 53.5616 4.5
    endloop
  endfacet
  facet normal 0 0 1
    outer loop
      vertex -37.7756 50.3782 4.5
      vertex -39.2254 50.3523 4.5
      vertex -38.7511 25.0816 4.5
    endloop
  endfacet
  facet normal 0 0 1
    outer loop
      vertex -37.7775 53.4918 4.5
      vertex -39.2497 52 4.5
      vertex -37.7995 52 4.5
    endloop
  endfacet
  facet normal 0 0 1
    outer loop
      vertex -37.7995 52 4.5
      vertex -39.2497 52 4.5
      vertex -39.2254 50.3523 4.5
    endloop
  endfacet
  facet normal 0 0 1
    outer loop
      vertex -37.2536 -11.8542 4.5
      vertex -38.0146 -34 4.5
      vertex -35.8007 -11.8974 4.5
    endloop
  endfacet
  facet normal 0 0 1
    outer loop
      vertex -37.2536 -11.8542 4.5
      vertex -39.0196 -34 4.5
      vertex -38.0146 -34 4.5
    endloop
  endfacet
  facet normal 0 0 1
    outer loop
      vertex -40.2329 -41.5984 4.5
      vertex -39.0196 -34 4.5
      vertex -37.2536 -11.8542 4.5
    endloop
  endfacet
  facet normal 0 0 1
    outer loop
      vertex -39.0196 -34 4.5
      vertex -40.2329 -41.5984 4.5
      vertex -39.7848 -41.6398 4.5
    endloop
  endfacet
  facet normal 0 0 1
    outer loop
      vertex -40.2329 -41.5984 4.5
      vertex -40.7678 -53.3322 4.5
      vertex -39.7848 -41.6398 4.5
    endloop
  endfacet
  facet normal 0 0 1
    outer loop
      vertex -40.5654 -55.7591 4.5
      vertex -41.0004 -55.8757 4.5
      vertex -40.8103 -56.4788 4.5
    endloop
  endfacet
  facet normal 0 0 1
    outer loop
      vertex -41.217 -53.304 4.5
      vertex -40.797 -54 4.5
      vertex -40.7678 -53.3322 4.5
    endloop
  endfacet
  facet normal -0 0 1
    outer loop
      vertex -41.217 -53.304 4.5
      vertex -40.7678 -53.3322 4.5
      vertex -40.2329 -41.5984 4.5
    endloop
  endfacet
  facet normal 0 0 1
    outer loop
      vertex -40.797 -54 4.5
      vertex -41.217 -53.304 4.5
      vertex -41.2474 -54 4.5
    endloop
  endfacet
  facet normal 0 0 1
    outer loop
      vertex -40.7711 -54.5924 4.5
      vertex -41.1373 -55.2585 4.5
      vertex -41.0004 -55.8757 4.5
    endloop
  endfacet
  facet normal 0 0 1
    outer loop
      vertex -40.7711 -54.5924 4.5
      vertex -41.2198 -54.6316 4.5
      vertex -41.1373 -55.2585 4.5
    endloop
  endfacet
  facet normal 0 0 1
    outer loop
      vertex -40.797 -54 4.5
      vertex -41.2474 -54 4.5
      vertex -41.2198 -54.6316 4.5
    endloop
  endfacet
  facet normal -0 0 1
    outer loop
      vertex -40.5684 -57.0628 4.5
      vertex -40.0533 -57.0777 4.5
      vertex -40.1601 -56.8726 4.5
    endloop
  endfacet
  facet normal 0 0 1
    outer loop
      vertex -40.0533 -57.0777 4.5
      vertex -40.2764 -57.6237 4.5
      vertex -40.1841 -57.7686 4.5
    endloop
  endfacet
  facet normal 0 0 1
    outer loop
      vertex -40.5684 -57.0628 4.5
      vertex -40.1601 -56.8726 4.5
      vertex -40.3871 -56.3246 4.5
    endloop
  endfacet
  facet normal 0 0 1
    outer loop
      vertex -40.8103 -56.4788 4.5
      vertex -40.3871 -56.3246 4.5
      vertex -40.5654 -55.7591 4.5
    endloop
  endfacet
  facet normal 0 0 1
    outer loop
      vertex -40.0533 -57.0777 4.5
      vertex -40.5684 -57.0628 4.5
      vertex -40.2764 -57.6237 4.5
    endloop
  endfacet
  facet normal 0 0 1
    outer loop
      vertex -41.0004 -55.8757 4.5
      vertex -40.5654 -55.7591 4.5
      vertex -40.6937 -55.1803 4.5
    endloop
  endfacet
  facet normal 0 0 1
    outer loop
      vertex -41.0004 -55.8757 4.5
      vertex -40.6937 -55.1803 4.5
      vertex -40.7711 -54.5924 4.5
    endloop
  endfacet
  facet normal 0 0 1
    outer loop
      vertex -40.3871 -56.3246 4.5
      vertex -40.8103 -56.4788 4.5
      vertex -40.5684 -57.0628 4.5
    endloop
  endfacet
  facet normal 0 0 1
    outer loop
      vertex -41.2198 -54.6316 4.5
      vertex -40.7711 -54.5924 4.5
      vertex -40.797 -54 4.5
    endloop
  endfacet
  facet normal 0 0 1
    outer loop
      vertex 37.7293 -59.6755 4.5
      vertex 38.1569 -59.9367 4.5
      vertex 38.2405 -59.8725 4.5
    endloop
  endfacet
  facet normal 0 0 1
    outer loop
      vertex 37.7293 -59.6755 4.5
      vertex 37.6237 -60.2764 4.5
      vertex 38.1569 -59.9367 4.5
    endloop
  endfacet
  facet normal -0 0 1
    outer loop
      vertex 37.3984 -59.8864 4.5
      vertex 37.6237 -60.2764 4.5
      vertex 37.7293 -59.6755 4.5
    endloop
  endfacet
  facet normal 0 0 1
    outer loop
      vertex 37.3984 -59.8864 4.5
      vertex 37.0628 -60.5684 4.5
      vertex 37.6237 -60.2764 4.5
    endloop
  endfacet
  facet normal -0 0 1
    outer loop
      vertex 36.8726 -60.1601 4.5
      vertex 37.0628 -60.5684 4.5
      vertex 37.3984 -59.8864 4.5
    endloop
  endfacet
  facet normal 0 0 1
    outer loop
      vertex 36.8726 -60.1601 4.5
      vertex 36.4788 -60.8103 4.5
      vertex 37.0628 -60.5684 4.5
    endloop
  endfacet
  facet normal -0 0 1
    outer loop
      vertex 36.3246 -60.3871 4.5
      vertex 36.4788 -60.8103 4.5
      vertex 36.8726 -60.1601 4.5
    endloop
  endfacet
  facet normal 0 0 1
    outer loop
      vertex 36.3246 -60.3871 4.5
      vertex 35.8757 -61.0004 4.5
      vertex 36.4788 -60.8103 4.5
    endloop
  endfacet
  facet normal -0 0 1
    outer loop
      vertex 35.7591 -60.5654 4.5
      vertex 35.8757 -61.0004 4.5
      vertex 36.3246 -60.3871 4.5
    endloop
  endfacet
  facet normal 0 0 1
    outer loop
      vertex 35.7591 -60.5654 4.5
      vertex 35.2585 -61.1373 4.5
      vertex 35.8757 -61.0004 4.5
    endloop
  endfacet
  facet normal -0 0 1
    outer loop
      vertex 35.1803 -60.6937 4.5
      vertex 35.2585 -61.1373 4.5
      vertex 35.7591 -60.5654 4.5
    endloop
  endfacet
  facet normal 0 0 1
    outer loop
      vertex 35.1803 -60.6937 4.5
      vertex 34.6316 -61.2198 4.5
      vertex 35.2585 -61.1373 4.5
    endloop
  endfacet
  facet normal -0 0 1
    outer loop
      vertex 34.5924 -60.7711 4.5
      vertex 34.6316 -61.2198 4.5
      vertex 35.1803 -60.6937 4.5
    endloop
  endfacet
  facet normal 0 0 1
    outer loop
      vertex 34.5924 -60.7711 4.5
      vertex 33.9401 -61.25 4.5
      vertex 34.6316 -61.2198 4.5
    endloop
  endfacet
  facet normal -0 0 1
    outer loop
      vertex 33.93 -60.8 4.5
      vertex 33.9401 -61.25 4.5
      vertex 34.5924 -60.7711 4.5
    endloop
  endfacet
  facet normal -0 0 1
    outer loop
      vertex 32.9575 -60.8 4.5
      vertex 33.9401 -61.25 4.5
      vertex 33.93 -60.8 4.5
    endloop
  endfacet
  facet normal 0 0 1
    outer loop
      vertex 33.9401 -61.25 4.5
      vertex 32.9575 -60.8 4.5
      vertex 32.7425 -61.25 4.5
    endloop
  endfacet
  facet normal 0 0 1
    outer loop
      vertex -33.9401 -61.25 4.5
      vertex -32.9575 -60.8 4.5
      vertex -33.93 -60.8 4.5
    endloop
  endfacet
  facet normal 0 0 1
    outer loop
      vertex -32.9575 -60.8 4.5
      vertex -33.9401 -61.25 4.5
      vertex -32.7425 -61.25 4.5
    endloop
  endfacet
  facet normal 0 0 1
    outer loop
      vertex -34.5924 -60.7711 4.5
      vertex -33.9401 -61.25 4.5
      vertex -33.93 -60.8 4.5
    endloop
  endfacet
  facet normal 0 0 1
    outer loop
      vertex -34.5924 -60.7711 4.5
      vertex -34.6316 -61.2198 4.5
      vertex -33.9401 -61.25 4.5
    endloop
  endfacet
  facet normal 0 0 1
    outer loop
      vertex -35.1803 -60.6937 4.5
      vertex -34.6316 -61.2198 4.5
      vertex -34.5924 -60.7711 4.5
    endloop
  endfacet
  facet normal 0 0 1
    outer loop
      vertex -35.1803 -60.6937 4.5
      vertex -35.2585 -61.1373 4.5
      vertex -34.6316 -61.2198 4.5
    endloop
  endfacet
  facet normal 0 0 1
    outer loop
      vertex -35.7591 -60.5654 4.5
      vertex -35.2585 -61.1373 4.5
      vertex -35.1803 -60.6937 4.5
    endloop
  endfacet
  facet normal 0 0 1
    outer loop
      vertex -35.7591 -60.5654 4.5
      vertex -35.8757 -61.0004 4.5
      vertex -35.2585 -61.1373 4.5
    endloop
  endfacet
  facet normal 0 0 1
    outer loop
      vertex -36.3246 -60.3871 4.5
      vertex -35.8757 -61.0004 4.5
      vertex -35.7591 -60.5654 4.5
    endloop
  endfacet
  facet normal 0 0 1
    outer loop
      vertex -36.3246 -60.3871 4.5
      vertex -36.4788 -60.8103 4.5
      vertex -35.8757 -61.0004 4.5
    endloop
  endfacet
  facet normal 0 0 1
    outer loop
      vertex -36.8726 -60.1601 4.5
      vertex -36.4788 -60.8103 4.5
      vertex -36.3246 -60.3871 4.5
    endloop
  endfacet
  facet normal 0 0 1
    outer loop
      vertex -36.8726 -60.1601 4.5
      vertex -37.0628 -60.5684 4.5
      vertex -36.4788 -60.8103 4.5
    endloop
  endfacet
  facet normal 0 0 1
    outer loop
      vertex -37.3984 -59.8864 4.5
      vertex -37.0628 -60.5684 4.5
      vertex -36.8726 -60.1601 4.5
    endloop
  endfacet
  facet normal 0 0 1
    outer loop
      vertex -37.3984 -59.8864 4.5
      vertex -37.6237 -60.2764 4.5
      vertex -37.0628 -60.5684 4.5
    endloop
  endfacet
  facet normal 0 0 1
    outer loop
      vertex -37.7293 -59.6755 4.5
      vertex -37.6237 -60.2764 4.5
      vertex -37.3984 -59.8864 4.5
    endloop
  endfacet
  facet normal 0 0 1
    outer loop
      vertex -37.7293 -59.6755 4.5
      vertex -38.1569 -59.9367 4.5
      vertex -37.6237 -60.2764 4.5
    endloop
  endfacet
  facet normal 0 -0 1
    outer loop
      vertex -38.1569 -59.9367 4.5
      vertex -37.7293 -59.6755 4.5
      vertex -38.2405 -59.8725 4.5
    endloop
  endfacet
  facet normal -0 0 1
    outer loop
      vertex -28.9884 -60.8 4.5
      vertex -24.9562 -61.25 4.5
      vertex -25.2367 -60.8 4.5
    endloop
  endfacet
  facet normal 0 0 1
    outer loop
      vertex -24.9562 -61.25 4.5
      vertex -28.9884 -60.8 4.5
      vertex -29.4918 -61.25 4.5
    endloop
  endfacet
  facet normal 0 0 1
    outer loop
      vertex 24.9562 -61.25 4.5
      vertex 28.9884 -60.8 4.5
      vertex 25.2367 -60.8 4.5
    endloop
  endfacet
  facet normal 0 0 1
    outer loop
      vertex 28.9884 -60.8 4.5
      vertex 24.9562 -61.25 4.5
      vertex 29.4918 -61.25 4.5
    endloop
  endfacet
  facet normal 0.165592 -0.986194 0
    outer loop
      vertex -16.0047 -60.836 3
      vertex -13.5111 -60.4173 4.5
      vertex -16.0047 -60.836 4.5
    endloop
  endfacet
  facet normal 0.165592 -0.986194 0
    outer loop
      vertex -13.5111 -60.4173 4.5
      vertex -16.0047 -60.836 3
      vertex -13.5111 -60.4173 3
    endloop
  endfacet
  facet normal 0.132442 -0.991191 0
    outer loop
      vertex -13.5111 -60.4173 3
      vertex -10.9239 -60.0716 4.5
      vertex -13.5111 -60.4173 4.5
    endloop
  endfacet
  facet normal 0.132442 -0.991191 0
    outer loop
      vertex -10.9239 -60.0716 4.5
      vertex -13.5111 -60.4173 3
      vertex -10.9239 -60.0716 3
    endloop
  endfacet
  facet normal 0.101196 -0.994867 0
    outer loop
      vertex -10.9239 -60.0716 3
      vertex -8.26065 -59.8007 4.5
      vertex -10.9239 -60.0716 4.5
    endloop
  endfacet
  facet normal 0.101196 -0.994867 0
    outer loop
      vertex -8.26065 -59.8007 4.5
      vertex -10.9239 -60.0716 3
      vertex -8.26065 -59.8007 3
    endloop
  endfacet
  facet normal 0.071333 -0.997453 0
    outer loop
      vertex -8.26065 -59.8007 3
      vertex -5.53955 -59.6061 4.5
      vertex -8.26065 -59.8007 4.5
    endloop
  endfacet
  facet normal 0.071333 -0.997453 0
    outer loop
      vertex -5.53955 -59.6061 4.5
      vertex -8.26065 -59.8007 3
      vertex -5.53955 -59.6061 3
    endloop
  endfacet
  facet normal 0.0424254 -0.9991 0
    outer loop
      vertex -5.53955 -59.6061 3
      vertex -2.77954 -59.4889 4.5
      vertex -5.53955 -59.6061 4.5
    endloop
  endfacet
  facet normal 0.0424254 -0.9991 0
    outer loop
      vertex -2.77954 -59.4889 4.5
      vertex -5.53955 -59.6061 3
      vertex -2.77954 -59.4889 3
    endloop
  endfacet
  facet normal 0.0141017 -0.999901 0
    outer loop
      vertex -2.77954 -59.4889 3
      vertex 0 -59.4497 4.5
      vertex -2.77954 -59.4889 4.5
    endloop
  endfacet
  facet normal 0.0141017 -0.999901 0
    outer loop
      vertex 0 -59.4497 4.5
      vertex -2.77954 -59.4889 3
      vertex 0 -59.4497 3
    endloop
  endfacet
  facet normal -0.0141017 -0.999901 0
    outer loop
      vertex 0 -59.4497 3
      vertex 2.77954 -59.4889 4.5
      vertex 0 -59.4497 4.5
    endloop
  endfacet
  facet normal -0.0141017 -0.999901 -0
    outer loop
      vertex 2.77954 -59.4889 4.5
      vertex 0 -59.4497 3
      vertex 2.77954 -59.4889 3
    endloop
  endfacet
  facet normal -0.0424254 -0.9991 0
    outer loop
      vertex 2.77954 -59.4889 3
      vertex 5.53955 -59.6061 4.5
      vertex 2.77954 -59.4889 4.5
    endloop
  endfacet
  facet normal -0.0424254 -0.9991 -0
    outer loop
      vertex 5.53955 -59.6061 4.5
      vertex 2.77954 -59.4889 3
      vertex 5.53955 -59.6061 3
    endloop
  endfacet
  facet normal -0.071333 -0.997453 0
    outer loop
      vertex 5.53955 -59.6061 3
      vertex 8.26065 -59.8007 4.5
      vertex 5.53955 -59.6061 4.5
    endloop
  endfacet
  facet normal -0.071333 -0.997453 -0
    outer loop
      vertex 8.26065 -59.8007 4.5
      vertex 5.53955 -59.6061 3
      vertex 8.26065 -59.8007 3
    endloop
  endfacet
  facet normal -0.101196 -0.994867 0
    outer loop
      vertex 8.26065 -59.8007 3
      vertex 10.9239 -60.0716 4.5
      vertex 8.26065 -59.8007 4.5
    endloop
  endfacet
  facet normal -0.101196 -0.994867 -0
    outer loop
      vertex 10.9239 -60.0716 4.5
      vertex 8.26065 -59.8007 3
      vertex 10.9239 -60.0716 3
    endloop
  endfacet
  facet normal -0.132442 -0.991191 0
    outer loop
      vertex 10.9239 -60.0716 3
      vertex 13.5111 -60.4173 4.5
      vertex 10.9239 -60.0716 4.5
    endloop
  endfacet
  facet normal -0.132442 -0.991191 -0
    outer loop
      vertex 13.5111 -60.4173 4.5
      vertex 10.9239 -60.0716 3
      vertex 13.5111 -60.4173 3
    endloop
  endfacet
  facet normal -0.165592 -0.986194 0
    outer loop
      vertex 13.5111 -60.4173 3
      vertex 16.0047 -60.836 4.5
      vertex 13.5111 -60.4173 4.5
    endloop
  endfacet
  facet normal -0.165592 -0.986194 -0
    outer loop
      vertex 16.0047 -60.836 4.5
      vertex 13.5111 -60.4173 3
      vertex 16.0047 -60.836 3
    endloop
  endfacet
  facet normal -0.201293 -0.979531 0
    outer loop
      vertex 16.0047 -60.836 3
      vertex 18.0193 -61.25 4.5
      vertex 16.0047 -60.836 4.5
    endloop
  endfacet
  facet normal -0.201293 -0.979531 -0
    outer loop
      vertex 18.0193 -61.25 4.5
      vertex 16.0047 -60.836 3
      vertex 18.0193 -61.25 3
    endloop
  endfacet
  facet normal 0 -1 0
    outer loop
      vertex 18.0193 -61.25 3
      vertex 24.2506 -61.25 4.5
      vertex 18.0193 -61.25 4.5
    endloop
  endfacet
  facet normal 0 -1 -0
    outer loop
      vertex 24.2506 -61.25 4.5
      vertex 18.0193 -61.25 3
      vertex 24.2506 -61.25 3
    endloop
  endfacet
  facet normal 0 -1 0
    outer loop
      vertex 32.7425 -61.25 3
      vertex 33.9401 -61.25 4.5
      vertex 32.7425 -61.25 4.5
    endloop
  endfacet
  facet normal 0 -1 -0
    outer loop
      vertex 33.9401 -61.25 4.5
      vertex 32.7425 -61.25 3
      vertex 33.9401 -61.25 3
    endloop
  endfacet
  facet normal 0 -1 0
    outer loop
      vertex 24.9562 -61.25 3
      vertex 29.4918 -61.25 4.5
      vertex 24.9562 -61.25 4.5
    endloop
  endfacet
  facet normal 0 -1 -0
    outer loop
      vertex 29.4918 -61.25 4.5
      vertex 24.9562 -61.25 3
      vertex 29.4918 -61.25 3
    endloop
  endfacet
  facet normal 0.0436316 -0.999048 0
    outer loop
      vertex 33.9401 -61.25 3
      vertex 34.6316 -61.2198 4.5
      vertex 33.9401 -61.25 4.5
    endloop
  endfacet
  facet normal 0.0436316 -0.999048 0
    outer loop
      vertex 34.6316 -61.2198 4.5
      vertex 33.9401 -61.25 3
      vertex 34.6316 -61.2198 3
    endloop
  endfacet
  facet normal 0.130475 -0.991452 0
    outer loop
      vertex 34.6316 -61.2198 3
      vertex 35.2585 -61.1373 4.5
      vertex 34.6316 -61.2198 4.5
    endloop
  endfacet
  facet normal 0.130475 -0.991452 0
    outer loop
      vertex 35.2585 -61.1373 4.5
      vertex 34.6316 -61.2198 3
      vertex 35.2585 -61.1373 3
    endloop
  endfacet
  facet normal 0.216545 -0.976273 0
    outer loop
      vertex 35.2585 -61.1373 3
      vertex 35.8757 -61.0004 4.5
      vertex 35.2585 -61.1373 4.5
    endloop
  endfacet
  facet normal 0.216545 -0.976273 0
    outer loop
      vertex 35.8757 -61.0004 4.5
      vertex 35.2585 -61.1373 3
      vertex 35.8757 -61.0004 3
    endloop
  endfacet
  facet normal 0.300624 -0.953743 0
    outer loop
      vertex 35.8757 -61.0004 3
      vertex 36.4788 -60.8103 4.5
      vertex 35.8757 -61.0004 4.5
    endloop
  endfacet
  facet normal 0.300624 -0.953743 0
    outer loop
      vertex 36.4788 -60.8103 4.5
      vertex 35.8757 -61.0004 3
      vertex 36.4788 -60.8103 3
    endloop
  endfacet
  facet normal 0.382682 -0.92388 0
    outer loop
      vertex 36.4788 -60.8103 3
      vertex 37.0628 -60.5684 4.5
      vertex 36.4788 -60.8103 4.5
    endloop
  endfacet
  facet normal 0.382682 -0.92388 0
    outer loop
      vertex 37.0628 -60.5684 4.5
      vertex 36.4788 -60.8103 3
      vertex 37.0628 -60.5684 3
    endloop
  endfacet
  facet normal 0.461766 -0.887002 0
    outer loop
      vertex 37.0628 -60.5684 3
      vertex 37.6237 -60.2764 4.5
      vertex 37.0628 -60.5684 4.5
    endloop
  endfacet
  facet normal 0.461766 -0.887002 0
    outer loop
      vertex 37.6237 -60.2764 4.5
      vertex 37.0628 -60.5684 3
      vertex 37.6237 -60.2764 3
    endloop
  endfacet
  facet normal 0.537316 -0.843381 0
    outer loop
      vertex 37.6237 -60.2764 3
      vertex 38.1569 -59.9367 4.5
      vertex 37.6237 -60.2764 4.5
    endloop
  endfacet
  facet normal 0.537316 -0.843381 0
    outer loop
      vertex 38.1569 -59.9367 4.5
      vertex 37.6237 -60.2764 3
      vertex 38.1569 -59.9367 3
    endloop
  endfacet
  facet normal 0.609069 -0.793117 0
    outer loop
      vertex 38.1569 -59.9367 3
      vertex 38.2405 -59.8725 4.5
      vertex 38.1569 -59.9367 4.5
    endloop
  endfacet
  facet normal 0.609069 -0.793117 0
    outer loop
      vertex 38.2405 -59.8725 4.5
      vertex 38.1569 -59.9367 3
      vertex 38.2405 -59.8725 3
    endloop
  endfacet
  facet normal 0.843422 -0.537252 0
    outer loop
      vertex 40.1841 -57.7686 4.5
      vertex 40.2764 -57.6237 3
      vertex 40.2764 -57.6237 4.5
    endloop
  endfacet
  facet normal 0.843422 -0.537252 0
    outer loop
      vertex 40.2764 -57.6237 3
      vertex 40.1841 -57.7686 4.5
      vertex 40.1841 -57.7686 3
    endloop
  endfacet
  facet normal 0.887002 -0.461766 0
    outer loop
      vertex 40.2764 -57.6237 4.5
      vertex 40.5684 -57.0628 3
      vertex 40.5684 -57.0628 4.5
    endloop
  endfacet
  facet normal 0.887002 -0.461766 0
    outer loop
      vertex 40.5684 -57.0628 3
      vertex 40.2764 -57.6237 4.5
      vertex 40.2764 -57.6237 3
    endloop
  endfacet
  facet normal 0.92388 -0.382682 0
    outer loop
      vertex 40.5684 -57.0628 4.5
      vertex 40.8103 -56.4788 3
      vertex 40.8103 -56.4788 4.5
    endloop
  endfacet
  facet normal 0.92388 -0.382682 0
    outer loop
      vertex 40.8103 -56.4788 3
      vertex 40.5684 -57.0628 4.5
      vertex 40.5684 -57.0628 3
    endloop
  endfacet
  facet normal 0.953743 -0.300624 0
    outer loop
      vertex 40.8103 -56.4788 4.5
      vertex 41.0004 -55.8757 3
      vertex 41.0004 -55.8757 4.5
    endloop
  endfacet
  facet normal 0.953743 -0.300624 0
    outer loop
      vertex 41.0004 -55.8757 3
      vertex 40.8103 -56.4788 4.5
      vertex 40.8103 -56.4788 3
    endloop
  endfacet
  facet normal 0.976273 -0.216545 0
    outer loop
      vertex 41.0004 -55.8757 4.5
      vertex 41.1373 -55.2585 3
      vertex 41.1373 -55.2585 4.5
    endloop
  endfacet
  facet normal 0.976273 -0.216545 0
    outer loop
      vertex 41.1373 -55.2585 3
      vertex 41.0004 -55.8757 4.5
      vertex 41.0004 -55.8757 3
    endloop
  endfacet
  facet normal 0.991452 -0.130475 0
    outer loop
      vertex 41.1373 -55.2585 4.5
      vertex 41.2198 -54.6316 3
      vertex 41.2198 -54.6316 4.5
    endloop
  endfacet
  facet normal 0.991452 -0.130475 0
    outer loop
      vertex 41.2198 -54.6316 3
      vertex 41.1373 -55.2585 4.5
      vertex 41.1373 -55.2585 3
    endloop
  endfacet
  facet normal 0.999047 -0.0436569 0
    outer loop
      vertex 41.2198 -54.6316 4.5
      vertex 41.2474 -54 3
      vertex 41.2474 -54 4.5
    endloop
  endfacet
  facet normal 0.999047 -0.0436569 0
    outer loop
      vertex 41.2474 -54 3
      vertex 41.2198 -54.6316 4.5
      vertex 41.2198 -54.6316 3
    endloop
  endfacet
  facet normal 0.999047 0.0436366 0
    outer loop
      vertex 41.2474 -54 4.5
      vertex 41.217 -53.304 3
      vertex 41.217 -53.304 4.5
    endloop
  endfacet
  facet normal 0.999047 0.0436366 0
    outer loop
      vertex 41.217 -53.304 3
      vertex 41.2474 -54 4.5
      vertex 41.2474 -54 3
    endloop
  endfacet
  facet normal 0.996485 0.0837753 0
    outer loop
      vertex 41.217 -53.304 4.5
      vertex 40.2329 -41.5984 3
      vertex 40.2329 -41.5984 4.5
    endloop
  endfacet
  facet normal 0.996485 0.0837753 0
    outer loop
      vertex 40.2329 -41.5984 3
      vertex 41.217 -53.304 4.5
      vertex 41.217 -53.304 3
    endloop
  endfacet
  facet normal 0.995021 0.0996654 0
    outer loop
      vertex 40.2329 -41.5984 4.5
      vertex 37.2536 -11.8542 3
      vertex 37.2536 -11.8542 4.5
    endloop
  endfacet
  facet normal 0.995021 0.0996654 0
    outer loop
      vertex 37.2536 -11.8542 3
      vertex 40.2329 -41.5984 4.5
      vertex 40.2329 -41.5984 3
    endloop
  endfacet
  facet normal 0.999179 -0.04051 0
    outer loop
      vertex 37.2536 -11.8542 4.5
      vertex 38.7511 25.0816 3
      vertex 38.7511 25.0816 4.5
    endloop
  endfacet
  facet normal 0.999179 -0.04051 0
    outer loop
      vertex 38.7511 25.0816 3
      vertex 37.2536 -11.8542 4.5
      vertex 37.2536 -11.8542 3
    endloop
  endfacet
  facet normal 0.999824 -0.0187655 0
    outer loop
      vertex 38.7511 25.0816 4.5
      vertex 39.2254 50.3523 3
      vertex 39.2254 50.3523 4.5
    endloop
  endfacet
  facet normal 0.999824 -0.0187655 0
    outer loop
      vertex 39.2254 50.3523 3
      vertex 38.7511 25.0816 4.5
      vertex 38.7511 25.0816 3
    endloop
  endfacet
  facet normal 0.999891 -0.0147462 0
    outer loop
      vertex 39.2254 50.3523 4.5
      vertex 39.2497 52 3
      vertex 39.2497 52 4.5
    endloop
  endfacet
  facet normal 0.999891 -0.0147462 0
    outer loop
      vertex 39.2497 52 3
      vertex 39.2254 50.3523 4.5
      vertex 39.2254 50.3523 3
    endloop
  endfacet
  facet normal 0.999892 0.0147269 0
    outer loop
      vertex 39.2497 52 4.5
      vertex 39.2267 53.5616 3
      vertex 39.2267 53.5616 4.5
    endloop
  endfacet
  facet normal 0.999892 0.0147269 0
    outer loop
      vertex 39.2267 53.5616 3
      vertex 39.2497 52 4.5
      vertex 39.2497 52 3
    endloop
  endfacet
  facet normal 0.996667 0.0815723 0
    outer loop
      vertex 39.2267 53.5616 4.5
      vertex 39.1685 54.2727 3
      vertex 39.1685 54.2727 4.5
    endloop
  endfacet
  facet normal 0.996667 0.0815723 0
    outer loop
      vertex 39.1685 54.2727 3
      vertex 39.2267 53.5616 4.5
      vertex 39.2267 53.5616 3
    endloop
  endfacet
  facet normal 0.986389 0.164431 0
    outer loop
      vertex 39.1685 54.2727 4.5
      vertex 39.084 54.7796 3
      vertex 39.084 54.7796 4.5
    endloop
  endfacet
  facet normal 0.986389 0.164431 0
    outer loop
      vertex 39.084 54.7796 3
      vertex 39.1685 54.2727 4.5
      vertex 39.1685 54.2727 3
    endloop
  endfacet
  facet normal 0.966259 0.257571 0
    outer loop
      vertex 39.084 54.7796 4.5
      vertex 38.979 55.1735 3
      vertex 38.979 55.1735 4.5
    endloop
  endfacet
  facet normal 0.966259 0.257571 0
    outer loop
      vertex 38.979 55.1735 3
      vertex 39.084 54.7796 4.5
      vertex 39.084 54.7796 3
    endloop
  endfacet
  facet normal 0.934945 0.354792 0
    outer loop
      vertex 38.979 55.1735 4.5
      vertex 38.8551 55.5 3
      vertex 38.8551 55.5 4.5
    endloop
  endfacet
  facet normal 0.934945 0.354792 0
    outer loop
      vertex 38.8551 55.5 3
      vertex 38.979 55.1735 4.5
      vertex 38.979 55.1735 3
    endloop
  endfacet
  facet normal 0.892818 0.450417 0
    outer loop
      vertex 38.8551 55.5 4.5
      vertex 38.709 55.7896 3
      vertex 38.709 55.7896 4.5
    endloop
  endfacet
  facet normal 0.892818 0.450417 0
    outer loop
      vertex 38.709 55.7896 3
      vertex 38.8551 55.5 4.5
      vertex 38.8551 55.5 3
    endloop
  endfacet
  facet normal 0.841339 0.540508 0
    outer loop
      vertex 38.709 55.7896 4.5
      vertex 38.534 56.062 3
      vertex 38.534 56.062 4.5
    endloop
  endfacet
  facet normal 0.841339 0.540508 0
    outer loop
      vertex 38.534 56.062 3
      vertex 38.709 55.7896 4.5
      vertex 38.709 55.7896 3
    endloop
  endfacet
  facet normal 0.783856 0.620943 0
    outer loop
      vertex 38.534 56.062 4.5
      vertex 38.3217 56.33 3
      vertex 38.3217 56.33 4.5
    endloop
  endfacet
  facet normal 0.783856 0.620943 0
    outer loop
      vertex 38.3217 56.33 3
      vertex 38.534 56.062 4.5
      vertex 38.534 56.062 3
    endloop
  endfacet
  facet normal 0.723264 0.690571 0
    outer loop
      vertex 38.3217 56.33 4.5
      vertex 38.064 56.5999 3
      vertex 38.064 56.5999 4.5
    endloop
  endfacet
  facet normal 0.723264 0.690571 0
    outer loop
      vertex 38.064 56.5999 3
      vertex 38.3217 56.33 4.5
      vertex 38.3217 56.33 3
    endloop
  endfacet
  facet normal 0.662053 0.749457 -0
    outer loop
      vertex 38.064 56.5999 3
      vertex 37.7536 56.8741 4.5
      vertex 38.064 56.5999 4.5
    endloop
  endfacet
  facet normal 0.662053 0.749457 0
    outer loop
      vertex 37.7536 56.8741 4.5
      vertex 38.064 56.5999 3
      vertex 37.7536 56.8741 3
    endloop
  endfacet
  facet normal 0.602738 0.797939 -0
    outer loop
      vertex 37.7536 56.8741 3
      vertex 37.3857 57.152 4.5
      vertex 37.7536 56.8741 4.5
    endloop
  endfacet
  facet normal 0.602738 0.797939 0
    outer loop
      vertex 37.3857 57.152 4.5
      vertex 37.7536 56.8741 3
      vertex 37.3857 57.152 3
    endloop
  endfacet
  facet normal 0.546465 0.837482 -0
    outer loop
      vertex 37.3857 57.152 3
      vertex 36.9572 57.4316 4.5
      vertex 37.3857 57.152 4.5
    endloop
  endfacet
  facet normal 0.546465 0.837482 0
    outer loop
      vertex 36.9572 57.4316 4.5
      vertex 37.3857 57.152 3
      vertex 36.9572 57.4316 3
    endloop
  endfacet
  facet normal 0.493866 0.869538 -0
    outer loop
      vertex 36.9572 57.4316 3
      vertex 36.4665 57.7103 4.5
      vertex 36.9572 57.4316 4.5
    endloop
  endfacet
  facet normal 0.493866 0.869538 0
    outer loop
      vertex 36.4665 57.7103 4.5
      vertex 36.9572 57.4316 3
      vertex 36.4665 57.7103 3
    endloop
  endfacet
  facet normal 0.445339 0.895362 -0
    outer loop
      vertex 36.4665 57.7103 3
      vertex 35.9122 57.986 4.5
      vertex 36.4665 57.7103 4.5
    endloop
  endfacet
  facet normal 0.445339 0.895362 0
    outer loop
      vertex 35.9122 57.986 4.5
      vertex 36.4665 57.7103 3
      vertex 35.9122 57.986 3
    endloop
  endfacet
  facet normal 0.400982 0.916086 -0
    outer loop
      vertex 35.9122 57.986 3
      vertex 35.2949 58.2562 4.5
      vertex 35.9122 57.986 4.5
    endloop
  endfacet
  facet normal 0.400982 0.916086 0
    outer loop
      vertex 35.2949 58.2562 4.5
      vertex 35.9122 57.986 3
      vertex 35.2949 58.2562 3
    endloop
  endfacet
  facet normal 0.36064 0.932705 -0
    outer loop
      vertex 35.2949 58.2562 3
      vertex 34.6142 58.5194 4.5
      vertex 35.2949 58.2562 4.5
    endloop
  endfacet
  facet normal 0.36064 0.932705 0
    outer loop
      vertex 34.6142 58.5194 4.5
      vertex 35.2949 58.2562 3
      vertex 34.6142 58.5194 3
    endloop
  endfacet
  facet normal 0.323772 0.946135 -0
    outer loop
      vertex 34.6142 58.5194 3
      vertex 33.8702 58.774 4.5
      vertex 34.6142 58.5194 4.5
    endloop
  endfacet
  facet normal 0.323772 0.946135 0
    outer loop
      vertex 33.8702 58.774 4.5
      vertex 34.6142 58.5194 3
      vertex 33.8702 58.774 3
    endloop
  endfacet
  facet normal 0.290307 0.956934 -0
    outer loop
      vertex 33.8702 58.774 3
      vertex 33.0636 59.0187 4.5
      vertex 33.8702 58.774 4.5
    endloop
  endfacet
  facet normal 0.290307 0.956934 0
    outer loop
      vertex 33.0636 59.0187 4.5
      vertex 33.8702 58.774 3
      vertex 33.0636 59.0187 3
    endloop
  endfacet
  facet normal 0.259894 0.965637 -0
    outer loop
      vertex 33.0636 59.0187 3
      vertex 32.1938 59.2528 4.5
      vertex 33.0636 59.0187 4.5
    endloop
  endfacet
  facet normal 0.259894 0.965637 0
    outer loop
      vertex 32.1938 59.2528 4.5
      vertex 33.0636 59.0187 3
      vertex 32.1938 59.2528 3
    endloop
  endfacet
  facet normal 0.232005 0.972714 -0
    outer loop
      vertex 32.1938 59.2528 3
      vertex 31.2601 59.4755 4.5
      vertex 32.1938 59.2528 4.5
    endloop
  endfacet
  facet normal 0.232005 0.972714 0
    outer loop
      vertex 31.2601 59.4755 4.5
      vertex 32.1938 59.2528 3
      vertex 31.2601 59.4755 3
    endloop
  endfacet
  facet normal 0.206569 0.978432 -0
    outer loop
      vertex 31.2601 59.4755 3
      vertex 30.2621 59.6862 4.5
      vertex 31.2601 59.4755 4.5
    endloop
  endfacet
  facet normal 0.206569 0.978432 0
    outer loop
      vertex 30.2621 59.6862 4.5
      vertex 31.2601 59.4755 3
      vertex 30.2621 59.6862 3
    endloop
  endfacet
  facet normal 0.183278 0.983061 -0
    outer loop
      vertex 30.2621 59.6862 3
      vertex 29.199 59.8844 4.5
      vertex 30.2621 59.6862 4.5
    endloop
  endfacet
  facet normal 0.183278 0.983061 0
    outer loop
      vertex 29.199 59.8844 4.5
      vertex 30.2621 59.6862 3
      vertex 29.199 59.8844 3
    endloop
  endfacet
  facet normal 0.161952 0.986799 -0
    outer loop
      vertex 29.199 59.8844 3
      vertex 28.0675 60.0701 4.5
      vertex 29.199 59.8844 4.5
    endloop
  endfacet
  facet normal 0.161952 0.986799 0
    outer loop
      vertex 28.0675 60.0701 4.5
      vertex 29.199 59.8844 3
      vertex 28.0675 60.0701 3
    endloop
  endfacet
  facet normal 0.142333 0.989819 -0
    outer loop
      vertex 28.0675 60.0701 3
      vertex 26.8672 60.2427 4.5
      vertex 28.0675 60.0701 4.5
    endloop
  endfacet
  facet normal 0.142333 0.989819 0
    outer loop
      vertex 26.8672 60.2427 4.5
      vertex 28.0675 60.0701 3
      vertex 26.8672 60.2427 3
    endloop
  endfacet
  facet normal 0.124102 0.992269 -0
    outer loop
      vertex 26.8672 60.2427 3
      vertex 25.5943 60.4019 4.5
      vertex 26.8672 60.2427 4.5
    endloop
  endfacet
  facet normal 0.124102 0.992269 0
    outer loop
      vertex 25.5943 60.4019 4.5
      vertex 26.8672 60.2427 3
      vertex 25.5943 60.4019 3
    endloop
  endfacet
  facet normal 0.10746 0.994209 -0
    outer loop
      vertex 25.5943 60.4019 3
      vertex 24.2426 60.548 4.5
      vertex 25.5943 60.4019 4.5
    endloop
  endfacet
  facet normal 0.10746 0.994209 0
    outer loop
      vertex 24.2426 60.548 4.5
      vertex 25.5943 60.4019 3
      vertex 24.2426 60.548 3
    endloop
  endfacet
  facet normal 0.092007 0.995758 -0
    outer loop
      vertex 24.2426 60.548 3
      vertex 22.8086 60.6805 4.5
      vertex 24.2426 60.548 4.5
    endloop
  endfacet
  facet normal 0.092007 0.995758 0
    outer loop
      vertex 22.8086 60.6805 4.5
      vertex 24.2426 60.548 3
      vertex 22.8086 60.6805 3
    endloop
  endfacet
  facet normal 0.0777414 0.996974 -0
    outer loop
      vertex 22.8086 60.6805 3
      vertex 21.2838 60.7994 4.5
      vertex 22.8086 60.6805 4.5
    endloop
  endfacet
  facet normal 0.0777414 0.996974 0
    outer loop
      vertex 21.2838 60.7994 4.5
      vertex 22.8086 60.6805 3
      vertex 21.2838 60.7994 3
    endloop
  endfacet
  facet normal 0.0645007 0.997918 -0
    outer loop
      vertex 21.2838 60.7994 3
      vertex 19.6593 60.9044 4.5
      vertex 21.2838 60.7994 4.5
    endloop
  endfacet
  facet normal 0.0645007 0.997918 0
    outer loop
      vertex 19.6593 60.9044 4.5
      vertex 21.2838 60.7994 3
      vertex 19.6593 60.9044 3
    endloop
  endfacet
  facet normal 0.0523724 0.998628 -0
    outer loop
      vertex 19.6593 60.9044 3
      vertex 17.9165 60.9958 4.5
      vertex 19.6593 60.9044 4.5
    endloop
  endfacet
  facet normal 0.0523724 0.998628 0
    outer loop
      vertex 17.9165 60.9958 4.5
      vertex 19.6593 60.9044 3
      vertex 17.9165 60.9958 3
    endloop
  endfacet
  facet normal 0.0411413 0.999153 -0
    outer loop
      vertex 17.9165 60.9958 3
      vertex 16.0392 61.0731 4.5
      vertex 17.9165 60.9958 4.5
    endloop
  endfacet
  facet normal 0.0411413 0.999153 0
    outer loop
      vertex 16.0392 61.0731 4.5
      vertex 17.9165 60.9958 3
      vertex 16.0392 61.0731 3
    endloop
  endfacet
  facet normal 0.0309913 0.99952 -0
    outer loop
      vertex 16.0392 61.0731 3
      vertex 13.988 61.1367 4.5
      vertex 16.0392 61.0731 4.5
    endloop
  endfacet
  facet normal 0.0309913 0.99952 0
    outer loop
      vertex 13.988 61.1367 4.5
      vertex 16.0392 61.0731 3
      vertex 13.988 61.1367 3
    endloop
  endfacet
  facet normal 0.021733 0.999764 -0
    outer loop
      vertex 13.988 61.1367 3
      vertex 11.7155 61.1861 4.5
      vertex 13.988 61.1367 4.5
    endloop
  endfacet
  facet normal 0.021733 0.999764 0
    outer loop
      vertex 11.7155 61.1861 4.5
      vertex 13.988 61.1367 3
      vertex 11.7155 61.1861 3
    endloop
  endfacet
  facet normal 0.0136373 0.999907 -0
    outer loop
      vertex 11.7155 61.1861 3
      vertex 9.11259 61.2216 4.5
      vertex 11.7155 61.1861 4.5
    endloop
  endfacet
  facet normal 0.0136373 0.999907 0
    outer loop
      vertex 9.11259 61.2216 4.5
      vertex 11.7155 61.1861 3
      vertex 9.11259 61.2216 3
    endloop
  endfacet
  facet normal 0.0066703 0.999978 -0
    outer loop
      vertex 9.11259 61.2216 3
      vertex 5.9194 61.2429 4.5
      vertex 9.11259 61.2216 4.5
    endloop
  endfacet
  facet normal 0.0066703 0.999978 0
    outer loop
      vertex 5.9194 61.2429 4.5
      vertex 9.11259 61.2216 3
      vertex 5.9194 61.2429 3
    endloop
  endfacet
  facet normal 0.00119945 0.999999 -0
    outer loop
      vertex 5.9194 61.2429 3
      vertex 0 61.25 4.5
      vertex 5.9194 61.2429 4.5
    endloop
  endfacet
  facet normal 0.00119945 0.999999 0
    outer loop
      vertex 0 61.25 4.5
      vertex 5.9194 61.2429 3
      vertex 0 61.25 3
    endloop
  endfacet
  facet normal -0.00119945 0.999999 0
    outer loop
      vertex 0 61.25 3
      vertex -5.9194 61.2429 4.5
      vertex 0 61.25 4.5
    endloop
  endfacet
  facet normal -0.00119945 0.999999 0
    outer loop
      vertex -5.9194 61.2429 4.5
      vertex 0 61.25 3
      vertex -5.9194 61.2429 3
    endloop
  endfacet
  facet normal -0.0066703 0.999978 0
    outer loop
      vertex -5.9194 61.2429 3
      vertex -9.11259 61.2216 4.5
      vertex -5.9194 61.2429 4.5
    endloop
  endfacet
  facet normal -0.0066703 0.999978 0
    outer loop
      vertex -9.11259 61.2216 4.5
      vertex -5.9194 61.2429 3
      vertex -9.11259 61.2216 3
    endloop
  endfacet
  facet normal -0.0136373 0.999907 0
    outer loop
      vertex -9.11259 61.2216 3
      vertex -11.7155 61.1861 4.5
      vertex -9.11259 61.2216 4.5
    endloop
  endfacet
  facet normal -0.0136373 0.999907 0
    outer loop
      vertex -11.7155 61.1861 4.5
      vertex -9.11259 61.2216 3
      vertex -11.7155 61.1861 3
    endloop
  endfacet
  facet normal -0.021733 0.999764 0
    outer loop
      vertex -11.7155 61.1861 3
      vertex -13.988 61.1367 4.5
      vertex -11.7155 61.1861 4.5
    endloop
  endfacet
  facet normal -0.021733 0.999764 0
    outer loop
      vertex -13.988 61.1367 4.5
      vertex -11.7155 61.1861 3
      vertex -13.988 61.1367 3
    endloop
  endfacet
  facet normal -0.0309913 0.99952 0
    outer loop
      vertex -13.988 61.1367 3
      vertex -16.0392 61.0731 4.5
      vertex -13.988 61.1367 4.5
    endloop
  endfacet
  facet normal -0.0309913 0.99952 0
    outer loop
      vertex -16.0392 61.0731 4.5
      vertex -13.988 61.1367 3
      vertex -16.0392 61.0731 3
    endloop
  endfacet
  facet normal -0.0411413 0.999153 0
    outer loop
      vertex -16.0392 61.0731 3
      vertex -17.9165 60.9958 4.5
      vertex -16.0392 61.0731 4.5
    endloop
  endfacet
  facet normal -0.0411413 0.999153 0
    outer loop
      vertex -17.9165 60.9958 4.5
      vertex -16.0392 61.0731 3
      vertex -17.9165 60.9958 3
    endloop
  endfacet
  facet normal -0.0523724 0.998628 0
    outer loop
      vertex -17.9165 60.9958 3
      vertex -19.6593 60.9044 4.5
      vertex -17.9165 60.9958 4.5
    endloop
  endfacet
  facet normal -0.0523724 0.998628 0
    outer loop
      vertex -19.6593 60.9044 4.5
      vertex -17.9165 60.9958 3
      vertex -19.6593 60.9044 3
    endloop
  endfacet
  facet normal -0.0645007 0.997918 0
    outer loop
      vertex -19.6593 60.9044 3
      vertex -21.2838 60.7994 4.5
      vertex -19.6593 60.9044 4.5
    endloop
  endfacet
  facet normal -0.0645007 0.997918 0
    outer loop
      vertex -21.2838 60.7994 4.5
      vertex -19.6593 60.9044 3
      vertex -21.2838 60.7994 3
    endloop
  endfacet
  facet normal -0.0777414 0.996974 0
    outer loop
      vertex -21.2838 60.7994 3
      vertex -22.8086 60.6805 4.5
      vertex -21.2838 60.7994 4.5
    endloop
  endfacet
  facet normal -0.0777414 0.996974 0
    outer loop
      vertex -22.8086 60.6805 4.5
      vertex -21.2838 60.7994 3
      vertex -22.8086 60.6805 3
    endloop
  endfacet
  facet normal -0.092007 0.995758 0
    outer loop
      vertex -22.8086 60.6805 3
      vertex -24.2426 60.548 4.5
      vertex -22.8086 60.6805 4.5
    endloop
  endfacet
  facet normal -0.092007 0.995758 0
    outer loop
      vertex -24.2426 60.548 4.5
      vertex -22.8086 60.6805 3
      vertex -24.2426 60.548 3
    endloop
  endfacet
  facet normal -0.10746 0.994209 0
    outer loop
      vertex -24.2426 60.548 3
      vertex -25.5943 60.4019 4.5
      vertex -24.2426 60.548 4.5
    endloop
  endfacet
  facet normal -0.10746 0.994209 0
    outer loop
      vertex -25.5943 60.4019 4.5
      vertex -24.2426 60.548 3
      vertex -25.5943 60.4019 3
    endloop
  endfacet
  facet normal -0.124102 0.992269 0
    outer loop
      vertex -25.5943 60.4019 3
      vertex -26.8672 60.2427 4.5
      vertex -25.5943 60.4019 4.5
    endloop
  endfacet
  facet normal -0.124102 0.992269 0
    outer loop
      vertex -26.8672 60.2427 4.5
      vertex -25.5943 60.4019 3
      vertex -26.8672 60.2427 3
    endloop
  endfacet
  facet normal -0.142333 0.989819 0
    outer loop
      vertex -26.8672 60.2427 3
      vertex -28.0675 60.0701 4.5
      vertex -26.8672 60.2427 4.5
    endloop
  endfacet
  facet normal -0.142333 0.989819 0
    outer loop
      vertex -28.0675 60.0701 4.5
      vertex -26.8672 60.2427 3
      vertex -28.0675 60.0701 3
    endloop
  endfacet
  facet normal -0.161952 0.986799 0
    outer loop
      vertex -28.0675 60.0701 3
      vertex -29.199 59.8844 4.5
      vertex -28.0675 60.0701 4.5
    endloop
  endfacet
  facet normal -0.161952 0.986799 0
    outer loop
      vertex -29.199 59.8844 4.5
      vertex -28.0675 60.0701 3
      vertex -29.199 59.8844 3
    endloop
  endfacet
  facet normal -0.183278 0.983061 0
    outer loop
      vertex -29.199 59.8844 3
      vertex -30.2621 59.6862 4.5
      vertex -29.199 59.8844 4.5
    endloop
  endfacet
  facet normal -0.183278 0.983061 0
    outer loop
      vertex -30.2621 59.6862 4.5
      vertex -29.199 59.8844 3
      vertex -30.2621 59.6862 3
    endloop
  endfacet
  facet normal -0.206569 0.978432 0
    outer loop
      vertex -30.2621 59.6862 3
      vertex -31.2601 59.4755 4.5
      vertex -30.2621 59.6862 4.5
    endloop
  endfacet
  facet normal -0.206569 0.978432 0
    outer loop
      vertex -31.2601 59.4755 4.5
      vertex -30.2621 59.6862 3
      vertex -31.2601 59.4755 3
    endloop
  endfacet
  facet normal -0.232005 0.972714 0
    outer loop
      vertex -31.2601 59.4755 3
      vertex -32.1938 59.2528 4.5
      vertex -31.2601 59.4755 4.5
    endloop
  endfacet
  facet normal -0.232005 0.972714 0
    outer loop
      vertex -32.1938 59.2528 4.5
      vertex -31.2601 59.4755 3
      vertex -32.1938 59.2528 3
    endloop
  endfacet
  facet normal -0.259894 0.965637 0
    outer loop
      vertex -32.1938 59.2528 3
      vertex -33.0636 59.0187 4.5
      vertex -32.1938 59.2528 4.5
    endloop
  endfacet
  facet normal -0.259894 0.965637 0
    outer loop
      vertex -33.0636 59.0187 4.5
      vertex -32.1938 59.2528 3
      vertex -33.0636 59.0187 3
    endloop
  endfacet
  facet normal -0.290307 0.956934 0
    outer loop
      vertex -33.0636 59.0187 3
      vertex -33.8702 58.774 4.5
      vertex -33.0636 59.0187 4.5
    endloop
  endfacet
  facet normal -0.290307 0.956934 0
    outer loop
      vertex -33.8702 58.774 4.5
      vertex -33.0636 59.0187 3
      vertex -33.8702 58.774 3
    endloop
  endfacet
  facet normal -0.323772 0.946135 0
    outer loop
      vertex -33.8702 58.774 3
      vertex -34.6142 58.5194 4.5
      vertex -33.8702 58.774 4.5
    endloop
  endfacet
  facet normal -0.323772 0.946135 0
    outer loop
      vertex -34.6142 58.5194 4.5
      vertex -33.8702 58.774 3
      vertex -34.6142 58.5194 3
    endloop
  endfacet
  facet normal -0.36064 0.932705 0
    outer loop
      vertex -34.6142 58.5194 3
      vertex -35.2949 58.2562 4.5
      vertex -34.6142 58.5194 4.5
    endloop
  endfacet
  facet normal -0.36064 0.932705 0
    outer loop
      vertex -35.2949 58.2562 4.5
      vertex -34.6142 58.5194 3
      vertex -35.2949 58.2562 3
    endloop
  endfacet
  facet normal -0.400982 0.916086 0
    outer loop
      vertex -35.2949 58.2562 3
      vertex -35.9122 57.986 4.5
      vertex -35.2949 58.2562 4.5
    endloop
  endfacet
  facet normal -0.400982 0.916086 0
    outer loop
      vertex -35.9122 57.986 4.5
      vertex -35.2949 58.2562 3
      vertex -35.9122 57.986 3
    endloop
  endfacet
  facet normal -0.445339 0.895362 0
    outer loop
      vertex -35.9122 57.986 3
      vertex -36.4665 57.7103 4.5
      vertex -35.9122 57.986 4.5
    endloop
  endfacet
  facet normal -0.445339 0.895362 0
    outer loop
      vertex -36.4665 57.7103 4.5
      vertex -35.9122 57.986 3
      vertex -36.4665 57.7103 3
    endloop
  endfacet
  facet normal -0.493866 0.869538 0
    outer loop
      vertex -36.4665 57.7103 3
      vertex -36.9572 57.4316 4.5
      vertex -36.4665 57.7103 4.5
    endloop
  endfacet
  facet normal -0.493866 0.869538 0
    outer loop
      vertex -36.9572 57.4316 4.5
      vertex -36.4665 57.7103 3
      vertex -36.9572 57.4316 3
    endloop
  endfacet
  facet normal -0.546465 0.837482 0
    outer loop
      vertex -36.9572 57.4316 3
      vertex -37.3857 57.152 4.5
      vertex -36.9572 57.4316 4.5
    endloop
  endfacet
  facet normal -0.546465 0.837482 0
    outer loop
      vertex -37.3857 57.152 4.5
      vertex -36.9572 57.4316 3
      vertex -37.3857 57.152 3
    endloop
  endfacet
  facet normal -0.602738 0.797939 0
    outer loop
      vertex -37.3857 57.152 3
      vertex -37.7536 56.8741 4.5
      vertex -37.3857 57.152 4.5
    endloop
  endfacet
  facet normal -0.602738 0.797939 0
    outer loop
      vertex -37.7536 56.8741 4.5
      vertex -37.3857 57.152 3
      vertex -37.7536 56.8741 3
    endloop
  endfacet
  facet normal -0.662053 0.749457 0
    outer loop
      vertex -37.7536 56.8741 3
      vertex -38.064 56.5999 4.5
      vertex -37.7536 56.8741 4.5
    endloop
  endfacet
  facet normal -0.662053 0.749457 0
    outer loop
      vertex -38.064 56.5999 4.5
      vertex -37.7536 56.8741 3
      vertex -38.064 56.5999 3
    endloop
  endfacet
  facet normal -0.723264 0.690571 0
    outer loop
      vertex -38.3217 56.33 3
      vertex -38.064 56.5999 4.5
      vertex -38.064 56.5999 3
    endloop
  endfacet
  facet normal -0.723264 0.690571 0
    outer loop
      vertex -38.064 56.5999 4.5
      vertex -38.3217 56.33 3
      vertex -38.3217 56.33 4.5
    endloop
  endfacet
  facet normal -0.783856 0.620943 0
    outer loop
      vertex -38.534 56.062 3
      vertex -38.3217 56.33 4.5
      vertex -38.3217 56.33 3
    endloop
  endfacet
  facet normal -0.783856 0.620943 0
    outer loop
      vertex -38.3217 56.33 4.5
      vertex -38.534 56.062 3
      vertex -38.534 56.062 4.5
    endloop
  endfacet
  facet normal -0.841339 0.540508 0
    outer loop
      vertex -38.709 55.7896 3
      vertex -38.534 56.062 4.5
      vertex -38.534 56.062 3
    endloop
  endfacet
  facet normal -0.841339 0.540508 0
    outer loop
      vertex -38.534 56.062 4.5
      vertex -38.709 55.7896 3
      vertex -38.709 55.7896 4.5
    endloop
  endfacet
  facet normal -0.892818 0.450417 0
    outer loop
      vertex -38.8551 55.5 3
      vertex -38.709 55.7896 4.5
      vertex -38.709 55.7896 3
    endloop
  endfacet
  facet normal -0.892818 0.450417 0
    outer loop
      vertex -38.709 55.7896 4.5
      vertex -38.8551 55.5 3
      vertex -38.8551 55.5 4.5
    endloop
  endfacet
  facet normal -0.934945 0.354792 0
    outer loop
      vertex -38.979 55.1735 3
      vertex -38.8551 55.5 4.5
      vertex -38.8551 55.5 3
    endloop
  endfacet
  facet normal -0.934945 0.354792 0
    outer loop
      vertex -38.8551 55.5 4.5
      vertex -38.979 55.1735 3
      vertex -38.979 55.1735 4.5
    endloop
  endfacet
  facet normal -0.966259 0.257571 0
    outer loop
      vertex -39.084 54.7796 3
      vertex -38.979 55.1735 4.5
      vertex -38.979 55.1735 3
    endloop
  endfacet
  facet normal -0.966259 0.257571 0
    outer loop
      vertex -38.979 55.1735 4.5
      vertex -39.084 54.7796 3
      vertex -39.084 54.7796 4.5
    endloop
  endfacet
  facet normal -0.986389 0.164431 0
    outer loop
      vertex -39.1685 54.2727 3
      vertex -39.084 54.7796 4.5
      vertex -39.084 54.7796 3
    endloop
  endfacet
  facet normal -0.986389 0.164431 0
    outer loop
      vertex -39.084 54.7796 4.5
      vertex -39.1685 54.2727 3
      vertex -39.1685 54.2727 4.5
    endloop
  endfacet
  facet normal -0.996667 0.0815723 0
    outer loop
      vertex -39.2267 53.5616 3
      vertex -39.1685 54.2727 4.5
      vertex -39.1685 54.2727 3
    endloop
  endfacet
  facet normal -0.996667 0.0815723 0
    outer loop
      vertex -39.1685 54.2727 4.5
      vertex -39.2267 53.5616 3
      vertex -39.2267 53.5616 4.5
    endloop
  endfacet
  facet normal -0.999892 0.0147269 0
    outer loop
      vertex -39.2497 52 3
      vertex -39.2267 53.5616 4.5
      vertex -39.2267 53.5616 3
    endloop
  endfacet
  facet normal -0.999892 0.0147269 0
    outer loop
      vertex -39.2267 53.5616 4.5
      vertex -39.2497 52 3
      vertex -39.2497 52 4.5
    endloop
  endfacet
  facet normal -0.999891 -0.0147462 0
    outer loop
      vertex -39.2254 50.3523 3
      vertex -39.2497 52 4.5
      vertex -39.2497 52 3
    endloop
  endfacet
  facet normal -0.999891 -0.0147462 0
    outer loop
      vertex -39.2497 52 4.5
      vertex -39.2254 50.3523 3
      vertex -39.2254 50.3523 4.5
    endloop
  endfacet
  facet normal -0.999824 -0.0187655 0
    outer loop
      vertex -38.7511 25.0816 3
      vertex -39.2254 50.3523 4.5
      vertex -39.2254 50.3523 3
    endloop
  endfacet
  facet normal -0.999824 -0.0187655 0
    outer loop
      vertex -39.2254 50.3523 4.5
      vertex -38.7511 25.0816 3
      vertex -38.7511 25.0816 4.5
    endloop
  endfacet
  facet normal -0.999179 -0.04051 0
    outer loop
      vertex -37.2536 -11.8542 3
      vertex -38.7511 25.0816 4.5
      vertex -38.7511 25.0816 3
    endloop
  endfacet
  facet normal -0.999179 -0.04051 0
    outer loop
      vertex -38.7511 25.0816 4.5
      vertex -37.2536 -11.8542 3
      vertex -37.2536 -11.8542 4.5
    endloop
  endfacet
  facet normal -0.995021 0.0996654 0
    outer loop
      vertex -40.2329 -41.5984 3
      vertex -37.2536 -11.8542 4.5
      vertex -37.2536 -11.8542 3
    endloop
  endfacet
  facet normal -0.995021 0.0996654 0
    outer loop
      vertex -37.2536 -11.8542 4.5
      vertex -40.2329 -41.5984 3
      vertex -40.2329 -41.5984 4.5
    endloop
  endfacet
  facet normal -0.996485 0.0837753 0
    outer loop
      vertex -41.217 -53.304 3
      vertex -40.2329 -41.5984 4.5
      vertex -40.2329 -41.5984 3
    endloop
  endfacet
  facet normal -0.996485 0.0837753 0
    outer loop
      vertex -40.2329 -41.5984 4.5
      vertex -41.217 -53.304 3
      vertex -41.217 -53.304 4.5
    endloop
  endfacet
  facet normal -0.999047 0.0436366 0
    outer loop
      vertex -41.2474 -54 3
      vertex -41.217 -53.304 4.5
      vertex -41.217 -53.304 3
    endloop
  endfacet
  facet normal -0.999047 0.0436366 0
    outer loop
      vertex -41.217 -53.304 4.5
      vertex -41.2474 -54 3
      vertex -41.2474 -54 4.5
    endloop
  endfacet
  facet normal -0.999047 -0.0436569 0
    outer loop
      vertex -41.2198 -54.6316 3
      vertex -41.2474 -54 4.5
      vertex -41.2474 -54 3
    endloop
  endfacet
  facet normal -0.999047 -0.0436569 0
    outer loop
      vertex -41.2474 -54 4.5
      vertex -41.2198 -54.6316 3
      vertex -41.2198 -54.6316 4.5
    endloop
  endfacet
  facet normal -0.991452 -0.130475 0
    outer loop
      vertex -41.1373 -55.2585 3
      vertex -41.2198 -54.6316 4.5
      vertex -41.2198 -54.6316 3
    endloop
  endfacet
  facet normal -0.991452 -0.130475 0
    outer loop
      vertex -41.2198 -54.6316 4.5
      vertex -41.1373 -55.2585 3
      vertex -41.1373 -55.2585 4.5
    endloop
  endfacet
  facet normal -0.976273 -0.216545 0
    outer loop
      vertex -41.0004 -55.8757 3
      vertex -41.1373 -55.2585 4.5
      vertex -41.1373 -55.2585 3
    endloop
  endfacet
  facet normal -0.976273 -0.216545 0
    outer loop
      vertex -41.1373 -55.2585 4.5
      vertex -41.0004 -55.8757 3
      vertex -41.0004 -55.8757 4.5
    endloop
  endfacet
  facet normal -0.953743 -0.300624 0
    outer loop
      vertex -40.8103 -56.4788 3
      vertex -41.0004 -55.8757 4.5
      vertex -41.0004 -55.8757 3
    endloop
  endfacet
  facet normal -0.953743 -0.300624 0
    outer loop
      vertex -41.0004 -55.8757 4.5
      vertex -40.8103 -56.4788 3
      vertex -40.8103 -56.4788 4.5
    endloop
  endfacet
  facet normal -0.92388 -0.382682 0
    outer loop
      vertex -40.5684 -57.0628 3
      vertex -40.8103 -56.4788 4.5
      vertex -40.8103 -56.4788 3
    endloop
  endfacet
  facet normal -0.92388 -0.382682 0
    outer loop
      vertex -40.8103 -56.4788 4.5
      vertex -40.5684 -57.0628 3
      vertex -40.5684 -57.0628 4.5
    endloop
  endfacet
  facet normal -0.887002 -0.461766 0
    outer loop
      vertex -40.2764 -57.6237 3
      vertex -40.5684 -57.0628 4.5
      vertex -40.5684 -57.0628 3
    endloop
  endfacet
  facet normal -0.887002 -0.461766 0
    outer loop
      vertex -40.5684 -57.0628 4.5
      vertex -40.2764 -57.6237 3
      vertex -40.2764 -57.6237 4.5
    endloop
  endfacet
  facet normal -0.843422 -0.537252 0
    outer loop
      vertex -40.1841 -57.7686 3
      vertex -40.2764 -57.6237 4.5
      vertex -40.2764 -57.6237 3
    endloop
  endfacet
  facet normal -0.843422 -0.537252 0
    outer loop
      vertex -40.2764 -57.6237 4.5
      vertex -40.1841 -57.7686 3
      vertex -40.1841 -57.7686 4.5
    endloop
  endfacet
  facet normal -0.609069 -0.793117 0
    outer loop
      vertex -38.2405 -59.8725 3
      vertex -38.1569 -59.9367 4.5
      vertex -38.2405 -59.8725 4.5
    endloop
  endfacet
  facet normal -0.609069 -0.793117 -0
    outer loop
      vertex -38.1569 -59.9367 4.5
      vertex -38.2405 -59.8725 3
      vertex -38.1569 -59.9367 3
    endloop
  endfacet
  facet normal -0.537316 -0.843381 0
    outer loop
      vertex -38.1569 -59.9367 3
      vertex -37.6237 -60.2764 4.5
      vertex -38.1569 -59.9367 4.5
    endloop
  endfacet
  facet normal -0.537316 -0.843381 -0
    outer loop
      vertex -37.6237 -60.2764 4.5
      vertex -38.1569 -59.9367 3
      vertex -37.6237 -60.2764 3
    endloop
  endfacet
  facet normal -0.461766 -0.887002 0
    outer loop
      vertex -37.6237 -60.2764 3
      vertex -37.0628 -60.5684 4.5
      vertex -37.6237 -60.2764 4.5
    endloop
  endfacet
  facet normal -0.461766 -0.887002 -0
    outer loop
      vertex -37.0628 -60.5684 4.5
      vertex -37.6237 -60.2764 3
      vertex -37.0628 -60.5684 3
    endloop
  endfacet
  facet normal -0.382682 -0.92388 0
    outer loop
      vertex -37.0628 -60.5684 3
      vertex -36.4788 -60.8103 4.5
      vertex -37.0628 -60.5684 4.5
    endloop
  endfacet
  facet normal -0.382682 -0.92388 -0
    outer loop
      vertex -36.4788 -60.8103 4.5
      vertex -37.0628 -60.5684 3
      vertex -36.4788 -60.8103 3
    endloop
  endfacet
  facet normal -0.300624 -0.953743 0
    outer loop
      vertex -36.4788 -60.8103 3
      vertex -35.8757 -61.0004 4.5
      vertex -36.4788 -60.8103 4.5
    endloop
  endfacet
  facet normal -0.300624 -0.953743 -0
    outer loop
      vertex -35.8757 -61.0004 4.5
      vertex -36.4788 -60.8103 3
      vertex -35.8757 -61.0004 3
    endloop
  endfacet
  facet normal -0.216545 -0.976273 0
    outer loop
      vertex -35.8757 -61.0004 3
      vertex -35.2585 -61.1373 4.5
      vertex -35.8757 -61.0004 4.5
    endloop
  endfacet
  facet normal -0.216545 -0.976273 -0
    outer loop
      vertex -35.2585 -61.1373 4.5
      vertex -35.8757 -61.0004 3
      vertex -35.2585 -61.1373 3
    endloop
  endfacet
  facet normal -0.130475 -0.991452 0
    outer loop
      vertex -35.2585 -61.1373 3
      vertex -34.6316 -61.2198 4.5
      vertex -35.2585 -61.1373 4.5
    endloop
  endfacet
  facet normal -0.130475 -0.991452 -0
    outer loop
      vertex -34.6316 -61.2198 4.5
      vertex -35.2585 -61.1373 3
      vertex -34.6316 -61.2198 3
    endloop
  endfacet
  facet normal -0.0436316 -0.999048 0
    outer loop
      vertex -34.6316 -61.2198 3
      vertex -33.9401 -61.25 4.5
      vertex -34.6316 -61.2198 4.5
    endloop
  endfacet
  facet normal -0.0436316 -0.999048 -0
    outer loop
      vertex -33.9401 -61.25 4.5
      vertex -34.6316 -61.2198 3
      vertex -33.9401 -61.25 3
    endloop
  endfacet
  facet normal 0 -1 0
    outer loop
      vertex -33.9401 -61.25 3
      vertex -32.7425 -61.25 4.5
      vertex -33.9401 -61.25 4.5
    endloop
  endfacet
  facet normal 0 -1 -0
    outer loop
      vertex -32.7425 -61.25 4.5
      vertex -33.9401 -61.25 3
      vertex -32.7425 -61.25 3
    endloop
  endfacet
  facet normal 0 -1 0
    outer loop
      vertex -24.2506 -61.25 3
      vertex -18.0193 -61.25 4.5
      vertex -24.2506 -61.25 4.5
    endloop
  endfacet
  facet normal 0 -1 -0
    outer loop
      vertex -18.0193 -61.25 4.5
      vertex -24.2506 -61.25 3
      vertex -18.0193 -61.25 3
    endloop
  endfacet
  facet normal 0 -1 0
    outer loop
      vertex -29.4918 -61.25 3
      vertex -24.9562 -61.25 4.5
      vertex -29.4918 -61.25 4.5
    endloop
  endfacet
  facet normal 0 -1 -0
    outer loop
      vertex -24.9562 -61.25 4.5
      vertex -29.4918 -61.25 3
      vertex -24.9562 -61.25 3
    endloop
  endfacet
  facet normal 0.201293 -0.979531 0
    outer loop
      vertex -18.0193 -61.25 3
      vertex -16.0047 -60.836 4.5
      vertex -18.0193 -61.25 4.5
    endloop
  endfacet
  facet normal 0.201293 -0.979531 0
    outer loop
      vertex -16.0047 -60.836 4.5
      vertex -18.0193 -61.25 3
      vertex -16.0047 -60.836 3
    endloop
  endfacet
  facet normal 0.995021 -0.099666 0
    outer loop
      vertex -38.0146 -34 4.5
      vertex -35.8007 -11.8974 3
      vertex -35.8007 -11.8974 4.5
    endloop
  endfacet
  facet normal 0.995021 -0.099666 0
    outer loop
      vertex -35.8007 -11.8974 3
      vertex -38.0146 -34 4.5
      vertex -38.0146 -34 3
    endloop
  endfacet
  facet normal 0.999179 0.040508 0
    outer loop
      vertex -35.8007 -11.8974 4.5
      vertex -37.3016 25.1241 3
      vertex -37.3016 25.1241 4.5
    endloop
  endfacet
  facet normal 0.999179 0.040508 0
    outer loop
      vertex -37.3016 25.1241 3
      vertex -35.8007 -11.8974 4.5
      vertex -35.8007 -11.8974 3
    endloop
  endfacet
  facet normal 0.999824 0.0187659 0
    outer loop
      vertex -37.3016 25.1241 4.5
      vertex -37.7756 50.3782 3
      vertex -37.7756 50.3782 4.5
    endloop
  endfacet
  facet normal 0.999824 0.0187659 0
    outer loop
      vertex -37.7756 50.3782 3
      vertex -37.3016 25.1241 4.5
      vertex -37.3016 25.1241 3
    endloop
  endfacet
  facet normal 0.999891 0.0147351 0
    outer loop
      vertex -37.7756 50.3782 4.5
      vertex -37.7995 52 3
      vertex -37.7995 52 4.5
    endloop
  endfacet
  facet normal 0.999891 0.0147351 0
    outer loop
      vertex -37.7995 52 3
      vertex -37.7756 50.3782 4.5
      vertex -37.7756 50.3782 3
    endloop
  endfacet
  facet normal 0.999891 -0.0147457 0
    outer loop
      vertex -37.7995 52 4.5
      vertex -37.7775 53.4918 3
      vertex -37.7775 53.4918 4.5
    endloop
  endfacet
  facet normal 0.999891 -0.0147457 0
    outer loop
      vertex -37.7775 53.4918 3
      vertex -37.7995 52 4.5
      vertex -37.7995 52 3
    endloop
  endfacet
  facet normal 0.996681 -0.0814023 0
    outer loop
      vertex -37.7775 53.4918 4.5
      vertex -37.7283 54.0942 3
      vertex -37.7283 54.0942 4.5
    endloop
  endfacet
  facet normal 0.996681 -0.0814023 0
    outer loop
      vertex -37.7283 54.0942 3
      vertex -37.7775 53.4918 4.5
      vertex -37.7775 53.4918 3
    endloop
  endfacet
  facet normal 0.986401 -0.164357 0
    outer loop
      vertex -37.7283 54.0942 4.5
      vertex -37.6652 54.4729 3
      vertex -37.6652 54.4729 4.5
    endloop
  endfacet
  facet normal 0.986401 -0.164357 0
    outer loop
      vertex -37.6652 54.4729 3
      vertex -37.7283 54.0942 4.5
      vertex -37.7283 54.0942 3
    endloop
  endfacet
  facet normal 0.966241 -0.257639 0
    outer loop
      vertex -37.6652 54.4729 4.5
      vertex -37.5971 54.7283 3
      vertex -37.5971 54.7283 4.5
    endloop
  endfacet
  facet normal 0.966241 -0.257639 0
    outer loop
      vertex -37.5971 54.7283 3
      vertex -37.6652 54.4729 4.5
      vertex -37.6652 54.4729 3
    endloop
  endfacet
  facet normal 0.934877 -0.354972 0
    outer loop
      vertex -37.5971 54.7283 4.5
      vertex -37.5264 54.9145 3
      vertex -37.5264 54.9145 4.5
    endloop
  endfacet
  facet normal 0.934877 -0.354972 0
    outer loop
      vertex -37.5264 54.9145 3
      vertex -37.5971 54.7283 4.5
      vertex -37.5971 54.7283 3
    endloop
  endfacet
  facet normal 0.892804 -0.450445 0
    outer loop
      vertex -37.5264 54.9145 4.5
      vertex -37.4484 55.0691 3
      vertex -37.4484 55.0691 4.5
    endloop
  endfacet
  facet normal 0.892804 -0.450445 0
    outer loop
      vertex -37.4484 55.0691 3
      vertex -37.5264 54.9145 4.5
      vertex -37.5264 54.9145 3
    endloop
  endfacet
  facet normal 0.841234 -0.540672 0
    outer loop
      vertex -37.4484 55.0691 4.5
      vertex -37.3527 55.218 3
      vertex -37.3527 55.218 4.5
    endloop
  endfacet
  facet normal 0.841234 -0.540672 0
    outer loop
      vertex -37.3527 55.218 3
      vertex -37.4484 55.0691 4.5
      vertex -37.4484 55.0691 3
    endloop
  endfacet
  facet normal 0.784126 -0.620602 0
    outer loop
      vertex -37.3527 55.218 4.5
      vertex -37.2267 55.3772 3
      vertex -37.2267 55.3772 4.5
    endloop
  endfacet
  facet normal 0.784126 -0.620602 0
    outer loop
      vertex -37.2267 55.3772 3
      vertex -37.3527 55.218 4.5
      vertex -37.3527 55.218 3
    endloop
  endfacet
  facet normal 0.723077 -0.690768 0
    outer loop
      vertex -37.2267 55.3772 4.5
      vertex -37.0578 55.554 3
      vertex -37.0578 55.554 4.5
    endloop
  endfacet
  facet normal 0.723077 -0.690768 0
    outer loop
      vertex -37.0578 55.554 3
      vertex -37.2267 55.3772 4.5
      vertex -37.2267 55.3772 3
    endloop
  endfacet
  facet normal 0.662334 -0.749209 0
    outer loop
      vertex -37.0578 55.554 3
      vertex -36.8353 55.7507 4.5
      vertex -37.0578 55.554 4.5
    endloop
  endfacet
  facet normal 0.662334 -0.749209 0
    outer loop
      vertex -36.8353 55.7507 4.5
      vertex -37.0578 55.554 3
      vertex -36.8353 55.7507 3
    endloop
  endfacet
  facet normal 0.602562 -0.798072 0
    outer loop
      vertex -36.8353 55.7507 3
      vertex -36.5516 55.9649 4.5
      vertex -36.8353 55.7507 4.5
    endloop
  endfacet
  facet normal 0.602562 -0.798072 0
    outer loop
      vertex -36.5516 55.9649 4.5
      vertex -36.8353 55.7507 3
      vertex -36.5516 55.9649 3
    endloop
  endfacet
  facet normal 0.546538 -0.837434 0
    outer loop
      vertex -36.5516 55.9649 3
      vertex -36.2024 56.1928 4.5
      vertex -36.5516 55.9649 4.5
    endloop
  endfacet
  facet normal 0.546538 -0.837434 0
    outer loop
      vertex -36.2024 56.1928 4.5
      vertex -36.5516 55.9649 3
      vertex -36.2024 56.1928 3
    endloop
  endfacet
  facet normal 0.493827 -0.86956 0
    outer loop
      vertex -36.2024 56.1928 3
      vertex -35.7849 56.4299 4.5
      vertex -36.2024 56.1928 4.5
    endloop
  endfacet
  facet normal 0.493827 -0.86956 0
    outer loop
      vertex -35.7849 56.4299 4.5
      vertex -36.2024 56.1928 3
      vertex -35.7849 56.4299 3
    endloop
  endfacet
  facet normal 0.445225 -0.895419 0
    outer loop
      vertex -35.7849 56.4299 3
      vertex -35.2984 56.6718 4.5
      vertex -35.7849 56.4299 4.5
    endloop
  endfacet
  facet normal 0.445225 -0.895419 0
    outer loop
      vertex -35.2984 56.6718 4.5
      vertex -35.7849 56.4299 3
      vertex -35.2984 56.6718 3
    endloop
  endfacet
  facet normal 0.401087 -0.91604 0
    outer loop
      vertex -35.2984 56.6718 3
      vertex -34.7425 56.9152 4.5
      vertex -35.2984 56.6718 4.5
    endloop
  endfacet
  facet normal 0.401087 -0.91604 0
    outer loop
      vertex -34.7425 56.9152 4.5
      vertex -35.2984 56.6718 3
      vertex -34.7425 56.9152 3
    endloop
  endfacet
  facet normal 0.360659 -0.932698 0
    outer loop
      vertex -34.7425 56.9152 3
      vertex -34.1177 57.1568 4.5
      vertex -34.7425 56.9152 4.5
    endloop
  endfacet
  facet normal 0.360659 -0.932698 0
    outer loop
      vertex -34.1177 57.1568 4.5
      vertex -34.7425 56.9152 3
      vertex -34.1177 57.1568 3
    endloop
  endfacet
  facet normal 0.3238 -0.946125 0
    outer loop
      vertex -34.1177 57.1568 3
      vertex -33.4252 57.3938 4.5
      vertex -34.1177 57.1568 4.5
    endloop
  endfacet
  facet normal 0.3238 -0.946125 0
    outer loop
      vertex -33.4252 57.3938 4.5
      vertex -34.1177 57.1568 3
      vertex -33.4252 57.3938 3
    endloop
  endfacet
  facet normal 0.29029 -0.956939 0
    outer loop
      vertex -33.4252 57.3938 3
      vertex -32.6647 57.6245 4.5
      vertex -33.4252 57.3938 4.5
    endloop
  endfacet
  facet normal 0.29029 -0.956939 0
    outer loop
      vertex -32.6647 57.6245 4.5
      vertex -33.4252 57.3938 3
      vertex -32.6647 57.6245 3
    endloop
  endfacet
  facet normal 0.25976 -0.965673 0
    outer loop
      vertex -32.6647 57.6245 3
      vertex -31.8368 57.8472 4.5
      vertex -32.6647 57.6245 4.5
    endloop
  endfacet
  facet normal 0.25976 -0.965673 0
    outer loop
      vertex -31.8368 57.8472 4.5
      vertex -32.6647 57.6245 3
      vertex -31.8368 57.8472 3
    endloop
  endfacet
  facet normal 0.232086 -0.972695 0
    outer loop
      vertex -31.8368 57.8472 3
      vertex -30.942 58.0607 4.5
      vertex -31.8368 57.8472 4.5
    endloop
  endfacet
  facet normal 0.232086 -0.972695 0
    outer loop
      vertex -30.942 58.0607 4.5
      vertex -31.8368 57.8472 3
      vertex -30.942 58.0607 3
    endloop
  endfacet
  facet normal 0.206543 -0.978437 0
    outer loop
      vertex -30.942 58.0607 3
      vertex -29.9794 58.2639 4.5
      vertex -30.942 58.0607 4.5
    endloop
  endfacet
  facet normal 0.206543 -0.978437 0
    outer loop
      vertex -29.9794 58.2639 4.5
      vertex -30.942 58.0607 3
      vertex -29.9794 58.2639 3
    endloop
  endfacet
  facet normal 0.18335 -0.983048 0
    outer loop
      vertex -29.9794 58.2639 3
      vertex -28.9489 58.4561 4.5
      vertex -29.9794 58.2639 4.5
    endloop
  endfacet
  facet normal 0.18335 -0.983048 0
    outer loop
      vertex -28.9489 58.4561 4.5
      vertex -29.9794 58.2639 3
      vertex -28.9489 58.4561 3
    endloop
  endfacet
  facet normal 0.161929 -0.986802 0
    outer loop
      vertex -28.9489 58.4561 3
      vertex -27.8471 58.6369 4.5
      vertex -28.9489 58.4561 4.5
    endloop
  endfacet
  facet normal 0.161929 -0.986802 0
    outer loop
      vertex -27.8471 58.6369 4.5
      vertex -28.9489 58.4561 3
      vertex -27.8471 58.6369 3
    endloop
  endfacet
  facet normal 0.142283 -0.989826 0
    outer loop
      vertex -27.8471 58.6369 3
      vertex -26.6735 58.8056 4.5
      vertex -27.8471 58.6369 4.5
    endloop
  endfacet
  facet normal 0.142283 -0.989826 0
    outer loop
      vertex -26.6735 58.8056 4.5
      vertex -27.8471 58.6369 3
      vertex -26.6735 58.8056 3
    endloop
  endfacet
  facet normal 0.124182 -0.99226 0
    outer loop
      vertex -26.6735 58.8056 3
      vertex -25.4262 58.9617 4.5
      vertex -26.6735 58.8056 4.5
    endloop
  endfacet
  facet normal 0.124182 -0.99226 0
    outer loop
      vertex -25.4262 58.9617 4.5
      vertex -26.6735 58.8056 3
      vertex -25.4262 58.9617 3
    endloop
  endfacet
  facet normal 0.107408 -0.994215 0
    outer loop
      vertex -25.4262 58.9617 3
      vertex -24.0979 59.1052 4.5
      vertex -25.4262 58.9617 4.5
    endloop
  endfacet
  facet normal 0.107408 -0.994215 0
    outer loop
      vertex -24.0979 59.1052 4.5
      vertex -25.4262 58.9617 3
      vertex -24.0979 59.1052 3
    endloop
  endfacet
  facet normal 0.0920428 -0.995755 0
    outer loop
      vertex -24.0979 59.1052 3
      vertex -22.6861 59.2357 4.5
      vertex -24.0979 59.1052 4.5
    endloop
  endfacet
  facet normal 0.0920428 -0.995755 0
    outer loop
      vertex -22.6861 59.2357 4.5
      vertex -24.0979 59.1052 3
      vertex -22.6861 59.2357 3
    endloop
  endfacet
  facet normal 0.0776541 -0.99698 0
    outer loop
      vertex -22.6861 59.2357 3
      vertex -21.1814 59.3529 4.5
      vertex -22.6861 59.2357 4.5
    endloop
  endfacet
  facet normal 0.0776541 -0.99698 0
    outer loop
      vertex -21.1814 59.3529 4.5
      vertex -22.6861 59.2357 3
      vertex -21.1814 59.3529 3
    endloop
  endfacet
  facet normal 0.0645538 -0.997914 0
    outer loop
      vertex -21.1814 59.3529 3
      vertex -19.5737 59.4569 4.5
      vertex -21.1814 59.3529 4.5
    endloop
  endfacet
  facet normal 0.0645538 -0.997914 0
    outer loop
      vertex -19.5737 59.4569 4.5
      vertex -21.1814 59.3529 3
      vertex -19.5737 59.4569 3
    endloop
  endfacet
  facet normal 0.0523431 -0.998629 0
    outer loop
      vertex -19.5737 59.4569 3
      vertex -17.849 59.5473 4.5
      vertex -19.5737 59.4569 4.5
    endloop
  endfacet
  facet normal 0.0523431 -0.998629 0
    outer loop
      vertex -17.849 59.5473 4.5
      vertex -19.5737 59.4569 3
      vertex -17.849 59.5473 3
    endloop
  endfacet
  facet normal 0.0411778 -0.999152 0
    outer loop
      vertex -17.849 59.5473 3
      vertex -15.9855 59.6241 4.5
      vertex -17.849 59.5473 4.5
    endloop
  endfacet
  facet normal 0.0411778 -0.999152 0
    outer loop
      vertex -15.9855 59.6241 4.5
      vertex -17.849 59.5473 3
      vertex -15.9855 59.6241 3
    endloop
  endfacet
  facet normal 0.0309556 -0.999521 0
    outer loop
      vertex -15.9855 59.6241 3
      vertex -13.9513 59.6871 4.5
      vertex -15.9855 59.6241 4.5
    endloop
  endfacet
  facet normal 0.0309556 -0.999521 0
    outer loop
      vertex -13.9513 59.6871 4.5
      vertex -15.9855 59.6241 3
      vertex -13.9513 59.6871 3
    endloop
  endfacet
  facet normal 0.0217571 -0.999763 0
    outer loop
      vertex -13.9513 59.6871 3
      vertex -11.6905 59.7363 4.5
      vertex -13.9513 59.6871 4.5
    endloop
  endfacet
  facet normal 0.0217571 -0.999763 0
    outer loop
      vertex -11.6905 59.7363 4.5
      vertex -13.9513 59.6871 3
      vertex -11.6905 59.7363 3
    endloop
  endfacet
  facet normal 0.0136065 -0.999907 0
    outer loop
      vertex -11.6905 59.7363 3
      vertex -9.09639 59.7716 4.5
      vertex -11.6905 59.7363 4.5
    endloop
  endfacet
  facet normal 0.0136065 -0.999907 0
    outer loop
      vertex -9.09639 59.7716 4.5
      vertex -11.6905 59.7363 3
      vertex -9.09639 59.7716 3
    endloop
  endfacet
  facet normal 0.00669201 -0.999978 0
    outer loop
      vertex -9.09639 59.7716 3
      vertex -5.91356 59.7929 4.5
      vertex -9.09639 59.7716 4.5
    endloop
  endfacet
  facet normal 0.00669201 -0.999978 0
    outer loop
      vertex -5.91356 59.7929 4.5
      vertex -9.09639 59.7716 3
      vertex -5.91356 59.7929 3
    endloop
  endfacet
  facet normal 0.00120063 -0.999999 0
    outer loop
      vertex -5.91356 59.7929 3
      vertex 0 59.8 4.5
      vertex -5.91356 59.7929 4.5
    endloop
  endfacet
  facet normal 0.00120063 -0.999999 0
    outer loop
      vertex 0 59.8 4.5
      vertex -5.91356 59.7929 3
      vertex 0 59.8 3
    endloop
  endfacet
  facet normal -0.00120063 -0.999999 0
    outer loop
      vertex 0 59.8 3
      vertex 5.91356 59.7929 4.5
      vertex 0 59.8 4.5
    endloop
  endfacet
  facet normal -0.00120063 -0.999999 -0
    outer loop
      vertex 5.91356 59.7929 4.5
      vertex 0 59.8 3
      vertex 5.91356 59.7929 3
    endloop
  endfacet
  facet normal -0.00669201 -0.999978 0
    outer loop
      vertex 5.91356 59.7929 3
      vertex 9.09639 59.7716 4.5
      vertex 5.91356 59.7929 4.5
    endloop
  endfacet
  facet normal -0.00669201 -0.999978 -0
    outer loop
      vertex 9.09639 59.7716 4.5
      vertex 5.91356 59.7929 3
      vertex 9.09639 59.7716 3
    endloop
  endfacet
  facet normal -0.0136065 -0.999907 0
    outer loop
      vertex 9.09639 59.7716 3
      vertex 11.6905 59.7363 4.5
      vertex 9.09639 59.7716 4.5
    endloop
  endfacet
  facet normal -0.0136065 -0.999907 -0
    outer loop
      vertex 11.6905 59.7363 4.5
      vertex 9.09639 59.7716 3
      vertex 11.6905 59.7363 3
    endloop
  endfacet
  facet normal -0.0217571 -0.999763 0
    outer loop
      vertex 11.6905 59.7363 3
      vertex 13.9513 59.6871 4.5
      vertex 11.6905 59.7363 4.5
    endloop
  endfacet
  facet normal -0.0217571 -0.999763 -0
    outer loop
      vertex 13.9513 59.6871 4.5
      vertex 11.6905 59.7363 3
      vertex 13.9513 59.6871 3
    endloop
  endfacet
  facet normal -0.0309556 -0.999521 0
    outer loop
      vertex 13.9513 59.6871 3
      vertex 15.9855 59.6241 4.5
      vertex 13.9513 59.6871 4.5
    endloop
  endfacet
  facet normal -0.0309556 -0.999521 -0
    outer loop
      vertex 15.9855 59.6241 4.5
      vertex 13.9513 59.6871 3
      vertex 15.9855 59.6241 3
    endloop
  endfacet
  facet normal -0.0411778 -0.999152 0
    outer loop
      vertex 15.9855 59.6241 3
      vertex 17.849 59.5473 4.5
      vertex 15.9855 59.6241 4.5
    endloop
  endfacet
  facet normal -0.0411778 -0.999152 -0
    outer loop
      vertex 17.849 59.5473 4.5
      vertex 15.9855 59.6241 3
      vertex 17.849 59.5473 3
    endloop
  endfacet
  facet normal -0.0523431 -0.998629 0
    outer loop
      vertex 17.849 59.5473 3
      vertex 19.5737 59.4569 4.5
      vertex 17.849 59.5473 4.5
    endloop
  endfacet
  facet normal -0.0523431 -0.998629 -0
    outer loop
      vertex 19.5737 59.4569 4.5
      vertex 17.849 59.5473 3
      vertex 19.5737 59.4569 3
    endloop
  endfacet
  facet normal -0.0645538 -0.997914 0
    outer loop
      vertex 19.5737 59.4569 3
      vertex 21.1814 59.3529 4.5
      vertex 19.5737 59.4569 4.5
    endloop
  endfacet
  facet normal -0.0645538 -0.997914 -0
    outer loop
      vertex 21.1814 59.3529 4.5
      vertex 19.5737 59.4569 3
      vertex 21.1814 59.3529 3
    endloop
  endfacet
  facet normal -0.0776541 -0.99698 0
    outer loop
      vertex 21.1814 59.3529 3
      vertex 22.6861 59.2357 4.5
      vertex 21.1814 59.3529 4.5
    endloop
  endfacet
  facet normal -0.0776541 -0.99698 -0
    outer loop
      vertex 22.6861 59.2357 4.5
      vertex 21.1814 59.3529 3
      vertex 22.6861 59.2357 3
    endloop
  endfacet
  facet normal -0.0920428 -0.995755 0
    outer loop
      vertex 22.6861 59.2357 3
      vertex 24.0979 59.1052 4.5
      vertex 22.6861 59.2357 4.5
    endloop
  endfacet
  facet normal -0.0920428 -0.995755 -0
    outer loop
      vertex 24.0979 59.1052 4.5
      vertex 22.6861 59.2357 3
      vertex 24.0979 59.1052 3
    endloop
  endfacet
  facet normal -0.107408 -0.994215 0
    outer loop
      vertex 24.0979 59.1052 3
      vertex 25.4262 58.9617 4.5
      vertex 24.0979 59.1052 4.5
    endloop
  endfacet
  facet normal -0.107408 -0.994215 -0
    outer loop
      vertex 25.4262 58.9617 4.5
      vertex 24.0979 59.1052 3
      vertex 25.4262 58.9617 3
    endloop
  endfacet
  facet normal -0.124182 -0.99226 0
    outer loop
      vertex 25.4262 58.9617 3
      vertex 26.6735 58.8056 4.5
      vertex 25.4262 58.9617 4.5
    endloop
  endfacet
  facet normal -0.124182 -0.99226 -0
    outer loop
      vertex 26.6735 58.8056 4.5
      vertex 25.4262 58.9617 3
      vertex 26.6735 58.8056 3
    endloop
  endfacet
  facet normal -0.142283 -0.989826 0
    outer loop
      vertex 26.6735 58.8056 3
      vertex 27.8471 58.6369 4.5
      vertex 26.6735 58.8056 4.5
    endloop
  endfacet
  facet normal -0.142283 -0.989826 -0
    outer loop
      vertex 27.8471 58.6369 4.5
      vertex 26.6735 58.8056 3
      vertex 27.8471 58.6369 3
    endloop
  endfacet
  facet normal -0.161929 -0.986802 0
    outer loop
      vertex 27.8471 58.6369 3
      vertex 28.9489 58.4561 4.5
      vertex 27.8471 58.6369 4.5
    endloop
  endfacet
  facet normal -0.161929 -0.986802 -0
    outer loop
      vertex 28.9489 58.4561 4.5
      vertex 27.8471 58.6369 3
      vertex 28.9489 58.4561 3
    endloop
  endfacet
  facet normal -0.18335 -0.983048 0
    outer loop
      vertex 28.9489 58.4561 3
      vertex 29.9794 58.2639 4.5
      vertex 28.9489 58.4561 4.5
    endloop
  endfacet
  facet normal -0.18335 -0.983048 -0
    outer loop
      vertex 29.9794 58.2639 4.5
      vertex 28.9489 58.4561 3
      vertex 29.9794 58.2639 3
    endloop
  endfacet
  facet normal -0.206543 -0.978437 0
    outer loop
      vertex 29.9794 58.2639 3
      vertex 30.942 58.0607 4.5
      vertex 29.9794 58.2639 4.5
    endloop
  endfacet
  facet normal -0.206543 -0.978437 -0
    outer loop
      vertex 30.942 58.0607 4.5
      vertex 29.9794 58.2639 3
      vertex 30.942 58.0607 3
    endloop
  endfacet
  facet normal -0.232086 -0.972695 0
    outer loop
      vertex 30.942 58.0607 3
      vertex 31.8368 57.8472 4.5
      vertex 30.942 58.0607 4.5
    endloop
  endfacet
  facet normal -0.232086 -0.972695 -0
    outer loop
      vertex 31.8368 57.8472 4.5
      vertex 30.942 58.0607 3
      vertex 31.8368 57.8472 3
    endloop
  endfacet
  facet normal -0.25976 -0.965673 0
    outer loop
      vertex 31.8368 57.8472 3
      vertex 32.6647 57.6245 4.5
      vertex 31.8368 57.8472 4.5
    endloop
  endfacet
  facet normal -0.25976 -0.965673 -0
    outer loop
      vertex 32.6647 57.6245 4.5
      vertex 31.8368 57.8472 3
      vertex 32.6647 57.6245 3
    endloop
  endfacet
  facet normal -0.29029 -0.956939 0
    outer loop
      vertex 32.6647 57.6245 3
      vertex 33.4252 57.3938 4.5
      vertex 32.6647 57.6245 4.5
    endloop
  endfacet
  facet normal -0.29029 -0.956939 -0
    outer loop
      vertex 33.4252 57.3938 4.5
      vertex 32.6647 57.6245 3
      vertex 33.4252 57.3938 3
    endloop
  endfacet
  facet normal -0.3238 -0.946125 0
    outer loop
      vertex 33.4252 57.3938 3
      vertex 34.1177 57.1568 4.5
      vertex 33.4252 57.3938 4.5
    endloop
  endfacet
  facet normal -0.3238 -0.946125 -0
    outer loop
      vertex 34.1177 57.1568 4.5
      vertex 33.4252 57.3938 3
      vertex 34.1177 57.1568 3
    endloop
  endfacet
  facet normal -0.360659 -0.932698 0
    outer loop
      vertex 34.1177 57.1568 3
      vertex 34.7425 56.9152 4.5
      vertex 34.1177 57.1568 4.5
    endloop
  endfacet
  facet normal -0.360659 -0.932698 -0
    outer loop
      vertex 34.7425 56.9152 4.5
      vertex 34.1177 57.1568 3
      vertex 34.7425 56.9152 3
    endloop
  endfacet
  facet normal -0.401087 -0.91604 0
    outer loop
      vertex 34.7425 56.9152 3
      vertex 35.2984 56.6718 4.5
      vertex 34.7425 56.9152 4.5
    endloop
  endfacet
  facet normal -0.401087 -0.91604 -0
    outer loop
      vertex 35.2984 56.6718 4.5
      vertex 34.7425 56.9152 3
      vertex 35.2984 56.6718 3
    endloop
  endfacet
  facet normal -0.445225 -0.895419 0
    outer loop
      vertex 35.2984 56.6718 3
      vertex 35.7849 56.4299 4.5
      vertex 35.2984 56.6718 4.5
    endloop
  endfacet
  facet normal -0.445225 -0.895419 -0
    outer loop
      vertex 35.7849 56.4299 4.5
      vertex 35.2984 56.6718 3
      vertex 35.7849 56.4299 3
    endloop
  endfacet
  facet normal -0.493827 -0.86956 0
    outer loop
      vertex 35.7849 56.4299 3
      vertex 36.2024 56.1928 4.5
      vertex 35.7849 56.4299 4.5
    endloop
  endfacet
  facet normal -0.493827 -0.86956 -0
    outer loop
      vertex 36.2024 56.1928 4.5
      vertex 35.7849 56.4299 3
      vertex 36.2024 56.1928 3
    endloop
  endfacet
  facet normal -0.546538 -0.837434 0
    outer loop
      vertex 36.2024 56.1928 3
      vertex 36.5516 55.9649 4.5
      vertex 36.2024 56.1928 4.5
    endloop
  endfacet
  facet normal -0.546538 -0.837434 -0
    outer loop
      vertex 36.5516 55.9649 4.5
      vertex 36.2024 56.1928 3
      vertex 36.5516 55.9649 3
    endloop
  endfacet
  facet normal -0.602562 -0.798072 0
    outer loop
      vertex 36.5516 55.9649 3
      vertex 36.8353 55.7507 4.5
      vertex 36.5516 55.9649 4.5
    endloop
  endfacet
  facet normal -0.602562 -0.798072 -0
    outer loop
      vertex 36.8353 55.7507 4.5
      vertex 36.5516 55.9649 3
      vertex 36.8353 55.7507 3
    endloop
  endfacet
  facet normal -0.662334 -0.749209 0
    outer loop
      vertex 36.8353 55.7507 3
      vertex 37.0578 55.554 4.5
      vertex 36.8353 55.7507 4.5
    endloop
  endfacet
  facet normal -0.662334 -0.749209 -0
    outer loop
      vertex 37.0578 55.554 4.5
      vertex 36.8353 55.7507 3
      vertex 37.0578 55.554 3
    endloop
  endfacet
  facet normal -0.723077 -0.690768 0
    outer loop
      vertex 37.2267 55.3772 3
      vertex 37.0578 55.554 4.5
      vertex 37.0578 55.554 3
    endloop
  endfacet
  facet normal -0.723077 -0.690768 0
    outer loop
      vertex 37.0578 55.554 4.5
      vertex 37.2267 55.3772 3
      vertex 37.2267 55.3772 4.5
    endloop
  endfacet
  facet normal -0.784126 -0.620602 0
    outer loop
      vertex 37.3527 55.218 3
      vertex 37.2267 55.3772 4.5
      vertex 37.2267 55.3772 3
    endloop
  endfacet
  facet normal -0.784126 -0.620602 0
    outer loop
      vertex 37.2267 55.3772 4.5
      vertex 37.3527 55.218 3
      vertex 37.3527 55.218 4.5
    endloop
  endfacet
  facet normal -0.841234 -0.540672 0
    outer loop
      vertex 37.4484 55.0691 3
      vertex 37.3527 55.218 4.5
      vertex 37.3527 55.218 3
    endloop
  endfacet
  facet normal -0.841234 -0.540672 0
    outer loop
      vertex 37.3527 55.218 4.5
      vertex 37.4484 55.0691 3
      vertex 37.4484 55.0691 4.5
    endloop
  endfacet
  facet normal -0.892804 -0.450445 0
    outer loop
      vertex 37.5264 54.9145 3
      vertex 37.4484 55.0691 4.5
      vertex 37.4484 55.0691 3
    endloop
  endfacet
  facet normal -0.892804 -0.450445 0
    outer loop
      vertex 37.4484 55.0691 4.5
      vertex 37.5264 54.9145 3
      vertex 37.5264 54.9145 4.5
    endloop
  endfacet
  facet normal -0.934877 -0.354972 0
    outer loop
      vertex 37.5971 54.7283 3
      vertex 37.5264 54.9145 4.5
      vertex 37.5264 54.9145 3
    endloop
  endfacet
  facet normal -0.934877 -0.354972 0
    outer loop
      vertex 37.5264 54.9145 4.5
      vertex 37.5971 54.7283 3
      vertex 37.5971 54.7283 4.5
    endloop
  endfacet
  facet normal -0.966241 -0.257639 0
    outer loop
      vertex 37.6652 54.4729 3
      vertex 37.5971 54.7283 4.5
      vertex 37.5971 54.7283 3
    endloop
  endfacet
  facet normal -0.966241 -0.257639 0
    outer loop
      vertex 37.5971 54.7283 4.5
      vertex 37.6652 54.4729 3
      vertex 37.6652 54.4729 4.5
    endloop
  endfacet
  facet normal -0.986401 -0.164357 0
    outer loop
      vertex 37.7283 54.0942 3
      vertex 37.6652 54.4729 4.5
      vertex 37.6652 54.4729 3
    endloop
  endfacet
  facet normal -0.986401 -0.164357 0
    outer loop
      vertex 37.6652 54.4729 4.5
      vertex 37.7283 54.0942 3
      vertex 37.7283 54.0942 4.5
    endloop
  endfacet
  facet normal -0.996681 -0.0814023 0
    outer loop
      vertex 37.7775 53.4918 3
      vertex 37.7283 54.0942 4.5
      vertex 37.7283 54.0942 3
    endloop
  endfacet
  facet normal -0.996681 -0.0814023 0
    outer loop
      vertex 37.7283 54.0942 4.5
      vertex 37.7775 53.4918 3
      vertex 37.7775 53.4918 4.5
    endloop
  endfacet
  facet normal -0.999891 -0.0147457 0
    outer loop
      vertex 37.7995 52 3
      vertex 37.7775 53.4918 4.5
      vertex 37.7775 53.4918 3
    endloop
  endfacet
  facet normal -0.999891 -0.0147457 0
    outer loop
      vertex 37.7775 53.4918 4.5
      vertex 37.7995 52 3
      vertex 37.7995 52 4.5
    endloop
  endfacet
  facet normal -0.999891 0.0147351 0
    outer loop
      vertex 37.7756 50.3782 3
      vertex 37.7995 52 4.5
      vertex 37.7995 52 3
    endloop
  endfacet
  facet normal -0.999891 0.0147351 0
    outer loop
      vertex 37.7995 52 4.5
      vertex 37.7756 50.3782 3
      vertex 37.7756 50.3782 4.5
    endloop
  endfacet
  facet normal -0.999824 0.0187659 0
    outer loop
      vertex 37.3016 25.1241 3
      vertex 37.7756 50.3782 4.5
      vertex 37.7756 50.3782 3
    endloop
  endfacet
  facet normal -0.999824 0.0187659 0
    outer loop
      vertex 37.7756 50.3782 4.5
      vertex 37.3016 25.1241 3
      vertex 37.3016 25.1241 4.5
    endloop
  endfacet
  facet normal -0.999179 0.040508 0
    outer loop
      vertex 35.8007 -11.8974 3
      vertex 37.3016 25.1241 4.5
      vertex 37.3016 25.1241 3
    endloop
  endfacet
  facet normal -0.999179 0.040508 0
    outer loop
      vertex 37.3016 25.1241 4.5
      vertex 35.8007 -11.8974 3
      vertex 35.8007 -11.8974 4.5
    endloop
  endfacet
  facet normal -0.995021 -0.099666 0
    outer loop
      vertex 38.0146 -34 3
      vertex 35.8007 -11.8974 4.5
      vertex 35.8007 -11.8974 3
    endloop
  endfacet
  facet normal -0.995021 -0.099666 0
    outer loop
      vertex 35.8007 -11.8974 4.5
      vertex 38.0146 -34 3
      vertex 38.0146 -34 4.5
    endloop
  endfacet
  facet normal -1 0 0
    outer loop
      vertex 4.5 -48.3 0.29
      vertex 4.5 -47.4 3.3
      vertex 4.5 -47.4 0.29
    endloop
  endfacet
  facet normal -1 -0 0
    outer loop
      vertex 4.5 -47.4 3.3
      vertex 4.5 -48.3 0.29
      vertex 4.5 -48.3 3.3
    endloop
  endfacet
  facet normal 0 0 -1
    outer loop
      vertex -4.5 -47.4 3.3
      vertex -4.02476 -48.3 3.3
      vertex -4.5 -48.3 3.3
    endloop
  endfacet
  facet normal 0 0 -1
    outer loop
      vertex -4.02476 -48.3 3.3
      vertex -4.5 -47.4 3.3
      vertex -3.74093 -47.4 3.3
    endloop
  endfacet
  facet normal 0 0 -1
    outer loop
      vertex 4.02476 -48.3 3.3
      vertex 4.5 -47.4 3.3
      vertex 4.5 -48.3 3.3
    endloop
  endfacet
  facet normal -0 0 -1
    outer loop
      vertex 4.5 -47.4 3.3
      vertex 4.02476 -48.3 3.3
      vertex 3.74093 -47.4 3.3
    endloop
  endfacet
  facet normal 1 -0 0
    outer loop
      vertex -4.5 -48.3 3.3
      vertex -4.5 -47.4 0.29
      vertex -4.5 -47.4 3.3
    endloop
  endfacet
  facet normal 1 0 0
    outer loop
      vertex -4.5 -47.4 0.29
      vertex -4.5 -48.3 3.3
      vertex -4.5 -48.3 0.29
    endloop
  endfacet
  facet normal 0 -1 0
    outer loop
      vertex -4.5 -47.4 3.3
      vertex -3.74093 -47.4 3
      vertex -3.74093 -47.4 3.3
    endloop
  endfacet
  facet normal 0 -1 -0
    outer loop
      vertex -3.74093 -47.4 3
      vertex -4.5 -47.4 0.29
      vertex 3.74093 -47.4 3
    endloop
  endfacet
  facet normal 0 -1 0
    outer loop
      vertex -4.5 -47.4 0.29
      vertex -3.74093 -47.4 3
      vertex -4.5 -47.4 3.3
    endloop
  endfacet
  facet normal 0 -1 0
    outer loop
      vertex 3.74093 -47.4 3
      vertex 4.5 -47.4 3.3
      vertex 3.74093 -47.4 3.3
    endloop
  endfacet
  facet normal 0 -1 0
    outer loop
      vertex 3.74093 -47.4 3
      vertex 4.5 -47.4 0.29
      vertex 4.5 -47.4 3.3
    endloop
  endfacet
  facet normal 0 -1 0
    outer loop
      vertex 4.5 -47.4 0.29
      vertex 3.74093 -47.4 3
      vertex -4.5 -47.4 0.29
    endloop
  endfacet
  facet normal 0 1 0
    outer loop
      vertex 4.5 -48.3 3.3
      vertex 4.02476 -48.3 3
      vertex 4.02476 -48.3 3.3
    endloop
  endfacet
  facet normal 0 1 0
    outer loop
      vertex 4.02476 -48.3 3
      vertex 4.5 -48.3 0.29
      vertex -4.02476 -48.3 3
    endloop
  endfacet
  facet normal 0 1 -0
    outer loop
      vertex 4.5 -48.3 0.29
      vertex 4.02476 -48.3 3
      vertex 4.5 -48.3 3.3
    endloop
  endfacet
  facet normal 0 1 -0
    outer loop
      vertex -4.02476 -48.3 3
      vertex -4.5 -48.3 3.3
      vertex -4.02476 -48.3 3.3
    endloop
  endfacet
  facet normal 0 1 0
    outer loop
      vertex -4.02476 -48.3 3
      vertex -4.5 -48.3 0.29
      vertex -4.5 -48.3 3.3
    endloop
  endfacet
  facet normal 0 1 0
    outer loop
      vertex -4.5 -48.3 0.29
      vertex -4.02476 -48.3 3
      vertex 4.5 -48.3 0.29
    endloop
  endfacet
  facet normal -1 0 0
    outer loop
      vertex 4.5 -45.1 0.29
      vertex 4.5 -44.2 3.3
      vertex 4.5 -44.2 0.29
    endloop
  endfacet
  facet normal -1 -0 0
    outer loop
      vertex 4.5 -44.2 3.3
      vertex 4.5 -45.1 0.29
      vertex 4.5 -45.1 3.3
    endloop
  endfacet
  facet normal 0 0 -1
    outer loop
      vertex -4.5 -45.1 3.3
      vertex -3.79147 -44.2 3.3
      vertex -3.60563 -45.1 3.3
    endloop
  endfacet
  facet normal -0 0 -1
    outer loop
      vertex -3.79147 -44.2 3.3
      vertex -4.5 -45.1 3.3
      vertex -4.5 -44.2 3.3
    endloop
  endfacet
  facet normal 0 0 -1
    outer loop
      vertex 4.5 -45.1 3.3
      vertex 3.79147 -44.2 3.3
      vertex 4.5 -44.2 3.3
    endloop
  endfacet
  facet normal 0 -0 -1
    outer loop
      vertex 3.79147 -44.2 3.3
      vertex 4.5 -45.1 3.3
      vertex 3.60563 -45.1 3.3
    endloop
  endfacet
  facet normal 1 -0 0
    outer loop
      vertex -4.5 -45.1 3.3
      vertex -4.5 -44.2 0.29
      vertex -4.5 -44.2 3.3
    endloop
  endfacet
  facet normal 1 0 0
    outer loop
      vertex -4.5 -44.2 0.29
      vertex -4.5 -45.1 3.3
      vertex -4.5 -45.1 0.29
    endloop
  endfacet
  facet normal 0 -1 0
    outer loop
      vertex -4.5 -44.2 3.3
      vertex -3.79147 -44.2 3
      vertex -3.79147 -44.2 3.3
    endloop
  endfacet
  facet normal 0 -1 -0
    outer loop
      vertex -3.79147 -44.2 3
      vertex -4.5 -44.2 0.29
      vertex 3.79147 -44.2 3
    endloop
  endfacet
  facet normal 0 -1 0
    outer loop
      vertex -4.5 -44.2 0.29
      vertex -3.79147 -44.2 3
      vertex -4.5 -44.2 3.3
    endloop
  endfacet
  facet normal 0 -1 0
    outer loop
      vertex 3.79147 -44.2 3
      vertex 4.5 -44.2 3.3
      vertex 3.79147 -44.2 3.3
    endloop
  endfacet
  facet normal 0 -1 0
    outer loop
      vertex 3.79147 -44.2 3
      vertex 4.5 -44.2 0.29
      vertex 4.5 -44.2 3.3
    endloop
  endfacet
  facet normal 0 -1 0
    outer loop
      vertex 4.5 -44.2 0.29
      vertex 3.79147 -44.2 3
      vertex -4.5 -44.2 0.29
    endloop
  endfacet
  facet normal 0 1 0
    outer loop
      vertex 4.5 -45.1 3.3
      vertex 3.60563 -45.1 3
      vertex 3.60563 -45.1 3.3
    endloop
  endfacet
  facet normal 0 1 0
    outer loop
      vertex 3.60563 -45.1 3
      vertex 4.5 -45.1 0.29
      vertex -3.60563 -45.1 3
    endloop
  endfacet
  facet normal 0 1 -0
    outer loop
      vertex 4.5 -45.1 0.29
      vertex 3.60563 -45.1 3
      vertex 4.5 -45.1 3.3
    endloop
  endfacet
  facet normal 0 1 -0
    outer loop
      vertex -3.60563 -45.1 3
      vertex -4.5 -45.1 3.3
      vertex -3.60563 -45.1 3.3
    endloop
  endfacet
  facet normal 0 1 0
    outer loop
      vertex -3.60563 -45.1 3
      vertex -4.5 -45.1 0.29
      vertex -4.5 -45.1 3.3
    endloop
  endfacet
  facet normal 0 1 0
    outer loop
      vertex -4.5 -45.1 0.29
      vertex -3.60563 -45.1 3
      vertex 4.5 -45.1 0.29
    endloop
  endfacet
  facet normal -1 0 0
    outer loop
      vertex 4.5 -41.9 0.29
      vertex 4.5 -41 3.3
      vertex 4.5 -41 0.29
    endloop
  endfacet
  facet normal -1 -0 0
    outer loop
      vertex 4.5 -41 3.3
      vertex 4.5 -41.9 0.29
      vertex 4.5 -41.9 3.3
    endloop
  endfacet
  facet normal 0 0 -1
    outer loop
      vertex -4.5 -41.9 3.3
      vertex -4.45222 -41 3.3
      vertex -4.26638 -41.9 3.3
    endloop
  endfacet
  facet normal -0 0 -1
    outer loop
      vertex -4.45222 -41 3.3
      vertex -4.5 -41.9 3.3
      vertex -4.5 -41 3.3
    endloop
  endfacet
  facet normal 0 0 -1
    outer loop
      vertex 4.5 -41.9 3.3
      vertex 4.45222 -41 3.3
      vertex 4.5 -41 3.3
    endloop
  endfacet
  facet normal 0 -0 -1
    outer loop
      vertex 4.45222 -41 3.3
      vertex 4.5 -41.9 3.3
      vertex 4.26638 -41.9 3.3
    endloop
  endfacet
  facet normal 1 -0 0
    outer loop
      vertex -4.5 -41.9 3.3
      vertex -4.5 -41 0.29
      vertex -4.5 -41 3.3
    endloop
  endfacet
  facet normal 1 0 0
    outer loop
      vertex -4.5 -41 0.29
      vertex -4.5 -41.9 3.3
      vertex -4.5 -41.9 0.29
    endloop
  endfacet
  facet normal 0 -1 0
    outer loop
      vertex -4.5 -41 3.3
      vertex -4.45222 -41 3
      vertex -4.45222 -41 3.3
    endloop
  endfacet
  facet normal 0 -1 -0
    outer loop
      vertex -4.45222 -41 3
      vertex -4.5 -41 0.29
      vertex 4.45222 -41 3
    endloop
  endfacet
  facet normal 0 -1 0
    outer loop
      vertex -4.5 -41 0.29
      vertex -4.45222 -41 3
      vertex -4.5 -41 3.3
    endloop
  endfacet
  facet normal 0 -1 0
    outer loop
      vertex 4.45222 -41 3
      vertex 4.5 -41 3.3
      vertex 4.45222 -41 3.3
    endloop
  endfacet
  facet normal 0 -1 0
    outer loop
      vertex 4.45222 -41 3
      vertex 4.5 -41 0.29
      vertex 4.5 -41 3.3
    endloop
  endfacet
  facet normal 0 -1 0
    outer loop
      vertex 4.5 -41 0.29
      vertex 4.45222 -41 3
      vertex -4.5 -41 0.29
    endloop
  endfacet
  facet normal 0 1 0
    outer loop
      vertex 4.5 -41.9 3.3
      vertex 4.26638 -41.9 3
      vertex 4.26638 -41.9 3.3
    endloop
  endfacet
  facet normal 0 1 0
    outer loop
      vertex 4.26638 -41.9 3
      vertex 4.5 -41.9 0.29
      vertex -4.26638 -41.9 3
    endloop
  endfacet
  facet normal 0 1 -0
    outer loop
      vertex 4.5 -41.9 0.29
      vertex 4.26638 -41.9 3
      vertex 4.5 -41.9 3.3
    endloop
  endfacet
  facet normal 0 1 -0
    outer loop
      vertex -4.26638 -41.9 3
      vertex -4.5 -41.9 3.3
      vertex -4.26638 -41.9 3.3
    endloop
  endfacet
  facet normal 0 1 0
    outer loop
      vertex -4.26638 -41.9 3
      vertex -4.5 -41.9 0.29
      vertex -4.5 -41.9 3.3
    endloop
  endfacet
  facet normal 0 1 0
    outer loop
      vertex -4.5 -41.9 0.29
      vertex -4.26638 -41.9 3
      vertex 4.5 -41.9 0.29
    endloop
  endfacet
  facet normal -1 0 0
    outer loop
      vertex 4.5 -38.7 0.29
      vertex 4.5 -37.8 3
      vertex 4.5 -37.8 0.29
    endloop
  endfacet
  facet normal -1 -0 0
    outer loop
      vertex 4.5 -37.8 3
      vertex 4.5 -38.7 0.29
      vertex 4.5 -38.7 3
    endloop
  endfacet
  facet normal 1 -0 0
    outer loop
      vertex -4.5 -38.7 3
      vertex -4.5 -37.8 0.29
      vertex -4.5 -37.8 3
    endloop
  endfacet
  facet normal 1 0 0
    outer loop
      vertex -4.5 -37.8 0.29
      vertex -4.5 -38.7 3
      vertex -4.5 -38.7 0.29
    endloop
  endfacet
  facet normal 0 -1 0
    outer loop
      vertex -4.5 -37.8 0.29
      vertex 4.5 -37.8 3
      vertex -4.5 -37.8 3
    endloop
  endfacet
  facet normal 0 -1 -0
    outer loop
      vertex 4.5 -37.8 3
      vertex -4.5 -37.8 0.29
      vertex 4.5 -37.8 0.29
    endloop
  endfacet
  facet normal 0 1 -0
    outer loop
      vertex 4.5 -38.7 0.29
      vertex -4.5 -38.7 3
      vertex 4.5 -38.7 3
    endloop
  endfacet
  facet normal 0 1 0
    outer loop
      vertex -4.5 -38.7 3
      vertex 4.5 -38.7 0.29
      vertex -4.5 -38.7 0.29
    endloop
  endfacet
  facet normal 0 0 -1
    outer loop
      vertex -2.81487 -58.2392 0.29
      vertex -8.51028 -50.72 0.29
      vertex -4.5 -48.3 0.29
    endloop
  endfacet
  facet normal -0 0 -1
    outer loop
      vertex -4.5 -48.3 0.29
      vertex -8.51028 -50.72 0.29
      vertex -7.03561 -46.0439 0.29
    endloop
  endfacet
  facet normal 0 0 -1
    outer loop
      vertex -11.7752 -53.4654 0.29
      vertex -8.3685 -58.5552 0.29
      vertex -11.07 -58.83 0.29
    endloop
  endfacet
  facet normal 0 0 -1
    outer loop
      vertex -8.3685 -58.5552 0.29
      vertex -11.7752 -53.4654 0.29
      vertex -8.51028 -50.72 0.29
    endloop
  endfacet
  facet normal 0 0 -1
    outer loop
      vertex -13.6974 -59.181 0.29
      vertex -11.7752 -53.4654 0.29
      vertex -11.07 -58.83 0.29
    endloop
  endfacet
  facet normal 0 0 -1
    outer loop
      vertex -17.1629 -54.6519 0.29
      vertex -13.6974 -59.181 0.29
      vertex -16.2341 -59.607 0.29
    endloop
  endfacet
  facet normal 0 0 -1
    outer loop
      vertex -13.6974 -59.181 0.29
      vertex -17.1629 -54.6519 0.29
      vertex -11.7752 -53.4654 0.29
    endloop
  endfacet
  facet normal 0 0 -1
    outer loop
      vertex -18.1464 -60 0.29
      vertex -17.1629 -54.6519 0.29
      vertex -16.2341 -59.607 0.29
    endloop
  endfacet
  facet normal 0 0 -1
    outer loop
      vertex -23.8495 -56.3142 0.29
      vertex -17.1629 -54.6519 0.29
      vertex -18.1464 -60 0.29
    endloop
  endfacet
  facet normal -0 0 -1
    outer loop
      vertex -17.1629 -54.6519 0.29
      vertex -23.8495 -56.3142 0.29
      vertex -19.2878 -52.5461 0.29
    endloop
  endfacet
  facet normal -0 0 -1
    outer loop
      vertex -23.8495 -56.3142 0.29
      vertex -30.6071 -57.4853 0.29
      vertex -25.7988 -53.1868 0.29
    endloop
  endfacet
  facet normal 0 0 -1
    outer loop
      vertex -18.1464 -60 0.29
      vertex -30.6071 -57.4853 0.29
      vertex -23.8495 -56.3142 0.29
    endloop
  endfacet
  facet normal 0 0 -1
    outer loop
      vertex -33.9132 -60 0.29
      vertex -30.6071 -57.4853 0.29
      vertex -18.1464 -60 0.29
    endloop
  endfacet
  facet normal 0 0 -1
    outer loop
      vertex -36.0925 -55.2404 0.29
      vertex -30.6071 -57.4853 0.29
      vertex -33.9132 -60 0.29
    endloop
  endfacet
  facet normal 0 0 -1
    outer loop
      vertex -36.0925 -55.2404 0.29
      vertex -33.9132 -60 0.29
      vertex -34.5225 -59.9734 0.29
    endloop
  endfacet
  facet normal 0 0 -1
    outer loop
      vertex -36.0925 -55.2404 0.29
      vertex -34.5225 -59.9734 0.29
      vertex -35.0413 -59.9051 0.29
    endloop
  endfacet
  facet normal 0 0 -1
    outer loop
      vertex -36.0925 -55.2404 0.29
      vertex -35.0413 -59.9051 0.29
      vertex -35.5519 -59.7919 0.29
    endloop
  endfacet
  facet normal 0 0 -1
    outer loop
      vertex -36.0925 -55.2404 0.29
      vertex -35.5519 -59.7919 0.29
      vertex -36.0508 -59.6346 0.29
    endloop
  endfacet
  facet normal 0 0 -1
    outer loop
      vertex -30.6071 -57.4853 0.29
      vertex -36.0925 -55.2404 0.29
      vertex -32.3663 -53.8045 0.29
    endloop
  endfacet
  facet normal 0 -0 -1
    outer loop
      vertex -36.0925 -55.2404 0.29
      vertex -36.0508 -59.6346 0.29
      vertex -36.534 -59.4344 0.29
    endloop
  endfacet
  facet normal 0 0 -1
    outer loop
      vertex -4.5 -41 0.29
      vertex 4.5 -38.7 0.29
      vertex 4.5 -41 0.29
    endloop
  endfacet
  facet normal -0 0 -1
    outer loop
      vertex 4.5 -38.7 0.29
      vertex -4.5 -41 0.29
      vertex -4.5 -38.7 0.29
    endloop
  endfacet
  facet normal 0 0 -1
    outer loop
      vertex -4.5 -44.2 0.29
      vertex 4.5 -41.9 0.29
      vertex 4.5 -44.2 0.29
    endloop
  endfacet
  facet normal -0 0 -1
    outer loop
      vertex 4.5 -41.9 0.29
      vertex -4.5 -44.2 0.29
      vertex -4.5 -41.9 0.29
    endloop
  endfacet
  facet normal 0 0 -1
    outer loop
      vertex -4.5 -47.4 0.29
      vertex 4.5 -45.1 0.29
      vertex 4.5 -47.4 0.29
    endloop
  endfacet
  facet normal -0 0 -1
    outer loop
      vertex 4.5 -45.1 0.29
      vertex -4.5 -47.4 0.29
      vertex -4.5 -45.1 0.29
    endloop
  endfacet
  facet normal -0 0 -1
    outer loop
      vertex 8.51028 -50.72 0.29
      vertex 2.81487 -58.2392 0.29
      vertex 4.5 -48.3 0.29
    endloop
  endfacet
  facet normal 0 0 -1
    outer loop
      vertex 0 -58.1996 0.29
      vertex 4.5 -48.3 0.29
      vertex 2.81487 -58.2392 0.29
    endloop
  endfacet
  facet normal 0 0 -1
    outer loop
      vertex -4.5 -48.3 0.29
      vertex 0 -58.1996 0.29
      vertex -2.81487 -58.2392 0.29
    endloop
  endfacet
  facet normal 0 0 -1
    outer loop
      vertex 0 -58.1996 0.29
      vertex -4.5 -48.3 0.29
      vertex 4.5 -48.3 0.29
    endloop
  endfacet
  facet normal 0 0 -1
    outer loop
      vertex -7.03561 -46.0439 0.29
      vertex -4.5 -47.4 0.29
      vertex -4.5 -48.3 0.29
    endloop
  endfacet
  facet normal 0 0 -1
    outer loop
      vertex -4.5 -47.4 0.29
      vertex -7.03561 -46.0439 0.29
      vertex -4.5 -45.1 0.29
    endloop
  endfacet
  facet normal -0 0 -1
    outer loop
      vertex -4.5 -45.1 0.29
      vertex -7.03561 -46.0439 0.29
      vertex -4.5 -44.2 0.29
    endloop
  endfacet
  facet normal 0 0 -1
    outer loop
      vertex -7.93126 -41.7063 0.29
      vertex -4.5 -44.2 0.29
      vertex -7.03561 -46.0439 0.29
    endloop
  endfacet
  facet normal 0 0 -1
    outer loop
      vertex -4.5 -44.2 0.29
      vertex -7.93126 -41.7063 0.29
      vertex -4.5 -41.9 0.29
    endloop
  endfacet
  facet normal 0 0 -1
    outer loop
      vertex -4.5 -41.9 0.29
      vertex -7.93126 -41.7063 0.29
      vertex -4.5 -41 0.29
    endloop
  endfacet
  facet normal 0 0 -1
    outer loop
      vertex -8.51028 -50.72 0.29
      vertex -5.61066 -58.358 0.29
      vertex -8.3685 -58.5552 0.29
    endloop
  endfacet
  facet normal 0 0 -1
    outer loop
      vertex -8.51028 -50.72 0.29
      vertex -2.81487 -58.2392 0.29
      vertex -5.61066 -58.358 0.29
    endloop
  endfacet
  facet normal 0 0 -1
    outer loop
      vertex 36.0508 -59.6346 0.29
      vertex 36.0925 -55.2404 0.29
      vertex 36.534 -59.4344 0.29
    endloop
  endfacet
  facet normal 0 0 -1
    outer loop
      vertex 35.5519 -59.7919 0.29
      vertex 36.0925 -55.2404 0.29
      vertex 36.0508 -59.6346 0.29
    endloop
  endfacet
  facet normal 0 0 -1
    outer loop
      vertex 35.0413 -59.9051 0.29
      vertex 36.0925 -55.2404 0.29
      vertex 35.5519 -59.7919 0.29
    endloop
  endfacet
  facet normal 0 0 -1
    outer loop
      vertex 34.5225 -59.9734 0.29
      vertex 36.0925 -55.2404 0.29
      vertex 35.0413 -59.9051 0.29
    endloop
  endfacet
  facet normal 0 0 -1
    outer loop
      vertex 33.9132 -60 0.29
      vertex 36.0925 -55.2404 0.29
      vertex 34.5225 -59.9734 0.29
    endloop
  endfacet
  facet normal 0 0 -1
    outer loop
      vertex 30.6071 -57.4853 0.29
      vertex 36.0925 -55.2404 0.29
      vertex 33.9132 -60 0.29
    endloop
  endfacet
  facet normal -0 0 -1
    outer loop
      vertex 36.0925 -55.2404 0.29
      vertex 30.6071 -57.4853 0.29
      vertex 32.3663 -53.8045 0.29
    endloop
  endfacet
  facet normal 0 0 -1
    outer loop
      vertex 30.6071 -57.4853 0.29
      vertex 23.8495 -56.3142 0.29
      vertex 25.7988 -53.1868 0.29
    endloop
  endfacet
  facet normal 0 0 -1
    outer loop
      vertex 18.1464 -60 0.29
      vertex 30.6071 -57.4853 0.29
      vertex 33.9132 -60 0.29
    endloop
  endfacet
  facet normal -0 0 -1
    outer loop
      vertex 30.6071 -57.4853 0.29
      vertex 18.1464 -60 0.29
      vertex 23.8495 -56.3142 0.29
    endloop
  endfacet
  facet normal 0 0 -1
    outer loop
      vertex 17.1629 -54.6519 0.29
      vertex 23.8495 -56.3142 0.29
      vertex 18.1464 -60 0.29
    endloop
  endfacet
  facet normal 0 0 -1
    outer loop
      vertex 23.8495 -56.3142 0.29
      vertex 17.1629 -54.6519 0.29
      vertex 19.2878 -52.5461 0.29
    endloop
  endfacet
  facet normal 0 0 -1
    outer loop
      vertex 16.2341 -59.607 0.29
      vertex 17.1629 -54.6519 0.29
      vertex 18.1464 -60 0.29
    endloop
  endfacet
  facet normal 0 0 -1
    outer loop
      vertex 13.6974 -59.181 0.29
      vertex 17.1629 -54.6519 0.29
      vertex 16.2341 -59.607 0.29
    endloop
  endfacet
  facet normal 0 0 -1
    outer loop
      vertex 13.6974 -59.181 0.29
      vertex 11.7752 -53.4654 0.29
      vertex 17.1629 -54.6519 0.29
    endloop
  endfacet
  facet normal 0 0 -1
    outer loop
      vertex 11.07 -58.83 0.29
      vertex 11.7752 -53.4654 0.29
      vertex 13.6974 -59.181 0.29
    endloop
  endfacet
  facet normal 0 0 -1
    outer loop
      vertex 8.3685 -58.5552 0.29
      vertex 11.7752 -53.4654 0.29
      vertex 11.07 -58.83 0.29
    endloop
  endfacet
  facet normal -0 0 -1
    outer loop
      vertex 11.7752 -53.4654 0.29
      vertex 8.3685 -58.5552 0.29
      vertex 8.51028 -50.72 0.29
    endloop
  endfacet
  facet normal 0 0 -1
    outer loop
      vertex 5.61066 -58.358 0.29
      vertex 8.51028 -50.72 0.29
      vertex 8.3685 -58.5552 0.29
    endloop
  endfacet
  facet normal 0 0 -1
    outer loop
      vertex 2.81487 -58.2392 0.29
      vertex 8.51028 -50.72 0.29
      vertex 5.61066 -58.358 0.29
    endloop
  endfacet
  facet normal 0 0 -1
    outer loop
      vertex 36.0925 -55.2404 0.29
      vertex 38.9118 -57.4392 0.29
      vertex 38.5932 -57.8544 0.29
    endloop
  endfacet
  facet normal 0 0 -1
    outer loop
      vertex 36.0925 -55.2404 0.29
      vertex 38.5932 -57.8544 0.29
      vertex 38.2399 -58.2399 0.29
    endloop
  endfacet
  facet normal 0 0 -1
    outer loop
      vertex 36.0925 -55.2404 0.29
      vertex 38.2399 -58.2399 0.29
      vertex 37.8544 -58.5932 0.29
    endloop
  endfacet
  facet normal 0 0 -1
    outer loop
      vertex 36.0925 -55.2404 0.29
      vertex 37.8544 -58.5932 0.29
      vertex 37.4392 -58.9118 0.29
    endloop
  endfacet
  facet normal 0 0 -1
    outer loop
      vertex 36.0925 -55.2404 0.29
      vertex 37.4392 -58.9118 0.29
      vertex 36.9982 -59.1928 0.29
    endloop
  endfacet
  facet normal 0 0 -1
    outer loop
      vertex 36.0925 -55.2404 0.29
      vertex 36.9982 -59.1928 0.29
      vertex 36.534 -59.4344 0.29
    endloop
  endfacet
  facet normal 0 0 -1
    outer loop
      vertex 38.9118 -57.4392 0.29
      vertex 36.0925 -55.2404 0.29
      vertex 38.9653 -57.3553 0.29
    endloop
  endfacet
  facet normal 0 0 -1
    outer loop
      vertex 35.0821 -49.9026 0.29
      vertex 38.9653 -57.3553 0.29
      vertex 36.0925 -55.2404 0.29
    endloop
  endfacet
  facet normal 0 0 -1
    outer loop
      vertex 38.9653 -57.3553 0.29
      vertex 35.0821 -49.9026 0.29
      vertex 35.9878 -29.1689 0.29
    endloop
  endfacet
  facet normal 0 0 -1
    outer loop
      vertex 31.3293 -44.9432 0.29
      vertex 35.9878 -29.1689 0.29
      vertex 35.0821 -49.9026 0.29
    endloop
  endfacet
  facet normal 0 0 -1
    outer loop
      vertex 25.0636 -40.9917 0.29
      vertex 35.9878 -29.1689 0.29
      vertex 31.3293 -44.9432 0.29
    endloop
  endfacet
  facet normal 0 -0 -1
    outer loop
      vertex 33.8 -27.2 0.29
      vertex 35.9878 -29.1689 0.29
      vertex 25.0636 -40.9917 0.29
    endloop
  endfacet
  facet normal 0 0 -1
    outer loop
      vertex 35.9878 -29.1689 0.29
      vertex 33.8 -27.2 0.29
      vertex 35.9594 -28.9791 0.29
    endloop
  endfacet
  facet normal 0 0 -1
    outer loop
      vertex 35.9594 -28.9791 0.29
      vertex 33.8 -27.2 0.29
      vertex 35.9144 -28.7925 0.29
    endloop
  endfacet
  facet normal 0 0 -1
    outer loop
      vertex 35.9144 -28.7925 0.29
      vertex 33.8 -27.2 0.29
      vertex 35.8535 -28.6105 0.29
    endloop
  endfacet
  facet normal 0 0 -1
    outer loop
      vertex 35.8535 -28.6105 0.29
      vertex 33.8 -27.2 0.29
      vertex 35.7768 -28.4345 0.29
    endloop
  endfacet
  facet normal 0 0 -1
    outer loop
      vertex 35.7768 -28.4345 0.29
      vertex 33.8 -27.2 0.29
      vertex 35.6852 -28.2659 0.29
    endloop
  endfacet
  facet normal 0 0 -1
    outer loop
      vertex 35.6852 -28.2659 0.29
      vertex 33.8 -27.2 0.29
      vertex 35.5791 -28.1059 0.29
    endloop
  endfacet
  facet normal 0 0 -1
    outer loop
      vertex 35.5791 -28.1059 0.29
      vertex 33.8 -27.2 0.29
      vertex 35.4596 -27.9558 0.29
    endloop
  endfacet
  facet normal 0 0 -1
    outer loop
      vertex 35.4596 -27.9558 0.29
      vertex 33.8 -27.2 0.29
      vertex 35.3274 -27.8167 0.29
    endloop
  endfacet
  facet normal 0 0 -1
    outer loop
      vertex 35.3274 -27.8167 0.29
      vertex 33.8 -27.2 0.29
      vertex 35.1836 -27.6895 0.29
    endloop
  endfacet
  facet normal 0 0 -1
    outer loop
      vertex 35.1836 -27.6895 0.29
      vertex 33.8 -27.2 0.29
      vertex 35.0293 -27.5755 0.29
    endloop
  endfacet
  facet normal 0 0 -1
    outer loop
      vertex 35.0293 -27.5755 0.29
      vertex 33.8 -27.2 0.29
      vertex 34.8656 -27.4753 0.29
    endloop
  endfacet
  facet normal 0 0 -1
    outer loop
      vertex 34.6938 -27.3897 0.29
      vertex 33.8 -27.2 0.29
      vertex 34.5152 -27.3195 0.29
    endloop
  endfacet
  facet normal 0 0 -1
    outer loop
      vertex 34.5152 -27.3195 0.29
      vertex 33.8 -27.2 0.29
      vertex 34.3311 -27.2651 0.29
    endloop
  endfacet
  facet normal 0 0 -1
    outer loop
      vertex 34.3311 -27.2651 0.29
      vertex 33.8 -27.2 0.29
      vertex 34.143 -27.2269 0.29
    endloop
  endfacet
  facet normal 0 0 -1
    outer loop
      vertex 34.143 -27.2269 0.29
      vertex 33.8 -27.2 0.29
      vertex 33.9523 -27.2053 0.29
    endloop
  endfacet
  facet normal 0 0 -1
    outer loop
      vertex 34.8656 -27.4753 0.29
      vertex 33.8 -27.2 0.29
      vertex 34.6938 -27.3897 0.29
    endloop
  endfacet
  facet normal 0 0 -1
    outer loop
      vertex 18.8249 -38.5557 0.29
      vertex 33.8 -27.2 0.29
      vertex 25.0636 -40.9917 0.29
    endloop
  endfacet
  facet normal 0 0 -1
    outer loop
      vertex 14.7495 -37.7862 0.29
      vertex 33.8 -27.2 0.29
      vertex 18.8249 -38.5557 0.29
    endloop
  endfacet
  facet normal 0 0 -1
    outer loop
      vertex 4.5 -37.8 0.29
      vertex 14.7495 -37.7862 0.29
      vertex 11.197 -38.9601 0.29
    endloop
  endfacet
  facet normal 0 0 -1
    outer loop
      vertex 8.51028 -50.72 0.29
      vertex 4.5 -48.3 0.29
      vertex 7.03561 -46.0439 0.29
    endloop
  endfacet
  facet normal 0 0 -1
    outer loop
      vertex 4.5 -47.4 0.29
      vertex 7.03561 -46.0439 0.29
      vertex 4.5 -48.3 0.29
    endloop
  endfacet
  facet normal 0 0 -1
    outer loop
      vertex 4.5 -45.1 0.29
      vertex 7.03561 -46.0439 0.29
      vertex 4.5 -47.4 0.29
    endloop
  endfacet
  facet normal 0 0 -1
    outer loop
      vertex 4.5 -44.2 0.29
      vertex 7.03561 -46.0439 0.29
      vertex 4.5 -45.1 0.29
    endloop
  endfacet
  facet normal 0 0 -1
    outer loop
      vertex 7.03561 -46.0439 0.29
      vertex 4.5 -44.2 0.29
      vertex 7.93126 -41.7063 0.29
    endloop
  endfacet
  facet normal 0 0 -1
    outer loop
      vertex 4.5 -41.9 0.29
      vertex 7.93126 -41.7063 0.29
      vertex 4.5 -44.2 0.29
    endloop
  endfacet
  facet normal 0 0 -1
    outer loop
      vertex 4.5 -41 0.29
      vertex 7.93126 -41.7063 0.29
      vertex 4.5 -41.9 0.29
    endloop
  endfacet
  facet normal 0 0 -1
    outer loop
      vertex 4.5 -38.7 0.29
      vertex 7.93126 -41.7063 0.29
      vertex 4.5 -41 0.29
    endloop
  endfacet
  facet normal 0 0 -1
    outer loop
      vertex 7.93126 -41.7063 0.29
      vertex 4.5 -38.7 0.29
      vertex 11.197 -38.9601 0.29
    endloop
  endfacet
  facet normal 0 0 -1
    outer loop
      vertex 4.5 -37.8 0.29
      vertex 11.197 -38.9601 0.29
      vertex 4.5 -38.7 0.29
    endloop
  endfacet
  facet normal -0 0 -1
    outer loop
      vertex 14.7495 -37.7862 0.29
      vertex 4.5 -37.8 0.29
      vertex 33.8 -27.2 0.29
    endloop
  endfacet
  facet normal 0 0 -1
    outer loop
      vertex -4.5 -37.8 0.29
      vertex 33.8 -27.2 0.29
      vertex 4.5 -37.8 0.29
    endloop
  endfacet
  facet normal -0 0 -1
    outer loop
      vertex -4.5 -41 0.29
      vertex -7.93126 -41.7063 0.29
      vertex -4.5 -38.7 0.29
    endloop
  endfacet
  facet normal 0 0 -1
    outer loop
      vertex -11.197 -38.9601 0.29
      vertex -4.5 -38.7 0.29
      vertex -7.93126 -41.7063 0.29
    endloop
  endfacet
  facet normal -0 0 -1
    outer loop
      vertex -4.5 -38.7 0.29
      vertex -11.197 -38.9601 0.29
      vertex -4.5 -37.8 0.29
    endloop
  endfacet
  facet normal 0 0 -1
    outer loop
      vertex -14.7495 -37.7862 0.29
      vertex -4.5 -37.8 0.29
      vertex -11.197 -38.9601 0.29
    endloop
  endfacet
  facet normal 0 0 -1
    outer loop
      vertex -33.8 -27.2 0.29
      vertex -4.5 -37.8 0.29
      vertex -14.7495 -37.7862 0.29
    endloop
  endfacet
  facet normal 0 0 -1
    outer loop
      vertex -33.8 -27.2 0.29
      vertex -14.7495 -37.7862 0.29
      vertex -18.8249 -38.5557 0.29
    endloop
  endfacet
  facet normal 0 0 -1
    outer loop
      vertex -4.5 -37.8 0.29
      vertex -33.8 -27.2 0.29
      vertex 33.8 -27.2 0.29
    endloop
  endfacet
  facet normal 0 0 -1
    outer loop
      vertex -25.0636 -40.9917 0.29
      vertex -33.8 -27.2 0.29
      vertex -18.8249 -38.5557 0.29
    endloop
  endfacet
  facet normal 0 0 -1
    outer loop
      vertex -35.9878 -29.1689 0.29
      vertex -25.0636 -40.9917 0.29
      vertex -31.3293 -44.9432 0.29
    endloop
  endfacet
  facet normal 0 0 -1
    outer loop
      vertex -25.0636 -40.9917 0.29
      vertex -35.9878 -29.1689 0.29
      vertex -33.8 -27.2 0.29
    endloop
  endfacet
  facet normal 0 0 -1
    outer loop
      vertex -33.8 -27.2 0.29
      vertex -35.9878 -29.1689 0.29
      vertex -33.9917 -27.2084 0.29
    endloop
  endfacet
  facet normal 0 0 -1
    outer loop
      vertex -33.9917 -27.2084 0.29
      vertex -35.9878 -29.1689 0.29
      vertex -34.182 -27.2334 0.29
    endloop
  endfacet
  facet normal 0 0 -1
    outer loop
      vertex -34.182 -27.2334 0.29
      vertex -35.9878 -29.1689 0.29
      vertex -34.3694 -27.275 0.29
    endloop
  endfacet
  facet normal 0 0 -1
    outer loop
      vertex -34.3694 -27.275 0.29
      vertex -35.9878 -29.1689 0.29
      vertex -34.5524 -27.3327 0.29
    endloop
  endfacet
  facet normal 0 0 -1
    outer loop
      vertex -34.5524 -27.3327 0.29
      vertex -35.9878 -29.1689 0.29
      vertex -34.7298 -27.4061 0.29
    endloop
  endfacet
  facet normal 0 0 -1
    outer loop
      vertex -34.7298 -27.4061 0.29
      vertex -35.9878 -29.1689 0.29
      vertex -34.9 -27.4947 0.29
    endloop
  endfacet
  facet normal 0 0 -1
    outer loop
      vertex -35.9878 -29.1689 0.29
      vertex -31.3293 -44.9432 0.29
      vertex -35.0821 -49.9026 0.29
    endloop
  endfacet
  facet normal 0 0 -1
    outer loop
      vertex -34.9 -27.4947 0.29
      vertex -35.9878 -29.1689 0.29
      vertex -35.0619 -27.5979 0.29
    endloop
  endfacet
  facet normal 0 0 -1
    outer loop
      vertex -35.0619 -27.5979 0.29
      vertex -35.9878 -29.1689 0.29
      vertex -35.2141 -27.7147 0.29
    endloop
  endfacet
  facet normal 0 0 -1
    outer loop
      vertex -35.2141 -27.7147 0.29
      vertex -35.9878 -29.1689 0.29
      vertex -35.3556 -27.8444 0.29
    endloop
  endfacet
  facet normal 0 0 -1
    outer loop
      vertex -35.3556 -27.8444 0.29
      vertex -35.9878 -29.1689 0.29
      vertex -35.4853 -27.9859 0.29
    endloop
  endfacet
  facet normal 0 0 -1
    outer loop
      vertex -35.4853 -27.9859 0.29
      vertex -35.9878 -29.1689 0.29
      vertex -35.6021 -28.1381 0.29
    endloop
  endfacet
  facet normal 0 0 -1
    outer loop
      vertex -35.6021 -28.1381 0.29
      vertex -35.9878 -29.1689 0.29
      vertex -35.7052 -28.3 0.29
    endloop
  endfacet
  facet normal 0 0 -1
    outer loop
      vertex -35.7052 -28.3 0.29
      vertex -35.9878 -29.1689 0.29
      vertex -35.7939 -28.4702 0.29
    endloop
  endfacet
  facet normal 0 0 -1
    outer loop
      vertex -35.7939 -28.4702 0.29
      vertex -35.9878 -29.1689 0.29
      vertex -35.8673 -28.6476 0.29
    endloop
  endfacet
  facet normal 0 0 -1
    outer loop
      vertex -35.8673 -28.6476 0.29
      vertex -35.9878 -29.1689 0.29
      vertex -35.925 -28.8306 0.29
    endloop
  endfacet
  facet normal 0 0 -1
    outer loop
      vertex -35.925 -28.8306 0.29
      vertex -35.9878 -29.1689 0.29
      vertex -35.9666 -29.018 0.29
    endloop
  endfacet
  facet normal 0 0 -1
    outer loop
      vertex -38.9653 -57.3553 0.29
      vertex -35.0821 -49.9026 0.29
      vertex -36.0925 -55.2404 0.29
    endloop
  endfacet
  facet normal 0 0 -1
    outer loop
      vertex -36.9982 -59.1928 0.29
      vertex -36.0925 -55.2404 0.29
      vertex -36.534 -59.4344 0.29
    endloop
  endfacet
  facet normal 0 0 -1
    outer loop
      vertex -37.4392 -58.9118 0.29
      vertex -36.0925 -55.2404 0.29
      vertex -36.9982 -59.1928 0.29
    endloop
  endfacet
  facet normal 0 0 -1
    outer loop
      vertex -37.8544 -58.5932 0.29
      vertex -36.0925 -55.2404 0.29
      vertex -37.4392 -58.9118 0.29
    endloop
  endfacet
  facet normal 0 0 -1
    outer loop
      vertex -38.2399 -58.2399 0.29
      vertex -36.0925 -55.2404 0.29
      vertex -37.8544 -58.5932 0.29
    endloop
  endfacet
  facet normal 0 0 -1
    outer loop
      vertex -38.5932 -57.8544 0.29
      vertex -36.0925 -55.2404 0.29
      vertex -38.2399 -58.2399 0.29
    endloop
  endfacet
  facet normal 0 0 -1
    outer loop
      vertex -38.9118 -57.4392 0.29
      vertex -36.0925 -55.2404 0.29
      vertex -38.5932 -57.8544 0.29
    endloop
  endfacet
  facet normal 0 0 -1
    outer loop
      vertex -36.0925 -55.2404 0.29
      vertex -38.9118 -57.4392 0.29
      vertex -38.9653 -57.3553 0.29
    endloop
  endfacet
  facet normal -0 0 -1
    outer loop
      vertex -35.0821 -49.9026 0.29
      vertex -38.9653 -57.3553 0.29
      vertex -35.9878 -29.1689 0.29
    endloop
  endfacet
  facet normal -0.130524 0.991445 0
    outer loop
      vertex 35.0413 -59.9051 0
      vertex 34.5225 -59.9734 0.29
      vertex 35.0413 -59.9051 0.29
    endloop
  endfacet
  facet normal -0.130524 0.991445 0
    outer loop
      vertex 34.5225 -59.9734 0.29
      vertex 35.0413 -59.9051 0
      vertex 34.5225 -59.9734 0
    endloop
  endfacet
  facet normal -0.216445 0.976295 0
    outer loop
      vertex 35.5519 -59.7919 0
      vertex 35.0413 -59.9051 0.29
      vertex 35.5519 -59.7919 0.29
    endloop
  endfacet
  facet normal -0.216445 0.976295 0
    outer loop
      vertex 35.0413 -59.9051 0.29
      vertex 35.5519 -59.7919 0
      vertex 35.0413 -59.9051 0
    endloop
  endfacet
  facet normal -0.300701 0.953718 0
    outer loop
      vertex 36.0508 -59.6346 0
      vertex 35.5519 -59.7919 0.29
      vertex 36.0508 -59.6346 0.29
    endloop
  endfacet
  facet normal -0.300701 0.953718 0
    outer loop
      vertex 35.5519 -59.7919 0.29
      vertex 36.0508 -59.6346 0
      vertex 35.5519 -59.7919 0
    endloop
  endfacet
  facet normal -0.382768 0.923844 0
    outer loop
      vertex 36.534 -59.4344 0
      vertex 36.0508 -59.6346 0.29
      vertex 36.534 -59.4344 0.29
    endloop
  endfacet
  facet normal -0.382768 0.923844 0
    outer loop
      vertex 36.0508 -59.6346 0.29
      vertex 36.534 -59.4344 0
      vertex 36.0508 -59.6346 0
    endloop
  endfacet
  facet normal -0.461678 0.887048 0
    outer loop
      vertex 36.9982 -59.1928 0
      vertex 36.534 -59.4344 0.29
      vertex 36.9982 -59.1928 0.29
    endloop
  endfacet
  facet normal -0.461678 0.887048 0
    outer loop
      vertex 36.534 -59.4344 0.29
      vertex 36.9982 -59.1928 0
      vertex 36.534 -59.4344 0
    endloop
  endfacet
  facet normal -0.53737 0.843346 0
    outer loop
      vertex 37.4392 -58.9118 0
      vertex 36.9982 -59.1928 0.29
      vertex 37.4392 -58.9118 0.29
    endloop
  endfacet
  facet normal -0.53737 0.843346 0
    outer loop
      vertex 36.9982 -59.1928 0.29
      vertex 37.4392 -58.9118 0
      vertex 36.9982 -59.1928 0
    endloop
  endfacet
  facet normal -0.608768 0.793348 0
    outer loop
      vertex 37.8544 -58.5932 0
      vertex 37.4392 -58.9118 0.29
      vertex 37.8544 -58.5932 0.29
    endloop
  endfacet
  facet normal -0.608768 0.793348 0
    outer loop
      vertex 37.4392 -58.9118 0.29
      vertex 37.8544 -58.5932 0
      vertex 37.4392 -58.9118 0
    endloop
  endfacet
  facet normal -0.675647 0.737226 0
    outer loop
      vertex 38.2399 -58.2399 0
      vertex 37.8544 -58.5932 0.29
      vertex 38.2399 -58.2399 0.29
    endloop
  endfacet
  facet normal -0.675647 0.737226 0
    outer loop
      vertex 37.8544 -58.5932 0.29
      vertex 38.2399 -58.2399 0
      vertex 37.8544 -58.5932 0
    endloop
  endfacet
  facet normal -0.737226 0.675647 0
    outer loop
      vertex 38.2399 -58.2399 0
      vertex 38.5932 -57.8544 0.29
      vertex 38.5932 -57.8544 0
    endloop
  endfacet
  facet normal -0.737226 0.675647 0
    outer loop
      vertex 38.5932 -57.8544 0.29
      vertex 38.2399 -58.2399 0
      vertex 38.2399 -58.2399 0.29
    endloop
  endfacet
  facet normal -0.793348 0.608768 0
    outer loop
      vertex 38.5932 -57.8544 0
      vertex 38.9118 -57.4392 0.29
      vertex 38.9118 -57.4392 0
    endloop
  endfacet
  facet normal -0.793348 0.608768 0
    outer loop
      vertex 38.9118 -57.4392 0.29
      vertex 38.5932 -57.8544 0
      vertex 38.5932 -57.8544 0.29
    endloop
  endfacet
  facet normal -0.843165 0.537656 0
    outer loop
      vertex 38.9118 -57.4392 0
      vertex 38.9653 -57.3553 0.29
      vertex 38.9653 -57.3553 0
    endloop
  endfacet
  facet normal -0.843165 0.537656 0
    outer loop
      vertex 38.9653 -57.3553 0.29
      vertex 38.9118 -57.4392 0
      vertex 38.9118 -57.4392 0.29
    endloop
  endfacet
  facet normal -0.994467 -0.105052 0
    outer loop
      vertex 38.9653 -57.3553 0
      vertex 35.9878 -29.1689 0.29
      vertex 35.9878 -29.1689 0
    endloop
  endfacet
  facet normal -0.994467 -0.105052 0
    outer loop
      vertex 35.9878 -29.1689 0.29
      vertex 38.9653 -57.3553 0
      vertex 38.9653 -57.3553 0.29
    endloop
  endfacet
  facet normal -0.98899 -0.147984 0
    outer loop
      vertex 35.9878 -29.1689 0
      vertex 35.9594 -28.9791 0.29
      vertex 35.9594 -28.9791 0
    endloop
  endfacet
  facet normal -0.98899 -0.147984 0
    outer loop
      vertex 35.9594 -28.9791 0.29
      vertex 35.9878 -29.1689 0
      vertex 35.9878 -29.1689 0.29
    endloop
  endfacet
  facet normal -0.972131 -0.234437 0
    outer loop
      vertex 35.9594 -28.9791 0
      vertex 35.9144 -28.7925 0.29
      vertex 35.9144 -28.7925 0
    endloop
  endfacet
  facet normal -0.972131 -0.234437 0
    outer loop
      vertex 35.9144 -28.7925 0.29
      vertex 35.9594 -28.9791 0
      vertex 35.9594 -28.9791 0.29
    endloop
  endfacet
  facet normal -0.948318 -0.317322 0
    outer loop
      vertex 35.9144 -28.7925 0
      vertex 35.8535 -28.6105 0.29
      vertex 35.8535 -28.6105 0
    endloop
  endfacet
  facet normal -0.948318 -0.317322 0
    outer loop
      vertex 35.8535 -28.6105 0.29
      vertex 35.9144 -28.7925 0
      vertex 35.9144 -28.7925 0.29
    endloop
  endfacet
  facet normal -0.91673 -0.399507 0
    outer loop
      vertex 35.8535 -28.6105 0
      vertex 35.7768 -28.4345 0.29
      vertex 35.7768 -28.4345 0
    endloop
  endfacet
  facet normal -0.91673 -0.399507 0
    outer loop
      vertex 35.7768 -28.4345 0.29
      vertex 35.8535 -28.6105 0
      vertex 35.8535 -28.6105 0.29
    endloop
  endfacet
  facet normal -0.878691 -0.477391 0
    outer loop
      vertex 35.7768 -28.4345 0
      vertex 35.6852 -28.2659 0.29
      vertex 35.6852 -28.2659 0
    endloop
  endfacet
  facet normal -0.878691 -0.477391 0
    outer loop
      vertex 35.6852 -28.2659 0.29
      vertex 35.7768 -28.4345 0
      vertex 35.7768 -28.4345 0.29
    endloop
  endfacet
  facet normal -0.83341 -0.552655 0
    outer loop
      vertex 35.6852 -28.2659 0
      vertex 35.5791 -28.1059 0.29
      vertex 35.5791 -28.1059 0
    endloop
  endfacet
  facet normal -0.83341 -0.552655 0
    outer loop
      vertex 35.5791 -28.1059 0.29
      vertex 35.6852 -28.2659 0
      vertex 35.6852 -28.2659 0.29
    endloop
  endfacet
  facet normal -0.782341 -0.62285 0
    outer loop
      vertex 35.5791 -28.1059 0
      vertex 35.4596 -27.9558 0.29
      vertex 35.4596 -27.9558 0
    endloop
  endfacet
  facet normal -0.782341 -0.62285 0
    outer loop
      vertex 35.4596 -27.9558 0.29
      vertex 35.5791 -28.1059 0
      vertex 35.5791 -28.1059 0.29
    endloop
  endfacet
  facet normal -0.724856 -0.6889 0
    outer loop
      vertex 35.4596 -27.9558 0
      vertex 35.3274 -27.8167 0.29
      vertex 35.3274 -27.8167 0
    endloop
  endfacet
  facet normal -0.724856 -0.6889 0
    outer loop
      vertex 35.3274 -27.8167 0.29
      vertex 35.4596 -27.9558 0
      vertex 35.4596 -27.9558 0.29
    endloop
  endfacet
  facet normal -0.662551 -0.749016 0
    outer loop
      vertex 35.1836 -27.6895 0
      vertex 35.3274 -27.8167 0.29
      vertex 35.1836 -27.6895 0.29
    endloop
  endfacet
  facet normal -0.662551 -0.749016 -0
    outer loop
      vertex 35.3274 -27.8167 0.29
      vertex 35.1836 -27.6895 0
      vertex 35.3274 -27.8167 0
    endloop
  endfacet
  facet normal -0.59423 -0.804295 0
    outer loop
      vertex 35.0293 -27.5755 0
      vertex 35.1836 -27.6895 0.29
      vertex 35.0293 -27.5755 0.29
    endloop
  endfacet
  facet normal -0.59423 -0.804295 -0
    outer loop
      vertex 35.1836 -27.6895 0.29
      vertex 35.0293 -27.5755 0
      vertex 35.1836 -27.6895 0
    endloop
  endfacet
  facet normal -0.522061 -0.852908 0
    outer loop
      vertex 34.8656 -27.4753 0
      vertex 35.0293 -27.5755 0.29
      vertex 34.8656 -27.4753 0.29
    endloop
  endfacet
  facet normal -0.522061 -0.852908 -0
    outer loop
      vertex 35.0293 -27.5755 0.29
      vertex 34.8656 -27.4753 0
      vertex 35.0293 -27.5755 0
    endloop
  endfacet
  facet normal -0.445963 -0.895051 0
    outer loop
      vertex 34.6938 -27.3897 0
      vertex 34.8656 -27.4753 0.29
      vertex 34.6938 -27.3897 0.29
    endloop
  endfacet
  facet normal -0.445963 -0.895051 -0
    outer loop
      vertex 34.8656 -27.4753 0.29
      vertex 34.6938 -27.3897 0
      vertex 34.8656 -27.4753 0
    endloop
  endfacet
  facet normal -0.365814 -0.930688 0
    outer loop
      vertex 34.5152 -27.3195 0
      vertex 34.6938 -27.3897 0.29
      vertex 34.5152 -27.3195 0.29
    endloop
  endfacet
  facet normal -0.365814 -0.930688 -0
    outer loop
      vertex 34.6938 -27.3897 0.29
      vertex 34.5152 -27.3195 0
      vertex 34.6938 -27.3897 0
    endloop
  endfacet
  facet normal -0.283379 -0.959008 0
    outer loop
      vertex 34.3311 -27.2651 0
      vertex 34.5152 -27.3195 0.29
      vertex 34.3311 -27.2651 0.29
    endloop
  endfacet
  facet normal -0.283379 -0.959008 -0
    outer loop
      vertex 34.5152 -27.3195 0.29
      vertex 34.3311 -27.2651 0
      vertex 34.5152 -27.3195 0
    endloop
  endfacet
  facet normal -0.199021 -0.979995 0
    outer loop
      vertex 34.143 -27.2269 0
      vertex 34.3311 -27.2651 0.29
      vertex 34.143 -27.2269 0.29
    endloop
  endfacet
  facet normal -0.199021 -0.979995 -0
    outer loop
      vertex 34.3311 -27.2651 0.29
      vertex 34.143 -27.2269 0
      vertex 34.3311 -27.2651 0
    endloop
  endfacet
  facet normal -0.112547 -0.993646 0
    outer loop
      vertex 33.9523 -27.2053 0
      vertex 34.143 -27.2269 0.29
      vertex 33.9523 -27.2053 0.29
    endloop
  endfacet
  facet normal -0.112547 -0.993646 -0
    outer loop
      vertex 34.143 -27.2269 0.29
      vertex 33.9523 -27.2053 0
      vertex 34.143 -27.2269 0
    endloop
  endfacet
  facet normal -0.0347787 -0.999395 0
    outer loop
      vertex 33.8 -27.2 0
      vertex 33.9523 -27.2053 0.29
      vertex 33.8 -27.2 0.29
    endloop
  endfacet
  facet normal -0.0347787 -0.999395 -0
    outer loop
      vertex 33.9523 -27.2053 0.29
      vertex 33.8 -27.2 0
      vertex 33.9523 -27.2053 0
    endloop
  endfacet
  facet normal 0 -1 0
    outer loop
      vertex -33.8 -27.2 0
      vertex 33.8 -27.2 0.29
      vertex -33.8 -27.2 0.29
    endloop
  endfacet
  facet normal 0 -1 -0
    outer loop
      vertex 33.8 -27.2 0.29
      vertex -33.8 -27.2 0
      vertex 33.8 -27.2 0
    endloop
  endfacet
  facet normal 0.0437765 -0.999041 0
    outer loop
      vertex -33.9917 -27.2084 0
      vertex -33.8 -27.2 0.29
      vertex -33.9917 -27.2084 0.29
    endloop
  endfacet
  facet normal 0.0437765 -0.999041 0
    outer loop
      vertex -33.8 -27.2 0.29
      vertex -33.9917 -27.2084 0
      vertex -33.8 -27.2 0
    endloop
  endfacet
  facet normal 0.130252 -0.991481 0
    outer loop
      vertex -34.182 -27.2334 0
      vertex -33.9917 -27.2084 0.29
      vertex -34.182 -27.2334 0.29
    endloop
  endfacet
  facet normal 0.130252 -0.991481 0
    outer loop
      vertex -33.9917 -27.2084 0.29
      vertex -34.182 -27.2334 0
      vertex -33.9917 -27.2084 0
    endloop
  endfacet
  facet normal 0.21671 -0.976236 0
    outer loop
      vertex -34.3694 -27.275 0
      vertex -34.182 -27.2334 0.29
      vertex -34.3694 -27.275 0.29
    endloop
  endfacet
  facet normal 0.21671 -0.976236 0
    outer loop
      vertex -34.182 -27.2334 0.29
      vertex -34.3694 -27.275 0
      vertex -34.182 -27.2334 0
    endloop
  endfacet
  facet normal 0.300707 -0.953716 0
    outer loop
      vertex -34.5524 -27.3327 0
      vertex -34.3694 -27.275 0.29
      vertex -34.5524 -27.3327 0.29
    endloop
  endfacet
  facet normal 0.300707 -0.953716 0
    outer loop
      vertex -34.3694 -27.275 0.29
      vertex -34.5524 -27.3327 0
      vertex -34.3694 -27.275 0
    endloop
  endfacet
  facet normal 0.382321 -0.92403 0
    outer loop
      vertex -34.7298 -27.4061 0
      vertex -34.5524 -27.3327 0.29
      vertex -34.7298 -27.4061 0.29
    endloop
  endfacet
  facet normal 0.382321 -0.92403 0
    outer loop
      vertex -34.5524 -27.3327 0.29
      vertex -34.7298 -27.4061 0
      vertex -34.5524 -27.3327 0
    endloop
  endfacet
  facet normal 0.461747 -0.887012 0
    outer loop
      vertex -34.9 -27.4947 0
      vertex -34.7298 -27.4061 0.29
      vertex -34.9 -27.4947 0.29
    endloop
  endfacet
  facet normal 0.461747 -0.887012 0
    outer loop
      vertex -34.7298 -27.4061 0.29
      vertex -34.9 -27.4947 0
      vertex -34.7298 -27.4061 0
    endloop
  endfacet
  facet normal 0.537516 -0.843254 0
    outer loop
      vertex -35.0619 -27.5979 0
      vertex -34.9 -27.4947 0.29
      vertex -35.0619 -27.5979 0.29
    endloop
  endfacet
  facet normal 0.537516 -0.843254 0
    outer loop
      vertex -34.9 -27.4947 0.29
      vertex -35.0619 -27.5979 0
      vertex -34.9 -27.4947 0
    endloop
  endfacet
  facet normal 0.608804 -0.793321 0
    outer loop
      vertex -35.2141 -27.7147 0
      vertex -35.0619 -27.5979 0.29
      vertex -35.2141 -27.7147 0.29
    endloop
  endfacet
  facet normal 0.608804 -0.793321 0
    outer loop
      vertex -35.0619 -27.5979 0.29
      vertex -35.2141 -27.7147 0
      vertex -35.0619 -27.5979 0
    endloop
  endfacet
  facet normal 0.675701 -0.737176 0
    outer loop
      vertex -35.3556 -27.8444 0
      vertex -35.2141 -27.7147 0.29
      vertex -35.3556 -27.8444 0.29
    endloop
  endfacet
  facet normal 0.675701 -0.737176 0
    outer loop
      vertex -35.2141 -27.7147 0.29
      vertex -35.3556 -27.8444 0
      vertex -35.2141 -27.7147 0
    endloop
  endfacet
  facet normal 0.737176 -0.675701 0
    outer loop
      vertex -35.4853 -27.9859 0.29
      vertex -35.3556 -27.8444 0
      vertex -35.3556 -27.8444 0.29
    endloop
  endfacet
  facet normal 0.737176 -0.675701 0
    outer loop
      vertex -35.3556 -27.8444 0
      vertex -35.4853 -27.9859 0.29
      vertex -35.4853 -27.9859 0
    endloop
  endfacet
  facet normal 0.793321 -0.608804 0
    outer loop
      vertex -35.6021 -28.1381 0.29
      vertex -35.4853 -27.9859 0
      vertex -35.4853 -27.9859 0.29
    endloop
  endfacet
  facet normal 0.793321 -0.608804 0
    outer loop
      vertex -35.4853 -27.9859 0
      vertex -35.6021 -28.1381 0.29
      vertex -35.6021 -28.1381 0
    endloop
  endfacet
  facet normal 0.84349 -0.537145 0
    outer loop
      vertex -35.7052 -28.3 0.29
      vertex -35.6021 -28.1381 0
      vertex -35.6021 -28.1381 0.29
    endloop
  endfacet
  facet normal 0.84349 -0.537145 0
    outer loop
      vertex -35.6021 -28.1381 0
      vertex -35.7052 -28.3 0.29
      vertex -35.7052 -28.3 0
    endloop
  endfacet
  facet normal 0.886798 -0.462156 0
    outer loop
      vertex -35.7939 -28.4702 0.29
      vertex -35.7052 -28.3 0
      vertex -35.7052 -28.3 0.29
    endloop
  endfacet
  facet normal 0.886798 -0.462156 0
    outer loop
      vertex -35.7052 -28.3 0
      vertex -35.7939 -28.4702 0.29
      vertex -35.7939 -28.4702 0
    endloop
  endfacet
  facet normal 0.92403 -0.382321 0
    outer loop
      vertex -35.8673 -28.6476 0.29
      vertex -35.7939 -28.4702 0
      vertex -35.7939 -28.4702 0.29
    endloop
  endfacet
  facet normal 0.92403 -0.382321 0
    outer loop
      vertex -35.7939 -28.4702 0
      vertex -35.8673 -28.6476 0.29
      vertex -35.8673 -28.6476 0
    endloop
  endfacet
  facet normal 0.953716 -0.300707 0
    outer loop
      vertex -35.925 -28.8306 0.29
      vertex -35.8673 -28.6476 0
      vertex -35.8673 -28.6476 0.29
    endloop
  endfacet
  facet normal 0.953716 -0.300707 0
    outer loop
      vertex -35.8673 -28.6476 0
      vertex -35.925 -28.8306 0.29
      vertex -35.925 -28.8306 0
    endloop
  endfacet
  facet normal 0.976236 -0.21671 0
    outer loop
      vertex -35.9666 -29.018 0.29
      vertex -35.925 -28.8306 0
      vertex -35.925 -28.8306 0.29
    endloop
  endfacet
  facet normal 0.976236 -0.21671 0
    outer loop
      vertex -35.925 -28.8306 0
      vertex -35.9666 -29.018 0.29
      vertex -35.9666 -29.018 0
    endloop
  endfacet
  facet normal 0.990275 -0.139124 0
    outer loop
      vertex -35.9878 -29.1689 0.29
      vertex -35.9666 -29.018 0
      vertex -35.9666 -29.018 0.29
    endloop
  endfacet
  facet normal 0.990275 -0.139124 0
    outer loop
      vertex -35.9666 -29.018 0
      vertex -35.9878 -29.1689 0.29
      vertex -35.9878 -29.1689 0
    endloop
  endfacet
  facet normal 0.994467 -0.105052 0
    outer loop
      vertex -38.9653 -57.3553 0.29
      vertex -35.9878 -29.1689 0
      vertex -35.9878 -29.1689 0.29
    endloop
  endfacet
  facet normal 0.994467 -0.105052 0
    outer loop
      vertex -35.9878 -29.1689 0
      vertex -38.9653 -57.3553 0.29
      vertex -38.9653 -57.3553 0
    endloop
  endfacet
  facet normal 0.843165 0.537656 0
    outer loop
      vertex -38.9118 -57.4392 0.29
      vertex -38.9653 -57.3553 0
      vertex -38.9653 -57.3553 0.29
    endloop
  endfacet
  facet normal 0.843165 0.537656 0
    outer loop
      vertex -38.9653 -57.3553 0
      vertex -38.9118 -57.4392 0.29
      vertex -38.9118 -57.4392 0
    endloop
  endfacet
  facet normal 0.793348 0.608768 0
    outer loop
      vertex -38.5932 -57.8544 0.29
      vertex -38.9118 -57.4392 0
      vertex -38.9118 -57.4392 0.29
    endloop
  endfacet
  facet normal 0.793348 0.608768 0
    outer loop
      vertex -38.9118 -57.4392 0
      vertex -38.5932 -57.8544 0.29
      vertex -38.5932 -57.8544 0
    endloop
  endfacet
  facet normal 0.737226 0.675647 0
    outer loop
      vertex -38.2399 -58.2399 0.29
      vertex -38.5932 -57.8544 0
      vertex -38.5932 -57.8544 0.29
    endloop
  endfacet
  facet normal 0.737226 0.675647 0
    outer loop
      vertex -38.5932 -57.8544 0
      vertex -38.2399 -58.2399 0.29
      vertex -38.2399 -58.2399 0
    endloop
  endfacet
  facet normal 0.675647 0.737226 -0
    outer loop
      vertex -37.8544 -58.5932 0
      vertex -38.2399 -58.2399 0.29
      vertex -37.8544 -58.5932 0.29
    endloop
  endfacet
  facet normal 0.675647 0.737226 0
    outer loop
      vertex -38.2399 -58.2399 0.29
      vertex -37.8544 -58.5932 0
      vertex -38.2399 -58.2399 0
    endloop
  endfacet
  facet normal 0.608768 0.793348 -0
    outer loop
      vertex -37.4392 -58.9118 0
      vertex -37.8544 -58.5932 0.29
      vertex -37.4392 -58.9118 0.29
    endloop
  endfacet
  facet normal 0.608768 0.793348 0
    outer loop
      vertex -37.8544 -58.5932 0.29
      vertex -37.4392 -58.9118 0
      vertex -37.8544 -58.5932 0
    endloop
  endfacet
  facet normal 0.53737 0.843346 -0
    outer loop
      vertex -36.9982 -59.1928 0
      vertex -37.4392 -58.9118 0.29
      vertex -36.9982 -59.1928 0.29
    endloop
  endfacet
  facet normal 0.53737 0.843346 0
    outer loop
      vertex -37.4392 -58.9118 0.29
      vertex -36.9982 -59.1928 0
      vertex -37.4392 -58.9118 0
    endloop
  endfacet
  facet normal 0.461678 0.887048 -0
    outer loop
      vertex -36.534 -59.4344 0
      vertex -36.9982 -59.1928 0.29
      vertex -36.534 -59.4344 0.29
    endloop
  endfacet
  facet normal 0.461678 0.887048 0
    outer loop
      vertex -36.9982 -59.1928 0.29
      vertex -36.534 -59.4344 0
      vertex -36.9982 -59.1928 0
    endloop
  endfacet
  facet normal 0.382768 0.923844 -0
    outer loop
      vertex -36.0508 -59.6346 0
      vertex -36.534 -59.4344 0.29
      vertex -36.0508 -59.6346 0.29
    endloop
  endfacet
  facet normal 0.382768 0.923844 0
    outer loop
      vertex -36.534 -59.4344 0.29
      vertex -36.0508 -59.6346 0
      vertex -36.534 -59.4344 0
    endloop
  endfacet
  facet normal 0.300701 0.953718 -0
    outer loop
      vertex -35.5519 -59.7919 0
      vertex -36.0508 -59.6346 0.29
      vertex -35.5519 -59.7919 0.29
    endloop
  endfacet
  facet normal 0.300701 0.953718 0
    outer loop
      vertex -36.0508 -59.6346 0.29
      vertex -35.5519 -59.7919 0
      vertex -36.0508 -59.6346 0
    endloop
  endfacet
  facet normal 0.216445 0.976295 -0
    outer loop
      vertex -35.0413 -59.9051 0
      vertex -35.5519 -59.7919 0.29
      vertex -35.0413 -59.9051 0.29
    endloop
  endfacet
  facet normal 0.216445 0.976295 0
    outer loop
      vertex -35.5519 -59.7919 0.29
      vertex -35.0413 -59.9051 0
      vertex -35.5519 -59.7919 0
    endloop
  endfacet
  facet normal 0.130524 0.991445 -0
    outer loop
      vertex -34.5225 -59.9734 0
      vertex -35.0413 -59.9051 0.29
      vertex -34.5225 -59.9734 0.29
    endloop
  endfacet
  facet normal 0.130524 0.991445 0
    outer loop
      vertex -35.0413 -59.9051 0.29
      vertex -34.5225 -59.9734 0
      vertex -35.0413 -59.9051 0
    endloop
  endfacet
  facet normal 0.0436151 0.999048 -0
    outer loop
      vertex -33.9132 -60 0
      vertex -34.5225 -59.9734 0.29
      vertex -33.9132 -60 0.29
    endloop
  endfacet
  facet normal 0.0436151 0.999048 0
    outer loop
      vertex -34.5225 -59.9734 0.29
      vertex -33.9132 -60 0
      vertex -34.5225 -59.9734 0
    endloop
  endfacet
  facet normal 0 1 -0
    outer loop
      vertex -18.1464 -60 0
      vertex -33.9132 -60 0.29
      vertex -18.1464 -60 0.29
    endloop
  endfacet
  facet normal 0 1 0
    outer loop
      vertex -33.9132 -60 0.29
      vertex -18.1464 -60 0
      vertex -33.9132 -60 0
    endloop
  endfacet
  facet normal -0.201305 0.979529 0
    outer loop
      vertex -16.2341 -59.607 0
      vertex -18.1464 -60 0.29
      vertex -16.2341 -59.607 0.29
    endloop
  endfacet
  facet normal -0.201305 0.979529 0
    outer loop
      vertex -18.1464 -60 0.29
      vertex -16.2341 -59.607 0
      vertex -18.1464 -60 0
    endloop
  endfacet
  facet normal -0.165616 0.98619 0
    outer loop
      vertex -13.6974 -59.181 0
      vertex -16.2341 -59.607 0.29
      vertex -13.6974 -59.181 0.29
    endloop
  endfacet
  facet normal -0.165616 0.98619 0
    outer loop
      vertex -16.2341 -59.607 0.29
      vertex -13.6974 -59.181 0
      vertex -16.2341 -59.607 0
    endloop
  endfacet
  facet normal -0.132416 0.991194 0
    outer loop
      vertex -11.07 -58.83 0
      vertex -13.6974 -59.181 0.29
      vertex -11.07 -58.83 0.29
    endloop
  endfacet
  facet normal -0.132416 0.991194 0
    outer loop
      vertex -13.6974 -59.181 0.29
      vertex -11.07 -58.83 0
      vertex -13.6974 -59.181 0
    endloop
  endfacet
  facet normal -0.101199 0.994866 0
    outer loop
      vertex -8.3685 -58.5552 0
      vertex -11.07 -58.83 0.29
      vertex -8.3685 -58.5552 0.29
    endloop
  endfacet
  facet normal -0.101199 0.994866 0
    outer loop
      vertex -11.07 -58.83 0.29
      vertex -8.3685 -58.5552 0
      vertex -11.07 -58.83 0
    endloop
  endfacet
  facet normal -0.0713231 0.997453 0
    outer loop
      vertex -5.61066 -58.358 0
      vertex -8.3685 -58.5552 0.29
      vertex -5.61066 -58.358 0.29
    endloop
  endfacet
  facet normal -0.0713231 0.997453 0
    outer loop
      vertex -8.3685 -58.5552 0.29
      vertex -5.61066 -58.358 0
      vertex -8.3685 -58.5552 0
    endloop
  endfacet
  facet normal -0.0424542 0.999098 0
    outer loop
      vertex -2.81487 -58.2392 0
      vertex -5.61066 -58.358 0.29
      vertex -2.81487 -58.2392 0.29
    endloop
  endfacet
  facet normal -0.0424542 0.999098 0
    outer loop
      vertex -5.61066 -58.358 0.29
      vertex -2.81487 -58.2392 0
      vertex -5.61066 -58.358 0
    endloop
  endfacet
  facet normal -0.0140668 0.999901 0
    outer loop
      vertex 0 -58.1996 0
      vertex -2.81487 -58.2392 0.29
      vertex 0 -58.1996 0.29
    endloop
  endfacet
  facet normal -0.0140668 0.999901 0
    outer loop
      vertex -2.81487 -58.2392 0.29
      vertex 0 -58.1996 0
      vertex -2.81487 -58.2392 0
    endloop
  endfacet
  facet normal 0.0140668 0.999901 -0
    outer loop
      vertex 2.81487 -58.2392 0
      vertex 0 -58.1996 0.29
      vertex 2.81487 -58.2392 0.29
    endloop
  endfacet
  facet normal 0.0140668 0.999901 0
    outer loop
      vertex 0 -58.1996 0.29
      vertex 2.81487 -58.2392 0
      vertex 0 -58.1996 0
    endloop
  endfacet
  facet normal 0.0424542 0.999098 -0
    outer loop
      vertex 5.61066 -58.358 0
      vertex 2.81487 -58.2392 0.29
      vertex 5.61066 -58.358 0.29
    endloop
  endfacet
  facet normal 0.0424542 0.999098 0
    outer loop
      vertex 2.81487 -58.2392 0.29
      vertex 5.61066 -58.358 0
      vertex 2.81487 -58.2392 0
    endloop
  endfacet
  facet normal 0.0713231 0.997453 -0
    outer loop
      vertex 8.3685 -58.5552 0
      vertex 5.61066 -58.358 0.29
      vertex 8.3685 -58.5552 0.29
    endloop
  endfacet
  facet normal 0.0713231 0.997453 0
    outer loop
      vertex 5.61066 -58.358 0.29
      vertex 8.3685 -58.5552 0
      vertex 5.61066 -58.358 0
    endloop
  endfacet
  facet normal 0.101199 0.994866 -0
    outer loop
      vertex 11.07 -58.83 0
      vertex 8.3685 -58.5552 0.29
      vertex 11.07 -58.83 0.29
    endloop
  endfacet
  facet normal 0.101199 0.994866 0
    outer loop
      vertex 8.3685 -58.5552 0.29
      vertex 11.07 -58.83 0
      vertex 8.3685 -58.5552 0
    endloop
  endfacet
  facet normal 0.132416 0.991194 -0
    outer loop
      vertex 13.6974 -59.181 0
      vertex 11.07 -58.83 0.29
      vertex 13.6974 -59.181 0.29
    endloop
  endfacet
  facet normal 0.132416 0.991194 0
    outer loop
      vertex 11.07 -58.83 0.29
      vertex 13.6974 -59.181 0
      vertex 11.07 -58.83 0
    endloop
  endfacet
  facet normal 0.165616 0.98619 -0
    outer loop
      vertex 16.2341 -59.607 0
      vertex 13.6974 -59.181 0.29
      vertex 16.2341 -59.607 0.29
    endloop
  endfacet
  facet normal 0.165616 0.98619 0
    outer loop
      vertex 13.6974 -59.181 0.29
      vertex 16.2341 -59.607 0
      vertex 13.6974 -59.181 0
    endloop
  endfacet
  facet normal 0.201305 0.979529 -0
    outer loop
      vertex 18.1464 -60 0
      vertex 16.2341 -59.607 0.29
      vertex 18.1464 -60 0.29
    endloop
  endfacet
  facet normal 0.201305 0.979529 0
    outer loop
      vertex 16.2341 -59.607 0.29
      vertex 18.1464 -60 0
      vertex 16.2341 -59.607 0
    endloop
  endfacet
  facet normal 0 1 -0
    outer loop
      vertex 33.9132 -60 0
      vertex 18.1464 -60 0.29
      vertex 33.9132 -60 0.29
    endloop
  endfacet
  facet normal 0 1 0
    outer loop
      vertex 18.1464 -60 0.29
      vertex 33.9132 -60 0
      vertex 18.1464 -60 0
    endloop
  endfacet
  facet normal -0.0436151 0.999048 0
    outer loop
      vertex 34.5225 -59.9734 0
      vertex 33.9132 -60 0.29
      vertex 34.5225 -59.9734 0.29
    endloop
  endfacet
  facet normal -0.0436151 0.999048 0
    outer loop
      vertex 33.9132 -60 0.29
      vertex 34.5225 -59.9734 0
      vertex 33.9132 -60 0
    endloop
  endfacet
  facet normal -1 0 0
    outer loop
      vertex 28.25 -21.32 0
      vertex 28.25 48.88 0.559999
      vertex 28.25 48.88 0
    endloop
  endfacet
  facet normal -1 -0 0
    outer loop
      vertex 28.25 48.88 0.559999
      vertex 28.25 -21.32 0
      vertex 28.25 -21.32 0.559999
    endloop
  endfacet
  facet normal 1 -0 0
    outer loop
      vertex -28.25 -21.32 0.559999
      vertex -28.25 48.88 0
      vertex -28.25 48.88 0.559999
    endloop
  endfacet
  facet normal 1 0 0
    outer loop
      vertex -28.25 48.88 0
      vertex -28.25 -21.32 0.559999
      vertex -28.25 -21.32 0
    endloop
  endfacet
  facet normal -0.737418 0.675436 0
    outer loop
      vertex 26.6684 -25.1384 0
      vertex 26.9866 -24.791 0.559999
      vertex 26.9866 -24.791 0
    endloop
  endfacet
  facet normal -0.737418 0.675436 0
    outer loop
      vertex 26.9866 -24.791 0.559999
      vertex 26.6684 -25.1384 0
      vertex 26.6684 -25.1384 0.559999
    endloop
  endfacet
  facet normal -0.737418 -0.675436 0
    outer loop
      vertex 26.9866 52.351 0
      vertex 26.6684 52.6984 0.559999
      vertex 26.6684 52.6984 0
    endloop
  endfacet
  facet normal -0.737418 -0.675436 0
    outer loop
      vertex 26.6684 52.6984 0.559999
      vertex 26.9866 52.351 0
      vertex 26.9866 52.351 0.559999
    endloop
  endfacet
  facet normal -0.675436 -0.737418 0
    outer loop
      vertex 26.321 53.0166 0
      vertex 26.6684 52.6984 0.559999
      vertex 26.321 53.0166 0.559999
    endloop
  endfacet
  facet normal -0.675436 -0.737418 -0
    outer loop
      vertex 26.6684 52.6984 0.559999
      vertex 26.321 53.0166 0
      vertex 26.6684 52.6984 0
    endloop
  endfacet
  facet normal -0.999043 -0.043732 0
    outer loop
      vertex 28.25 48.88 0
      vertex 28.2294 49.3506 0.559999
      vertex 28.2294 49.3506 0
    endloop
  endfacet
  facet normal -0.999043 -0.043732 0
    outer loop
      vertex 28.2294 49.3506 0.559999
      vertex 28.25 48.88 0
      vertex 28.25 48.88 0.559999
    endloop
  endfacet
  facet normal 0 1 -0
    outer loop
      vertex 22.85 -26.72 0
      vertex -22.85 -26.72 0.559999
      vertex 22.85 -26.72 0.559999
    endloop
  endfacet
  facet normal 0 1 0
    outer loop
      vertex -22.85 -26.72 0.559999
      vertex 22.85 -26.72 0
      vertex -22.85 -26.72 0
    endloop
  endfacet
  facet normal 0.999043 -0.043732 0
    outer loop
      vertex -28.25 48.88 0.559999
      vertex -28.2294 49.3506 0
      vertex -28.2294 49.3506 0.559999
    endloop
  endfacet
  facet normal 0.999043 -0.043732 0
    outer loop
      vertex -28.2294 49.3506 0
      vertex -28.25 48.88 0.559999
      vertex -28.25 48.88 0
    endloop
  endfacet
  facet normal 0.88705 0.461674 0
    outer loop
      vertex -27.5265 -24.02 0.559999
      vertex -27.744 -23.6021 0
      vertex -27.744 -23.6021 0.559999
    endloop
  endfacet
  facet normal 0.88705 0.461674 0
    outer loop
      vertex -27.744 -23.6021 0
      vertex -27.5265 -24.02 0.559999
      vertex -27.5265 -24.02 0
    endloop
  endfacet
  facet normal -0.043732 -0.999043 0
    outer loop
      vertex 22.85 54.28 0
      vertex 23.3206 54.2594 0.559999
      vertex 22.85 54.28 0.559999
    endloop
  endfacet
  facet normal -0.043732 -0.999043 -0
    outer loop
      vertex 23.3206 54.2594 0.559999
      vertex 22.85 54.28 0
      vertex 23.3206 54.2594 0
    endloop
  endfacet
  facet normal 0 -1 0
    outer loop
      vertex -22.85 54.28 0
      vertex 22.85 54.28 0.559999
      vertex -22.85 54.28 0.559999
    endloop
  endfacet
  facet normal 0 -1 -0
    outer loop
      vertex 22.85 54.28 0.559999
      vertex -22.85 54.28 0
      vertex 22.85 54.28 0
    endloop
  endfacet
  facet normal 0.537288 -0.843399 0
    outer loop
      vertex -25.9473 53.3034 0
      vertex -25.55 53.5565 0.559999
      vertex -25.9473 53.3034 0.559999
    endloop
  endfacet
  facet normal 0.537288 -0.843399 0
    outer loop
      vertex -25.55 53.5565 0.559999
      vertex -25.9473 53.3034 0
      vertex -25.55 53.5565 0
    endloop
  endfacet
  facet normal -0.991471 0.130328 0
    outer loop
      vertex 28.168 -22.2577 0
      vertex 28.2294 -21.7906 0.559999
      vertex 28.2294 -21.7906 0
    endloop
  endfacet
  facet normal -0.991471 0.130328 0
    outer loop
      vertex 28.2294 -21.7906 0.559999
      vertex 28.168 -22.2577 0
      vertex 28.168 -22.2577 0.559999
    endloop
  endfacet
  facet normal -0.675436 0.737418 0
    outer loop
      vertex 26.6684 -25.1384 0
      vertex 26.321 -25.4566 0.559999
      vertex 26.6684 -25.1384 0.559999
    endloop
  endfacet
  facet normal -0.675436 0.737418 0
    outer loop
      vertex 26.321 -25.4566 0.559999
      vertex 26.6684 -25.1384 0
      vertex 26.321 -25.4566 0
    endloop
  endfacet
  facet normal -0.793302 -0.608828 0
    outer loop
      vertex 27.2734 51.9773 0
      vertex 26.9866 52.351 0.559999
      vertex 26.9866 52.351 0
    endloop
  endfacet
  facet normal -0.793302 -0.608828 0
    outer loop
      vertex 26.9866 52.351 0.559999
      vertex 27.2734 51.9773 0
      vertex 27.2734 51.9773 0.559999
    endloop
  endfacet
  facet normal -0.382746 0.923854 0
    outer loop
      vertex 25.1321 -26.214 0
      vertex 24.6969 -26.3943 0.559999
      vertex 25.1321 -26.214 0.559999
    endloop
  endfacet
  facet normal -0.382746 0.923854 0
    outer loop
      vertex 24.6969 -26.3943 0.559999
      vertex 25.1321 -26.214 0
      vertex 24.6969 -26.3943 0
    endloop
  endfacet
  facet normal 0.216526 0.976277 -0
    outer loop
      vertex -23.7877 -26.638 0
      vertex -24.2476 -26.536 0.559999
      vertex -23.7877 -26.638 0.559999
    endloop
  endfacet
  facet normal 0.216526 0.976277 0
    outer loop
      vertex -24.2476 -26.536 0.559999
      vertex -23.7877 -26.638 0
      vertex -24.2476 -26.536 0
    endloop
  endfacet
  facet normal -0.953695 -0.300776 0
    outer loop
      vertex 28.066 50.2776 0
      vertex 27.9243 50.7269 0.559999
      vertex 27.9243 50.7269 0
    endloop
  endfacet
  facet normal -0.953695 -0.300776 0
    outer loop
      vertex 27.9243 50.7269 0.559999
      vertex 28.066 50.2776 0
      vertex 28.066 50.2776 0.559999
    endloop
  endfacet
  facet normal 0.999043 0.043732 0
    outer loop
      vertex -28.2294 -21.7906 0.559999
      vertex -28.25 -21.32 0
      vertex -28.25 -21.32 0.559999
    endloop
  endfacet
  facet normal 0.999043 0.043732 0
    outer loop
      vertex -28.25 -21.32 0
      vertex -28.2294 -21.7906 0.559999
      vertex -28.2294 -21.7906 0
    endloop
  endfacet
  facet normal 0.737418 0.675436 0
    outer loop
      vertex -26.6684 -25.1384 0.559999
      vertex -26.9866 -24.791 0
      vertex -26.9866 -24.791 0.559999
    endloop
  endfacet
  facet normal 0.737418 0.675436 0
    outer loop
      vertex -26.9866 -24.791 0
      vertex -26.6684 -25.1384 0.559999
      vertex -26.6684 -25.1384 0
    endloop
  endfacet
  facet normal 0.608828 -0.793302 0
    outer loop
      vertex -26.321 53.0166 0
      vertex -25.9473 53.3034 0.559999
      vertex -26.321 53.0166 0.559999
    endloop
  endfacet
  facet normal 0.608828 -0.793302 0
    outer loop
      vertex -25.9473 53.3034 0.559999
      vertex -26.321 53.0166 0
      vertex -25.9473 53.3034 0
    endloop
  endfacet
  facet normal -0.88705 -0.461674 0
    outer loop
      vertex 27.744 51.1621 0
      vertex 27.5265 51.58 0.559999
      vertex 27.5265 51.58 0
    endloop
  endfacet
  facet normal -0.88705 -0.461674 0
    outer loop
      vertex 27.5265 51.58 0.559999
      vertex 27.744 51.1621 0
      vertex 27.744 51.1621 0.559999
    endloop
  endfacet
  facet normal 0.953695 0.300776 0
    outer loop
      vertex -27.9243 -23.1669 0.559999
      vertex -28.066 -22.7176 0
      vertex -28.066 -22.7176 0.559999
    endloop
  endfacet
  facet normal 0.953695 0.300776 0
    outer loop
      vertex -28.066 -22.7176 0
      vertex -27.9243 -23.1669 0.559999
      vertex -27.9243 -23.1669 0
    endloop
  endfacet
  facet normal -0.216526 -0.976277 0
    outer loop
      vertex 23.7877 54.198 0
      vertex 24.2476 54.096 0.559999
      vertex 23.7877 54.198 0.559999
    endloop
  endfacet
  facet normal -0.216526 -0.976277 -0
    outer loop
      vertex 24.2476 54.096 0.559999
      vertex 23.7877 54.198 0
      vertex 24.2476 54.096 0
    endloop
  endfacet
  facet normal -0.843399 -0.537288 0
    outer loop
      vertex 27.5265 51.58 0
      vertex 27.2734 51.9773 0.559999
      vertex 27.2734 51.9773 0
    endloop
  endfacet
  facet normal -0.843399 -0.537288 0
    outer loop
      vertex 27.2734 51.9773 0.559999
      vertex 27.5265 51.58 0
      vertex 27.5265 51.58 0.559999
    endloop
  endfacet
  facet normal 0.793302 0.608828 0
    outer loop
      vertex -26.9866 -24.791 0.559999
      vertex -27.2734 -24.4173 0
      vertex -27.2734 -24.4173 0.559999
    endloop
  endfacet
  facet normal 0.793302 0.608828 0
    outer loop
      vertex -27.2734 -24.4173 0
      vertex -26.9866 -24.791 0.559999
      vertex -26.9866 -24.791 0
    endloop
  endfacet
  facet normal 0.300776 0.953695 -0
    outer loop
      vertex -24.2476 -26.536 0
      vertex -24.6969 -26.3943 0.559999
      vertex -24.2476 -26.536 0.559999
    endloop
  endfacet
  facet normal 0.300776 0.953695 0
    outer loop
      vertex -24.6969 -26.3943 0.559999
      vertex -24.2476 -26.536 0
      vertex -24.6969 -26.3943 0
    endloop
  endfacet
  facet normal 0.300776 -0.953695 0
    outer loop
      vertex -24.6969 53.9543 0
      vertex -24.2476 54.096 0.559999
      vertex -24.6969 53.9543 0.559999
    endloop
  endfacet
  facet normal 0.300776 -0.953695 0
    outer loop
      vertex -24.2476 54.096 0.559999
      vertex -24.6969 53.9543 0
      vertex -24.2476 54.096 0
    endloop
  endfacet
  facet normal -0.130328 0.991471 0
    outer loop
      vertex 23.7877 -26.638 0
      vertex 23.3206 -26.6994 0.559999
      vertex 23.7877 -26.638 0.559999
    endloop
  endfacet
  facet normal -0.130328 0.991471 0
    outer loop
      vertex 23.3206 -26.6994 0.559999
      vertex 23.7877 -26.638 0
      vertex 23.3206 -26.6994 0
    endloop
  endfacet
  facet normal 0.608828 0.793302 -0
    outer loop
      vertex -25.9473 -25.7434 0
      vertex -26.321 -25.4566 0.559999
      vertex -25.9473 -25.7434 0.559999
    endloop
  endfacet
  facet normal 0.608828 0.793302 0
    outer loop
      vertex -26.321 -25.4566 0.559999
      vertex -25.9473 -25.7434 0
      vertex -26.321 -25.4566 0
    endloop
  endfacet
  facet normal 0.675436 0.737418 -0
    outer loop
      vertex -26.321 -25.4566 0
      vertex -26.6684 -25.1384 0.559999
      vertex -26.321 -25.4566 0.559999
    endloop
  endfacet
  facet normal 0.675436 0.737418 0
    outer loop
      vertex -26.6684 -25.1384 0.559999
      vertex -26.321 -25.4566 0
      vertex -26.6684 -25.1384 0
    endloop
  endfacet
  facet normal 0.976277 -0.216526 0
    outer loop
      vertex -28.168 49.8177 0.559999
      vertex -28.066 50.2776 0
      vertex -28.066 50.2776 0.559999
    endloop
  endfacet
  facet normal 0.976277 -0.216526 0
    outer loop
      vertex -28.066 50.2776 0
      vertex -28.168 49.8177 0.559999
      vertex -28.168 49.8177 0
    endloop
  endfacet
  facet normal 0.537288 0.843399 -0
    outer loop
      vertex -25.55 -25.9965 0
      vertex -25.9473 -25.7434 0.559999
      vertex -25.55 -25.9965 0.559999
    endloop
  endfacet
  facet normal 0.537288 0.843399 0
    outer loop
      vertex -25.9473 -25.7434 0.559999
      vertex -25.55 -25.9965 0
      vertex -25.9473 -25.7434 0
    endloop
  endfacet
  facet normal 0.976277 0.216526 0
    outer loop
      vertex -28.066 -22.7176 0.559999
      vertex -28.168 -22.2577 0
      vertex -28.168 -22.2577 0.559999
    endloop
  endfacet
  facet normal 0.976277 0.216526 0
    outer loop
      vertex -28.168 -22.2577 0
      vertex -28.066 -22.7176 0.559999
      vertex -28.066 -22.7176 0
    endloop
  endfacet
  facet normal -0.461674 0.88705 0
    outer loop
      vertex 25.55 -25.9965 0
      vertex 25.1321 -26.214 0.559999
      vertex 25.55 -25.9965 0.559999
    endloop
  endfacet
  facet normal -0.461674 0.88705 0
    outer loop
      vertex 25.1321 -26.214 0.559999
      vertex 25.55 -25.9965 0
      vertex 25.1321 -26.214 0
    endloop
  endfacet
  facet normal 0.461674 0.88705 -0
    outer loop
      vertex -25.1321 -26.214 0
      vertex -25.55 -25.9965 0.559999
      vertex -25.1321 -26.214 0.559999
    endloop
  endfacet
  facet normal 0.461674 0.88705 0
    outer loop
      vertex -25.55 -25.9965 0.559999
      vertex -25.1321 -26.214 0
      vertex -25.55 -25.9965 0
    endloop
  endfacet
  facet normal -0.300776 -0.953695 0
    outer loop
      vertex 24.2476 54.096 0
      vertex 24.6969 53.9543 0.559999
      vertex 24.2476 54.096 0.559999
    endloop
  endfacet
  facet normal -0.300776 -0.953695 -0
    outer loop
      vertex 24.6969 53.9543 0.559999
      vertex 24.2476 54.096 0
      vertex 24.6969 53.9543 0
    endloop
  endfacet
  facet normal -0.537288 0.843399 0
    outer loop
      vertex 25.9473 -25.7434 0
      vertex 25.55 -25.9965 0.559999
      vertex 25.9473 -25.7434 0.559999
    endloop
  endfacet
  facet normal -0.537288 0.843399 0
    outer loop
      vertex 25.55 -25.9965 0.559999
      vertex 25.9473 -25.7434 0
      vertex 25.55 -25.9965 0
    endloop
  endfacet
  facet normal -0.300776 0.953695 0
    outer loop
      vertex 24.6969 -26.3943 0
      vertex 24.2476 -26.536 0.559999
      vertex 24.6969 -26.3943 0.559999
    endloop
  endfacet
  facet normal -0.300776 0.953695 0
    outer loop
      vertex 24.2476 -26.536 0.559999
      vertex 24.6969 -26.3943 0
      vertex 24.2476 -26.536 0
    endloop
  endfacet
  facet normal -0.216526 0.976277 0
    outer loop
      vertex 24.2476 -26.536 0
      vertex 23.7877 -26.638 0.559999
      vertex 24.2476 -26.536 0.559999
    endloop
  endfacet
  facet normal -0.216526 0.976277 0
    outer loop
      vertex 23.7877 -26.638 0.559999
      vertex 24.2476 -26.536 0
      vertex 23.7877 -26.638 0
    endloop
  endfacet
  facet normal -0.461674 -0.88705 0
    outer loop
      vertex 25.1321 53.774 0
      vertex 25.55 53.5565 0.559999
      vertex 25.1321 53.774 0.559999
    endloop
  endfacet
  facet normal -0.461674 -0.88705 -0
    outer loop
      vertex 25.55 53.5565 0.559999
      vertex 25.1321 53.774 0
      vertex 25.55 53.5565 0
    endloop
  endfacet
  facet normal -0.537288 -0.843399 0
    outer loop
      vertex 25.55 53.5565 0
      vertex 25.9473 53.3034 0.559999
      vertex 25.55 53.5565 0.559999
    endloop
  endfacet
  facet normal -0.537288 -0.843399 -0
    outer loop
      vertex 25.9473 53.3034 0.559999
      vertex 25.55 53.5565 0
      vertex 25.9473 53.3034 0
    endloop
  endfacet
  facet normal 0.88705 -0.461674 0
    outer loop
      vertex -27.744 51.1621 0.559999
      vertex -27.5265 51.58 0
      vertex -27.5265 51.58 0.559999
    endloop
  endfacet
  facet normal 0.88705 -0.461674 0
    outer loop
      vertex -27.5265 51.58 0
      vertex -27.744 51.1621 0.559999
      vertex -27.744 51.1621 0
    endloop
  endfacet
  facet normal -0.793302 0.608828 0
    outer loop
      vertex 26.9866 -24.791 0
      vertex 27.2734 -24.4173 0.559999
      vertex 27.2734 -24.4173 0
    endloop
  endfacet
  facet normal -0.793302 0.608828 0
    outer loop
      vertex 27.2734 -24.4173 0.559999
      vertex 26.9866 -24.791 0
      vertex 26.9866 -24.791 0.559999
    endloop
  endfacet
  facet normal -0.608828 -0.793302 0
    outer loop
      vertex 25.9473 53.3034 0
      vertex 26.321 53.0166 0.559999
      vertex 25.9473 53.3034 0.559999
    endloop
  endfacet
  facet normal -0.608828 -0.793302 -0
    outer loop
      vertex 26.321 53.0166 0.559999
      vertex 25.9473 53.3034 0
      vertex 26.321 53.0166 0
    endloop
  endfacet
  facet normal 0.843399 0.537288 0
    outer loop
      vertex -27.2734 -24.4173 0.559999
      vertex -27.5265 -24.02 0
      vertex -27.5265 -24.02 0.559999
    endloop
  endfacet
  facet normal 0.843399 0.537288 0
    outer loop
      vertex -27.5265 -24.02 0
      vertex -27.2734 -24.4173 0.559999
      vertex -27.2734 -24.4173 0
    endloop
  endfacet
  facet normal -0.923854 -0.382746 0
    outer loop
      vertex 27.9243 50.7269 0
      vertex 27.744 51.1621 0.559999
      vertex 27.744 51.1621 0
    endloop
  endfacet
  facet normal -0.923854 -0.382746 0
    outer loop
      vertex 27.744 51.1621 0.559999
      vertex 27.9243 50.7269 0
      vertex 27.9243 50.7269 0.559999
    endloop
  endfacet
  facet normal -0.382746 -0.923854 0
    outer loop
      vertex 24.6969 53.9543 0
      vertex 25.1321 53.774 0.559999
      vertex 24.6969 53.9543 0.559999
    endloop
  endfacet
  facet normal -0.382746 -0.923854 -0
    outer loop
      vertex 25.1321 53.774 0.559999
      vertex 24.6969 53.9543 0
      vertex 25.1321 53.774 0
    endloop
  endfacet
  facet normal -0.608828 0.793302 0
    outer loop
      vertex 26.321 -25.4566 0
      vertex 25.9473 -25.7434 0.559999
      vertex 26.321 -25.4566 0.559999
    endloop
  endfacet
  facet normal -0.608828 0.793302 0
    outer loop
      vertex 25.9473 -25.7434 0.559999
      vertex 26.321 -25.4566 0
      vertex 25.9473 -25.7434 0
    endloop
  endfacet
  facet normal -0.991471 -0.130328 0
    outer loop
      vertex 28.2294 49.3506 0
      vertex 28.168 49.8177 0.559999
      vertex 28.168 49.8177 0
    endloop
  endfacet
  facet normal -0.991471 -0.130328 0
    outer loop
      vertex 28.168 49.8177 0.559999
      vertex 28.2294 49.3506 0
      vertex 28.2294 49.3506 0.559999
    endloop
  endfacet
  facet normal 0.923854 0.382746 0
    outer loop
      vertex -27.744 -23.6021 0.559999
      vertex -27.9243 -23.1669 0
      vertex -27.9243 -23.1669 0.559999
    endloop
  endfacet
  facet normal 0.923854 0.382746 0
    outer loop
      vertex -27.9243 -23.1669 0
      vertex -27.744 -23.6021 0.559999
      vertex -27.744 -23.6021 0
    endloop
  endfacet
  facet normal 0 0 -1
    outer loop
      vertex 23.9057 -21.0678 0.559999
      vertex 28.25 -21.32 0.559999
      vertex 28.2294 -21.7906 0.559999
    endloop
  endfacet
  facet normal 0 0 -1
    outer loop
      vertex 28.25 -21.32 0.559999
      vertex 23.93 -20.79 0.559999
      vertex 28.25 48.88 0.559999
    endloop
  endfacet
  facet normal 0 0 -1
    outer loop
      vertex 23.8755 -21.2041 0.559999
      vertex 28.2294 -21.7906 0.559999
      vertex 28.168 -22.2577 0.559999
    endloop
  endfacet
  facet normal 0 0 -1
    outer loop
      vertex 23.93 48.35 0.559999
      vertex 28.25 48.88 0.559999
      vertex 23.93 -20.79 0.559999
    endloop
  endfacet
  facet normal 0 0 -1
    outer loop
      vertex 23.8335 -21.3372 0.559999
      vertex 28.168 -22.2577 0.559999
      vertex 28.066 -22.7176 0.559999
    endloop
  endfacet
  facet normal 0 0 -1
    outer loop
      vertex 23.9239 48.4894 0.559999
      vertex 28.25 48.88 0.559999
      vertex 23.93 48.35 0.559999
    endloop
  endfacet
  facet normal 0 0 -1
    outer loop
      vertex 23.8335 -21.3372 0.559999
      vertex 28.066 -22.7176 0.559999
      vertex 27.9243 -23.1669 0.559999
    endloop
  endfacet
  facet normal 0 0 -1
    outer loop
      vertex 23.9057 48.6278 0.559999
      vertex 28.25 48.88 0.559999
      vertex 23.9239 48.4894 0.559999
    endloop
  endfacet
  facet normal 0 0 -1
    outer loop
      vertex 23.7801 -21.4662 0.559999
      vertex 27.9243 -23.1669 0.559999
      vertex 27.744 -23.6021 0.559999
    endloop
  endfacet
  facet normal -0 0 -1
    outer loop
      vertex 28.25 48.88 0.559999
      vertex 23.9057 48.6278 0.559999
      vertex 28.2294 49.3506 0.559999
    endloop
  endfacet
  facet normal 0 0 -1
    outer loop
      vertex 23.7156 -21.59 0.559999
      vertex 27.744 -23.6021 0.559999
      vertex 27.5265 -24.02 0.559999
    endloop
  endfacet
  facet normal 0 0 -1
    outer loop
      vertex 23.8755 48.7641 0.559999
      vertex 28.2294 49.3506 0.559999
      vertex 23.9057 48.6278 0.559999
    endloop
  endfacet
  facet normal 0 0 -1
    outer loop
      vertex 23.6406 -21.7077 0.559999
      vertex 27.5265 -24.02 0.559999
      vertex 27.2734 -24.4173 0.559999
    endloop
  endfacet
  facet normal -0 0 -1
    outer loop
      vertex 28.2294 49.3506 0.559999
      vertex 23.8755 48.7641 0.559999
      vertex 28.168 49.8177 0.559999
    endloop
  endfacet
  facet normal 0 0 -1
    outer loop
      vertex 23.5557 -21.8184 0.559999
      vertex 27.2734 -24.4173 0.559999
      vertex 26.9866 -24.791 0.559999
    endloop
  endfacet
  facet normal 0 0 -1
    outer loop
      vertex 23.8335 48.8972 0.559999
      vertex 28.168 49.8177 0.559999
      vertex 23.8755 48.7641 0.559999
    endloop
  endfacet
  facet normal 0 0 -1
    outer loop
      vertex 23.4614 -21.9214 0.559999
      vertex 26.9866 -24.791 0.559999
      vertex 26.6684 -25.1384 0.559999
    endloop
  endfacet
  facet normal -0 0 -1
    outer loop
      vertex 28.168 49.8177 0.559999
      vertex 23.8335 48.8972 0.559999
      vertex 28.066 50.2776 0.559999
    endloop
  endfacet
  facet normal 0 0 -1
    outer loop
      vertex 23.4614 -21.9214 0.559999
      vertex 26.6684 -25.1384 0.559999
      vertex 26.321 -25.4566 0.559999
    endloop
  endfacet
  facet normal -0 0 -1
    outer loop
      vertex 28.066 50.2776 0.559999
      vertex 23.8335 48.8972 0.559999
      vertex 27.9243 50.7269 0.559999
    endloop
  endfacet
  facet normal 0 0 -1
    outer loop
      vertex 23.3585 -22.0157 0.559999
      vertex 26.321 -25.4566 0.559999
      vertex 25.9473 -25.7434 0.559999
    endloop
  endfacet
  facet normal 0 0 -1
    outer loop
      vertex 23.7801 49.0262 0.559999
      vertex 27.9243 50.7269 0.559999
      vertex 23.8335 48.8972 0.559999
    endloop
  endfacet
  facet normal 0 0 -1
    outer loop
      vertex 23.2477 -22.1006 0.559999
      vertex 25.9473 -25.7434 0.559999
      vertex 25.55 -25.9965 0.559999
    endloop
  endfacet
  facet normal -0 0 -1
    outer loop
      vertex 27.9243 50.7269 0.559999
      vertex 23.7801 49.0262 0.559999
      vertex 27.744 51.1621 0.559999
    endloop
  endfacet
  facet normal 0 0 -1
    outer loop
      vertex 23.13 -22.1756 0.559999
      vertex 25.55 -25.9965 0.559999
      vertex 25.1321 -26.214 0.559999
    endloop
  endfacet
  facet normal 0 0 -1
    outer loop
      vertex 23.7156 49.15 0.559999
      vertex 27.744 51.1621 0.559999
      vertex 23.7801 49.0262 0.559999
    endloop
  endfacet
  facet normal 0 0 -1
    outer loop
      vertex 23.0062 -22.2401 0.559999
      vertex 25.1321 -26.214 0.559999
      vertex 24.6969 -26.3943 0.559999
    endloop
  endfacet
  facet normal -0 0 -1
    outer loop
      vertex 27.744 51.1621 0.559999
      vertex 23.7156 49.15 0.559999
      vertex 27.5265 51.58 0.559999
    endloop
  endfacet
  facet normal 0 0 -1
    outer loop
      vertex 23.0062 -22.2401 0.559999
      vertex 24.6969 -26.3943 0.559999
      vertex 24.2476 -26.536 0.559999
    endloop
  endfacet
  facet normal 0 0 -1
    outer loop
      vertex 23.6406 49.2677 0.559999
      vertex 27.5265 51.58 0.559999
      vertex 23.7156 49.15 0.559999
    endloop
  endfacet
  facet normal -0 0 -1
    outer loop
      vertex 27.5265 51.58 0.559999
      vertex 23.6406 49.2677 0.559999
      vertex 27.2734 51.9773 0.559999
    endloop
  endfacet
  facet normal 0 0 -1
    outer loop
      vertex 28.25 -21.32 0.559999
      vertex 23.9239 -20.9294 0.559999
      vertex 23.93 -20.79 0.559999
    endloop
  endfacet
  facet normal 0 0 -1
    outer loop
      vertex 28.25 -21.32 0.559999
      vertex 23.9057 -21.0678 0.559999
      vertex 23.9239 -20.9294 0.559999
    endloop
  endfacet
  facet normal 0 0 -1
    outer loop
      vertex 28.2294 -21.7906 0.559999
      vertex 23.8755 -21.2041 0.559999
      vertex 23.9057 -21.0678 0.559999
    endloop
  endfacet
  facet normal 0 0 -1
    outer loop
      vertex 28.168 -22.2577 0.559999
      vertex 23.8335 -21.3372 0.559999
      vertex 23.8755 -21.2041 0.559999
    endloop
  endfacet
  facet normal 0 0 -1
    outer loop
      vertex 22.8772 -22.2935 0.559999
      vertex 24.2476 -26.536 0.559999
      vertex 23.7877 -26.638 0.559999
    endloop
  endfacet
  facet normal 0 0 -1
    outer loop
      vertex 27.9243 -23.1669 0.559999
      vertex 23.7801 -21.4662 0.559999
      vertex 23.8335 -21.3372 0.559999
    endloop
  endfacet
  facet normal 0 0 -1
    outer loop
      vertex 27.744 -23.6021 0.559999
      vertex 23.7156 -21.59 0.559999
      vertex 23.7801 -21.4662 0.559999
    endloop
  endfacet
  facet normal 0 0 -1
    outer loop
      vertex 27.5265 -24.02 0.559999
      vertex 23.6406 -21.7077 0.559999
      vertex 23.7156 -21.59 0.559999
    endloop
  endfacet
  facet normal 0 0 -1
    outer loop
      vertex 27.2734 -24.4173 0.559999
      vertex 23.5557 -21.8184 0.559999
      vertex 23.6406 -21.7077 0.559999
    endloop
  endfacet
  facet normal 0 0 -1
    outer loop
      vertex 26.9866 -24.791 0.559999
      vertex 23.4614 -21.9214 0.559999
      vertex 23.5557 -21.8184 0.559999
    endloop
  endfacet
  facet normal 0 0 -1
    outer loop
      vertex 26.321 -25.4566 0.559999
      vertex 23.3585 -22.0157 0.559999
      vertex 23.4614 -21.9214 0.559999
    endloop
  endfacet
  facet normal 0 0 -1
    outer loop
      vertex 22.7441 -22.3355 0.559999
      vertex 23.7877 -26.638 0.559999
      vertex 23.3206 -26.6994 0.559999
    endloop
  endfacet
  facet normal 0 0 -1
    outer loop
      vertex 25.9473 -25.7434 0.559999
      vertex 23.2477 -22.1006 0.559999
      vertex 23.3585 -22.0157 0.559999
    endloop
  endfacet
  facet normal 0 0 -1
    outer loop
      vertex 25.55 -25.9965 0.559999
      vertex 23.13 -22.1756 0.559999
      vertex 23.2477 -22.1006 0.559999
    endloop
  endfacet
  facet normal 0 0 -1
    outer loop
      vertex 25.1321 -26.214 0.559999
      vertex 23.0062 -22.2401 0.559999
      vertex 23.13 -22.1756 0.559999
    endloop
  endfacet
  facet normal 0 0 -1
    outer loop
      vertex 24.2476 -26.536 0.559999
      vertex 22.8772 -22.2935 0.559999
      vertex 23.0062 -22.2401 0.559999
    endloop
  endfacet
  facet normal 0 0 -1
    outer loop
      vertex 22.6078 -22.3657 0.559999
      vertex 23.3206 -26.6994 0.559999
      vertex 22.85 -26.72 0.559999
    endloop
  endfacet
  facet normal 0 0 -1
    outer loop
      vertex 23.7877 -26.638 0.559999
      vertex 22.7441 -22.3355 0.559999
      vertex 22.8772 -22.2935 0.559999
    endloop
  endfacet
  facet normal 0 0 -1
    outer loop
      vertex 23.3206 -26.6994 0.559999
      vertex 22.6078 -22.3657 0.559999
      vertex 22.7441 -22.3355 0.559999
    endloop
  endfacet
  facet normal 0 0 -1
    outer loop
      vertex 22.85 -26.72 0.559999
      vertex 22.4694 -22.3839 0.559999
      vertex 22.6078 -22.3657 0.559999
    endloop
  endfacet
  facet normal 0 0 -1
    outer loop
      vertex 22.85 -26.72 0.559999
      vertex 22.33 -22.39 0.559999
      vertex 22.4694 -22.3839 0.559999
    endloop
  endfacet
  facet normal 0 0 -1
    outer loop
      vertex 22.85 -26.72 0.559999
      vertex -22.33 -22.39 0.559999
      vertex 22.33 -22.39 0.559999
    endloop
  endfacet
  facet normal 0 0 -1
    outer loop
      vertex -22.85 -26.72 0.559999
      vertex -22.33 -22.39 0.559999
      vertex 22.85 -26.72 0.559999
    endloop
  endfacet
  facet normal -0 0 -1
    outer loop
      vertex -22.33 -22.39 0.559999
      vertex -22.85 -26.72 0.559999
      vertex -22.4694 -22.3839 0.559999
    endloop
  endfacet
  facet normal 0 0 -1
    outer loop
      vertex -22.85 -26.72 0.559999
      vertex -22.6078 -22.3657 0.559999
      vertex -22.4694 -22.3839 0.559999
    endloop
  endfacet
  facet normal 0 0 -1
    outer loop
      vertex -23.3206 -26.6994 0.559999
      vertex -22.6078 -22.3657 0.559999
      vertex -22.85 -26.72 0.559999
    endloop
  endfacet
  facet normal -0 0 -1
    outer loop
      vertex -22.6078 -22.3657 0.559999
      vertex -23.3206 -26.6994 0.559999
      vertex -22.7441 -22.3355 0.559999
    endloop
  endfacet
  facet normal 0 0 -1
    outer loop
      vertex -23.7877 -26.638 0.559999
      vertex -22.7441 -22.3355 0.559999
      vertex -23.3206 -26.6994 0.559999
    endloop
  endfacet
  facet normal -0 0 -1
    outer loop
      vertex -22.7441 -22.3355 0.559999
      vertex -23.7877 -26.638 0.559999
      vertex -22.8772 -22.2935 0.559999
    endloop
  endfacet
  facet normal 0 0 -1
    outer loop
      vertex -24.2476 -26.536 0.559999
      vertex -22.8772 -22.2935 0.559999
      vertex -23.7877 -26.638 0.559999
    endloop
  endfacet
  facet normal -0 0 -1
    outer loop
      vertex -22.8772 -22.2935 0.559999
      vertex -24.2476 -26.536 0.559999
      vertex -23.0062 -22.2401 0.559999
    endloop
  endfacet
  facet normal 0 0 -1
    outer loop
      vertex -24.6969 -26.3943 0.559999
      vertex -23.0062 -22.2401 0.559999
      vertex -24.2476 -26.536 0.559999
    endloop
  endfacet
  facet normal 0 0 -1
    outer loop
      vertex -25.1321 -26.214 0.559999
      vertex -23.0062 -22.2401 0.559999
      vertex -24.6969 -26.3943 0.559999
    endloop
  endfacet
  facet normal -0 0 -1
    outer loop
      vertex -23.0062 -22.2401 0.559999
      vertex -25.1321 -26.214 0.559999
      vertex -23.13 -22.1756 0.559999
    endloop
  endfacet
  facet normal 0 0 -1
    outer loop
      vertex -25.55 -25.9965 0.559999
      vertex -23.13 -22.1756 0.559999
      vertex -25.1321 -26.214 0.559999
    endloop
  endfacet
  facet normal -0 0 -1
    outer loop
      vertex -23.13 -22.1756 0.559999
      vertex -25.55 -25.9965 0.559999
      vertex -23.2477 -22.1006 0.559999
    endloop
  endfacet
  facet normal 0 0 -1
    outer loop
      vertex -25.9473 -25.7434 0.559999
      vertex -23.2477 -22.1006 0.559999
      vertex -25.55 -25.9965 0.559999
    endloop
  endfacet
  facet normal -0 0 -1
    outer loop
      vertex -23.2477 -22.1006 0.559999
      vertex -25.9473 -25.7434 0.559999
      vertex -23.3585 -22.0157 0.559999
    endloop
  endfacet
  facet normal 0 0 -1
    outer loop
      vertex -26.321 -25.4566 0.559999
      vertex -23.3585 -22.0157 0.559999
      vertex -25.9473 -25.7434 0.559999
    endloop
  endfacet
  facet normal -0 0 -1
    outer loop
      vertex -23.3585 -22.0157 0.559999
      vertex -26.321 -25.4566 0.559999
      vertex -23.4614 -21.9214 0.559999
    endloop
  endfacet
  facet normal 0 0 -1
    outer loop
      vertex -26.6684 -25.1384 0.559999
      vertex -23.4614 -21.9214 0.559999
      vertex -26.321 -25.4566 0.559999
    endloop
  endfacet
  facet normal 0 0 -1
    outer loop
      vertex -26.9866 -24.791 0.559999
      vertex -23.4614 -21.9214 0.559999
      vertex -26.6684 -25.1384 0.559999
    endloop
  endfacet
  facet normal -0 0 -1
    outer loop
      vertex -23.4614 -21.9214 0.559999
      vertex -26.9866 -24.791 0.559999
      vertex -23.5557 -21.8184 0.559999
    endloop
  endfacet
  facet normal -0 0 -1
    outer loop
      vertex -23.5557 -21.8184 0.559999
      vertex -27.2734 -24.4173 0.559999
      vertex -23.6406 -21.7077 0.559999
    endloop
  endfacet
  facet normal 0 0 -1
    outer loop
      vertex -27.2734 -24.4173 0.559999
      vertex -23.5557 -21.8184 0.559999
      vertex -26.9866 -24.791 0.559999
    endloop
  endfacet
  facet normal 0 0 -1
    outer loop
      vertex 23.5557 49.3784 0.559999
      vertex 27.2734 51.9773 0.559999
      vertex 23.6406 49.2677 0.559999
    endloop
  endfacet
  facet normal -0 0 -1
    outer loop
      vertex 27.2734 51.9773 0.559999
      vertex 23.5557 49.3784 0.559999
      vertex 26.9866 52.351 0.559999
    endloop
  endfacet
  facet normal 0 0 -1
    outer loop
      vertex 23.4614 49.4814 0.559999
      vertex 26.9866 52.351 0.559999
      vertex 23.5557 49.3784 0.559999
    endloop
  endfacet
  facet normal -0 0 -1
    outer loop
      vertex 26.9866 52.351 0.559999
      vertex 23.4614 49.4814 0.559999
      vertex 26.6684 52.6984 0.559999
    endloop
  endfacet
  facet normal -0 0 -1
    outer loop
      vertex 26.6684 52.6984 0.559999
      vertex 23.4614 49.4814 0.559999
      vertex 26.321 53.0166 0.559999
    endloop
  endfacet
  facet normal 0 0 -1
    outer loop
      vertex 23.3585 49.5757 0.559999
      vertex 26.321 53.0166 0.559999
      vertex 23.4614 49.4814 0.559999
    endloop
  endfacet
  facet normal -0 0 -1
    outer loop
      vertex 26.321 53.0166 0.559999
      vertex 23.3585 49.5757 0.559999
      vertex 25.9473 53.3034 0.559999
    endloop
  endfacet
  facet normal 0 0 -1
    outer loop
      vertex 23.2477 49.6606 0.559999
      vertex 25.9473 53.3034 0.559999
      vertex 23.3585 49.5757 0.559999
    endloop
  endfacet
  facet normal -0 0 -1
    outer loop
      vertex 25.9473 53.3034 0.559999
      vertex 23.2477 49.6606 0.559999
      vertex 25.55 53.5565 0.559999
    endloop
  endfacet
  facet normal 0 0 -1
    outer loop
      vertex 23.13 49.7356 0.559999
      vertex 25.55 53.5565 0.559999
      vertex 23.2477 49.6606 0.559999
    endloop
  endfacet
  facet normal -0 0 -1
    outer loop
      vertex 25.55 53.5565 0.559999
      vertex 23.13 49.7356 0.559999
      vertex 25.1321 53.774 0.559999
    endloop
  endfacet
  facet normal 0 0 -1
    outer loop
      vertex 23.0062 49.8001 0.559999
      vertex 25.1321 53.774 0.559999
      vertex 23.13 49.7356 0.559999
    endloop
  endfacet
  facet normal -0 0 -1
    outer loop
      vertex 25.1321 53.774 0.559999
      vertex 23.0062 49.8001 0.559999
      vertex 24.6969 53.9543 0.559999
    endloop
  endfacet
  facet normal -0 0 -1
    outer loop
      vertex 24.6969 53.9543 0.559999
      vertex 23.0062 49.8001 0.559999
      vertex 24.2476 54.096 0.559999
    endloop
  endfacet
  facet normal 0 0 -1
    outer loop
      vertex 22.8772 49.8535 0.559999
      vertex 24.2476 54.096 0.559999
      vertex 23.0062 49.8001 0.559999
    endloop
  endfacet
  facet normal -0 0 -1
    outer loop
      vertex 24.2476 54.096 0.559999
      vertex 22.8772 49.8535 0.559999
      vertex 23.7877 54.198 0.559999
    endloop
  endfacet
  facet normal 0 0 -1
    outer loop
      vertex 22.7441 49.8955 0.559999
      vertex 23.7877 54.198 0.559999
      vertex 22.8772 49.8535 0.559999
    endloop
  endfacet
  facet normal -0 0 -1
    outer loop
      vertex 23.7877 54.198 0.559999
      vertex 22.7441 49.8955 0.559999
      vertex 23.3206 54.2594 0.559999
    endloop
  endfacet
  facet normal 0 0 -1
    outer loop
      vertex 22.6078 49.9257 0.559999
      vertex 23.3206 54.2594 0.559999
      vertex 22.7441 49.8955 0.559999
    endloop
  endfacet
  facet normal -0 0 -1
    outer loop
      vertex 23.3206 54.2594 0.559999
      vertex 22.6078 49.9257 0.559999
      vertex 22.85 54.28 0.559999
    endloop
  endfacet
  facet normal 0 0 -1
    outer loop
      vertex 22.4694 49.9439 0.559999
      vertex 22.85 54.28 0.559999
      vertex 22.6078 49.9257 0.559999
    endloop
  endfacet
  facet normal 0 0 -1
    outer loop
      vertex 22.33 49.95 0.559999
      vertex 22.85 54.28 0.559999
      vertex 22.4694 49.9439 0.559999
    endloop
  endfacet
  facet normal 0 0 -1
    outer loop
      vertex -22.33 49.95 0.559999
      vertex 22.85 54.28 0.559999
      vertex 22.33 49.95 0.559999
    endloop
  endfacet
  facet normal 0 0 -1
    outer loop
      vertex -22.85 54.28 0.559999
      vertex -22.33 49.95 0.559999
      vertex -22.4694 49.9439 0.559999
    endloop
  endfacet
  facet normal 0 0 -1
    outer loop
      vertex -22.33 49.95 0.559999
      vertex -22.85 54.28 0.559999
      vertex 22.85 54.28 0.559999
    endloop
  endfacet
  facet normal 0 0 -1
    outer loop
      vertex -22.6078 49.9257 0.559999
      vertex -22.85 54.28 0.559999
      vertex -22.4694 49.9439 0.559999
    endloop
  endfacet
  facet normal 0 0 -1
    outer loop
      vertex -23.3206 54.2594 0.559999
      vertex -22.6078 49.9257 0.559999
      vertex -22.7441 49.8955 0.559999
    endloop
  endfacet
  facet normal 0 0 -1
    outer loop
      vertex -23.7877 54.198 0.559999
      vertex -22.7441 49.8955 0.559999
      vertex -22.8772 49.8535 0.559999
    endloop
  endfacet
  facet normal 0 0 -1
    outer loop
      vertex -24.2476 54.096 0.559999
      vertex -22.8772 49.8535 0.559999
      vertex -23.0062 49.8001 0.559999
    endloop
  endfacet
  facet normal 0 0 -1
    outer loop
      vertex -25.1321 53.774 0.559999
      vertex -23.0062 49.8001 0.559999
      vertex -23.13 49.7356 0.559999
    endloop
  endfacet
  facet normal 0 0 -1
    outer loop
      vertex -25.55 53.5565 0.559999
      vertex -23.13 49.7356 0.559999
      vertex -23.2477 49.6606 0.559999
    endloop
  endfacet
  facet normal 0 0 -1
    outer loop
      vertex -22.6078 49.9257 0.559999
      vertex -23.3206 54.2594 0.559999
      vertex -22.85 54.28 0.559999
    endloop
  endfacet
  facet normal 0 0 -1
    outer loop
      vertex -25.9473 53.3034 0.559999
      vertex -23.2477 49.6606 0.559999
      vertex -23.3585 49.5757 0.559999
    endloop
  endfacet
  facet normal 0 0 -1
    outer loop
      vertex -26.321 53.0166 0.559999
      vertex -23.3585 49.5757 0.559999
      vertex -23.4614 49.4814 0.559999
    endloop
  endfacet
  facet normal 0 0 -1
    outer loop
      vertex -26.9866 52.351 0.559999
      vertex -23.4614 49.4814 0.559999
      vertex -23.5557 49.3784 0.559999
    endloop
  endfacet
  facet normal 0 0 -1
    outer loop
      vertex -27.2734 51.9773 0.559999
      vertex -23.5557 49.3784 0.559999
      vertex -23.6406 49.2677 0.559999
    endloop
  endfacet
  facet normal 0 0 -1
    outer loop
      vertex -27.5265 51.58 0.559999
      vertex -23.6406 49.2677 0.559999
      vertex -23.7156 49.15 0.559999
    endloop
  endfacet
  facet normal 0 0 -1
    outer loop
      vertex -27.744 51.1621 0.559999
      vertex -23.7156 49.15 0.559999
      vertex -23.7801 49.0262 0.559999
    endloop
  endfacet
  facet normal 0 0 -1
    outer loop
      vertex -22.7441 49.8955 0.559999
      vertex -23.7877 54.198 0.559999
      vertex -23.3206 54.2594 0.559999
    endloop
  endfacet
  facet normal 0 0 -1
    outer loop
      vertex -27.9243 50.7269 0.559999
      vertex -23.7801 49.0262 0.559999
      vertex -23.8335 48.8972 0.559999
    endloop
  endfacet
  facet normal 0 0 -1
    outer loop
      vertex -28.168 49.8177 0.559999
      vertex -23.8335 48.8972 0.559999
      vertex -23.8755 48.7641 0.559999
    endloop
  endfacet
  facet normal 0 0 -1
    outer loop
      vertex -28.2294 49.3506 0.559999
      vertex -23.8755 48.7641 0.559999
      vertex -23.9057 48.6278 0.559999
    endloop
  endfacet
  facet normal 0 0 -1
    outer loop
      vertex -28.25 48.88 0.559999
      vertex -23.9057 48.6278 0.559999
      vertex -23.9239 48.4894 0.559999
    endloop
  endfacet
  facet normal 0 0 -1
    outer loop
      vertex -28.25 48.88 0.559999
      vertex -23.9239 48.4894 0.559999
      vertex -23.93 48.35 0.559999
    endloop
  endfacet
  facet normal 0 0 -1
    outer loop
      vertex -22.8772 49.8535 0.559999
      vertex -24.2476 54.096 0.559999
      vertex -23.7877 54.198 0.559999
    endloop
  endfacet
  facet normal -0 0 -1
    outer loop
      vertex -23.93 -20.79 0.559999
      vertex -28.25 -21.32 0.559999
      vertex -23.93 48.35 0.559999
    endloop
  endfacet
  facet normal 0 0 -1
    outer loop
      vertex -27.5265 -24.02 0.559999
      vertex -23.6406 -21.7077 0.559999
      vertex -27.2734 -24.4173 0.559999
    endloop
  endfacet
  facet normal 0 0 -1
    outer loop
      vertex -28.25 48.88 0.559999
      vertex -23.93 48.35 0.559999
      vertex -28.25 -21.32 0.559999
    endloop
  endfacet
  facet normal -0 0 -1
    outer loop
      vertex -23.6406 -21.7077 0.559999
      vertex -27.5265 -24.02 0.559999
      vertex -23.7156 -21.59 0.559999
    endloop
  endfacet
  facet normal 0 0 -1
    outer loop
      vertex -23.9057 48.6278 0.559999
      vertex -28.25 48.88 0.559999
      vertex -28.2294 49.3506 0.559999
    endloop
  endfacet
  facet normal 0 0 -1
    outer loop
      vertex -27.744 -23.6021 0.559999
      vertex -23.7156 -21.59 0.559999
      vertex -27.5265 -24.02 0.559999
    endloop
  endfacet
  facet normal 0 0 -1
    outer loop
      vertex -23.0062 49.8001 0.559999
      vertex -24.6969 53.9543 0.559999
      vertex -24.2476 54.096 0.559999
    endloop
  endfacet
  facet normal -0 0 -1
    outer loop
      vertex -23.7156 -21.59 0.559999
      vertex -27.744 -23.6021 0.559999
      vertex -23.7801 -21.4662 0.559999
    endloop
  endfacet
  facet normal 0 0 -1
    outer loop
      vertex -23.0062 49.8001 0.559999
      vertex -25.1321 53.774 0.559999
      vertex -24.6969 53.9543 0.559999
    endloop
  endfacet
  facet normal 0 0 -1
    outer loop
      vertex -27.9243 -23.1669 0.559999
      vertex -23.7801 -21.4662 0.559999
      vertex -27.744 -23.6021 0.559999
    endloop
  endfacet
  facet normal 0 0 -1
    outer loop
      vertex -23.13 49.7356 0.559999
      vertex -25.55 53.5565 0.559999
      vertex -25.1321 53.774 0.559999
    endloop
  endfacet
  facet normal -0 0 -1
    outer loop
      vertex -23.7801 -21.4662 0.559999
      vertex -27.9243 -23.1669 0.559999
      vertex -23.8335 -21.3372 0.559999
    endloop
  endfacet
  facet normal 0 0 -1
    outer loop
      vertex -23.2477 49.6606 0.559999
      vertex -25.9473 53.3034 0.559999
      vertex -25.55 53.5565 0.559999
    endloop
  endfacet
  facet normal 0 0 -1
    outer loop
      vertex -28.066 -22.7176 0.559999
      vertex -23.8335 -21.3372 0.559999
      vertex -27.9243 -23.1669 0.559999
    endloop
  endfacet
  facet normal 0 0 -1
    outer loop
      vertex -23.3585 49.5757 0.559999
      vertex -26.321 53.0166 0.559999
      vertex -25.9473 53.3034 0.559999
    endloop
  endfacet
  facet normal 0 0 -1
    outer loop
      vertex -28.168 -22.2577 0.559999
      vertex -23.8335 -21.3372 0.559999
      vertex -28.066 -22.7176 0.559999
    endloop
  endfacet
  facet normal 0 0 -1
    outer loop
      vertex -23.4614 49.4814 0.559999
      vertex -26.6684 52.6984 0.559999
      vertex -26.321 53.0166 0.559999
    endloop
  endfacet
  facet normal -0 0 -1
    outer loop
      vertex -23.8335 -21.3372 0.559999
      vertex -28.168 -22.2577 0.559999
      vertex -23.8755 -21.2041 0.559999
    endloop
  endfacet
  facet normal 0 0 -1
    outer loop
      vertex -23.4614 49.4814 0.559999
      vertex -26.9866 52.351 0.559999
      vertex -26.6684 52.6984 0.559999
    endloop
  endfacet
  facet normal 0 0 -1
    outer loop
      vertex -28.2294 -21.7906 0.559999
      vertex -23.8755 -21.2041 0.559999
      vertex -28.168 -22.2577 0.559999
    endloop
  endfacet
  facet normal 0 0 -1
    outer loop
      vertex -23.5557 49.3784 0.559999
      vertex -27.2734 51.9773 0.559999
      vertex -26.9866 52.351 0.559999
    endloop
  endfacet
  facet normal -0 0 -1
    outer loop
      vertex -23.8755 -21.2041 0.559999
      vertex -28.2294 -21.7906 0.559999
      vertex -23.9057 -21.0678 0.559999
    endloop
  endfacet
  facet normal 0 0 -1
    outer loop
      vertex -23.6406 49.2677 0.559999
      vertex -27.5265 51.58 0.559999
      vertex -27.2734 51.9773 0.559999
    endloop
  endfacet
  facet normal 0 0 -1
    outer loop
      vertex -28.25 -21.32 0.559999
      vertex -23.9057 -21.0678 0.559999
      vertex -28.2294 -21.7906 0.559999
    endloop
  endfacet
  facet normal 0 0 -1
    outer loop
      vertex -23.7156 49.15 0.559999
      vertex -27.744 51.1621 0.559999
      vertex -27.5265 51.58 0.559999
    endloop
  endfacet
  facet normal -0 0 -1
    outer loop
      vertex -23.9057 -21.0678 0.559999
      vertex -28.25 -21.32 0.559999
      vertex -23.9239 -20.9294 0.559999
    endloop
  endfacet
  facet normal 0 0 -1
    outer loop
      vertex -23.7801 49.0262 0.559999
      vertex -27.9243 50.7269 0.559999
      vertex -27.744 51.1621 0.559999
    endloop
  endfacet
  facet normal -0 0 -1
    outer loop
      vertex -23.9239 -20.9294 0.559999
      vertex -28.25 -21.32 0.559999
      vertex -23.93 -20.79 0.559999
    endloop
  endfacet
  facet normal 0 0 -1
    outer loop
      vertex -23.8335 48.8972 0.559999
      vertex -28.066 50.2776 0.559999
      vertex -27.9243 50.7269 0.559999
    endloop
  endfacet
  facet normal 0 0 -1
    outer loop
      vertex -23.8335 48.8972 0.559999
      vertex -28.168 49.8177 0.559999
      vertex -28.066 50.2776 0.559999
    endloop
  endfacet
  facet normal 0 0 -1
    outer loop
      vertex -23.8755 48.7641 0.559999
      vertex -28.2294 49.3506 0.559999
      vertex -28.168 49.8177 0.559999
    endloop
  endfacet
  facet normal -0.043732 0.999043 0
    outer loop
      vertex 23.3206 -26.6994 0
      vertex 22.85 -26.72 0.559999
      vertex 23.3206 -26.6994 0.559999
    endloop
  endfacet
  facet normal -0.043732 0.999043 0
    outer loop
      vertex 22.85 -26.72 0.559999
      vertex 23.3206 -26.6994 0
      vertex 22.85 -26.72 0
    endloop
  endfacet
  facet normal 0.043732 -0.999043 0
    outer loop
      vertex -23.3206 54.2594 0
      vertex -22.85 54.28 0.559999
      vertex -23.3206 54.2594 0.559999
    endloop
  endfacet
  facet normal 0.043732 -0.999043 0
    outer loop
      vertex -22.85 54.28 0.559999
      vertex -23.3206 54.2594 0
      vertex -22.85 54.28 0
    endloop
  endfacet
  facet normal 0.793302 -0.608828 0
    outer loop
      vertex -27.2734 51.9773 0.559999
      vertex -26.9866 52.351 0
      vertex -26.9866 52.351 0.559999
    endloop
  endfacet
  facet normal 0.793302 -0.608828 0
    outer loop
      vertex -26.9866 52.351 0
      vertex -27.2734 51.9773 0.559999
      vertex -27.2734 51.9773 0
    endloop
  endfacet
  facet normal 0.675436 -0.737418 0
    outer loop
      vertex -26.6684 52.6984 0
      vertex -26.321 53.0166 0.559999
      vertex -26.6684 52.6984 0.559999
    endloop
  endfacet
  facet normal 0.675436 -0.737418 0
    outer loop
      vertex -26.321 53.0166 0.559999
      vertex -26.6684 52.6984 0
      vertex -26.321 53.0166 0
    endloop
  endfacet
  facet normal 0.991471 -0.130328 0
    outer loop
      vertex -28.2294 49.3506 0.559999
      vertex -28.168 49.8177 0
      vertex -28.168 49.8177 0.559999
    endloop
  endfacet
  facet normal 0.991471 -0.130328 0
    outer loop
      vertex -28.168 49.8177 0
      vertex -28.2294 49.3506 0.559999
      vertex -28.2294 49.3506 0
    endloop
  endfacet
  facet normal 0.130328 0.991471 -0
    outer loop
      vertex -23.3206 -26.6994 0
      vertex -23.7877 -26.638 0.559999
      vertex -23.3206 -26.6994 0.559999
    endloop
  endfacet
  facet normal 0.130328 0.991471 0
    outer loop
      vertex -23.7877 -26.638 0.559999
      vertex -23.3206 -26.6994 0
      vertex -23.7877 -26.638 0
    endloop
  endfacet
  facet normal 0.382746 -0.923854 0
    outer loop
      vertex -25.1321 53.774 0
      vertex -24.6969 53.9543 0.559999
      vertex -25.1321 53.774 0.559999
    endloop
  endfacet
  facet normal 0.382746 -0.923854 0
    outer loop
      vertex -24.6969 53.9543 0.559999
      vertex -25.1321 53.774 0
      vertex -24.6969 53.9543 0
    endloop
  endfacet
  facet normal 0.461674 -0.88705 0
    outer loop
      vertex -25.55 53.5565 0
      vertex -25.1321 53.774 0.559999
      vertex -25.55 53.5565 0.559999
    endloop
  endfacet
  facet normal 0.461674 -0.88705 0
    outer loop
      vertex -25.1321 53.774 0.559999
      vertex -25.55 53.5565 0
      vertex -25.1321 53.774 0
    endloop
  endfacet
  facet normal 0.737418 -0.675436 0
    outer loop
      vertex -26.9866 52.351 0.559999
      vertex -26.6684 52.6984 0
      vertex -26.6684 52.6984 0.559999
    endloop
  endfacet
  facet normal 0.737418 -0.675436 0
    outer loop
      vertex -26.6684 52.6984 0
      vertex -26.9866 52.351 0.559999
      vertex -26.9866 52.351 0
    endloop
  endfacet
  facet normal -0.999043 0.043732 0
    outer loop
      vertex 28.2294 -21.7906 0
      vertex 28.25 -21.32 0.559999
      vertex 28.25 -21.32 0
    endloop
  endfacet
  facet normal -0.999043 0.043732 0
    outer loop
      vertex 28.25 -21.32 0.559999
      vertex 28.2294 -21.7906 0
      vertex 28.2294 -21.7906 0.559999
    endloop
  endfacet
  facet normal 0.991471 0.130328 0
    outer loop
      vertex -28.168 -22.2577 0.559999
      vertex -28.2294 -21.7906 0
      vertex -28.2294 -21.7906 0.559999
    endloop
  endfacet
  facet normal 0.991471 0.130328 0
    outer loop
      vertex -28.2294 -21.7906 0
      vertex -28.168 -22.2577 0.559999
      vertex -28.168 -22.2577 0
    endloop
  endfacet
  facet normal 0.843399 -0.537288 0
    outer loop
      vertex -27.5265 51.58 0.559999
      vertex -27.2734 51.9773 0
      vertex -27.2734 51.9773 0.559999
    endloop
  endfacet
  facet normal 0.843399 -0.537288 0
    outer loop
      vertex -27.2734 51.9773 0
      vertex -27.5265 51.58 0.559999
      vertex -27.5265 51.58 0
    endloop
  endfacet
  facet normal -0.953695 0.300776 0
    outer loop
      vertex 27.9243 -23.1669 0
      vertex 28.066 -22.7176 0.559999
      vertex 28.066 -22.7176 0
    endloop
  endfacet
  facet normal -0.953695 0.300776 0
    outer loop
      vertex 28.066 -22.7176 0.559999
      vertex 27.9243 -23.1669 0
      vertex 27.9243 -23.1669 0.559999
    endloop
  endfacet
  facet normal -0.976277 -0.216526 0
    outer loop
      vertex 28.168 49.8177 0
      vertex 28.066 50.2776 0.559999
      vertex 28.066 50.2776 0
    endloop
  endfacet
  facet normal -0.976277 -0.216526 0
    outer loop
      vertex 28.066 50.2776 0.559999
      vertex 28.168 49.8177 0
      vertex 28.168 49.8177 0.559999
    endloop
  endfacet
  facet normal -0.923854 0.382746 0
    outer loop
      vertex 27.744 -23.6021 0
      vertex 27.9243 -23.1669 0.559999
      vertex 27.9243 -23.1669 0
    endloop
  endfacet
  facet normal -0.923854 0.382746 0
    outer loop
      vertex 27.9243 -23.1669 0.559999
      vertex 27.744 -23.6021 0
      vertex 27.744 -23.6021 0.559999
    endloop
  endfacet
  facet normal 0.043732 0.999043 -0
    outer loop
      vertex -22.85 -26.72 0
      vertex -23.3206 -26.6994 0.559999
      vertex -22.85 -26.72 0.559999
    endloop
  endfacet
  facet normal 0.043732 0.999043 0
    outer loop
      vertex -23.3206 -26.6994 0.559999
      vertex -22.85 -26.72 0
      vertex -23.3206 -26.6994 0
    endloop
  endfacet
  facet normal 0.216526 -0.976277 0
    outer loop
      vertex -24.2476 54.096 0
      vertex -23.7877 54.198 0.559999
      vertex -24.2476 54.096 0.559999
    endloop
  endfacet
  facet normal 0.216526 -0.976277 0
    outer loop
      vertex -23.7877 54.198 0.559999
      vertex -24.2476 54.096 0
      vertex -23.7877 54.198 0
    endloop
  endfacet
  facet normal 0.953695 -0.300776 0
    outer loop
      vertex -28.066 50.2776 0.559999
      vertex -27.9243 50.7269 0
      vertex -27.9243 50.7269 0.559999
    endloop
  endfacet
  facet normal 0.953695 -0.300776 0
    outer loop
      vertex -27.9243 50.7269 0
      vertex -28.066 50.2776 0.559999
      vertex -28.066 50.2776 0
    endloop
  endfacet
  facet normal 0.923854 -0.382746 0
    outer loop
      vertex -27.9243 50.7269 0.559999
      vertex -27.744 51.1621 0
      vertex -27.744 51.1621 0.559999
    endloop
  endfacet
  facet normal 0.923854 -0.382746 0
    outer loop
      vertex -27.744 51.1621 0
      vertex -27.9243 50.7269 0.559999
      vertex -27.9243 50.7269 0
    endloop
  endfacet
  facet normal -0.130328 -0.991471 0
    outer loop
      vertex 23.3206 54.2594 0
      vertex 23.7877 54.198 0.559999
      vertex 23.3206 54.2594 0.559999
    endloop
  endfacet
  facet normal -0.130328 -0.991471 -0
    outer loop
      vertex 23.7877 54.198 0.559999
      vertex 23.3206 54.2594 0
      vertex 23.7877 54.198 0
    endloop
  endfacet
  facet normal -0.843399 0.537288 0
    outer loop
      vertex 27.2734 -24.4173 0
      vertex 27.5265 -24.02 0.559999
      vertex 27.5265 -24.02 0
    endloop
  endfacet
  facet normal -0.843399 0.537288 0
    outer loop
      vertex 27.5265 -24.02 0.559999
      vertex 27.2734 -24.4173 0
      vertex 27.2734 -24.4173 0.559999
    endloop
  endfacet
  facet normal -0.88705 0.461674 0
    outer loop
      vertex 27.5265 -24.02 0
      vertex 27.744 -23.6021 0.559999
      vertex 27.744 -23.6021 0
    endloop
  endfacet
  facet normal -0.88705 0.461674 0
    outer loop
      vertex 27.744 -23.6021 0.559999
      vertex 27.5265 -24.02 0
      vertex 27.5265 -24.02 0.559999
    endloop
  endfacet
  facet normal 0.382746 0.923854 -0
    outer loop
      vertex -24.6969 -26.3943 0
      vertex -25.1321 -26.214 0.559999
      vertex -24.6969 -26.3943 0.559999
    endloop
  endfacet
  facet normal 0.382746 0.923854 0
    outer loop
      vertex -25.1321 -26.214 0.559999
      vertex -24.6969 -26.3943 0
      vertex -25.1321 -26.214 0
    endloop
  endfacet
  facet normal 0.130328 -0.991471 0
    outer loop
      vertex -23.7877 54.198 0
      vertex -23.3206 54.2594 0.559999
      vertex -23.7877 54.198 0.559999
    endloop
  endfacet
  facet normal 0.130328 -0.991471 0
    outer loop
      vertex -23.3206 54.2594 0.559999
      vertex -23.7877 54.198 0
      vertex -23.3206 54.2594 0
    endloop
  endfacet
  facet normal -0.976277 0.216526 0
    outer loop
      vertex 28.066 -22.7176 0
      vertex 28.168 -22.2577 0.559999
      vertex 28.168 -22.2577 0
    endloop
  endfacet
  facet normal -0.976277 0.216526 0
    outer loop
      vertex 28.168 -22.2577 0.559999
      vertex 28.066 -22.7176 0
      vertex 28.066 -22.7176 0.559999
    endloop
  endfacet
  facet normal 0.991464 0.13038 0
    outer loop
      vertex -23.9057 -21.0678 3
      vertex -23.9239 -20.9294 0.559999
      vertex -23.9239 -20.9294 3
    endloop
  endfacet
  facet normal 0.991464 0.13038 0
    outer loop
      vertex -23.9239 -20.9294 0.559999
      vertex -23.9057 -21.0678 3
      vertex -23.9057 -21.0678 0.559999
    endloop
  endfacet
  facet normal -0.976322 0.216324 0
    outer loop
      vertex 23.8755 -21.2041 0.559999
      vertex 23.9057 -21.0678 3
      vertex 23.9057 -21.0678 0.559999
    endloop
  endfacet
  facet normal -0.976322 0.216324 0
    outer loop
      vertex 23.9057 -21.0678 3
      vertex 23.8755 -21.2041 0.559999
      vertex 23.8755 -21.2041 3
    endloop
  endfacet
  facet normal -1 0 0
    outer loop
      vertex 23.93 -20.79 0.559999
      vertex 23.93 48.35 3
      vertex 23.93 48.35 0.559999
    endloop
  endfacet
  facet normal -1 -0 0
    outer loop
      vertex 23.93 48.35 3
      vertex 23.93 -20.79 0.559999
      vertex 23.93 -20.79 3
    endloop
  endfacet
  facet normal 0.976322 0.216324 0
    outer loop
      vertex -23.8755 -21.2041 3
      vertex -23.9057 -21.0678 0.559999
      vertex -23.9057 -21.0678 3
    endloop
  endfacet
  facet normal 0.976322 0.216324 0
    outer loop
      vertex -23.9057 -21.0678 0.559999
      vertex -23.8755 -21.2041 3
      vertex -23.8755 -21.2041 0.559999
    endloop
  endfacet
  facet normal 0.999044 0.0437171 0
    outer loop
      vertex -23.9239 -20.9294 3
      vertex -23.93 -20.79 0.559999
      vertex -23.93 -20.79 3
    endloop
  endfacet
  facet normal 0.999044 0.0437171 0
    outer loop
      vertex -23.93 -20.79 0.559999
      vertex -23.9239 -20.9294 3
      vertex -23.9239 -20.9294 0.559999
    endloop
  endfacet
  facet normal -0.300926 -0.953648 0
    outer loop
      vertex 22.7441 49.8955 0.559999
      vertex 22.8772 49.8535 3
      vertex 22.7441 49.8955 3
    endloop
  endfacet
  facet normal -0.300926 -0.953648 -0
    outer loop
      vertex 22.8772 49.8535 3
      vertex 22.7441 49.8955 0.559999
      vertex 22.8772 49.8535 0.559999
    endloop
  endfacet
  facet normal 0.886853 -0.462052 0
    outer loop
      vertex -23.7801 49.0262 3
      vertex -23.7156 49.15 0.559999
      vertex -23.7156 49.15 3
    endloop
  endfacet
  facet normal 0.886853 -0.462052 0
    outer loop
      vertex -23.7156 49.15 0.559999
      vertex -23.7801 49.0262 3
      vertex -23.7801 49.0262 0.559999
    endloop
  endfacet
  facet normal -0.73757 0.675271 0
    outer loop
      vertex 23.4614 -21.9214 0.559999
      vertex 23.5557 -21.8184 3
      vertex 23.5557 -21.8184 0.559999
    endloop
  endfacet
  facet normal -0.73757 0.675271 0
    outer loop
      vertex 23.5557 -21.8184 3
      vertex 23.4614 -21.9214 0.559999
      vertex 23.4614 -21.9214 3
    endloop
  endfacet
  facet normal -0.537385 -0.843337 0
    outer loop
      vertex 23.13 49.7356 0.559999
      vertex 23.2477 49.6606 3
      vertex 23.13 49.7356 3
    endloop
  endfacet
  facet normal -0.537385 -0.843337 -0
    outer loop
      vertex 23.2477 49.6606 3
      vertex 23.13 49.7356 0.559999
      vertex 23.2477 49.6606 0.559999
    endloop
  endfacet
  facet normal 0.382478 0.923964 -0
    outer loop
      vertex -22.8772 -22.2935 0.559999
      vertex -23.0062 -22.2401 3
      vertex -22.8772 -22.2935 3
    endloop
  endfacet
  facet normal 0.382478 0.923964 0
    outer loop
      vertex -23.0062 -22.2401 3
      vertex -22.8772 -22.2935 0.559999
      vertex -23.0062 -22.2401 0.559999
    endloop
  endfacet
  facet normal -0.999044 -0.0437171 0
    outer loop
      vertex 23.93 48.35 0.559999
      vertex 23.9239 48.4894 3
      vertex 23.9239 48.4894 0.559999
    endloop
  endfacet
  facet normal -0.999044 -0.0437171 0
    outer loop
      vertex 23.9239 48.4894 3
      vertex 23.93 48.35 0.559999
      vertex 23.93 48.35 3
    endloop
  endfacet
  facet normal -0.0437171 0.999044 0
    outer loop
      vertex 22.4694 -22.3839 0.559999
      vertex 22.33 -22.39 3
      vertex 22.4694 -22.3839 3
    endloop
  endfacet
  facet normal -0.0437171 0.999044 0
    outer loop
      vertex 22.33 -22.39 3
      vertex 22.4694 -22.3839 0.559999
      vertex 22.33 -22.39 0.559999
    endloop
  endfacet
  facet normal 0 -1 0
    outer loop
      vertex -22.33 49.95 0.559999
      vertex 22.33 49.95 3
      vertex -22.33 49.95 3
    endloop
  endfacet
  facet normal 0 -1 -0
    outer loop
      vertex 22.33 49.95 3
      vertex -22.33 49.95 0.559999
      vertex 22.33 49.95 0.559999
    endloop
  endfacet
  facet normal 0.73757 0.675271 0
    outer loop
      vertex -23.4614 -21.9214 3
      vertex -23.5557 -21.8184 0.559999
      vertex -23.5557 -21.8184 3
    endloop
  endfacet
  facet normal 0.73757 0.675271 0
    outer loop
      vertex -23.5557 -21.8184 0.559999
      vertex -23.4614 -21.9214 3
      vertex -23.4614 -21.9214 0.559999
    endloop
  endfacet
  facet normal 0.999044 -0.0437171 0
    outer loop
      vertex -23.93 48.35 3
      vertex -23.9239 48.4894 0.559999
      vertex -23.9239 48.4894 3
    endloop
  endfacet
  facet normal 0.999044 -0.0437171 0
    outer loop
      vertex -23.9239 48.4894 0.559999
      vertex -23.93 48.35 3
      vertex -23.93 48.35 0.559999
    endloop
  endfacet
  facet normal -0.13038 0.991464 0
    outer loop
      vertex 22.6078 -22.3657 0.559999
      vertex 22.4694 -22.3839 3
      vertex 22.6078 -22.3657 3
    endloop
  endfacet
  facet normal -0.13038 0.991464 0
    outer loop
      vertex 22.4694 -22.3839 3
      vertex 22.6078 -22.3657 0.559999
      vertex 22.4694 -22.3839 0.559999
    endloop
  endfacet
  facet normal -0.991464 -0.13038 0
    outer loop
      vertex 23.9239 48.4894 0.559999
      vertex 23.9057 48.6278 3
      vertex 23.9057 48.6278 0.559999
    endloop
  endfacet
  facet normal -0.991464 -0.13038 0
    outer loop
      vertex 23.9057 48.6278 3
      vertex 23.9239 48.4894 0.559999
      vertex 23.9239 48.4894 3
    endloop
  endfacet
  facet normal 0.675627 -0.737243 0
    outer loop
      vertex -23.4614 49.4814 0.559999
      vertex -23.3585 49.5757 3
      vertex -23.4614 49.4814 3
    endloop
  endfacet
  facet normal 0.675627 -0.737243 0
    outer loop
      vertex -23.3585 49.5757 3
      vertex -23.4614 49.4814 0.559999
      vertex -23.3585 49.5757 0.559999
    endloop
  endfacet
  facet normal 1 -0 0
    outer loop
      vertex -23.93 -20.79 3
      vertex -23.93 48.35 0.559999
      vertex -23.93 48.35 3
    endloop
  endfacet
  facet normal 1 0 0
    outer loop
      vertex -23.93 48.35 0.559999
      vertex -23.93 -20.79 3
      vertex -23.93 -20.79 0.559999
    endloop
  endfacet
  facet normal -0.976322 -0.216324 0
    outer loop
      vertex 23.9057 48.6278 0.559999
      vertex 23.8755 48.7641 3
      vertex 23.8755 48.7641 0.559999
    endloop
  endfacet
  facet normal -0.976322 -0.216324 0
    outer loop
      vertex 23.8755 48.7641 3
      vertex 23.9057 48.6278 0.559999
      vertex 23.9057 48.6278 3
    endloop
  endfacet
  facet normal -0.886853 -0.462052 0
    outer loop
      vertex 23.7801 49.0262 0.559999
      vertex 23.7156 49.15 3
      vertex 23.7156 49.15 0.559999
    endloop
  endfacet
  facet normal -0.886853 -0.462052 0
    outer loop
      vertex 23.7156 49.15 3
      vertex 23.7801 49.0262 0.559999
      vertex 23.7801 49.0262 3
    endloop
  endfacet
  facet normal -0.953648 -0.300926 0
    outer loop
      vertex 23.8755 48.7641 0.559999
      vertex 23.8335 48.8972 3
      vertex 23.8335 48.8972 0.559999
    endloop
  endfacet
  facet normal -0.953648 -0.300926 0
    outer loop
      vertex 23.8335 48.8972 3
      vertex 23.8755 48.7641 0.559999
      vertex 23.8755 48.7641 3
    endloop
  endfacet
  facet normal -0.675627 -0.737243 0
    outer loop
      vertex 23.3585 49.5757 0.559999
      vertex 23.4614 49.4814 3
      vertex 23.3585 49.5757 3
    endloop
  endfacet
  facet normal -0.675627 -0.737243 -0
    outer loop
      vertex 23.4614 49.4814 3
      vertex 23.3585 49.5757 0.559999
      vertex 23.4614 49.4814 0.559999
    endloop
  endfacet
  facet normal 0 1 -0
    outer loop
      vertex 22.33 -22.39 0.559999
      vertex -22.33 -22.39 3
      vertex 22.33 -22.39 3
    endloop
  endfacet
  facet normal 0 1 0
    outer loop
      vertex -22.33 -22.39 3
      vertex 22.33 -22.39 0.559999
      vertex -22.33 -22.39 0.559999
    endloop
  endfacet
  facet normal -0.73757 -0.675271 0
    outer loop
      vertex 23.5557 49.3784 0.559999
      vertex 23.4614 49.4814 3
      vertex 23.4614 49.4814 0.559999
    endloop
  endfacet
  facet normal -0.73757 -0.675271 0
    outer loop
      vertex 23.4614 49.4814 3
      vertex 23.5557 49.3784 0.559999
      vertex 23.5557 49.3784 3
    endloop
  endfacet
  facet normal 0.991464 -0.13038 0
    outer loop
      vertex -23.9239 48.4894 3
      vertex -23.9057 48.6278 0.559999
      vertex -23.9057 48.6278 3
    endloop
  endfacet
  facet normal 0.991464 -0.13038 0
    outer loop
      vertex -23.9057 48.6278 0.559999
      vertex -23.9239 48.4894 3
      vertex -23.9239 48.4894 0.559999
    endloop
  endfacet
  facet normal 0.843337 -0.537385 0
    outer loop
      vertex -23.7156 49.15 3
      vertex -23.6406 49.2677 0.559999
      vertex -23.6406 49.2677 3
    endloop
  endfacet
  facet normal 0.843337 -0.537385 0
    outer loop
      vertex -23.6406 49.2677 0.559999
      vertex -23.7156 49.15 3
      vertex -23.7156 49.15 0.559999
    endloop
  endfacet
  facet normal 0.923964 -0.382478 0
    outer loop
      vertex -23.8335 48.8972 3
      vertex -23.7801 49.0262 0.559999
      vertex -23.7801 49.0262 3
    endloop
  endfacet
  facet normal 0.923964 -0.382478 0
    outer loop
      vertex -23.7801 49.0262 0.559999
      vertex -23.8335 48.8972 3
      vertex -23.8335 48.8972 0.559999
    endloop
  endfacet
  facet normal 0.300926 -0.953648 0
    outer loop
      vertex -22.8772 49.8535 0.559999
      vertex -22.7441 49.8955 3
      vertex -22.8772 49.8535 3
    endloop
  endfacet
  facet normal 0.300926 -0.953648 0
    outer loop
      vertex -22.7441 49.8955 3
      vertex -22.8772 49.8535 0.559999
      vertex -22.7441 49.8955 0.559999
    endloop
  endfacet
  facet normal -0.999044 0.0437171 0
    outer loop
      vertex 23.9239 -20.9294 0.559999
      vertex 23.93 -20.79 3
      vertex 23.93 -20.79 0.559999
    endloop
  endfacet
  facet normal -0.999044 0.0437171 0
    outer loop
      vertex 23.93 -20.79 3
      vertex 23.9239 -20.9294 0.559999
      vertex 23.9239 -20.9294 3
    endloop
  endfacet
  facet normal -0.216324 0.976322 0
    outer loop
      vertex 22.7441 -22.3355 0.559999
      vertex 22.6078 -22.3657 3
      vertex 22.7441 -22.3355 3
    endloop
  endfacet
  facet normal -0.216324 0.976322 0
    outer loop
      vertex 22.6078 -22.3657 3
      vertex 22.7441 -22.3355 0.559999
      vertex 22.6078 -22.3657 0.559999
    endloop
  endfacet
  facet normal -0.462052 -0.886853 0
    outer loop
      vertex 23.0062 49.8001 0.559999
      vertex 23.13 49.7356 3
      vertex 23.0062 49.8001 3
    endloop
  endfacet
  facet normal -0.462052 -0.886853 -0
    outer loop
      vertex 23.13 49.7356 3
      vertex 23.0062 49.8001 0.559999
      vertex 23.13 49.7356 0.559999
    endloop
  endfacet
  facet normal -0.991464 0.13038 0
    outer loop
      vertex 23.9057 -21.0678 0.559999
      vertex 23.9239 -20.9294 3
      vertex 23.9239 -20.9294 0.559999
    endloop
  endfacet
  facet normal -0.991464 0.13038 0
    outer loop
      vertex 23.9239 -20.9294 3
      vertex 23.9057 -21.0678 0.559999
      vertex 23.9057 -21.0678 3
    endloop
  endfacet
  facet normal 0.675627 0.737243 -0
    outer loop
      vertex -23.3585 -22.0157 0.559999
      vertex -23.4614 -21.9214 3
      vertex -23.3585 -22.0157 3
    endloop
  endfacet
  facet normal 0.675627 0.737243 0
    outer loop
      vertex -23.4614 -21.9214 3
      vertex -23.3585 -22.0157 0.559999
      vertex -23.4614 -21.9214 0.559999
    endloop
  endfacet
  facet normal -0.923964 0.382478 0
    outer loop
      vertex 23.7801 -21.4662 0.559999
      vertex 23.8335 -21.3372 3
      vertex 23.8335 -21.3372 0.559999
    endloop
  endfacet
  facet normal -0.923964 0.382478 0
    outer loop
      vertex 23.8335 -21.3372 3
      vertex 23.7801 -21.4662 0.559999
      vertex 23.7801 -21.4662 3
    endloop
  endfacet
  facet normal -0.537385 0.843337 0
    outer loop
      vertex 23.2477 -22.1006 0.559999
      vertex 23.13 -22.1756 3
      vertex 23.2477 -22.1006 3
    endloop
  endfacet
  facet normal -0.537385 0.843337 0
    outer loop
      vertex 23.13 -22.1756 3
      vertex 23.2477 -22.1006 0.559999
      vertex 23.13 -22.1756 0.559999
    endloop
  endfacet
  facet normal 0.976322 -0.216324 0
    outer loop
      vertex -23.9057 48.6278 3
      vertex -23.8755 48.7641 0.559999
      vertex -23.8755 48.7641 3
    endloop
  endfacet
  facet normal 0.976322 -0.216324 0
    outer loop
      vertex -23.8755 48.7641 0.559999
      vertex -23.9057 48.6278 3
      vertex -23.9057 48.6278 0.559999
    endloop
  endfacet
  facet normal 0.886853 0.462052 0
    outer loop
      vertex -23.7156 -21.59 3
      vertex -23.7801 -21.4662 0.559999
      vertex -23.7801 -21.4662 3
    endloop
  endfacet
  facet normal 0.886853 0.462052 0
    outer loop
      vertex -23.7801 -21.4662 0.559999
      vertex -23.7156 -21.59 3
      vertex -23.7156 -21.59 0.559999
    endloop
  endfacet
  facet normal 0.73757 -0.675271 0
    outer loop
      vertex -23.5557 49.3784 3
      vertex -23.4614 49.4814 0.559999
      vertex -23.4614 49.4814 3
    endloop
  endfacet
  facet normal 0.73757 -0.675271 0
    outer loop
      vertex -23.4614 49.4814 0.559999
      vertex -23.5557 49.3784 3
      vertex -23.5557 49.3784 0.559999
    endloop
  endfacet
  facet normal -0.886853 0.462052 0
    outer loop
      vertex 23.7156 -21.59 0.559999
      vertex 23.7801 -21.4662 3
      vertex 23.7801 -21.4662 0.559999
    endloop
  endfacet
  facet normal -0.886853 0.462052 0
    outer loop
      vertex 23.7801 -21.4662 3
      vertex 23.7156 -21.59 0.559999
      vertex 23.7156 -21.59 3
    endloop
  endfacet
  facet normal 0.13038 -0.991464 0
    outer loop
      vertex -22.6078 49.9257 0.559999
      vertex -22.4694 49.9439 3
      vertex -22.6078 49.9257 3
    endloop
  endfacet
  facet normal 0.13038 -0.991464 0
    outer loop
      vertex -22.4694 49.9439 3
      vertex -22.6078 49.9257 0.559999
      vertex -22.4694 49.9439 0.559999
    endloop
  endfacet
  facet normal 0.793503 0.608567 0
    outer loop
      vertex -23.5557 -21.8184 3
      vertex -23.6406 -21.7077 0.559999
      vertex -23.6406 -21.7077 3
    endloop
  endfacet
  facet normal 0.793503 0.608567 0
    outer loop
      vertex -23.6406 -21.7077 0.559999
      vertex -23.5557 -21.8184 3
      vertex -23.5557 -21.8184 0.559999
    endloop
  endfacet
  facet normal 0.608221 -0.793768 0
    outer loop
      vertex -23.3585 49.5757 0.559999
      vertex -23.2477 49.6606 3
      vertex -23.3585 49.5757 3
    endloop
  endfacet
  facet normal 0.608221 -0.793768 0
    outer loop
      vertex -23.2477 49.6606 3
      vertex -23.3585 49.5757 0.559999
      vertex -23.2477 49.6606 0.559999
    endloop
  endfacet
  facet normal 0.953648 0.300926 0
    outer loop
      vertex -23.8335 -21.3372 3
      vertex -23.8755 -21.2041 0.559999
      vertex -23.8755 -21.2041 3
    endloop
  endfacet
  facet normal 0.953648 0.300926 0
    outer loop
      vertex -23.8755 -21.2041 0.559999
      vertex -23.8335 -21.3372 3
      vertex -23.8335 -21.3372 0.559999
    endloop
  endfacet
  facet normal -0.793503 -0.608567 0
    outer loop
      vertex 23.6406 49.2677 0.559999
      vertex 23.5557 49.3784 3
      vertex 23.5557 49.3784 0.559999
    endloop
  endfacet
  facet normal -0.793503 -0.608567 0
    outer loop
      vertex 23.5557 49.3784 3
      vertex 23.6406 49.2677 0.559999
      vertex 23.6406 49.2677 3
    endloop
  endfacet
  facet normal -0.462052 0.886853 0
    outer loop
      vertex 23.13 -22.1756 0.559999
      vertex 23.0062 -22.2401 3
      vertex 23.13 -22.1756 3
    endloop
  endfacet
  facet normal -0.462052 0.886853 0
    outer loop
      vertex 23.0062 -22.2401 3
      vertex 23.13 -22.1756 0.559999
      vertex 23.0062 -22.2401 0.559999
    endloop
  endfacet
  facet normal 0.462052 -0.886853 0
    outer loop
      vertex -23.13 49.7356 0.559999
      vertex -23.0062 49.8001 3
      vertex -23.13 49.7356 3
    endloop
  endfacet
  facet normal 0.462052 -0.886853 0
    outer loop
      vertex -23.0062 49.8001 3
      vertex -23.13 49.7356 0.559999
      vertex -23.0062 49.8001 0.559999
    endloop
  endfacet
  facet normal 0.382478 -0.923964 0
    outer loop
      vertex -23.0062 49.8001 0.559999
      vertex -22.8772 49.8535 3
      vertex -23.0062 49.8001 3
    endloop
  endfacet
  facet normal 0.382478 -0.923964 0
    outer loop
      vertex -22.8772 49.8535 3
      vertex -23.0062 49.8001 0.559999
      vertex -22.8772 49.8535 0.559999
    endloop
  endfacet
  facet normal -0.843337 -0.537385 0
    outer loop
      vertex 23.7156 49.15 0.559999
      vertex 23.6406 49.2677 3
      vertex 23.6406 49.2677 0.559999
    endloop
  endfacet
  facet normal -0.843337 -0.537385 0
    outer loop
      vertex 23.6406 49.2677 3
      vertex 23.7156 49.15 0.559999
      vertex 23.7156 49.15 3
    endloop
  endfacet
  facet normal 0.537385 -0.843337 0
    outer loop
      vertex -23.2477 49.6606 0.559999
      vertex -23.13 49.7356 3
      vertex -23.2477 49.6606 3
    endloop
  endfacet
  facet normal 0.537385 -0.843337 0
    outer loop
      vertex -23.13 49.7356 3
      vertex -23.2477 49.6606 0.559999
      vertex -23.13 49.7356 0.559999
    endloop
  endfacet
  facet normal -0.0437171 -0.999044 0
    outer loop
      vertex 22.33 49.95 0.559999
      vertex 22.4694 49.9439 3
      vertex 22.33 49.95 3
    endloop
  endfacet
  facet normal -0.0437171 -0.999044 -0
    outer loop
      vertex 22.4694 49.9439 3
      vertex 22.33 49.95 0.559999
      vertex 22.4694 49.9439 0.559999
    endloop
  endfacet
  facet normal -0.953648 0.300926 0
    outer loop
      vertex 23.8335 -21.3372 0.559999
      vertex 23.8755 -21.2041 3
      vertex 23.8755 -21.2041 0.559999
    endloop
  endfacet
  facet normal -0.953648 0.300926 0
    outer loop
      vertex 23.8755 -21.2041 3
      vertex 23.8335 -21.3372 0.559999
      vertex 23.8335 -21.3372 3
    endloop
  endfacet
  facet normal -0.608221 -0.793768 0
    outer loop
      vertex 23.2477 49.6606 0.559999
      vertex 23.3585 49.5757 3
      vertex 23.2477 49.6606 3
    endloop
  endfacet
  facet normal -0.608221 -0.793768 -0
    outer loop
      vertex 23.3585 49.5757 3
      vertex 23.2477 49.6606 0.559999
      vertex 23.3585 49.5757 0.559999
    endloop
  endfacet
  facet normal -0.13038 -0.991464 0
    outer loop
      vertex 22.4694 49.9439 0.559999
      vertex 22.6078 49.9257 3
      vertex 22.4694 49.9439 3
    endloop
  endfacet
  facet normal -0.13038 -0.991464 -0
    outer loop
      vertex 22.6078 49.9257 3
      vertex 22.4694 49.9439 0.559999
      vertex 22.6078 49.9257 0.559999
    endloop
  endfacet
  facet normal 0.300926 0.953648 -0
    outer loop
      vertex -22.7441 -22.3355 0.559999
      vertex -22.8772 -22.2935 3
      vertex -22.7441 -22.3355 3
    endloop
  endfacet
  facet normal 0.300926 0.953648 0
    outer loop
      vertex -22.8772 -22.2935 3
      vertex -22.7441 -22.3355 0.559999
      vertex -22.8772 -22.2935 0.559999
    endloop
  endfacet
  facet normal -0.843337 0.537385 0
    outer loop
      vertex 23.6406 -21.7077 0.559999
      vertex 23.7156 -21.59 3
      vertex 23.7156 -21.59 0.559999
    endloop
  endfacet
  facet normal -0.843337 0.537385 0
    outer loop
      vertex 23.7156 -21.59 3
      vertex 23.6406 -21.7077 0.559999
      vertex 23.6406 -21.7077 3
    endloop
  endfacet
  facet normal 0.216324 -0.976322 0
    outer loop
      vertex -22.7441 49.8955 0.559999
      vertex -22.6078 49.9257 3
      vertex -22.7441 49.8955 3
    endloop
  endfacet
  facet normal 0.216324 -0.976322 0
    outer loop
      vertex -22.6078 49.9257 3
      vertex -22.7441 49.8955 0.559999
      vertex -22.6078 49.9257 0.559999
    endloop
  endfacet
  facet normal -0.608221 0.793768 0
    outer loop
      vertex 23.3585 -22.0157 0.559999
      vertex 23.2477 -22.1006 3
      vertex 23.3585 -22.0157 3
    endloop
  endfacet
  facet normal -0.608221 0.793768 0
    outer loop
      vertex 23.2477 -22.1006 3
      vertex 23.3585 -22.0157 0.559999
      vertex 23.2477 -22.1006 0.559999
    endloop
  endfacet
  facet normal 0.843337 0.537385 0
    outer loop
      vertex -23.6406 -21.7077 3
      vertex -23.7156 -21.59 0.559999
      vertex -23.7156 -21.59 3
    endloop
  endfacet
  facet normal 0.843337 0.537385 0
    outer loop
      vertex -23.7156 -21.59 0.559999
      vertex -23.6406 -21.7077 3
      vertex -23.6406 -21.7077 0.559999
    endloop
  endfacet
  facet normal -0.216324 -0.976322 0
    outer loop
      vertex 22.6078 49.9257 0.559999
      vertex 22.7441 49.8955 3
      vertex 22.6078 49.9257 3
    endloop
  endfacet
  facet normal -0.216324 -0.976322 -0
    outer loop
      vertex 22.7441 49.8955 3
      vertex 22.6078 49.9257 0.559999
      vertex 22.7441 49.8955 0.559999
    endloop
  endfacet
  facet normal -0.793503 0.608567 0
    outer loop
      vertex 23.5557 -21.8184 0.559999
      vertex 23.6406 -21.7077 3
      vertex 23.6406 -21.7077 0.559999
    endloop
  endfacet
  facet normal -0.793503 0.608567 0
    outer loop
      vertex 23.6406 -21.7077 3
      vertex 23.5557 -21.8184 0.559999
      vertex 23.5557 -21.8184 3
    endloop
  endfacet
  facet normal 0.13038 0.991464 -0
    outer loop
      vertex -22.4694 -22.3839 0.559999
      vertex -22.6078 -22.3657 3
      vertex -22.4694 -22.3839 3
    endloop
  endfacet
  facet normal 0.13038 0.991464 0
    outer loop
      vertex -22.6078 -22.3657 3
      vertex -22.4694 -22.3839 0.559999
      vertex -22.6078 -22.3657 0.559999
    endloop
  endfacet
  facet normal 0.0437171 0.999044 -0
    outer loop
      vertex -22.33 -22.39 0.559999
      vertex -22.4694 -22.3839 3
      vertex -22.33 -22.39 3
    endloop
  endfacet
  facet normal 0.0437171 0.999044 0
    outer loop
      vertex -22.4694 -22.3839 3
      vertex -22.33 -22.39 0.559999
      vertex -22.4694 -22.3839 0.559999
    endloop
  endfacet
  facet normal -0.300926 0.953648 0
    outer loop
      vertex 22.8772 -22.2935 0.559999
      vertex 22.7441 -22.3355 3
      vertex 22.8772 -22.2935 3
    endloop
  endfacet
  facet normal -0.300926 0.953648 0
    outer loop
      vertex 22.7441 -22.3355 3
      vertex 22.8772 -22.2935 0.559999
      vertex 22.7441 -22.3355 0.559999
    endloop
  endfacet
  facet normal 0.216324 0.976322 -0
    outer loop
      vertex -22.6078 -22.3657 0.559999
      vertex -22.7441 -22.3355 3
      vertex -22.6078 -22.3657 3
    endloop
  endfacet
  facet normal 0.216324 0.976322 0
    outer loop
      vertex -22.7441 -22.3355 3
      vertex -22.6078 -22.3657 0.559999
      vertex -22.7441 -22.3355 0.559999
    endloop
  endfacet
  facet normal 0.0437171 -0.999044 0
    outer loop
      vertex -22.4694 49.9439 0.559999
      vertex -22.33 49.95 3
      vertex -22.4694 49.9439 3
    endloop
  endfacet
  facet normal 0.0437171 -0.999044 0
    outer loop
      vertex -22.33 49.95 3
      vertex -22.4694 49.9439 0.559999
      vertex -22.33 49.95 0.559999
    endloop
  endfacet
  facet normal 0.953648 -0.300926 0
    outer loop
      vertex -23.8755 48.7641 3
      vertex -23.8335 48.8972 0.559999
      vertex -23.8335 48.8972 3
    endloop
  endfacet
  facet normal 0.953648 -0.300926 0
    outer loop
      vertex -23.8335 48.8972 0.559999
      vertex -23.8755 48.7641 3
      vertex -23.8755 48.7641 0.559999
    endloop
  endfacet
  facet normal 0.793503 -0.608567 0
    outer loop
      vertex -23.6406 49.2677 3
      vertex -23.5557 49.3784 0.559999
      vertex -23.5557 49.3784 3
    endloop
  endfacet
  facet normal 0.793503 -0.608567 0
    outer loop
      vertex -23.5557 49.3784 0.559999
      vertex -23.6406 49.2677 3
      vertex -23.6406 49.2677 0.559999
    endloop
  endfacet
  facet normal -0.923964 -0.382478 0
    outer loop
      vertex 23.8335 48.8972 0.559999
      vertex 23.7801 49.0262 3
      vertex 23.7801 49.0262 0.559999
    endloop
  endfacet
  facet normal -0.923964 -0.382478 0
    outer loop
      vertex 23.7801 49.0262 3
      vertex 23.8335 48.8972 0.559999
      vertex 23.8335 48.8972 3
    endloop
  endfacet
  facet normal -0.675627 0.737243 0
    outer loop
      vertex 23.4614 -21.9214 0.559999
      vertex 23.3585 -22.0157 3
      vertex 23.4614 -21.9214 3
    endloop
  endfacet
  facet normal -0.675627 0.737243 0
    outer loop
      vertex 23.3585 -22.0157 3
      vertex 23.4614 -21.9214 0.559999
      vertex 23.3585 -22.0157 0.559999
    endloop
  endfacet
  facet normal 0.923964 0.382478 0
    outer loop
      vertex -23.7801 -21.4662 3
      vertex -23.8335 -21.3372 0.559999
      vertex -23.8335 -21.3372 3
    endloop
  endfacet
  facet normal 0.923964 0.382478 0
    outer loop
      vertex -23.8335 -21.3372 0.559999
      vertex -23.7801 -21.4662 3
      vertex -23.7801 -21.4662 0.559999
    endloop
  endfacet
  facet normal 0.537385 0.843337 -0
    outer loop
      vertex -23.13 -22.1756 0.559999
      vertex -23.2477 -22.1006 3
      vertex -23.13 -22.1756 3
    endloop
  endfacet
  facet normal 0.537385 0.843337 0
    outer loop
      vertex -23.2477 -22.1006 3
      vertex -23.13 -22.1756 0.559999
      vertex -23.2477 -22.1006 0.559999
    endloop
  endfacet
  facet normal 0.608221 0.793768 -0
    outer loop
      vertex -23.2477 -22.1006 0.559999
      vertex -23.3585 -22.0157 3
      vertex -23.2477 -22.1006 3
    endloop
  endfacet
  facet normal 0.608221 0.793768 0
    outer loop
      vertex -23.3585 -22.0157 3
      vertex -23.2477 -22.1006 0.559999
      vertex -23.3585 -22.0157 0.559999
    endloop
  endfacet
  facet normal -0.382478 0.923964 0
    outer loop
      vertex 23.0062 -22.2401 0.559999
      vertex 22.8772 -22.2935 3
      vertex 23.0062 -22.2401 3
    endloop
  endfacet
  facet normal -0.382478 0.923964 0
    outer loop
      vertex 22.8772 -22.2935 3
      vertex 23.0062 -22.2401 0.559999
      vertex 22.8772 -22.2935 0.559999
    endloop
  endfacet
  facet normal 0.462052 0.886853 -0
    outer loop
      vertex -23.0062 -22.2401 0.559999
      vertex -23.13 -22.1756 3
      vertex -23.0062 -22.2401 3
    endloop
  endfacet
  facet normal 0.462052 0.886853 0
    outer loop
      vertex -23.13 -22.1756 3
      vertex -23.0062 -22.2401 0.559999
      vertex -23.13 -22.1756 0.559999
    endloop
  endfacet
  facet normal -0.382478 -0.923964 0
    outer loop
      vertex 22.8772 49.8535 0.559999
      vertex 23.0062 49.8001 3
      vertex 22.8772 49.8535 3
    endloop
  endfacet
  facet normal -0.382478 -0.923964 -0
    outer loop
      vertex 23.0062 49.8001 3
      vertex 22.8772 49.8535 0.559999
      vertex 23.0062 49.8001 0.559999
    endloop
  endfacet
  facet normal 0.848647 0.528959 0
    outer loop
      vertex -23.8495 -56.3142 3
      vertex -25.7988 -53.1868 0.29
      vertex -25.7988 -53.1868 3
    endloop
  endfacet
  facet normal 0.848647 0.528959 0
    outer loop
      vertex -25.7988 -53.1868 0.29
      vertex -23.8495 -56.3142 3
      vertex -23.8495 -56.3142 0.29
    endloop
  endfacet
  facet normal -0.636855 0.770983 0
    outer loop
      vertex -19.2878 -52.5461 0.29
      vertex -23.8495 -56.3142 3
      vertex -19.2878 -52.5461 3
    endloop
  endfacet
  facet normal -0.636855 0.770983 0
    outer loop
      vertex -23.8495 -56.3142 3
      vertex -19.2878 -52.5461 0.29
      vertex -23.8495 -56.3142 0.29
    endloop
  endfacet
  facet normal 0.703907 0.710292 -0
    outer loop
      vertex -17.1629 -54.6519 0.29
      vertex -19.2878 -52.5461 3
      vertex -17.1629 -54.6519 3
    endloop
  endfacet
  facet normal 0.703907 0.710292 0
    outer loop
      vertex -19.2878 -52.5461 3
      vertex -17.1629 -54.6519 0.29
      vertex -19.2878 -52.5461 0.29
    endloop
  endfacet
  facet normal -0.21507 0.976599 0
    outer loop
      vertex -11.7752 -53.4654 0.29
      vertex -17.1629 -54.6519 3
      vertex -11.7752 -53.4654 3
    endloop
  endfacet
  facet normal -0.21507 0.976599 0
    outer loop
      vertex -17.1629 -54.6519 3
      vertex -11.7752 -53.4654 0.29
      vertex -17.1629 -54.6519 0.29
    endloop
  endfacet
  facet normal -0.643586 0.765374 0
    outer loop
      vertex -8.51028 -50.72 0.29
      vertex -11.7752 -53.4654 3
      vertex -8.51028 -50.72 3
    endloop
  endfacet
  facet normal -0.643586 0.765374 0
    outer loop
      vertex -11.7752 -53.4654 3
      vertex -8.51028 -50.72 0.29
      vertex -11.7752 -53.4654 0.29
    endloop
  endfacet
  facet normal -0.953699 0.300762 0
    outer loop
      vertex -8.51028 -50.72 0.29
      vertex -7.03561 -46.0439 3
      vertex -7.03561 -46.0439 0.29
    endloop
  endfacet
  facet normal -0.953699 0.300762 0
    outer loop
      vertex -7.03561 -46.0439 3
      vertex -8.51028 -50.72 0.29
      vertex -8.51028 -50.72 3
    endloop
  endfacet
  facet normal -0.97934 -0.202219 0
    outer loop
      vertex -7.03561 -46.0439 0.29
      vertex -7.93126 -41.7063 3
      vertex -7.93126 -41.7063 0.29
    endloop
  endfacet
  facet normal -0.97934 -0.202219 0
    outer loop
      vertex -7.93126 -41.7063 3
      vertex -7.03561 -46.0439 0.29
      vertex -7.03561 -46.0439 3
    endloop
  endfacet
  facet normal -0.643601 -0.765361 0
    outer loop
      vertex -11.197 -38.9601 0.29
      vertex -7.93126 -41.7063 3
      vertex -11.197 -38.9601 3
    endloop
  endfacet
  facet normal -0.643601 -0.765361 -0
    outer loop
      vertex -7.93126 -41.7063 3
      vertex -11.197 -38.9601 0.29
      vertex -7.93126 -41.7063 0.29
    endloop
  endfacet
  facet normal -0.313757 -0.949503 0
    outer loop
      vertex -14.7495 -37.7862 0.29
      vertex -11.197 -38.9601 3
      vertex -14.7495 -37.7862 3
    endloop
  endfacet
  facet normal -0.313757 -0.949503 -0
    outer loop
      vertex -11.197 -38.9601 3
      vertex -14.7495 -37.7862 0.29
      vertex -11.197 -38.9601 0.29
    endloop
  endfacet
  facet normal 0.185537 -0.982637 0
    outer loop
      vertex -18.8249 -38.5557 0.29
      vertex -14.7495 -37.7862 3
      vertex -18.8249 -38.5557 3
    endloop
  endfacet
  facet normal 0.185537 -0.982637 0
    outer loop
      vertex -14.7495 -37.7862 3
      vertex -18.8249 -38.5557 0.29
      vertex -14.7495 -37.7862 0.29
    endloop
  endfacet
  facet normal 0.363722 -0.931508 0
    outer loop
      vertex -25.0636 -40.9917 0.29
      vertex -18.8249 -38.5557 3
      vertex -25.0636 -40.9917 3
    endloop
  endfacet
  facet normal 0.363722 -0.931508 0
    outer loop
      vertex -18.8249 -38.5557 3
      vertex -25.0636 -40.9917 0.29
      vertex -18.8249 -38.5557 0.29
    endloop
  endfacet
  facet normal 0.533435 -0.845841 0
    outer loop
      vertex -31.3293 -44.9432 0.29
      vertex -25.0636 -40.9917 3
      vertex -31.3293 -44.9432 3
    endloop
  endfacet
  facet normal 0.533435 -0.845841 0
    outer loop
      vertex -25.0636 -40.9917 3
      vertex -31.3293 -44.9432 0.29
      vertex -25.0636 -40.9917 0.29
    endloop
  endfacet
  facet normal 0.797426 -0.603416 0
    outer loop
      vertex -35.0821 -49.9026 3
      vertex -31.3293 -44.9432 0.29
      vertex -31.3293 -44.9432 3
    endloop
  endfacet
  facet normal 0.797426 -0.603416 0
    outer loop
      vertex -31.3293 -44.9432 0.29
      vertex -35.0821 -49.9026 3
      vertex -35.0821 -49.9026 0.29
    endloop
  endfacet
  facet normal 0.982552 -0.185989 0
    outer loop
      vertex -36.0925 -55.2404 3
      vertex -35.0821 -49.9026 0.29
      vertex -35.0821 -49.9026 3
    endloop
  endfacet
  facet normal 0.982552 -0.185989 0
    outer loop
      vertex -35.0821 -49.9026 0.29
      vertex -36.0925 -55.2404 3
      vertex -36.0925 -55.2404 0.29
    endloop
  endfacet
  facet normal -0.359578 0.933115 0
    outer loop
      vertex -32.3663 -53.8045 0.29
      vertex -36.0925 -55.2404 3
      vertex -32.3663 -53.8045 3
    endloop
  endfacet
  facet normal -0.359578 0.933115 0
    outer loop
      vertex -36.0925 -55.2404 3
      vertex -32.3663 -53.8045 0.29
      vertex -36.0925 -55.2404 0.29
    endloop
  endfacet
  facet normal 0.902247 0.43122 0
    outer loop
      vertex -30.6071 -57.4853 3
      vertex -32.3663 -53.8045 0.29
      vertex -32.3663 -53.8045 3
    endloop
  endfacet
  facet normal 0.902247 0.43122 0
    outer loop
      vertex -32.3663 -53.8045 0.29
      vertex -30.6071 -57.4853 3
      vertex -30.6071 -57.4853 0.29
    endloop
  endfacet
  facet normal -0.666479 0.745523 0
    outer loop
      vertex -25.7988 -53.1868 0.29
      vertex -30.6071 -57.4853 3
      vertex -25.7988 -53.1868 3
    endloop
  endfacet
  facet normal -0.666479 0.745523 0
    outer loop
      vertex -30.6071 -57.4853 3
      vertex -25.7988 -53.1868 0.29
      vertex -30.6071 -57.4853 0.29
    endloop
  endfacet
  facet normal 0.359578 0.933115 -0
    outer loop
      vertex 36.0925 -55.2404 0.29
      vertex 32.3663 -53.8045 3
      vertex 36.0925 -55.2404 3
    endloop
  endfacet
  facet normal 0.359578 0.933115 0
    outer loop
      vertex 32.3663 -53.8045 3
      vertex 36.0925 -55.2404 0.29
      vertex 32.3663 -53.8045 0.29
    endloop
  endfacet
  facet normal -0.982552 -0.185989 0
    outer loop
      vertex 36.0925 -55.2404 0.29
      vertex 35.0821 -49.9026 3
      vertex 35.0821 -49.9026 0.29
    endloop
  endfacet
  facet normal -0.982552 -0.185989 0
    outer loop
      vertex 35.0821 -49.9026 3
      vertex 36.0925 -55.2404 0.29
      vertex 36.0925 -55.2404 3
    endloop
  endfacet
  facet normal -0.797426 -0.603416 0
    outer loop
      vertex 35.0821 -49.9026 0.29
      vertex 31.3293 -44.9432 3
      vertex 31.3293 -44.9432 0.29
    endloop
  endfacet
  facet normal -0.797426 -0.603416 0
    outer loop
      vertex 31.3293 -44.9432 3
      vertex 35.0821 -49.9026 0.29
      vertex 35.0821 -49.9026 3
    endloop
  endfacet
  facet normal -0.533435 -0.845841 0
    outer loop
      vertex 25.0636 -40.9917 0.29
      vertex 31.3293 -44.9432 3
      vertex 25.0636 -40.9917 3
    endloop
  endfacet
  facet normal -0.533435 -0.845841 -0
    outer loop
      vertex 31.3293 -44.9432 3
      vertex 25.0636 -40.9917 0.29
      vertex 31.3293 -44.9432 0.29
    endloop
  endfacet
  facet normal -0.363722 -0.931508 0
    outer loop
      vertex 18.8249 -38.5557 0.29
      vertex 25.0636 -40.9917 3
      vertex 18.8249 -38.5557 3
    endloop
  endfacet
  facet normal -0.363722 -0.931508 -0
    outer loop
      vertex 25.0636 -40.9917 3
      vertex 18.8249 -38.5557 0.29
      vertex 25.0636 -40.9917 0.29
    endloop
  endfacet
  facet normal -0.185537 -0.982637 0
    outer loop
      vertex 14.7495 -37.7862 0.29
      vertex 18.8249 -38.5557 3
      vertex 14.7495 -37.7862 3
    endloop
  endfacet
  facet normal -0.185537 -0.982637 -0
    outer loop
      vertex 18.8249 -38.5557 3
      vertex 14.7495 -37.7862 0.29
      vertex 18.8249 -38.5557 0.29
    endloop
  endfacet
  facet normal 0.313757 -0.949503 0
    outer loop
      vertex 11.197 -38.9601 0.29
      vertex 14.7495 -37.7862 3
      vertex 11.197 -38.9601 3
    endloop
  endfacet
  facet normal 0.313757 -0.949503 0
    outer loop
      vertex 14.7495 -37.7862 3
      vertex 11.197 -38.9601 0.29
      vertex 14.7495 -37.7862 0.29
    endloop
  endfacet
  facet normal 0.643601 -0.765361 0
    outer loop
      vertex 7.93126 -41.7063 0.29
      vertex 11.197 -38.9601 3
      vertex 7.93126 -41.7063 3
    endloop
  endfacet
  facet normal 0.643601 -0.765361 0
    outer loop
      vertex 11.197 -38.9601 3
      vertex 7.93126 -41.7063 0.29
      vertex 11.197 -38.9601 0.29
    endloop
  endfacet
  facet normal 0.97934 -0.202219 0
    outer loop
      vertex 7.03561 -46.0439 3
      vertex 7.93126 -41.7063 0.29
      vertex 7.93126 -41.7063 3
    endloop
  endfacet
  facet normal 0.97934 -0.202219 0
    outer loop
      vertex 7.93126 -41.7063 0.29
      vertex 7.03561 -46.0439 3
      vertex 7.03561 -46.0439 0.29
    endloop
  endfacet
  facet normal 0.953699 0.300762 0
    outer loop
      vertex 8.51028 -50.72 3
      vertex 7.03561 -46.0439 0.29
      vertex 7.03561 -46.0439 3
    endloop
  endfacet
  facet normal 0.953699 0.300762 0
    outer loop
      vertex 7.03561 -46.0439 0.29
      vertex 8.51028 -50.72 3
      vertex 8.51028 -50.72 0.29
    endloop
  endfacet
  facet normal 0.643586 0.765374 -0
    outer loop
      vertex 11.7752 -53.4654 0.29
      vertex 8.51028 -50.72 3
      vertex 11.7752 -53.4654 3
    endloop
  endfacet
  facet normal 0.643586 0.765374 0
    outer loop
      vertex 8.51028 -50.72 3
      vertex 11.7752 -53.4654 0.29
      vertex 8.51028 -50.72 0.29
    endloop
  endfacet
  facet normal 0.21507 0.976599 -0
    outer loop
      vertex 17.1629 -54.6519 0.29
      vertex 11.7752 -53.4654 3
      vertex 17.1629 -54.6519 3
    endloop
  endfacet
  facet normal 0.21507 0.976599 0
    outer loop
      vertex 11.7752 -53.4654 3
      vertex 17.1629 -54.6519 0.29
      vertex 11.7752 -53.4654 0.29
    endloop
  endfacet
  facet normal -0.703907 0.710292 0
    outer loop
      vertex 19.2878 -52.5461 0.29
      vertex 17.1629 -54.6519 3
      vertex 19.2878 -52.5461 3
    endloop
  endfacet
  facet normal -0.703907 0.710292 0
    outer loop
      vertex 17.1629 -54.6519 3
      vertex 19.2878 -52.5461 0.29
      vertex 17.1629 -54.6519 0.29
    endloop
  endfacet
  facet normal 0.636855 0.770983 -0
    outer loop
      vertex 23.8495 -56.3142 0.29
      vertex 19.2878 -52.5461 3
      vertex 23.8495 -56.3142 3
    endloop
  endfacet
  facet normal 0.636855 0.770983 0
    outer loop
      vertex 19.2878 -52.5461 3
      vertex 23.8495 -56.3142 0.29
      vertex 19.2878 -52.5461 0.29
    endloop
  endfacet
  facet normal -0.848647 0.528959 0
    outer loop
      vertex 23.8495 -56.3142 0.29
      vertex 25.7988 -53.1868 3
      vertex 25.7988 -53.1868 0.29
    endloop
  endfacet
  facet normal -0.848647 0.528959 0
    outer loop
      vertex 25.7988 -53.1868 3
      vertex 23.8495 -56.3142 0.29
      vertex 23.8495 -56.3142 3
    endloop
  endfacet
  facet normal 0.666479 0.745523 -0
    outer loop
      vertex 30.6071 -57.4853 0.29
      vertex 25.7988 -53.1868 3
      vertex 30.6071 -57.4853 3
    endloop
  endfacet
  facet normal 0.666479 0.745523 0
    outer loop
      vertex 25.7988 -53.1868 3
      vertex 30.6071 -57.4853 0.29
      vertex 25.7988 -53.1868 0.29
    endloop
  endfacet
  facet normal -0.902247 0.43122 0
    outer loop
      vertex 30.6071 -57.4853 0.29
      vertex 32.3663 -53.8045 3
      vertex 32.3663 -53.8045 0.29
    endloop
  endfacet
  facet normal -0.902247 0.43122 0
    outer loop
      vertex 32.3663 -53.8045 3
      vertex 30.6071 -57.4853 0.29
      vertex 30.6071 -57.4853 3
    endloop
  endfacet
endsolid OpenSCAD_Model
