solid OpenSCAD_Model
  facet normal 1 -0 0
    outer loop
      vertex -29.1 -27.44 4.5
      vertex -29.1 55 3
      vertex -29.1 55 4.5
    endloop
  endfacet
  facet normal 1 0 0
    outer loop
      vertex -29.1 55 3
      vertex -29.1 -27.44 4.5
      vertex -29.1 -27.44 3
    endloop
  endfacet
  facet normal -0 0 1
    outer loop
      vertex -31.1 55 4.5
      vertex -29.1 -27.44 4.5
      vertex -29.1 55 4.5
    endloop
  endfacet
  facet normal 0 0 1
    outer loop
      vertex -29.1 -27.44 4.5
      vertex -31.1 55 4.5
      vertex -31.1 -27.44 4.5
    endloop
  endfacet
  facet normal -0 0 1
    outer loop
      vertex 41.2214 56.5143 3
      vertex 44 56 3
      vertex 43.9615 56.7841 3
    endloop
  endfacet
  facet normal 0 0 1
    outer loop
      vertex 44 56 3
      vertex 41.25 55.9324 3
      vertex 44 -56 3
    endloop
  endfacet
  facet normal 0 0 1
    outer loop
      vertex 41.2214 56.5143 3
      vertex 43.9615 56.7841 3
      vertex 43.8463 57.5607 3
    endloop
  endfacet
  facet normal -0 0 1
    outer loop
      vertex 41.25 -55.9324 3
      vertex 44 -56 3
      vertex 41.25 55.9324 3
    endloop
  endfacet
  facet normal 0 0 1
    outer loop
      vertex 41.1459 57.0236 3
      vertex 43.8463 57.5607 3
      vertex 43.6555 58.3223 3
    endloop
  endfacet
  facet normal 0 0 1
    outer loop
      vertex 41.2214 -56.5143 3
      vertex 44 -56 3
      vertex 41.25 -55.9324 3
    endloop
  endfacet
  facet normal 0 0 1
    outer loop
      vertex 41.0208 57.523 3
      vertex 43.6555 58.3223 3
      vertex 43.391 59.0615 3
    endloop
  endfacet
  facet normal 0 0 1
    outer loop
      vertex 44 -56 3
      vertex 41.2214 -56.5143 3
      vertex 43.9615 -56.7841 3
    endloop
  endfacet
  facet normal 0 0 1
    outer loop
      vertex 40.8473 58.0077 3
      vertex 43.391 59.0615 3
      vertex 43.0554 59.7712 3
    endloop
  endfacet
  facet normal 0 0 1
    outer loop
      vertex 43.9615 -56.7841 3
      vertex 41.2214 -56.5143 3
      vertex 43.8463 -57.5607 3
    endloop
  endfacet
  facet normal 0 0 1
    outer loop
      vertex 40.6271 58.4734 3
      vertex 43.0554 59.7712 3
      vertex 42.6517 60.4445 3
    endloop
  endfacet
  facet normal -0 0 1
    outer loop
      vertex 41.1459 -57.0236 3
      vertex 43.8463 -57.5607 3
      vertex 41.2214 -56.5143 3
    endloop
  endfacet
  facet normal 0 0 1
    outer loop
      vertex 40.3625 58.9149 3
      vertex 42.6517 60.4445 3
      vertex 42.1841 61.0751 3
    endloop
  endfacet
  facet normal 0 0 1
    outer loop
      vertex 43.8463 -57.5607 3
      vertex 41.1459 -57.0236 3
      vertex 43.6555 -58.3223 3
    endloop
  endfacet
  facet normal 0 0 1
    outer loop
      vertex 40.0558 59.3284 3
      vertex 42.1841 61.0751 3
      vertex 41.6568 61.6568 3
    endloop
  endfacet
  facet normal -0 0 1
    outer loop
      vertex 41.0208 -57.523 3
      vertex 43.6555 -58.3223 3
      vertex 41.1459 -57.0236 3
    endloop
  endfacet
  facet normal 0 0 1
    outer loop
      vertex 43.6555 -58.3223 3
      vertex 41.0208 -57.523 3
      vertex 43.391 -59.0615 3
    endloop
  endfacet
  facet normal 0 0 1
    outer loop
      vertex 44 56 3
      vertex 41.2214 56.5143 3
      vertex 41.25 55.9324 3
    endloop
  endfacet
  facet normal 0 0 1
    outer loop
      vertex 43.8463 57.5607 3
      vertex 41.1459 57.0236 3
      vertex 41.2214 56.5143 3
    endloop
  endfacet
  facet normal 0 0 1
    outer loop
      vertex 39.7099 59.7099 3
      vertex 41.6568 61.6568 3
      vertex 41.0751 62.1841 3
    endloop
  endfacet
  facet normal 0 0 1
    outer loop
      vertex 43.6555 58.3223 3
      vertex 41.0208 57.523 3
      vertex 41.1459 57.0236 3
    endloop
  endfacet
  facet normal 0 0 1
    outer loop
      vertex 43.391 59.0615 3
      vertex 40.8473 58.0077 3
      vertex 41.0208 57.523 3
    endloop
  endfacet
  facet normal 0 0 1
    outer loop
      vertex 43.0554 59.7712 3
      vertex 40.6271 58.4734 3
      vertex 40.8473 58.0077 3
    endloop
  endfacet
  facet normal 0 0 1
    outer loop
      vertex 39.3284 60.0558 3
      vertex 41.0751 62.1841 3
      vertex 40.4445 62.6517 3
    endloop
  endfacet
  facet normal 0 0 1
    outer loop
      vertex 42.6517 60.4445 3
      vertex 40.3625 58.9149 3
      vertex 40.6271 58.4734 3
    endloop
  endfacet
  facet normal 0 0 1
    outer loop
      vertex 42.1841 61.0751 3
      vertex 40.0558 59.3284 3
      vertex 40.3625 58.9149 3
    endloop
  endfacet
  facet normal 0 0 1
    outer loop
      vertex 38.9149 60.3625 3
      vertex 40.4445 62.6517 3
      vertex 39.7712 63.0554 3
    endloop
  endfacet
  facet normal 0 0 1
    outer loop
      vertex 41.6568 61.6568 3
      vertex 39.7099 59.7099 3
      vertex 40.0558 59.3284 3
    endloop
  endfacet
  facet normal 0 0 1
    outer loop
      vertex 41.0751 62.1841 3
      vertex 39.3284 60.0558 3
      vertex 39.7099 59.7099 3
    endloop
  endfacet
  facet normal 0 0 1
    outer loop
      vertex 38.4734 60.6271 3
      vertex 39.7712 63.0554 3
      vertex 39.0615 63.391 3
    endloop
  endfacet
  facet normal 0 0 1
    outer loop
      vertex 40.4445 62.6517 3
      vertex 38.9149 60.3625 3
      vertex 39.3284 60.0558 3
    endloop
  endfacet
  facet normal 0 0 1
    outer loop
      vertex 39.7712 63.0554 3
      vertex 38.4734 60.6271 3
      vertex 38.9149 60.3625 3
    endloop
  endfacet
  facet normal 0 0 1
    outer loop
      vertex 38.0077 60.8473 3
      vertex 39.0615 63.391 3
      vertex 38.3223 63.6555 3
    endloop
  endfacet
  facet normal 0 0 1
    outer loop
      vertex 39.0615 63.391 3
      vertex 38.0077 60.8473 3
      vertex 38.4734 60.6271 3
    endloop
  endfacet
  facet normal 0 0 1
    outer loop
      vertex 37.523 61.0208 3
      vertex 38.3223 63.6555 3
      vertex 37.5607 63.8463 3
    endloop
  endfacet
  facet normal 0 0 1
    outer loop
      vertex 38.3223 63.6555 3
      vertex 37.523 61.0208 3
      vertex 38.0077 60.8473 3
    endloop
  endfacet
  facet normal 0 0 1
    outer loop
      vertex 37.5607 63.8463 3
      vertex 37.0236 61.1459 3
      vertex 37.523 61.0208 3
    endloop
  endfacet
  facet normal 0 0 1
    outer loop
      vertex 36.7841 63.9615 3
      vertex 37.0236 61.1459 3
      vertex 37.5607 63.8463 3
    endloop
  endfacet
  facet normal 0 0 1
    outer loop
      vertex 36.7841 63.9615 3
      vertex 36.5143 61.2214 3
      vertex 37.0236 61.1459 3
    endloop
  endfacet
  facet normal 0 0 1
    outer loop
      vertex 36 64 3
      vertex 36.5143 61.2214 3
      vertex 36.7841 63.9615 3
    endloop
  endfacet
  facet normal 0 0 1
    outer loop
      vertex 36 64 3
      vertex 35.9324 61.25 3
      vertex 36.5143 61.2214 3
    endloop
  endfacet
  facet normal 0 0 1
    outer loop
      vertex 36 64 3
      vertex -35.9324 61.25 3
      vertex 35.9324 61.25 3
    endloop
  endfacet
  facet normal -0 0 1
    outer loop
      vertex -36 64 3
      vertex -35.9324 61.25 3
      vertex 36 64 3
    endloop
  endfacet
  facet normal 0 0 1
    outer loop
      vertex -36 64 3
      vertex -36.5143 61.2214 3
      vertex -35.9324 61.25 3
    endloop
  endfacet
  facet normal -0 0 1
    outer loop
      vertex -36.7841 63.9615 3
      vertex -36.5143 61.2214 3
      vertex -36 64 3
    endloop
  endfacet
  facet normal 0 0 1
    outer loop
      vertex -36.7841 63.9615 3
      vertex -37.0236 61.1459 3
      vertex -36.5143 61.2214 3
    endloop
  endfacet
  facet normal -0 0 1
    outer loop
      vertex -37.5607 63.8463 3
      vertex -37.0236 61.1459 3
      vertex -36.7841 63.9615 3
    endloop
  endfacet
  facet normal 0 0 1
    outer loop
      vertex -37.0236 61.1459 3
      vertex -37.5607 63.8463 3
      vertex -37.523 61.0208 3
    endloop
  endfacet
  facet normal -0 0 1
    outer loop
      vertex -38.3223 63.6555 3
      vertex -37.523 61.0208 3
      vertex -37.5607 63.8463 3
    endloop
  endfacet
  facet normal 0 0 1
    outer loop
      vertex -37.523 61.0208 3
      vertex -38.3223 63.6555 3
      vertex -38.0077 60.8473 3
    endloop
  endfacet
  facet normal -0 0 1
    outer loop
      vertex -39.0615 63.391 3
      vertex -38.0077 60.8473 3
      vertex -38.3223 63.6555 3
    endloop
  endfacet
  facet normal 0 0 1
    outer loop
      vertex -38.0077 60.8473 3
      vertex -39.0615 63.391 3
      vertex -38.4734 60.6271 3
    endloop
  endfacet
  facet normal -0 0 1
    outer loop
      vertex -39.7712 63.0554 3
      vertex -38.4734 60.6271 3
      vertex -39.0615 63.391 3
    endloop
  endfacet
  facet normal 0 0 1
    outer loop
      vertex -38.4734 60.6271 3
      vertex -39.7712 63.0554 3
      vertex -38.9149 60.3625 3
    endloop
  endfacet
  facet normal -0 0 1
    outer loop
      vertex -40.4445 62.6517 3
      vertex -38.9149 60.3625 3
      vertex -39.7712 63.0554 3
    endloop
  endfacet
  facet normal 0 0 1
    outer loop
      vertex -38.9149 60.3625 3
      vertex -40.4445 62.6517 3
      vertex -39.3284 60.0558 3
    endloop
  endfacet
  facet normal -0 0 1
    outer loop
      vertex -41.0751 62.1841 3
      vertex -39.3284 60.0558 3
      vertex -40.4445 62.6517 3
    endloop
  endfacet
  facet normal 0 0 1
    outer loop
      vertex -39.3284 60.0558 3
      vertex -41.0751 62.1841 3
      vertex -39.7099 59.7099 3
    endloop
  endfacet
  facet normal -0 0 1
    outer loop
      vertex -41.6568 61.6568 3
      vertex -39.7099 59.7099 3
      vertex -41.0751 62.1841 3
    endloop
  endfacet
  facet normal 0 0 1
    outer loop
      vertex -39.7099 59.7099 3
      vertex -41.6568 61.6568 3
      vertex -40.0558 59.3284 3
    endloop
  endfacet
  facet normal -0 0 1
    outer loop
      vertex -42.1841 61.0751 3
      vertex -40.0558 59.3284 3
      vertex -41.6568 61.6568 3
    endloop
  endfacet
  facet normal 0 0 1
    outer loop
      vertex -40.0558 59.3284 3
      vertex -42.1841 61.0751 3
      vertex -40.3625 58.9149 3
    endloop
  endfacet
  facet normal -0 0 1
    outer loop
      vertex -42.6517 60.4445 3
      vertex -40.3625 58.9149 3
      vertex -42.1841 61.0751 3
    endloop
  endfacet
  facet normal 0 0 1
    outer loop
      vertex -40.3625 58.9149 3
      vertex -42.6517 60.4445 3
      vertex -40.6271 58.4734 3
    endloop
  endfacet
  facet normal -0 0 1
    outer loop
      vertex -43.0554 59.7712 3
      vertex -40.6271 58.4734 3
      vertex -42.6517 60.4445 3
    endloop
  endfacet
  facet normal 0 0 1
    outer loop
      vertex -40.6271 58.4734 3
      vertex -43.0554 59.7712 3
      vertex -40.8473 58.0077 3
    endloop
  endfacet
  facet normal 0 0 1
    outer loop
      vertex -40.8473 58.0077 3
      vertex -43.391 59.0615 3
      vertex -41.0208 57.523 3
    endloop
  endfacet
  facet normal -0 0 1
    outer loop
      vertex -43.391 59.0615 3
      vertex -40.8473 58.0077 3
      vertex -43.0554 59.7712 3
    endloop
  endfacet
  facet normal -0 0 1
    outer loop
      vertex 40.8473 -58.0077 3
      vertex 43.391 -59.0615 3
      vertex 41.0208 -57.523 3
    endloop
  endfacet
  facet normal 0 0 1
    outer loop
      vertex 43.391 -59.0615 3
      vertex 40.8473 -58.0077 3
      vertex 43.0554 -59.7712 3
    endloop
  endfacet
  facet normal -0 0 1
    outer loop
      vertex 40.6271 -58.4734 3
      vertex 43.0554 -59.7712 3
      vertex 40.8473 -58.0077 3
    endloop
  endfacet
  facet normal 0 0 1
    outer loop
      vertex 43.0554 -59.7712 3
      vertex 40.6271 -58.4734 3
      vertex 42.6517 -60.4445 3
    endloop
  endfacet
  facet normal -0 0 1
    outer loop
      vertex 40.3625 -58.9149 3
      vertex 42.6517 -60.4445 3
      vertex 40.6271 -58.4734 3
    endloop
  endfacet
  facet normal 0 0 1
    outer loop
      vertex 42.6517 -60.4445 3
      vertex 40.3625 -58.9149 3
      vertex 42.1841 -61.0751 3
    endloop
  endfacet
  facet normal -0 0 1
    outer loop
      vertex 40.0558 -59.3284 3
      vertex 42.1841 -61.0751 3
      vertex 40.3625 -58.9149 3
    endloop
  endfacet
  facet normal 0 0 1
    outer loop
      vertex 42.1841 -61.0751 3
      vertex 40.0558 -59.3284 3
      vertex 41.6568 -61.6568 3
    endloop
  endfacet
  facet normal -0 0 1
    outer loop
      vertex 39.7099 -59.7099 3
      vertex 41.6568 -61.6568 3
      vertex 40.0558 -59.3284 3
    endloop
  endfacet
  facet normal 0 0 1
    outer loop
      vertex 41.6568 -61.6568 3
      vertex 39.7099 -59.7099 3
      vertex 41.0751 -62.1841 3
    endloop
  endfacet
  facet normal -0 0 1
    outer loop
      vertex 39.3284 -60.0558 3
      vertex 41.0751 -62.1841 3
      vertex 39.7099 -59.7099 3
    endloop
  endfacet
  facet normal 0 0 1
    outer loop
      vertex 41.0751 -62.1841 3
      vertex 39.3284 -60.0558 3
      vertex 40.4445 -62.6517 3
    endloop
  endfacet
  facet normal -0 0 1
    outer loop
      vertex 38.9149 -60.3625 3
      vertex 40.4445 -62.6517 3
      vertex 39.3284 -60.0558 3
    endloop
  endfacet
  facet normal 0 0 1
    outer loop
      vertex 40.4445 -62.6517 3
      vertex 38.9149 -60.3625 3
      vertex 39.7712 -63.0554 3
    endloop
  endfacet
  facet normal -0 0 1
    outer loop
      vertex 38.4734 -60.6271 3
      vertex 39.7712 -63.0554 3
      vertex 38.9149 -60.3625 3
    endloop
  endfacet
  facet normal 0 0 1
    outer loop
      vertex 39.7712 -63.0554 3
      vertex 38.4734 -60.6271 3
      vertex 39.0615 -63.391 3
    endloop
  endfacet
  facet normal -0 0 1
    outer loop
      vertex 38.0077 -60.8473 3
      vertex 39.0615 -63.391 3
      vertex 38.4734 -60.6271 3
    endloop
  endfacet
  facet normal 0 0 1
    outer loop
      vertex 39.0615 -63.391 3
      vertex 38.0077 -60.8473 3
      vertex 38.3223 -63.6555 3
    endloop
  endfacet
  facet normal -0 0 1
    outer loop
      vertex 37.523 -61.0208 3
      vertex 38.3223 -63.6555 3
      vertex 38.0077 -60.8473 3
    endloop
  endfacet
  facet normal 0 0 1
    outer loop
      vertex 38.3223 -63.6555 3
      vertex 37.523 -61.0208 3
      vertex 37.5607 -63.8463 3
    endloop
  endfacet
  facet normal -0 0 1
    outer loop
      vertex 37.0236 -61.1459 3
      vertex 37.5607 -63.8463 3
      vertex 37.523 -61.0208 3
    endloop
  endfacet
  facet normal 0 0 1
    outer loop
      vertex 37.0236 -61.1459 3
      vertex 36.7841 -63.9615 3
      vertex 37.5607 -63.8463 3
    endloop
  endfacet
  facet normal -0 0 1
    outer loop
      vertex 36.5143 -61.2214 3
      vertex 36.7841 -63.9615 3
      vertex 37.0236 -61.1459 3
    endloop
  endfacet
  facet normal 0 0 1
    outer loop
      vertex 36.5143 -61.2214 3
      vertex 36 -64 3
      vertex 36.7841 -63.9615 3
    endloop
  endfacet
  facet normal -0 0 1
    outer loop
      vertex 35.9324 -61.25 3
      vertex 36 -64 3
      vertex 36.5143 -61.2214 3
    endloop
  endfacet
  facet normal -0 0 1
    outer loop
      vertex -35.9324 -61.25 3
      vertex 36 -64 3
      vertex 35.9324 -61.25 3
    endloop
  endfacet
  facet normal 0 0 1
    outer loop
      vertex -35.9324 -61.25 3
      vertex -36 -64 3
      vertex 36 -64 3
    endloop
  endfacet
  facet normal 0 0 1
    outer loop
      vertex -36.5143 -61.2214 3
      vertex -36 -64 3
      vertex -35.9324 -61.25 3
    endloop
  endfacet
  facet normal 0 0 1
    outer loop
      vertex -36.5143 -61.2214 3
      vertex -36.7841 -63.9615 3
      vertex -36 -64 3
    endloop
  endfacet
  facet normal 0 0 1
    outer loop
      vertex -37.0236 -61.1459 3
      vertex -36.7841 -63.9615 3
      vertex -36.5143 -61.2214 3
    endloop
  endfacet
  facet normal 0 0 1
    outer loop
      vertex -37.5607 -63.8463 3
      vertex -37.0236 -61.1459 3
      vertex -37.523 -61.0208 3
    endloop
  endfacet
  facet normal 0 0 1
    outer loop
      vertex -37.0236 -61.1459 3
      vertex -37.5607 -63.8463 3
      vertex -36.7841 -63.9615 3
    endloop
  endfacet
  facet normal 0 0 1
    outer loop
      vertex -38.3223 -63.6555 3
      vertex -37.523 -61.0208 3
      vertex -38.0077 -60.8473 3
    endloop
  endfacet
  facet normal 0 0 1
    outer loop
      vertex -37.523 -61.0208 3
      vertex -38.3223 -63.6555 3
      vertex -37.5607 -63.8463 3
    endloop
  endfacet
  facet normal 0 0 1
    outer loop
      vertex -39.0615 -63.391 3
      vertex -38.0077 -60.8473 3
      vertex -38.4734 -60.6271 3
    endloop
  endfacet
  facet normal 0 0 1
    outer loop
      vertex -39.7712 -63.0554 3
      vertex -38.4734 -60.6271 3
      vertex -38.9149 -60.3625 3
    endloop
  endfacet
  facet normal 0 0 1
    outer loop
      vertex -38.0077 -60.8473 3
      vertex -39.0615 -63.391 3
      vertex -38.3223 -63.6555 3
    endloop
  endfacet
  facet normal 0 0 1
    outer loop
      vertex -40.4445 -62.6517 3
      vertex -38.9149 -60.3625 3
      vertex -39.3284 -60.0558 3
    endloop
  endfacet
  facet normal 0 0 1
    outer loop
      vertex -41.0751 -62.1841 3
      vertex -39.3284 -60.0558 3
      vertex -39.7099 -59.7099 3
    endloop
  endfacet
  facet normal 0 0 1
    outer loop
      vertex -38.4734 -60.6271 3
      vertex -39.7712 -63.0554 3
      vertex -39.0615 -63.391 3
    endloop
  endfacet
  facet normal 0 0 1
    outer loop
      vertex -41.6568 -61.6568 3
      vertex -39.7099 -59.7099 3
      vertex -40.0558 -59.3284 3
    endloop
  endfacet
  facet normal 0 0 1
    outer loop
      vertex -42.1841 -61.0751 3
      vertex -40.0558 -59.3284 3
      vertex -40.3625 -58.9149 3
    endloop
  endfacet
  facet normal 0 0 1
    outer loop
      vertex -38.9149 -60.3625 3
      vertex -40.4445 -62.6517 3
      vertex -39.7712 -63.0554 3
    endloop
  endfacet
  facet normal 0 0 1
    outer loop
      vertex -42.6517 -60.4445 3
      vertex -40.3625 -58.9149 3
      vertex -40.6271 -58.4734 3
    endloop
  endfacet
  facet normal 0 0 1
    outer loop
      vertex -43.0554 -59.7712 3
      vertex -40.6271 -58.4734 3
      vertex -40.8473 -58.0077 3
    endloop
  endfacet
  facet normal 0 0 1
    outer loop
      vertex -43.391 -59.0615 3
      vertex -40.8473 -58.0077 3
      vertex -41.0208 -57.523 3
    endloop
  endfacet
  facet normal 0 0 1
    outer loop
      vertex -39.3284 -60.0558 3
      vertex -41.0751 -62.1841 3
      vertex -40.4445 -62.6517 3
    endloop
  endfacet
  facet normal 0 0 1
    outer loop
      vertex -43.6555 -58.3223 3
      vertex -41.0208 -57.523 3
      vertex -41.1459 -57.0236 3
    endloop
  endfacet
  facet normal 0 0 1
    outer loop
      vertex -43.8463 -57.5607 3
      vertex -41.1459 -57.0236 3
      vertex -41.2214 -56.5143 3
    endloop
  endfacet
  facet normal -0 0 1
    outer loop
      vertex -44 -56 3
      vertex -41.2214 -56.5143 3
      vertex -41.25 -55.9324 3
    endloop
  endfacet
  facet normal 0 0 1
    outer loop
      vertex -39.7099 -59.7099 3
      vertex -41.6568 -61.6568 3
      vertex -41.0751 -62.1841 3
    endloop
  endfacet
  facet normal 0 0 1
    outer loop
      vertex -41.25 55.9324 3
      vertex -44 56 3
      vertex -41.25 -55.9324 3
    endloop
  endfacet
  facet normal -0 0 1
    outer loop
      vertex -43.6555 58.3223 3
      vertex -41.0208 57.523 3
      vertex -43.391 59.0615 3
    endloop
  endfacet
  facet normal 0 0 1
    outer loop
      vertex -44 -56 3
      vertex -41.25 -55.9324 3
      vertex -44 56 3
    endloop
  endfacet
  facet normal 0 0 1
    outer loop
      vertex -41.0208 57.523 3
      vertex -43.6555 58.3223 3
      vertex -41.1459 57.0236 3
    endloop
  endfacet
  facet normal 0 0 1
    outer loop
      vertex -41.2214 -56.5143 3
      vertex -44 -56 3
      vertex -43.9615 -56.7841 3
    endloop
  endfacet
  facet normal -0 0 1
    outer loop
      vertex -43.8463 57.5607 3
      vertex -41.1459 57.0236 3
      vertex -43.6555 58.3223 3
    endloop
  endfacet
  facet normal 0 0 1
    outer loop
      vertex -40.0558 -59.3284 3
      vertex -42.1841 -61.0751 3
      vertex -41.6568 -61.6568 3
    endloop
  endfacet
  facet normal 0 0 1
    outer loop
      vertex -41.1459 57.0236 3
      vertex -43.8463 57.5607 3
      vertex -41.2214 56.5143 3
    endloop
  endfacet
  facet normal 0 0 1
    outer loop
      vertex -40.3625 -58.9149 3
      vertex -42.6517 -60.4445 3
      vertex -42.1841 -61.0751 3
    endloop
  endfacet
  facet normal -0 0 1
    outer loop
      vertex -43.9615 56.7841 3
      vertex -41.2214 56.5143 3
      vertex -43.8463 57.5607 3
    endloop
  endfacet
  facet normal 0 0 1
    outer loop
      vertex -40.6271 -58.4734 3
      vertex -43.0554 -59.7712 3
      vertex -42.6517 -60.4445 3
    endloop
  endfacet
  facet normal 0 0 1
    outer loop
      vertex -44 56 3
      vertex -41.2214 56.5143 3
      vertex -43.9615 56.7841 3
    endloop
  endfacet
  facet normal 0 0 1
    outer loop
      vertex -40.8473 -58.0077 3
      vertex -43.391 -59.0615 3
      vertex -43.0554 -59.7712 3
    endloop
  endfacet
  facet normal 0 0 1
    outer loop
      vertex -41.2214 56.5143 3
      vertex -44 56 3
      vertex -41.25 55.9324 3
    endloop
  endfacet
  facet normal 0 0 1
    outer loop
      vertex -41.0208 -57.523 3
      vertex -43.6555 -58.3223 3
      vertex -43.391 -59.0615 3
    endloop
  endfacet
  facet normal 0 0 1
    outer loop
      vertex -41.1459 -57.0236 3
      vertex -43.8463 -57.5607 3
      vertex -43.6555 -58.3223 3
    endloop
  endfacet
  facet normal 0 0 1
    outer loop
      vertex -41.2214 -56.5143 3
      vertex -43.9615 -56.7841 3
      vertex -43.8463 -57.5607 3
    endloop
  endfacet
  facet normal -0 0 1
    outer loop
      vertex -35.7321 55.1154 3
      vertex -31.1 55 3
      vertex -35.7005 55.2415 3
    endloop
  endfacet
  facet normal 0 0 1
    outer loop
      vertex -31.1 -27.44 3
      vertex -35.6814 -55.3701 3
      vertex -35.675 -55.5 3
    endloop
  endfacet
  facet normal 0 0 1
    outer loop
      vertex -35.7759 54.9929 3
      vertex -31.1 55 3
      vertex -35.7321 55.1154 3
    endloop
  endfacet
  facet normal 0 0 1
    outer loop
      vertex -31.1 -27.44 3
      vertex -35.7005 -55.2415 3
      vertex -35.6814 -55.3701 3
    endloop
  endfacet
  facet normal 0 0 1
    outer loop
      vertex -35.8315 54.8754 3
      vertex -31.1 55 3
      vertex -35.7759 54.9929 3
    endloop
  endfacet
  facet normal 0 0 1
    outer loop
      vertex -31.1 -27.44 3
      vertex -35.7321 -55.1154 3
      vertex -35.7005 -55.2415 3
    endloop
  endfacet
  facet normal 0 0 1
    outer loop
      vertex -35.8983 54.7639 3
      vertex -31.1 55 3
      vertex -35.8315 54.8754 3
    endloop
  endfacet
  facet normal 0 0 1
    outer loop
      vertex -31.1 -27.44 3
      vertex -35.7759 -54.9929 3
      vertex -35.7321 -55.1154 3
    endloop
  endfacet
  facet normal 0 0 1
    outer loop
      vertex -35.9758 54.6594 3
      vertex -31.1 55 3
      vertex -35.8983 54.7639 3
    endloop
  endfacet
  facet normal 0 0 1
    outer loop
      vertex -31.1 -27.44 3
      vertex -35.8315 -54.8754 3
      vertex -35.7759 -54.9929 3
    endloop
  endfacet
  facet normal 0 0 1
    outer loop
      vertex -36.0631 54.5631 3
      vertex -31.1 55 3
      vertex -35.9758 54.6594 3
    endloop
  endfacet
  facet normal 0 0 1
    outer loop
      vertex -31.1 -27.44 3
      vertex -35.8983 -54.7639 3
      vertex -35.8315 -54.8754 3
    endloop
  endfacet
  facet normal 0 0 1
    outer loop
      vertex -36.1594 54.4758 3
      vertex -31.1 55 3
      vertex -36.0631 54.5631 3
    endloop
  endfacet
  facet normal 0 0 1
    outer loop
      vertex -31.1 -27.44 3
      vertex -35.9758 -54.6594 3
      vertex -35.8983 -54.7639 3
    endloop
  endfacet
  facet normal 0 0 1
    outer loop
      vertex -36.2639 54.3983 3
      vertex -31.1 55 3
      vertex -36.1594 54.4758 3
    endloop
  endfacet
  facet normal 0 0 1
    outer loop
      vertex -31.1 -27.44 3
      vertex -36.0631 -54.5631 3
      vertex -35.9758 -54.6594 3
    endloop
  endfacet
  facet normal 0 0 1
    outer loop
      vertex -36.3754 54.3315 3
      vertex -31.1 55 3
      vertex -36.2639 54.3983 3
    endloop
  endfacet
  facet normal 0 0 1
    outer loop
      vertex -31.1 -27.44 3
      vertex -36.1594 -54.4758 3
      vertex -36.0631 -54.5631 3
    endloop
  endfacet
  facet normal 0 0 1
    outer loop
      vertex -36.4929 54.2759 3
      vertex -31.1 55 3
      vertex -36.3754 54.3315 3
    endloop
  endfacet
  facet normal 0 0 1
    outer loop
      vertex -31.1 -27.44 3
      vertex -36.2639 -54.3983 3
      vertex -36.1594 -54.4758 3
    endloop
  endfacet
  facet normal 0 0 1
    outer loop
      vertex -36.6154 54.2321 3
      vertex -31.1 55 3
      vertex -36.4929 54.2759 3
    endloop
  endfacet
  facet normal 0 0 1
    outer loop
      vertex -31.1 -27.44 3
      vertex -36.3754 -54.3315 3
      vertex -36.2639 -54.3983 3
    endloop
  endfacet
  facet normal 0 0 1
    outer loop
      vertex -36.7415 54.2005 3
      vertex -31.1 55 3
      vertex -36.6154 54.2321 3
    endloop
  endfacet
  facet normal 0 0 1
    outer loop
      vertex -31.1 -27.44 3
      vertex -36.4929 -54.2759 3
      vertex -36.3754 -54.3315 3
    endloop
  endfacet
  facet normal 0 0 1
    outer loop
      vertex -31.1 55 3
      vertex -36.7415 54.2005 3
      vertex -31.1 -27.44 3
    endloop
  endfacet
  facet normal 0 0 1
    outer loop
      vertex -31.1 -27.44 3
      vertex -36.6154 -54.2321 3
      vertex -36.4929 -54.2759 3
    endloop
  endfacet
  facet normal -0 0 1
    outer loop
      vertex -36.8701 54.1814 3
      vertex -31.1 -27.44 3
      vertex -36.7415 54.2005 3
    endloop
  endfacet
  facet normal 0 0 1
    outer loop
      vertex -31.1 -27.44 3
      vertex -36.7415 -54.2005 3
      vertex -36.6154 -54.2321 3
    endloop
  endfacet
  facet normal -0 0 1
    outer loop
      vertex -37 54.175 3
      vertex -31.1 -27.44 3
      vertex -36.8701 54.1814 3
    endloop
  endfacet
  facet normal 0 0 1
    outer loop
      vertex -31.1 -27.44 3
      vertex -36.8701 -54.1814 3
      vertex -36.7415 -54.2005 3
    endloop
  endfacet
  facet normal 0 0 1
    outer loop
      vertex -37.1299 54.1814 3
      vertex -31.1 -27.44 3
      vertex -37 54.175 3
    endloop
  endfacet
  facet normal 0 0 1
    outer loop
      vertex -31.1 -27.44 3
      vertex -37 -54.175 3
      vertex -36.8701 -54.1814 3
    endloop
  endfacet
  facet normal 0 0 1
    outer loop
      vertex -37.2585 54.2005 3
      vertex -31.1 -27.44 3
      vertex -37.1299 54.1814 3
    endloop
  endfacet
  facet normal 0 0 1
    outer loop
      vertex -31.1 -27.44 3
      vertex -37.1299 -54.1814 3
      vertex -37 -54.175 3
    endloop
  endfacet
  facet normal 0 0 1
    outer loop
      vertex -37.3846 54.2321 3
      vertex -31.1 -27.44 3
      vertex -37.2585 54.2005 3
    endloop
  endfacet
  facet normal 0 0 1
    outer loop
      vertex -31.1 -27.44 3
      vertex -37.2585 -54.2005 3
      vertex -37.1299 -54.1814 3
    endloop
  endfacet
  facet normal 0 0 1
    outer loop
      vertex -37.5071 54.2759 3
      vertex -31.1 -27.44 3
      vertex -37.3846 54.2321 3
    endloop
  endfacet
  facet normal 0 0 1
    outer loop
      vertex -31.1 -27.44 3
      vertex -37.3846 -54.2321 3
      vertex -37.2585 -54.2005 3
    endloop
  endfacet
  facet normal 0 0 1
    outer loop
      vertex -37.6246 54.3315 3
      vertex -31.1 -27.44 3
      vertex -37.5071 54.2759 3
    endloop
  endfacet
  facet normal 0 0 1
    outer loop
      vertex -31.1 -27.44 3
      vertex -37.5071 -54.2759 3
      vertex -37.3846 -54.2321 3
    endloop
  endfacet
  facet normal 0 0 1
    outer loop
      vertex -37.7361 54.3983 3
      vertex -31.1 -27.44 3
      vertex -37.6246 54.3315 3
    endloop
  endfacet
  facet normal 0 0 1
    outer loop
      vertex -31.1 -27.44 3
      vertex -37.6246 -54.3315 3
      vertex -37.5071 -54.2759 3
    endloop
  endfacet
  facet normal 0 0 1
    outer loop
      vertex -37.8406 54.4758 3
      vertex -31.1 -27.44 3
      vertex -37.7361 54.3983 3
    endloop
  endfacet
  facet normal 0 0 1
    outer loop
      vertex -31.1 -27.44 3
      vertex -37.7361 -54.3983 3
      vertex -37.6246 -54.3315 3
    endloop
  endfacet
  facet normal 0 0 1
    outer loop
      vertex -39.8 55.8967 3
      vertex -31.1 -27.44 3
      vertex -37.8406 54.4758 3
    endloop
  endfacet
  facet normal 0 0 1
    outer loop
      vertex -31.1 -27.44 3
      vertex -37.8406 -54.4758 3
      vertex -37.7361 -54.3983 3
    endloop
  endfacet
  facet normal 0 0 1
    outer loop
      vertex -39.8 55.8967 3
      vertex -37.8406 54.4758 3
      vertex -37.9369 54.5631 3
    endloop
  endfacet
  facet normal 0 0 1
    outer loop
      vertex -39.8 -55.8967 3
      vertex -31.1 -27.44 3
      vertex -39.8 55.8967 3
    endloop
  endfacet
  facet normal 0 0 1
    outer loop
      vertex -39.8 55.8967 3
      vertex -37.9369 54.5631 3
      vertex -38.0242 54.6594 3
    endloop
  endfacet
  facet normal 0 0 1
    outer loop
      vertex -31.1 -27.44 3
      vertex -39.8 -55.8967 3
      vertex -37.8406 -54.4758 3
    endloop
  endfacet
  facet normal 0 0 1
    outer loop
      vertex -39.8 55.8967 3
      vertex -38.0242 54.6594 3
      vertex -38.1017 54.7639 3
    endloop
  endfacet
  facet normal 0 0 1
    outer loop
      vertex -37.8406 -54.4758 3
      vertex -39.8 -55.8967 3
      vertex -37.9369 -54.5631 3
    endloop
  endfacet
  facet normal 0 0 1
    outer loop
      vertex -39.8 55.8967 3
      vertex -38.1017 54.7639 3
      vertex -38.1685 54.8754 3
    endloop
  endfacet
  facet normal 0 0 1
    outer loop
      vertex -37.9369 -54.5631 3
      vertex -39.8 -55.8967 3
      vertex -38.0242 -54.6594 3
    endloop
  endfacet
  facet normal 0 0 1
    outer loop
      vertex -39.8 55.8967 3
      vertex -38.1685 54.8754 3
      vertex -38.2241 54.9929 3
    endloop
  endfacet
  facet normal 0 0 1
    outer loop
      vertex -38.0242 -54.6594 3
      vertex -39.8 -55.8967 3
      vertex -38.1017 -54.7639 3
    endloop
  endfacet
  facet normal 0 0 1
    outer loop
      vertex -39.8 55.8967 3
      vertex -38.2241 54.9929 3
      vertex -38.2679 55.1154 3
    endloop
  endfacet
  facet normal 0 0 1
    outer loop
      vertex -38.1017 -54.7639 3
      vertex -39.8 -55.8967 3
      vertex -38.1685 -54.8754 3
    endloop
  endfacet
  facet normal 0 0 1
    outer loop
      vertex -39.8 55.8967 3
      vertex -38.2679 55.1154 3
      vertex -38.2995 55.2415 3
    endloop
  endfacet
  facet normal 0 0 1
    outer loop
      vertex -38.1685 -54.8754 3
      vertex -39.8 -55.8967 3
      vertex -38.2241 -54.9929 3
    endloop
  endfacet
  facet normal 0 0 1
    outer loop
      vertex -39.8 55.8967 3
      vertex -38.2995 55.2415 3
      vertex -38.3186 55.3701 3
    endloop
  endfacet
  facet normal 0 0 1
    outer loop
      vertex -38.2241 -54.9929 3
      vertex -39.8 -55.8967 3
      vertex -38.2679 -55.1154 3
    endloop
  endfacet
  facet normal 0 0 1
    outer loop
      vertex -39.8 55.8967 3
      vertex -38.3186 55.3701 3
      vertex -38.325 55.5 3
    endloop
  endfacet
  facet normal 0 0 1
    outer loop
      vertex -38.2679 -55.1154 3
      vertex -39.8 -55.8967 3
      vertex -38.2995 -55.2415 3
    endloop
  endfacet
  facet normal -0 0 1
    outer loop
      vertex -8 -51.5 3
      vertex 8 -53.15 3
      vertex 8 -51.5 3
    endloop
  endfacet
  facet normal 0 0 1
    outer loop
      vertex 8 -53.15 3
      vertex -8 -51.5 3
      vertex -8 -53.15 3
    endloop
  endfacet
  facet normal -0 0 1
    outer loop
      vertex -8 -48.5 3
      vertex 8 -50.15 3
      vertex 8 -48.5 3
    endloop
  endfacet
  facet normal 0 0 1
    outer loop
      vertex 8 -50.15 3
      vertex -8 -48.5 3
      vertex -8 -50.15 3
    endloop
  endfacet
  facet normal -0 0 1
    outer loop
      vertex -8 -45.5 3
      vertex 8 -47.15 3
      vertex 8 -45.5 3
    endloop
  endfacet
  facet normal 0 0 1
    outer loop
      vertex 8 -47.15 3
      vertex -8 -45.5 3
      vertex -8 -47.15 3
    endloop
  endfacet
  facet normal -0 0 1
    outer loop
      vertex -8 -42.5 3
      vertex 8 -44.15 3
      vertex 8 -42.5 3
    endloop
  endfacet
  facet normal 0 0 1
    outer loop
      vertex 8 -44.15 3
      vertex -8 -42.5 3
      vertex -8 -44.15 3
    endloop
  endfacet
  facet normal -0 0 1
    outer loop
      vertex -8 -39.5 3
      vertex 8 -41.15 3
      vertex 8 -39.5 3
    endloop
  endfacet
  facet normal 0 0 1
    outer loop
      vertex 8 -41.15 3
      vertex -8 -39.5 3
      vertex -8 -41.15 3
    endloop
  endfacet
  facet normal 0 0 1
    outer loop
      vertex 38.2679 55.1154 3
      vertex 39.8 55.8967 3
      vertex 38.2995 55.2415 3
    endloop
  endfacet
  facet normal 0 0 1
    outer loop
      vertex 39.8 -55.8967 3
      vertex 38.3186 -55.3701 3
      vertex 38.325 -55.5 3
    endloop
  endfacet
  facet normal 0 0 1
    outer loop
      vertex 38.2241 54.9929 3
      vertex 39.8 55.8967 3
      vertex 38.2679 55.1154 3
    endloop
  endfacet
  facet normal 0 0 1
    outer loop
      vertex 39.8 -55.8967 3
      vertex 38.2995 -55.2415 3
      vertex 38.3186 -55.3701 3
    endloop
  endfacet
  facet normal 0 0 1
    outer loop
      vertex 38.1685 54.8754 3
      vertex 39.8 55.8967 3
      vertex 38.2241 54.9929 3
    endloop
  endfacet
  facet normal 0 0 1
    outer loop
      vertex 39.8 -55.8967 3
      vertex 38.2679 -55.1154 3
      vertex 38.2995 -55.2415 3
    endloop
  endfacet
  facet normal 0 0 1
    outer loop
      vertex 39.8 55.8967 3
      vertex 31.1 -27.44 3
      vertex 39.8 -55.8967 3
    endloop
  endfacet
  facet normal 0 0 1
    outer loop
      vertex 39.8 -55.8967 3
      vertex 38.2241 -54.9929 3
      vertex 38.2679 -55.1154 3
    endloop
  endfacet
  facet normal 0 0 1
    outer loop
      vertex 38.1017 54.7639 3
      vertex 39.8 55.8967 3
      vertex 38.1685 54.8754 3
    endloop
  endfacet
  facet normal -0 -0 1
    outer loop
      vertex 33.9603 -47.4458 3
      vertex 39.8 -55.8967 3
      vertex 31.1 -27.44 3
    endloop
  endfacet
  facet normal 0 0 1
    outer loop
      vertex 38.0242 54.6594 3
      vertex 39.8 55.8967 3
      vertex 38.1017 54.7639 3
    endloop
  endfacet
  facet normal 0 0 1
    outer loop
      vertex 39.8 -55.8967 3
      vertex 38.1685 -54.8754 3
      vertex 38.2241 -54.9929 3
    endloop
  endfacet
  facet normal 0 0 1
    outer loop
      vertex 37.9369 54.5631 3
      vertex 39.8 55.8967 3
      vertex 38.0242 54.6594 3
    endloop
  endfacet
  facet normal 0 0 1
    outer loop
      vertex 39.8 -55.8967 3
      vertex 38.1017 -54.7639 3
      vertex 38.1685 -54.8754 3
    endloop
  endfacet
  facet normal 0 0 1
    outer loop
      vertex 37.8406 54.4758 3
      vertex 39.8 55.8967 3
      vertex 37.9369 54.5631 3
    endloop
  endfacet
  facet normal -0 -0 1
    outer loop
      vertex 37.8406 -54.4758 3
      vertex 39.8 -55.8967 3
      vertex 33.9603 -47.4458 3
    endloop
  endfacet
  facet normal 0 0 1
    outer loop
      vertex 39.8 55.8967 3
      vertex 37.8406 54.4758 3
      vertex 31.1 -27.44 3
    endloop
  endfacet
  facet normal 0 0 1
    outer loop
      vertex 39.8 -55.8967 3
      vertex 38.0242 -54.6594 3
      vertex 38.1017 -54.7639 3
    endloop
  endfacet
  facet normal 0 0 1
    outer loop
      vertex 31.1 -27.44 3
      vertex 37.8406 54.4758 3
      vertex 37.7361 54.3983 3
    endloop
  endfacet
  facet normal 0 0 1
    outer loop
      vertex 39.8 -55.8967 3
      vertex 37.9369 -54.5631 3
      vertex 38.0242 -54.6594 3
    endloop
  endfacet
  facet normal 0 0 1
    outer loop
      vertex 31.1 -27.44 3
      vertex 37.7361 54.3983 3
      vertex 37.6246 54.3315 3
    endloop
  endfacet
  facet normal 0 0 1
    outer loop
      vertex 39.8 -55.8967 3
      vertex 37.8406 -54.4758 3
      vertex 37.9369 -54.5631 3
    endloop
  endfacet
  facet normal 0 0 1
    outer loop
      vertex 31.1 -27.44 3
      vertex 37.6246 54.3315 3
      vertex 37.5071 54.2759 3
    endloop
  endfacet
  facet normal 0 0 1
    outer loop
      vertex 37.8406 -54.4758 3
      vertex 33.9603 -47.4458 3
      vertex 37.7361 -54.3983 3
    endloop
  endfacet
  facet normal 0 0 1
    outer loop
      vertex 31.1 -27.44 3
      vertex 37.5071 54.2759 3
      vertex 37.3846 54.2321 3
    endloop
  endfacet
  facet normal 0 0 1
    outer loop
      vertex 37.7361 -54.3983 3
      vertex 33.9603 -47.4458 3
      vertex 37.6246 -54.3315 3
    endloop
  endfacet
  facet normal 0 0 1
    outer loop
      vertex 31.1 -27.44 3
      vertex 37.3846 54.2321 3
      vertex 37.2585 54.2005 3
    endloop
  endfacet
  facet normal 0 0 1
    outer loop
      vertex 37.6246 -54.3315 3
      vertex 33.9603 -47.4458 3
      vertex 37.5071 -54.2759 3
    endloop
  endfacet
  facet normal 0 0 1
    outer loop
      vertex 31.1 -27.44 3
      vertex 37.2585 54.2005 3
      vertex 37.1299 54.1814 3
    endloop
  endfacet
  facet normal 0 0 1
    outer loop
      vertex 37.5071 -54.2759 3
      vertex 33.9603 -47.4458 3
      vertex 37.3846 -54.2321 3
    endloop
  endfacet
  facet normal 0 0 1
    outer loop
      vertex 31.1 -27.44 3
      vertex 37.1299 54.1814 3
      vertex 37 54.175 3
    endloop
  endfacet
  facet normal 0 0 1
    outer loop
      vertex 37.3846 -54.2321 3
      vertex 33.9603 -47.4458 3
      vertex 37.2585 -54.2005 3
    endloop
  endfacet
  facet normal 0 0 1
    outer loop
      vertex 31.1 -27.44 3
      vertex 37 54.175 3
      vertex 36.8701 54.1814 3
    endloop
  endfacet
  facet normal 0 0 1
    outer loop
      vertex 37.2585 -54.2005 3
      vertex 33.9603 -47.4458 3
      vertex 37.1299 -54.1814 3
    endloop
  endfacet
  facet normal 0 0 1
    outer loop
      vertex 31.1 -27.44 3
      vertex 36.8701 54.1814 3
      vertex 36.7415 54.2005 3
    endloop
  endfacet
  facet normal 0 0 1
    outer loop
      vertex 37.1299 -54.1814 3
      vertex 33.9603 -47.4458 3
      vertex 37 -54.175 3
    endloop
  endfacet
  facet normal 0 0 1
    outer loop
      vertex 31.1 55 3
      vertex 36.7415 54.2005 3
      vertex 36.6154 54.2321 3
    endloop
  endfacet
  facet normal 0 0 1
    outer loop
      vertex 37 -54.175 3
      vertex 33.9603 -47.4458 3
      vertex 36.8701 -54.1814 3
    endloop
  endfacet
  facet normal 0 0 1
    outer loop
      vertex 31.1 55 3
      vertex 36.6154 54.2321 3
      vertex 36.4929 54.2759 3
    endloop
  endfacet
  facet normal 0 0 1
    outer loop
      vertex 36.8701 -54.1814 3
      vertex 33.9603 -47.4458 3
      vertex 36.7415 -54.2005 3
    endloop
  endfacet
  facet normal 0 0 1
    outer loop
      vertex 31.1 55 3
      vertex 36.4929 54.2759 3
      vertex 36.3754 54.3315 3
    endloop
  endfacet
  facet normal 0 0 1
    outer loop
      vertex 36.7415 -54.2005 3
      vertex 33.9603 -47.4458 3
      vertex 36.6154 -54.2321 3
    endloop
  endfacet
  facet normal 0 0 1
    outer loop
      vertex 31.1 55 3
      vertex 36.3754 54.3315 3
      vertex 36.2639 54.3983 3
    endloop
  endfacet
  facet normal 0 0 1
    outer loop
      vertex 36.6154 -54.2321 3
      vertex 33.9603 -47.4458 3
      vertex 36.4929 -54.2759 3
    endloop
  endfacet
  facet normal 0 0 1
    outer loop
      vertex 31.1 55 3
      vertex 36.2639 54.3983 3
      vertex 36.1594 54.4758 3
    endloop
  endfacet
  facet normal 0 0 1
    outer loop
      vertex 36.4929 -54.2759 3
      vertex 33.9603 -47.4458 3
      vertex 36.3754 -54.3315 3
    endloop
  endfacet
  facet normal 0 0 1
    outer loop
      vertex 31.1 55 3
      vertex 36.1594 54.4758 3
      vertex 36.0631 54.5631 3
    endloop
  endfacet
  facet normal 0 0 1
    outer loop
      vertex 36.3754 -54.3315 3
      vertex 33.9603 -47.4458 3
      vertex 36.2639 -54.3983 3
    endloop
  endfacet
  facet normal 0 0 1
    outer loop
      vertex 31.1 55 3
      vertex 36.0631 54.5631 3
      vertex 35.9758 54.6594 3
    endloop
  endfacet
  facet normal 0 0 1
    outer loop
      vertex 36.2639 -54.3983 3
      vertex 33.9603 -47.4458 3
      vertex 36.1594 -54.4758 3
    endloop
  endfacet
  facet normal 0 0 1
    outer loop
      vertex 31.1 55 3
      vertex 35.9758 54.6594 3
      vertex 35.8983 54.7639 3
    endloop
  endfacet
  facet normal 0 0 1
    outer loop
      vertex 36.1594 -54.4758 3
      vertex 33.9603 -47.4458 3
      vertex 36.0631 -54.5631 3
    endloop
  endfacet
  facet normal 0 0 1
    outer loop
      vertex 31.1 55 3
      vertex 35.8983 54.7639 3
      vertex 35.8315 54.8754 3
    endloop
  endfacet
  facet normal 0 0 1
    outer loop
      vertex 32.9025 -55.9081 3
      vertex 36.0631 -54.5631 3
      vertex 33.9603 -47.4458 3
    endloop
  endfacet
  facet normal 0 0 1
    outer loop
      vertex 31.1 55 3
      vertex 35.8315 54.8754 3
      vertex 35.7759 54.9929 3
    endloop
  endfacet
  facet normal 0 0 1
    outer loop
      vertex 36.0631 -54.5631 3
      vertex 32.9025 -55.9081 3
      vertex 35.9758 -54.6594 3
    endloop
  endfacet
  facet normal -0 0 1
    outer loop
      vertex 31.1 55 3
      vertex 35.7759 54.9929 3
      vertex 35.7321 55.1154 3
    endloop
  endfacet
  facet normal 0 0 1
    outer loop
      vertex 35.9758 -54.6594 3
      vertex 32.9025 -55.9081 3
      vertex 35.8983 -54.7639 3
    endloop
  endfacet
  facet normal 0 0 1
    outer loop
      vertex 31.1 55 3
      vertex 35.7321 55.1154 3
      vertex 35.7005 55.2415 3
    endloop
  endfacet
  facet normal 0 0 1
    outer loop
      vertex 35.8983 -54.7639 3
      vertex 32.9025 -55.9081 3
      vertex 35.8315 -54.8754 3
    endloop
  endfacet
  facet normal 0 0 1
    outer loop
      vertex 31.1 55 3
      vertex 35.7005 55.2415 3
      vertex 35.6814 55.3701 3
    endloop
  endfacet
  facet normal 0 0 1
    outer loop
      vertex 35.8315 -54.8754 3
      vertex 32.9025 -55.9081 3
      vertex 35.7759 -54.9929 3
    endloop
  endfacet
  facet normal 0 0 1
    outer loop
      vertex 31.1 55 3
      vertex 35.6814 55.3701 3
      vertex 35.675 55.5 3
    endloop
  endfacet
  facet normal 0 0 1
    outer loop
      vertex 35.7759 -54.9929 3
      vertex 32.9025 -55.9081 3
      vertex 35.7321 -55.1154 3
    endloop
  endfacet
  facet normal 0 0 1
    outer loop
      vertex 38.2679 55.8846 3
      vertex 39.8 55.8967 3
      vertex 39.7767 56.3719 3
    endloop
  endfacet
  facet normal 0 0 1
    outer loop
      vertex 38.3186 55.3701 3
      vertex 39.8 55.8967 3
      vertex 38.325 55.5 3
    endloop
  endfacet
  facet normal 0 0 1
    outer loop
      vertex 38.1685 56.1246 3
      vertex 39.7767 56.3719 3
      vertex 39.722 56.7404 3
    endloop
  endfacet
  facet normal 0 0 1
    outer loop
      vertex 38.2995 55.2415 3
      vertex 39.8 55.8967 3
      vertex 38.3186 55.3701 3
    endloop
  endfacet
  facet normal 0 0 1
    outer loop
      vertex 38.1017 56.2361 3
      vertex 39.722 56.7404 3
      vertex 39.6315 57.1016 3
    endloop
  endfacet
  facet normal -0 0 1
    outer loop
      vertex 38.3186 -55.6299 3
      vertex 39.8 -55.8967 3
      vertex 38.325 -55.5 3
    endloop
  endfacet
  facet normal 0 0 1
    outer loop
      vertex 38.0242 56.3406 3
      vertex 39.6315 57.1016 3
      vertex 39.5061 57.4522 3
    endloop
  endfacet
  facet normal -0 0 1
    outer loop
      vertex 38.2995 -55.7585 3
      vertex 39.8 -55.8967 3
      vertex 38.3186 -55.6299 3
    endloop
  endfacet
  facet normal 0 0 1
    outer loop
      vertex 37.9369 56.4369 3
      vertex 39.5061 57.4522 3
      vertex 39.3468 57.7889 3
    endloop
  endfacet
  facet normal -0 0 1
    outer loop
      vertex 38.2679 -55.8846 3
      vertex 39.8 -55.8967 3
      vertex 38.2995 -55.7585 3
    endloop
  endfacet
  facet normal 0 0 1
    outer loop
      vertex 37.7361 56.6017 3
      vertex 39.3468 57.7889 3
      vertex 39.1553 58.1084 3
    endloop
  endfacet
  facet normal 0 0 1
    outer loop
      vertex 39.8 -55.8967 3
      vertex 38.2679 -55.8846 3
      vertex 39.7767 -56.3719 3
    endloop
  endfacet
  facet normal 0 0 1
    outer loop
      vertex 37.6246 56.6685 3
      vertex 39.1553 58.1084 3
      vertex 38.9335 58.4075 3
    endloop
  endfacet
  facet normal -0 0 1
    outer loop
      vertex 38.2241 -56.0071 3
      vertex 39.7767 -56.3719 3
      vertex 38.2679 -55.8846 3
    endloop
  endfacet
  facet normal 0 0 1
    outer loop
      vertex 37.5071 56.7241 3
      vertex 38.9335 58.4075 3
      vertex 38.6834 58.6834 3
    endloop
  endfacet
  facet normal -0 0 1
    outer loop
      vertex 38.1685 -56.1246 3
      vertex 39.7767 -56.3719 3
      vertex 38.2241 -56.0071 3
    endloop
  endfacet
  facet normal 0 0 1
    outer loop
      vertex 37.3846 56.7679 3
      vertex 38.6834 58.6834 3
      vertex 38.4075 58.9335 3
    endloop
  endfacet
  facet normal 0 0 1
    outer loop
      vertex 39.7767 -56.3719 3
      vertex 38.1685 -56.1246 3
      vertex 39.722 -56.7404 3
    endloop
  endfacet
  facet normal -0 0 1
    outer loop
      vertex 38.1017 -56.2361 3
      vertex 39.722 -56.7404 3
      vertex 38.1685 -56.1246 3
    endloop
  endfacet
  facet normal 0 0 1
    outer loop
      vertex 39.8 55.8967 3
      vertex 38.3186 55.6299 3
      vertex 38.325 55.5 3
    endloop
  endfacet
  facet normal 0 0 1
    outer loop
      vertex 39.8 55.8967 3
      vertex 38.2995 55.7585 3
      vertex 38.3186 55.6299 3
    endloop
  endfacet
  facet normal 0 0 1
    outer loop
      vertex 39.8 55.8967 3
      vertex 38.2679 55.8846 3
      vertex 38.2995 55.7585 3
    endloop
  endfacet
  facet normal 0 0 1
    outer loop
      vertex 39.7767 56.3719 3
      vertex 38.2241 56.0071 3
      vertex 38.2679 55.8846 3
    endloop
  endfacet
  facet normal 0 0 1
    outer loop
      vertex 39.7767 56.3719 3
      vertex 38.1685 56.1246 3
      vertex 38.2241 56.0071 3
    endloop
  endfacet
  facet normal 0 0 1
    outer loop
      vertex 37.2585 56.7995 3
      vertex 38.4075 58.9335 3
      vertex 38.1084 59.1553 3
    endloop
  endfacet
  facet normal 0 0 1
    outer loop
      vertex 39.722 56.7404 3
      vertex 38.1017 56.2361 3
      vertex 38.1685 56.1246 3
    endloop
  endfacet
  facet normal 0 0 1
    outer loop
      vertex 39.6315 57.1016 3
      vertex 38.0242 56.3406 3
      vertex 38.1017 56.2361 3
    endloop
  endfacet
  facet normal 0 0 1
    outer loop
      vertex 39.5061 57.4522 3
      vertex 37.9369 56.4369 3
      vertex 38.0242 56.3406 3
    endloop
  endfacet
  facet normal 0 0 1
    outer loop
      vertex 39.3468 57.7889 3
      vertex 37.8406 56.5242 3
      vertex 37.9369 56.4369 3
    endloop
  endfacet
  facet normal 0 0 1
    outer loop
      vertex 37.1299 56.8186 3
      vertex 38.1084 59.1553 3
      vertex 37.7889 59.3468 3
    endloop
  endfacet
  facet normal 0 0 1
    outer loop
      vertex 39.3468 57.7889 3
      vertex 37.7361 56.6017 3
      vertex 37.8406 56.5242 3
    endloop
  endfacet
  facet normal 0 0 1
    outer loop
      vertex 39.1553 58.1084 3
      vertex 37.6246 56.6685 3
      vertex 37.7361 56.6017 3
    endloop
  endfacet
  facet normal 0 0 1
    outer loop
      vertex 38.9335 58.4075 3
      vertex 37.5071 56.7241 3
      vertex 37.6246 56.6685 3
    endloop
  endfacet
  facet normal 0 0 1
    outer loop
      vertex 37 56.825 3
      vertex 37.7889 59.3468 3
      vertex 37.4522 59.5061 3
    endloop
  endfacet
  facet normal 0 0 1
    outer loop
      vertex 38.6834 58.6834 3
      vertex 37.3846 56.7679 3
      vertex 37.5071 56.7241 3
    endloop
  endfacet
  facet normal 0 0 1
    outer loop
      vertex 38.4075 58.9335 3
      vertex 37.2585 56.7995 3
      vertex 37.3846 56.7679 3
    endloop
  endfacet
  facet normal 0 0 1
    outer loop
      vertex 38.1084 59.1553 3
      vertex 37.1299 56.8186 3
      vertex 37.2585 56.7995 3
    endloop
  endfacet
  facet normal 0 0 1
    outer loop
      vertex 36.8701 56.8186 3
      vertex 37.4522 59.5061 3
      vertex 37.1016 59.6315 3
    endloop
  endfacet
  facet normal 0 0 1
    outer loop
      vertex 37.7889 59.3468 3
      vertex 37 56.825 3
      vertex 37.1299 56.8186 3
    endloop
  endfacet
  facet normal 0 0 1
    outer loop
      vertex 37.4522 59.5061 3
      vertex 36.8701 56.8186 3
      vertex 37 56.825 3
    endloop
  endfacet
  facet normal 0 0 1
    outer loop
      vertex 37.1016 59.6315 3
      vertex 36.7415 56.7995 3
      vertex 36.8701 56.8186 3
    endloop
  endfacet
  facet normal 0 0 1
    outer loop
      vertex 36.7404 59.722 3
      vertex 36.7415 56.7995 3
      vertex 37.1016 59.6315 3
    endloop
  endfacet
  facet normal 0 0 1
    outer loop
      vertex 36.3719 59.7767 3
      vertex 36.7415 56.7995 3
      vertex 36.7404 59.722 3
    endloop
  endfacet
  facet normal 0 0 1
    outer loop
      vertex 36.7415 56.7995 3
      vertex 36.3719 59.7767 3
      vertex 36.6154 56.7679 3
    endloop
  endfacet
  facet normal 0 0 1
    outer loop
      vertex 35.8967 59.8 3
      vertex 36.6154 56.7679 3
      vertex 36.3719 59.7767 3
    endloop
  endfacet
  facet normal 0 0 1
    outer loop
      vertex 36.6154 56.7679 3
      vertex 35.8967 59.8 3
      vertex 36.4929 56.7241 3
    endloop
  endfacet
  facet normal 0 0 1
    outer loop
      vertex 36.4929 56.7241 3
      vertex 35.8967 59.8 3
      vertex 36.3754 56.6685 3
    endloop
  endfacet
  facet normal 0 0 1
    outer loop
      vertex 36.3754 56.6685 3
      vertex 35.8967 59.8 3
      vertex 36.2639 56.6017 3
    endloop
  endfacet
  facet normal 0 0 1
    outer loop
      vertex 36.2639 56.6017 3
      vertex 35.8967 59.8 3
      vertex 36.1594 56.5242 3
    endloop
  endfacet
  facet normal 0 0 1
    outer loop
      vertex 36.1594 56.5242 3
      vertex 35.8967 59.8 3
      vertex 36.0631 56.4369 3
    endloop
  endfacet
  facet normal 0 0 1
    outer loop
      vertex 36.0631 56.4369 3
      vertex 35.8967 59.8 3
      vertex 35.9758 56.3406 3
    endloop
  endfacet
  facet normal 0 0 1
    outer loop
      vertex 35.9758 56.3406 3
      vertex 35.8967 59.8 3
      vertex 35.8983 56.2361 3
    endloop
  endfacet
  facet normal 0 0 1
    outer loop
      vertex 31.1 55 3
      vertex 35.8983 56.2361 3
      vertex 35.8967 59.8 3
    endloop
  endfacet
  facet normal 0 0 1
    outer loop
      vertex 35.8983 56.2361 3
      vertex 31.1 55 3
      vertex 35.8315 56.1246 3
    endloop
  endfacet
  facet normal 0 0 1
    outer loop
      vertex 35.8315 56.1246 3
      vertex 31.1 55 3
      vertex 35.7759 56.0071 3
    endloop
  endfacet
  facet normal 0 0 1
    outer loop
      vertex 35.7759 56.0071 3
      vertex 31.1 55 3
      vertex 35.7321 55.8846 3
    endloop
  endfacet
  facet normal 0 0 1
    outer loop
      vertex 35.7321 55.8846 3
      vertex 31.1 55 3
      vertex 35.7005 55.7585 3
    endloop
  endfacet
  facet normal 0 0 1
    outer loop
      vertex 35.7321 -55.1154 3
      vertex 32.9025 -55.9081 3
      vertex 35.7005 -55.2415 3
    endloop
  endfacet
  facet normal 0 0 1
    outer loop
      vertex 36.7415 54.2005 3
      vertex 31.1 55 3
      vertex 31.1 -27.44 3
    endloop
  endfacet
  facet normal 0 0 1
    outer loop
      vertex 35.6814 55.6299 3
      vertex 31.1 55 3
      vertex 35.675 55.5 3
    endloop
  endfacet
  facet normal 0 0 1
    outer loop
      vertex 35.7005 55.7585 3
      vertex 31.1 55 3
      vertex 35.6814 55.6299 3
    endloop
  endfacet
  facet normal 0 0 1
    outer loop
      vertex 35.8967 59.8 3
      vertex 29.1 55 3
      vertex 31.1 55 3
    endloop
  endfacet
  facet normal 0 0 1
    outer loop
      vertex 29.1 55 3
      vertex 23.93 48.35 3
      vertex 29.1 -27.44 3
    endloop
  endfacet
  facet normal 0 0 1
    outer loop
      vertex 29.1 55 3
      vertex 23.9223 48.5068 3
      vertex 23.93 48.35 3
    endloop
  endfacet
  facet normal 0 0 1
    outer loop
      vertex 29.1 55 3
      vertex 23.8992 48.6621 3
      vertex 23.9223 48.5068 3
    endloop
  endfacet
  facet normal 0 0 1
    outer loop
      vertex 29.1 55 3
      vertex 23.8611 48.8145 3
      vertex 23.8992 48.6621 3
    endloop
  endfacet
  facet normal 0 0 1
    outer loop
      vertex 29.1 55 3
      vertex 23.8082 48.9623 3
      vertex 23.8611 48.8145 3
    endloop
  endfacet
  facet normal 0 0 1
    outer loop
      vertex 29.1 55 3
      vertex 23.7411 49.1042 3
      vertex 23.8082 48.9623 3
    endloop
  endfacet
  facet normal 0 0 1
    outer loop
      vertex 29.1 55 3
      vertex 23.6603 49.2389 3
      vertex 23.7411 49.1042 3
    endloop
  endfacet
  facet normal 0 0 1
    outer loop
      vertex 29.1 55 3
      vertex 23.5668 49.365 3
      vertex 23.6603 49.2389 3
    endloop
  endfacet
  facet normal 0 0 1
    outer loop
      vertex 29.1 55 3
      vertex 23.4614 49.4814 3
      vertex 23.5668 49.365 3
    endloop
  endfacet
  facet normal 0 0 1
    outer loop
      vertex 29.1 55 3
      vertex 23.345 49.5868 3
      vertex 23.4614 49.4814 3
    endloop
  endfacet
  facet normal 0 0 1
    outer loop
      vertex 29.1 55 3
      vertex 23.2189 49.6803 3
      vertex 23.345 49.5868 3
    endloop
  endfacet
  facet normal 0 0 1
    outer loop
      vertex 29.1 55 3
      vertex 23.0842 49.7611 3
      vertex 23.2189 49.6803 3
    endloop
  endfacet
  facet normal 0 0 1
    outer loop
      vertex 29.1 55 3
      vertex 22.9423 49.8282 3
      vertex 23.0842 49.7611 3
    endloop
  endfacet
  facet normal 0 0 1
    outer loop
      vertex 29.1 55 3
      vertex 22.7944 49.8811 3
      vertex 22.9423 49.8282 3
    endloop
  endfacet
  facet normal 0 0 1
    outer loop
      vertex 29.1 55 3
      vertex 22.6421 49.9193 3
      vertex 22.7944 49.8811 3
    endloop
  endfacet
  facet normal 0 0 1
    outer loop
      vertex 29.1 55 3
      vertex 22.4868 49.9423 3
      vertex 22.6421 49.9193 3
    endloop
  endfacet
  facet normal 0 0 1
    outer loop
      vertex 29.1 55 3
      vertex 22.33 49.95 3
      vertex 22.4868 49.9423 3
    endloop
  endfacet
  facet normal 0 0 1
    outer loop
      vertex 29.1 55 3
      vertex -22.33 49.95 3
      vertex 22.33 49.95 3
    endloop
  endfacet
  facet normal 0 0 1
    outer loop
      vertex -29.1 55 3
      vertex 29.1 55 3
      vertex 35.8967 59.8 3
    endloop
  endfacet
  facet normal 0 0 1
    outer loop
      vertex 29.1 55 3
      vertex -29.1 55 3
      vertex -22.33 49.95 3
    endloop
  endfacet
  facet normal 0 0 1
    outer loop
      vertex -22.33 49.95 3
      vertex -29.1 55 3
      vertex -22.4868 49.9423 3
    endloop
  endfacet
  facet normal 0 0 1
    outer loop
      vertex -23.93 48.35 3
      vertex -29.1 55 3
      vertex -23.93 -20.79 3
    endloop
  endfacet
  facet normal 0 0 1
    outer loop
      vertex -23.9223 48.5068 3
      vertex -29.1 55 3
      vertex -23.93 48.35 3
    endloop
  endfacet
  facet normal 0 0 1
    outer loop
      vertex -23.8992 48.6621 3
      vertex -29.1 55 3
      vertex -23.9223 48.5068 3
    endloop
  endfacet
  facet normal 0 0 1
    outer loop
      vertex -23.8611 48.8145 3
      vertex -29.1 55 3
      vertex -23.8992 48.6621 3
    endloop
  endfacet
  facet normal 0 0 1
    outer loop
      vertex -23.8082 48.9623 3
      vertex -29.1 55 3
      vertex -23.8611 48.8145 3
    endloop
  endfacet
  facet normal 0 0 1
    outer loop
      vertex -23.7411 49.1042 3
      vertex -29.1 55 3
      vertex -23.8082 48.9623 3
    endloop
  endfacet
  facet normal 0 0 1
    outer loop
      vertex -23.6603 49.2389 3
      vertex -29.1 55 3
      vertex -23.7411 49.1042 3
    endloop
  endfacet
  facet normal 0 0 1
    outer loop
      vertex -23.5668 49.365 3
      vertex -29.1 55 3
      vertex -23.6603 49.2389 3
    endloop
  endfacet
  facet normal 0 0 1
    outer loop
      vertex -23.4614 49.4814 3
      vertex -29.1 55 3
      vertex -23.5668 49.365 3
    endloop
  endfacet
  facet normal 0 0 1
    outer loop
      vertex -23.345 49.5868 3
      vertex -29.1 55 3
      vertex -23.4614 49.4814 3
    endloop
  endfacet
  facet normal 0 0 1
    outer loop
      vertex -23.2189 49.6803 3
      vertex -29.1 55 3
      vertex -23.345 49.5868 3
    endloop
  endfacet
  facet normal 0 0 1
    outer loop
      vertex -23.0842 49.7611 3
      vertex -29.1 55 3
      vertex -23.2189 49.6803 3
    endloop
  endfacet
  facet normal 0 0 1
    outer loop
      vertex -22.9423 49.8282 3
      vertex -29.1 55 3
      vertex -23.0842 49.7611 3
    endloop
  endfacet
  facet normal 0 0 1
    outer loop
      vertex -22.7944 49.8811 3
      vertex -29.1 55 3
      vertex -22.9423 49.8282 3
    endloop
  endfacet
  facet normal 0 0 1
    outer loop
      vertex -22.6421 49.9193 3
      vertex -29.1 55 3
      vertex -22.7944 49.8811 3
    endloop
  endfacet
  facet normal 0 0 1
    outer loop
      vertex -22.4868 49.9423 3
      vertex -29.1 55 3
      vertex -22.6421 49.9193 3
    endloop
  endfacet
  facet normal -0 0 1
    outer loop
      vertex -35.8967 59.8 3
      vertex -29.1 55 3
      vertex 35.8967 59.8 3
    endloop
  endfacet
  facet normal -0 0 1
    outer loop
      vertex -35.6814 55.3701 3
      vertex -31.1 55 3
      vertex -35.675 55.5 3
    endloop
  endfacet
  facet normal -0 0 1
    outer loop
      vertex -35.7005 55.2415 3
      vertex -31.1 55 3
      vertex -35.6814 55.3701 3
    endloop
  endfacet
  facet normal 0 0 1
    outer loop
      vertex -29.1 55 3
      vertex -35.8967 59.8 3
      vertex -31.1 55 3
    endloop
  endfacet
  facet normal 0 0 1
    outer loop
      vertex -31.1 55 3
      vertex -35.6814 55.6299 3
      vertex -35.675 55.5 3
    endloop
  endfacet
  facet normal -0 0 1
    outer loop
      vertex -35.8983 56.2361 3
      vertex -31.1 55 3
      vertex -35.8967 59.8 3
    endloop
  endfacet
  facet normal 0 0 1
    outer loop
      vertex -31.1 55 3
      vertex -35.7005 55.7585 3
      vertex -35.6814 55.6299 3
    endloop
  endfacet
  facet normal 0 0 1
    outer loop
      vertex -31.1 55 3
      vertex -35.7321 55.8846 3
      vertex -35.7005 55.7585 3
    endloop
  endfacet
  facet normal 0 0 1
    outer loop
      vertex -31.1 55 3
      vertex -35.7759 56.0071 3
      vertex -35.7321 55.8846 3
    endloop
  endfacet
  facet normal 0 0 1
    outer loop
      vertex -31.1 55 3
      vertex -35.8315 56.1246 3
      vertex -35.7759 56.0071 3
    endloop
  endfacet
  facet normal 0 0 1
    outer loop
      vertex -31.1 55 3
      vertex -35.8983 56.2361 3
      vertex -35.8315 56.1246 3
    endloop
  endfacet
  facet normal 0 0 1
    outer loop
      vertex -35.8967 59.8 3
      vertex -35.9758 56.3406 3
      vertex -35.8983 56.2361 3
    endloop
  endfacet
  facet normal 0 0 1
    outer loop
      vertex -35.8967 59.8 3
      vertex -36.0631 56.4369 3
      vertex -35.9758 56.3406 3
    endloop
  endfacet
  facet normal 0 0 1
    outer loop
      vertex -35.8967 59.8 3
      vertex -36.1594 56.5242 3
      vertex -36.0631 56.4369 3
    endloop
  endfacet
  facet normal 0 0 1
    outer loop
      vertex -35.8967 59.8 3
      vertex -36.2639 56.6017 3
      vertex -36.1594 56.5242 3
    endloop
  endfacet
  facet normal 0 0 1
    outer loop
      vertex -36.6154 56.7679 3
      vertex -35.8967 59.8 3
      vertex -36.3719 59.7767 3
    endloop
  endfacet
  facet normal 0 0 1
    outer loop
      vertex -35.8967 59.8 3
      vertex -36.3754 56.6685 3
      vertex -36.2639 56.6017 3
    endloop
  endfacet
  facet normal 0 0 1
    outer loop
      vertex -35.8967 59.8 3
      vertex -36.4929 56.7241 3
      vertex -36.3754 56.6685 3
    endloop
  endfacet
  facet normal 0 0 1
    outer loop
      vertex -35.8967 59.8 3
      vertex -36.6154 56.7679 3
      vertex -36.4929 56.7241 3
    endloop
  endfacet
  facet normal 0 0 1
    outer loop
      vertex -36.7415 56.7995 3
      vertex -36.3719 59.7767 3
      vertex -36.7404 59.722 3
    endloop
  endfacet
  facet normal 0 0 1
    outer loop
      vertex -36.3719 59.7767 3
      vertex -36.7415 56.7995 3
      vertex -36.6154 56.7679 3
    endloop
  endfacet
  facet normal -0 0 1
    outer loop
      vertex -37.1016 59.6315 3
      vertex -36.7415 56.7995 3
      vertex -36.7404 59.722 3
    endloop
  endfacet
  facet normal 0 0 1
    outer loop
      vertex -36.7415 56.7995 3
      vertex -37.1016 59.6315 3
      vertex -36.8701 56.8186 3
    endloop
  endfacet
  facet normal -0 0 1
    outer loop
      vertex -37.4522 59.5061 3
      vertex -36.8701 56.8186 3
      vertex -37.1016 59.6315 3
    endloop
  endfacet
  facet normal 0 0 1
    outer loop
      vertex -36.8701 56.8186 3
      vertex -37.4522 59.5061 3
      vertex -37 56.825 3
    endloop
  endfacet
  facet normal -0 0 1
    outer loop
      vertex -37.7889 59.3468 3
      vertex -37 56.825 3
      vertex -37.4522 59.5061 3
    endloop
  endfacet
  facet normal 0 0 1
    outer loop
      vertex -37 56.825 3
      vertex -37.7889 59.3468 3
      vertex -37.1299 56.8186 3
    endloop
  endfacet
  facet normal -0 0 1
    outer loop
      vertex -38.1084 59.1553 3
      vertex -37.1299 56.8186 3
      vertex -37.7889 59.3468 3
    endloop
  endfacet
  facet normal 0 0 1
    outer loop
      vertex -37.1299 56.8186 3
      vertex -38.1084 59.1553 3
      vertex -37.2585 56.7995 3
    endloop
  endfacet
  facet normal -0 0 1
    outer loop
      vertex -38.4075 58.9335 3
      vertex -37.2585 56.7995 3
      vertex -38.1084 59.1553 3
    endloop
  endfacet
  facet normal 0 0 1
    outer loop
      vertex -37.2585 56.7995 3
      vertex -38.4075 58.9335 3
      vertex -37.3846 56.7679 3
    endloop
  endfacet
  facet normal -0 0 1
    outer loop
      vertex -38.6834 58.6834 3
      vertex -37.3846 56.7679 3
      vertex -38.4075 58.9335 3
    endloop
  endfacet
  facet normal 0 0 1
    outer loop
      vertex -37.3846 56.7679 3
      vertex -38.6834 58.6834 3
      vertex -37.5071 56.7241 3
    endloop
  endfacet
  facet normal -0 0 1
    outer loop
      vertex -38.9335 58.4075 3
      vertex -37.5071 56.7241 3
      vertex -38.6834 58.6834 3
    endloop
  endfacet
  facet normal 0 0 1
    outer loop
      vertex -37.5071 56.7241 3
      vertex -38.9335 58.4075 3
      vertex -37.6246 56.6685 3
    endloop
  endfacet
  facet normal -0 0 1
    outer loop
      vertex -39.1553 58.1084 3
      vertex -37.6246 56.6685 3
      vertex -38.9335 58.4075 3
    endloop
  endfacet
  facet normal 0 0 1
    outer loop
      vertex -37.6246 56.6685 3
      vertex -39.1553 58.1084 3
      vertex -37.7361 56.6017 3
    endloop
  endfacet
  facet normal -0 0 1
    outer loop
      vertex -39.3468 57.7889 3
      vertex -37.7361 56.6017 3
      vertex -39.1553 58.1084 3
    endloop
  endfacet
  facet normal 0 0 1
    outer loop
      vertex -37.7361 56.6017 3
      vertex -39.3468 57.7889 3
      vertex -37.8406 56.5242 3
    endloop
  endfacet
  facet normal 0 0 1
    outer loop
      vertex -37.8406 56.5242 3
      vertex -39.3468 57.7889 3
      vertex -37.9369 56.4369 3
    endloop
  endfacet
  facet normal -0 0 1
    outer loop
      vertex -39.5061 57.4522 3
      vertex -37.9369 56.4369 3
      vertex -39.3468 57.7889 3
    endloop
  endfacet
  facet normal 0 0 1
    outer loop
      vertex -37.9369 56.4369 3
      vertex -39.5061 57.4522 3
      vertex -38.0242 56.3406 3
    endloop
  endfacet
  facet normal -0 0 1
    outer loop
      vertex -39.722 56.7404 3
      vertex -38.1017 56.2361 3
      vertex -39.6315 57.1016 3
    endloop
  endfacet
  facet normal 0 0 1
    outer loop
      vertex -38.0242 56.3406 3
      vertex -39.6315 57.1016 3
      vertex -38.1017 56.2361 3
    endloop
  endfacet
  facet normal -0 0 1
    outer loop
      vertex -39.6315 57.1016 3
      vertex -38.0242 56.3406 3
      vertex -39.5061 57.4522 3
    endloop
  endfacet
  facet normal 0 0 1
    outer loop
      vertex 39.722 -56.7404 3
      vertex 38.1017 -56.2361 3
      vertex 39.6315 -57.1016 3
    endloop
  endfacet
  facet normal -0 0 1
    outer loop
      vertex 38.0242 -56.3406 3
      vertex 39.6315 -57.1016 3
      vertex 38.1017 -56.2361 3
    endloop
  endfacet
  facet normal 0 0 1
    outer loop
      vertex 39.6315 -57.1016 3
      vertex 38.0242 -56.3406 3
      vertex 39.5061 -57.4522 3
    endloop
  endfacet
  facet normal -0 0 1
    outer loop
      vertex 37.9369 -56.4369 3
      vertex 39.5061 -57.4522 3
      vertex 38.0242 -56.3406 3
    endloop
  endfacet
  facet normal 0 0 1
    outer loop
      vertex 39.5061 -57.4522 3
      vertex 37.9369 -56.4369 3
      vertex 39.3468 -57.7889 3
    endloop
  endfacet
  facet normal -0 0 1
    outer loop
      vertex 37.8406 -56.5242 3
      vertex 39.3468 -57.7889 3
      vertex 37.9369 -56.4369 3
    endloop
  endfacet
  facet normal -0 0 1
    outer loop
      vertex 37.7361 -56.6017 3
      vertex 39.3468 -57.7889 3
      vertex 37.8406 -56.5242 3
    endloop
  endfacet
  facet normal 0 0 1
    outer loop
      vertex 39.3468 -57.7889 3
      vertex 37.7361 -56.6017 3
      vertex 39.1553 -58.1084 3
    endloop
  endfacet
  facet normal -0 0 1
    outer loop
      vertex 37.6246 -56.6685 3
      vertex 39.1553 -58.1084 3
      vertex 37.7361 -56.6017 3
    endloop
  endfacet
  facet normal 0 0 1
    outer loop
      vertex 39.1553 -58.1084 3
      vertex 37.6246 -56.6685 3
      vertex 38.9335 -58.4075 3
    endloop
  endfacet
  facet normal -0 0 1
    outer loop
      vertex 37.5071 -56.7241 3
      vertex 38.9335 -58.4075 3
      vertex 37.6246 -56.6685 3
    endloop
  endfacet
  facet normal 0 0 1
    outer loop
      vertex 38.9335 -58.4075 3
      vertex 37.5071 -56.7241 3
      vertex 38.6834 -58.6834 3
    endloop
  endfacet
  facet normal -0 0 1
    outer loop
      vertex 37.3846 -56.7679 3
      vertex 38.6834 -58.6834 3
      vertex 37.5071 -56.7241 3
    endloop
  endfacet
  facet normal 0 0 1
    outer loop
      vertex 38.6834 -58.6834 3
      vertex 37.3846 -56.7679 3
      vertex 38.4075 -58.9335 3
    endloop
  endfacet
  facet normal -0 0 1
    outer loop
      vertex 37.2585 -56.7995 3
      vertex 38.4075 -58.9335 3
      vertex 37.3846 -56.7679 3
    endloop
  endfacet
  facet normal 0 0 1
    outer loop
      vertex 38.4075 -58.9335 3
      vertex 37.2585 -56.7995 3
      vertex 38.1084 -59.1553 3
    endloop
  endfacet
  facet normal -0 0 1
    outer loop
      vertex 37.1299 -56.8186 3
      vertex 38.1084 -59.1553 3
      vertex 37.2585 -56.7995 3
    endloop
  endfacet
  facet normal 0 0 1
    outer loop
      vertex 38.1084 -59.1553 3
      vertex 37.1299 -56.8186 3
      vertex 37.7889 -59.3468 3
    endloop
  endfacet
  facet normal -0 0 1
    outer loop
      vertex 37 -56.825 3
      vertex 37.7889 -59.3468 3
      vertex 37.1299 -56.8186 3
    endloop
  endfacet
  facet normal 0 0 1
    outer loop
      vertex 37.7889 -59.3468 3
      vertex 37 -56.825 3
      vertex 37.4522 -59.5061 3
    endloop
  endfacet
  facet normal 0 0 1
    outer loop
      vertex 36.8701 -56.8186 3
      vertex 37.4522 -59.5061 3
      vertex 37 -56.825 3
    endloop
  endfacet
  facet normal 0 0 1
    outer loop
      vertex 37.4522 -59.5061 3
      vertex 36.8701 -56.8186 3
      vertex 37.1016 -59.6315 3
    endloop
  endfacet
  facet normal 0 0 1
    outer loop
      vertex 36.7415 -56.7995 3
      vertex 37.1016 -59.6315 3
      vertex 36.8701 -56.8186 3
    endloop
  endfacet
  facet normal 0 0 1
    outer loop
      vertex 36.7415 -56.7995 3
      vertex 36.7404 -59.722 3
      vertex 37.1016 -59.6315 3
    endloop
  endfacet
  facet normal 0 0 1
    outer loop
      vertex 36.3719 -59.7767 3
      vertex 36.7415 -56.7995 3
      vertex 36.6154 -56.7679 3
    endloop
  endfacet
  facet normal 0 0 1
    outer loop
      vertex 35.8967 -59.8 3
      vertex 36.6154 -56.7679 3
      vertex 36.4929 -56.7241 3
    endloop
  endfacet
  facet normal 0 0 1
    outer loop
      vertex 35.8967 -59.8 3
      vertex 36.4929 -56.7241 3
      vertex 36.3754 -56.6685 3
    endloop
  endfacet
  facet normal 0 0 1
    outer loop
      vertex 36.7415 -56.7995 3
      vertex 36.3719 -59.7767 3
      vertex 36.7404 -59.722 3
    endloop
  endfacet
  facet normal 0 0 1
    outer loop
      vertex 35.8967 -59.8 3
      vertex 36.3754 -56.6685 3
      vertex 36.2639 -56.6017 3
    endloop
  endfacet
  facet normal 0 0 1
    outer loop
      vertex 35.8967 -59.8 3
      vertex 36.2639 -56.6017 3
      vertex 36.1594 -56.5242 3
    endloop
  endfacet
  facet normal 0 0 1
    outer loop
      vertex 35.8967 -59.8 3
      vertex 36.1594 -56.5242 3
      vertex 36.0631 -56.4369 3
    endloop
  endfacet
  facet normal 0 0 1
    outer loop
      vertex 35.8967 -59.8 3
      vertex 36.0631 -56.4369 3
      vertex 35.9758 -56.3406 3
    endloop
  endfacet
  facet normal 0 0 1
    outer loop
      vertex 32.9025 -55.9081 3
      vertex 35.9758 -56.3406 3
      vertex 35.8983 -56.2361 3
    endloop
  endfacet
  facet normal 0 0 1
    outer loop
      vertex 36.6154 -56.7679 3
      vertex 35.8967 -59.8 3
      vertex 36.3719 -59.7767 3
    endloop
  endfacet
  facet normal 0 0 1
    outer loop
      vertex 32.9025 -55.9081 3
      vertex 35.8983 -56.2361 3
      vertex 35.8315 -56.1246 3
    endloop
  endfacet
  facet normal 0 0 1
    outer loop
      vertex 32.9025 -55.9081 3
      vertex 35.8315 -56.1246 3
      vertex 35.7759 -56.0071 3
    endloop
  endfacet
  facet normal -0 0 1
    outer loop
      vertex 32.9025 -55.9081 3
      vertex 35.7759 -56.0071 3
      vertex 35.7321 -55.8846 3
    endloop
  endfacet
  facet normal 0 0 1
    outer loop
      vertex 32.9025 -55.9081 3
      vertex 35.7321 -55.8846 3
      vertex 35.7005 -55.7585 3
    endloop
  endfacet
  facet normal 0 0 1
    outer loop
      vertex 32.9025 -55.9081 3
      vertex 35.7005 -55.7585 3
      vertex 35.6814 -55.6299 3
    endloop
  endfacet
  facet normal 0 0 1
    outer loop
      vertex 35.6814 -55.3701 3
      vertex 32.9025 -55.9081 3
      vertex 35.675 -55.5 3
    endloop
  endfacet
  facet normal 0 0 1
    outer loop
      vertex 35.675 -55.5 3
      vertex 32.9025 -55.9081 3
      vertex 35.6814 -55.6299 3
    endloop
  endfacet
  facet normal 0 0 1
    outer loop
      vertex 35.9758 -56.3406 3
      vertex 32.9025 -55.9081 3
      vertex 35.8967 -59.8 3
    endloop
  endfacet
  facet normal -0 0 1
    outer loop
      vertex 14.1718 -57.9892 3
      vertex 35.8967 -59.8 3
      vertex 32.9025 -55.9081 3
    endloop
  endfacet
  facet normal 0 0 1
    outer loop
      vertex 16.3409 -37.0227 3
      vertex 8 -39.5 3
      vertex 9.99457 -43.369 3
    endloop
  endfacet
  facet normal -0 0 1
    outer loop
      vertex 8 -41.15 3
      vertex 9.99457 -43.369 3
      vertex 8 -39.5 3
    endloop
  endfacet
  facet normal -0 0 1
    outer loop
      vertex 8 -42.5 3
      vertex 9.99457 -43.369 3
      vertex 8 -41.15 3
    endloop
  endfacet
  facet normal 0 0 1
    outer loop
      vertex 8 -44.15 3
      vertex 9.99457 -43.369 3
      vertex 8 -42.5 3
    endloop
  endfacet
  facet normal 0 0 1
    outer loop
      vertex 8 -45.5 3
      vertex 9.99457 -43.369 3
      vertex 8 -44.15 3
    endloop
  endfacet
  facet normal 0 0 1
    outer loop
      vertex 8 -47.15 3
      vertex 9.99457 -43.369 3
      vertex 8 -45.5 3
    endloop
  endfacet
  facet normal 0 0 1
    outer loop
      vertex 8 -48.5 3
      vertex 9.99457 -43.369 3
      vertex 8 -47.15 3
    endloop
  endfacet
  facet normal 0 0 1
    outer loop
      vertex 9.99457 -43.369 3
      vertex 8 -48.5 3
      vertex 14.1718 -57.9892 3
    endloop
  endfacet
  facet normal -0 0 1
    outer loop
      vertex 8 -50.15 3
      vertex 14.1718 -57.9892 3
      vertex 8 -48.5 3
    endloop
  endfacet
  facet normal -0 0 1
    outer loop
      vertex 8 -51.5 3
      vertex 14.1718 -57.9892 3
      vertex 8 -50.15 3
    endloop
  endfacet
  facet normal -0 0 1
    outer loop
      vertex 8 -53.15 3
      vertex 14.1718 -57.9892 3
      vertex 8 -51.5 3
    endloop
  endfacet
  facet normal -0 0 1
    outer loop
      vertex 8 -54.5 3
      vertex 14.1718 -57.9892 3
      vertex 8 -53.15 3
    endloop
  endfacet
  facet normal -0 0 1
    outer loop
      vertex -8 -54.5 3
      vertex 14.1718 -57.9892 3
      vertex 8 -54.5 3
    endloop
  endfacet
  facet normal 0 0 1
    outer loop
      vertex -8 -53.15 3
      vertex -14.1718 -57.9892 3
      vertex -8 -54.5 3
    endloop
  endfacet
  facet normal 0 0 1
    outer loop
      vertex -14.1718 -57.9892 3
      vertex 14.1718 -57.9892 3
      vertex -8 -54.5 3
    endloop
  endfacet
  facet normal -0 0 1
    outer loop
      vertex -14.1718 -57.9892 3
      vertex 35.8967 -59.8 3
      vertex 14.1718 -57.9892 3
    endloop
  endfacet
  facet normal 0 0 1
    outer loop
      vertex -31.1 -27.44 3
      vertex -35.675 -55.5 3
      vertex -33.9603 -47.4458 3
    endloop
  endfacet
  facet normal -0 0 1
    outer loop
      vertex -35.675 -55.5 3
      vertex -32.9025 -55.9081 3
      vertex -33.9603 -47.4458 3
    endloop
  endfacet
  facet normal -0 0 1
    outer loop
      vertex -35.6814 -55.6299 3
      vertex -32.9025 -55.9081 3
      vertex -35.675 -55.5 3
    endloop
  endfacet
  facet normal -0 0 1
    outer loop
      vertex -35.7005 -55.7585 3
      vertex -32.9025 -55.9081 3
      vertex -35.6814 -55.6299 3
    endloop
  endfacet
  facet normal -0 0 1
    outer loop
      vertex -35.7321 -55.8846 3
      vertex -32.9025 -55.9081 3
      vertex -35.7005 -55.7585 3
    endloop
  endfacet
  facet normal 0 0 1
    outer loop
      vertex -35.7759 -56.0071 3
      vertex -32.9025 -55.9081 3
      vertex -35.7321 -55.8846 3
    endloop
  endfacet
  facet normal 0 0 1
    outer loop
      vertex -35.8315 -56.1246 3
      vertex -32.9025 -55.9081 3
      vertex -35.7759 -56.0071 3
    endloop
  endfacet
  facet normal 0 0 1
    outer loop
      vertex -35.8983 -56.2361 3
      vertex -32.9025 -55.9081 3
      vertex -35.8315 -56.1246 3
    endloop
  endfacet
  facet normal 0 0 1
    outer loop
      vertex -14.1718 -57.9892 3
      vertex -35.8967 -59.8 3
      vertex 35.8967 -59.8 3
    endloop
  endfacet
  facet normal 0 0 1
    outer loop
      vertex -32.9025 -55.9081 3
      vertex -35.8967 -59.8 3
      vertex -14.1718 -57.9892 3
    endloop
  endfacet
  facet normal 0 0 1
    outer loop
      vertex -35.9758 -56.3406 3
      vertex -32.9025 -55.9081 3
      vertex -35.8983 -56.2361 3
    endloop
  endfacet
  facet normal 0 0 1
    outer loop
      vertex -32.9025 -55.9081 3
      vertex -35.9758 -56.3406 3
      vertex -35.8967 -59.8 3
    endloop
  endfacet
  facet normal -0 0 1
    outer loop
      vertex -36.0631 -56.4369 3
      vertex -35.8967 -59.8 3
      vertex -35.9758 -56.3406 3
    endloop
  endfacet
  facet normal -0 0 1
    outer loop
      vertex -36.1594 -56.5242 3
      vertex -35.8967 -59.8 3
      vertex -36.0631 -56.4369 3
    endloop
  endfacet
  facet normal -0 0 1
    outer loop
      vertex -36.2639 -56.6017 3
      vertex -35.8967 -59.8 3
      vertex -36.1594 -56.5242 3
    endloop
  endfacet
  facet normal -0 0 1
    outer loop
      vertex -36.3754 -56.6685 3
      vertex -35.8967 -59.8 3
      vertex -36.2639 -56.6017 3
    endloop
  endfacet
  facet normal -0 0 1
    outer loop
      vertex -36.4929 -56.7241 3
      vertex -35.8967 -59.8 3
      vertex -36.3754 -56.6685 3
    endloop
  endfacet
  facet normal -0 0 1
    outer loop
      vertex -36.6154 -56.7679 3
      vertex -35.8967 -59.8 3
      vertex -36.4929 -56.7241 3
    endloop
  endfacet
  facet normal 0 0 1
    outer loop
      vertex -35.8967 -59.8 3
      vertex -36.6154 -56.7679 3
      vertex -36.3719 -59.7767 3
    endloop
  endfacet
  facet normal -0 0 1
    outer loop
      vertex -36.7415 -56.7995 3
      vertex -36.3719 -59.7767 3
      vertex -36.6154 -56.7679 3
    endloop
  endfacet
  facet normal 0 0 1
    outer loop
      vertex -36.3719 -59.7767 3
      vertex -36.7415 -56.7995 3
      vertex -36.7404 -59.722 3
    endloop
  endfacet
  facet normal 0 0 1
    outer loop
      vertex -37.1016 -59.6315 3
      vertex -36.7415 -56.7995 3
      vertex -36.8701 -56.8186 3
    endloop
  endfacet
  facet normal 0 0 1
    outer loop
      vertex -37.4522 -59.5061 3
      vertex -36.8701 -56.8186 3
      vertex -37 -56.825 3
    endloop
  endfacet
  facet normal 0 0 1
    outer loop
      vertex -36.7415 -56.7995 3
      vertex -37.1016 -59.6315 3
      vertex -36.7404 -59.722 3
    endloop
  endfacet
  facet normal 0 0 1
    outer loop
      vertex -37.7889 -59.3468 3
      vertex -37 -56.825 3
      vertex -37.1299 -56.8186 3
    endloop
  endfacet
  facet normal 0 0 1
    outer loop
      vertex -38.1084 -59.1553 3
      vertex -37.1299 -56.8186 3
      vertex -37.2585 -56.7995 3
    endloop
  endfacet
  facet normal 0 0 1
    outer loop
      vertex -38.4075 -58.9335 3
      vertex -37.2585 -56.7995 3
      vertex -37.3846 -56.7679 3
    endloop
  endfacet
  facet normal 0 0 1
    outer loop
      vertex -36.8701 -56.8186 3
      vertex -37.4522 -59.5061 3
      vertex -37.1016 -59.6315 3
    endloop
  endfacet
  facet normal 0 0 1
    outer loop
      vertex -38.6834 -58.6834 3
      vertex -37.3846 -56.7679 3
      vertex -37.5071 -56.7241 3
    endloop
  endfacet
  facet normal 0 0 1
    outer loop
      vertex -38.9335 -58.4075 3
      vertex -37.5071 -56.7241 3
      vertex -37.6246 -56.6685 3
    endloop
  endfacet
  facet normal 0 0 1
    outer loop
      vertex -39.1553 -58.1084 3
      vertex -37.6246 -56.6685 3
      vertex -37.7361 -56.6017 3
    endloop
  endfacet
  facet normal 0 0 1
    outer loop
      vertex -37 -56.825 3
      vertex -37.7889 -59.3468 3
      vertex -37.4522 -59.5061 3
    endloop
  endfacet
  facet normal 0 0 1
    outer loop
      vertex -39.3468 -57.7889 3
      vertex -37.7361 -56.6017 3
      vertex -37.8406 -56.5242 3
    endloop
  endfacet
  facet normal 0 0 1
    outer loop
      vertex -39.3468 -57.7889 3
      vertex -37.8406 -56.5242 3
      vertex -37.9369 -56.4369 3
    endloop
  endfacet
  facet normal 0 0 1
    outer loop
      vertex -39.5061 -57.4522 3
      vertex -37.9369 -56.4369 3
      vertex -38.0242 -56.3406 3
    endloop
  endfacet
  facet normal 0 0 1
    outer loop
      vertex -39.6315 -57.1016 3
      vertex -38.0242 -56.3406 3
      vertex -38.1017 -56.2361 3
    endloop
  endfacet
  facet normal 0 0 1
    outer loop
      vertex -37.1299 -56.8186 3
      vertex -38.1084 -59.1553 3
      vertex -37.7889 -59.3468 3
    endloop
  endfacet
  facet normal 0 0 1
    outer loop
      vertex -39.722 -56.7404 3
      vertex -38.1017 -56.2361 3
      vertex -38.1685 -56.1246 3
    endloop
  endfacet
  facet normal 0 0 1
    outer loop
      vertex -39.7767 -56.3719 3
      vertex -38.1685 -56.1246 3
      vertex -38.2241 -56.0071 3
    endloop
  endfacet
  facet normal 0 0 1
    outer loop
      vertex -39.7767 -56.3719 3
      vertex -38.2241 -56.0071 3
      vertex -38.2679 -55.8846 3
    endloop
  endfacet
  facet normal 0 0 1
    outer loop
      vertex -39.8 -55.8967 3
      vertex -38.2679 -55.8846 3
      vertex -38.2995 -55.7585 3
    endloop
  endfacet
  facet normal 0 0 1
    outer loop
      vertex -39.8 -55.8967 3
      vertex -38.2995 -55.7585 3
      vertex -38.3186 -55.6299 3
    endloop
  endfacet
  facet normal 0 0 1
    outer loop
      vertex -37.2585 -56.7995 3
      vertex -38.4075 -58.9335 3
      vertex -38.1084 -59.1553 3
    endloop
  endfacet
  facet normal 0 0 1
    outer loop
      vertex -39.8 -55.8967 3
      vertex -38.3186 -55.6299 3
      vertex -38.325 -55.5 3
    endloop
  endfacet
  facet normal 0 0 1
    outer loop
      vertex -38.2995 -55.2415 3
      vertex -39.8 -55.8967 3
      vertex -38.3186 -55.3701 3
    endloop
  endfacet
  facet normal 0 0 1
    outer loop
      vertex -38.1017 56.2361 3
      vertex -39.722 56.7404 3
      vertex -38.1685 56.1246 3
    endloop
  endfacet
  facet normal 0 0 1
    outer loop
      vertex -38.3186 -55.3701 3
      vertex -39.8 -55.8967 3
      vertex -38.325 -55.5 3
    endloop
  endfacet
  facet normal -0 0 1
    outer loop
      vertex -39.7767 56.3719 3
      vertex -38.1685 56.1246 3
      vertex -39.722 56.7404 3
    endloop
  endfacet
  facet normal 0 0 1
    outer loop
      vertex -38.2679 -55.8846 3
      vertex -39.8 -55.8967 3
      vertex -39.7767 -56.3719 3
    endloop
  endfacet
  facet normal 0 0 1
    outer loop
      vertex -38.1685 56.1246 3
      vertex -39.7767 56.3719 3
      vertex -38.2241 56.0071 3
    endloop
  endfacet
  facet normal 0 0 1
    outer loop
      vertex -37.3846 -56.7679 3
      vertex -38.6834 -58.6834 3
      vertex -38.4075 -58.9335 3
    endloop
  endfacet
  facet normal 0 0 1
    outer loop
      vertex -38.2241 56.0071 3
      vertex -39.7767 56.3719 3
      vertex -38.2679 55.8846 3
    endloop
  endfacet
  facet normal 0 0 1
    outer loop
      vertex -37.5071 -56.7241 3
      vertex -38.9335 -58.4075 3
      vertex -38.6834 -58.6834 3
    endloop
  endfacet
  facet normal -0 0 1
    outer loop
      vertex -39.8 55.8967 3
      vertex -38.2679 55.8846 3
      vertex -39.7767 56.3719 3
    endloop
  endfacet
  facet normal 0 0 1
    outer loop
      vertex -37.6246 -56.6685 3
      vertex -39.1553 -58.1084 3
      vertex -38.9335 -58.4075 3
    endloop
  endfacet
  facet normal 0 0 1
    outer loop
      vertex -38.2679 55.8846 3
      vertex -39.8 55.8967 3
      vertex -38.2995 55.7585 3
    endloop
  endfacet
  facet normal 0 0 1
    outer loop
      vertex -37.7361 -56.6017 3
      vertex -39.3468 -57.7889 3
      vertex -39.1553 -58.1084 3
    endloop
  endfacet
  facet normal 0 0 1
    outer loop
      vertex -38.2995 55.7585 3
      vertex -39.8 55.8967 3
      vertex -38.3186 55.6299 3
    endloop
  endfacet
  facet normal 0 0 1
    outer loop
      vertex -37.9369 -56.4369 3
      vertex -39.5061 -57.4522 3
      vertex -39.3468 -57.7889 3
    endloop
  endfacet
  facet normal 0 0 1
    outer loop
      vertex -38.3186 55.6299 3
      vertex -39.8 55.8967 3
      vertex -38.325 55.5 3
    endloop
  endfacet
  facet normal 0 0 1
    outer loop
      vertex -38.0242 -56.3406 3
      vertex -39.6315 -57.1016 3
      vertex -39.5061 -57.4522 3
    endloop
  endfacet
  facet normal 0 0 1
    outer loop
      vertex -38.1017 -56.2361 3
      vertex -39.722 -56.7404 3
      vertex -39.6315 -57.1016 3
    endloop
  endfacet
  facet normal 0 0 1
    outer loop
      vertex -38.1685 -56.1246 3
      vertex -39.7767 -56.3719 3
      vertex -39.722 -56.7404 3
    endloop
  endfacet
  facet normal 0 0 1
    outer loop
      vertex 35.7005 -55.2415 3
      vertex 32.9025 -55.9081 3
      vertex 35.6814 -55.3701 3
    endloop
  endfacet
  facet normal 0 0 1
    outer loop
      vertex 31.1 -27.44 3
      vertex 30.8277 -39.0922 3
      vertex 33.9603 -47.4458 3
    endloop
  endfacet
  facet normal -0 0 1
    outer loop
      vertex 29.1 -27.44 3
      vertex 30.8277 -39.0922 3
      vertex 31.1 -27.44 3
    endloop
  endfacet
  facet normal -0 0 1
    outer loop
      vertex 23.93 -20.79 3
      vertex 29.1 -27.44 3
      vertex 23.93 48.35 3
    endloop
  endfacet
  facet normal -0 0 1
    outer loop
      vertex 23.9223 -20.9468 3
      vertex 29.1 -27.44 3
      vertex 23.93 -20.79 3
    endloop
  endfacet
  facet normal -0 0 1
    outer loop
      vertex 23.8992 -21.1021 3
      vertex 29.1 -27.44 3
      vertex 23.9223 -20.9468 3
    endloop
  endfacet
  facet normal -0 0 1
    outer loop
      vertex 23.8611 -21.2545 3
      vertex 29.1 -27.44 3
      vertex 23.8992 -21.1021 3
    endloop
  endfacet
  facet normal -0 0 1
    outer loop
      vertex 23.8082 -21.4023 3
      vertex 29.1 -27.44 3
      vertex 23.8611 -21.2545 3
    endloop
  endfacet
  facet normal -0 0 1
    outer loop
      vertex 23.7411 -21.5442 3
      vertex 29.1 -27.44 3
      vertex 23.8082 -21.4023 3
    endloop
  endfacet
  facet normal -0 0 1
    outer loop
      vertex 23.6603 -21.6789 3
      vertex 29.1 -27.44 3
      vertex 23.7411 -21.5442 3
    endloop
  endfacet
  facet normal -0 0 1
    outer loop
      vertex 23.5668 -21.805 3
      vertex 29.1 -27.44 3
      vertex 23.6603 -21.6789 3
    endloop
  endfacet
  facet normal -0 0 1
    outer loop
      vertex 23.4614 -21.9214 3
      vertex 29.1 -27.44 3
      vertex 23.5668 -21.805 3
    endloop
  endfacet
  facet normal -0 0 1
    outer loop
      vertex 23.345 -22.0268 3
      vertex 29.1 -27.44 3
      vertex 23.4614 -21.9214 3
    endloop
  endfacet
  facet normal -0 0 1
    outer loop
      vertex 23.2189 -22.1203 3
      vertex 29.1 -27.44 3
      vertex 23.345 -22.0268 3
    endloop
  endfacet
  facet normal -0 0 1
    outer loop
      vertex 23.0842 -22.2011 3
      vertex 29.1 -27.44 3
      vertex 23.2189 -22.1203 3
    endloop
  endfacet
  facet normal -0 0 1
    outer loop
      vertex 22.9423 -22.2682 3
      vertex 29.1 -27.44 3
      vertex 23.0842 -22.2011 3
    endloop
  endfacet
  facet normal -0 0 1
    outer loop
      vertex 22.7944 -22.3211 3
      vertex 29.1 -27.44 3
      vertex 22.9423 -22.2682 3
    endloop
  endfacet
  facet normal -0 0 1
    outer loop
      vertex 22.6421 -22.3593 3
      vertex 29.1 -27.44 3
      vertex 22.7944 -22.3211 3
    endloop
  endfacet
  facet normal -0 0 1
    outer loop
      vertex 22.4868 -22.3823 3
      vertex 29.1 -27.44 3
      vertex 22.6421 -22.3593 3
    endloop
  endfacet
  facet normal -0 0 1
    outer loop
      vertex 22.33 -22.39 3
      vertex 29.1 -27.44 3
      vertex 22.4868 -22.3823 3
    endloop
  endfacet
  facet normal 0 0 1
    outer loop
      vertex 29.1 -27.44 3
      vertex 22.33 -22.39 3
      vertex 16.3409 -37.0227 3
    endloop
  endfacet
  facet normal 0 0 1
    outer loop
      vertex 29.1 -27.44 3
      vertex 16.3409 -37.0227 3
      vertex 30.8277 -39.0922 3
    endloop
  endfacet
  facet normal 0 0 1
    outer loop
      vertex 8 -38.15 3
      vertex 16.3409 -37.0227 3
      vertex 22.33 -22.39 3
    endloop
  endfacet
  facet normal 0 0 1
    outer loop
      vertex 8 -39.5 3
      vertex 16.3409 -37.0227 3
      vertex 8 -38.15 3
    endloop
  endfacet
  facet normal 0 0 1
    outer loop
      vertex 22.33 -22.39 3
      vertex -8 -38.15 3
      vertex 8 -38.15 3
    endloop
  endfacet
  facet normal 0 0 1
    outer loop
      vertex -16.3409 -37.0227 3
      vertex -8 -39.5 3
      vertex -8 -38.15 3
    endloop
  endfacet
  facet normal 0 0 1
    outer loop
      vertex -8 -39.5 3
      vertex -9.99457 -43.369 3
      vertex -8 -41.15 3
    endloop
  endfacet
  facet normal 0 0 1
    outer loop
      vertex -8 -41.15 3
      vertex -9.99457 -43.369 3
      vertex -8 -42.5 3
    endloop
  endfacet
  facet normal 0 0 1
    outer loop
      vertex -8 -42.5 3
      vertex -9.99457 -43.369 3
      vertex -8 -44.15 3
    endloop
  endfacet
  facet normal 0 0 1
    outer loop
      vertex -8 -44.15 3
      vertex -9.99457 -43.369 3
      vertex -8 -45.5 3
    endloop
  endfacet
  facet normal 0 0 1
    outer loop
      vertex -8 -45.5 3
      vertex -9.99457 -43.369 3
      vertex -8 -47.15 3
    endloop
  endfacet
  facet normal 0 0 1
    outer loop
      vertex -8 -47.15 3
      vertex -9.99457 -43.369 3
      vertex -8 -48.5 3
    endloop
  endfacet
  facet normal 0 0 1
    outer loop
      vertex -14.1718 -57.9892 3
      vertex -8 -48.5 3
      vertex -9.99457 -43.369 3
    endloop
  endfacet
  facet normal 0 0 1
    outer loop
      vertex -8 -48.5 3
      vertex -14.1718 -57.9892 3
      vertex -8 -50.15 3
    endloop
  endfacet
  facet normal 0 0 1
    outer loop
      vertex -8 -50.15 3
      vertex -14.1718 -57.9892 3
      vertex -8 -51.5 3
    endloop
  endfacet
  facet normal 0 0 1
    outer loop
      vertex -8 -51.5 3
      vertex -14.1718 -57.9892 3
      vertex -8 -53.15 3
    endloop
  endfacet
  facet normal 0 0 1
    outer loop
      vertex -8 -39.5 3
      vertex -16.3409 -37.0227 3
      vertex -9.99457 -43.369 3
    endloop
  endfacet
  facet normal -0 0 1
    outer loop
      vertex -22.33 -22.39 3
      vertex -8 -38.15 3
      vertex 22.33 -22.39 3
    endloop
  endfacet
  facet normal 0 0 1
    outer loop
      vertex -8 -38.15 3
      vertex -22.33 -22.39 3
      vertex -16.3409 -37.0227 3
    endloop
  endfacet
  facet normal 0 0 1
    outer loop
      vertex -29.1 -27.44 3
      vertex -22.33 -22.39 3
      vertex -22.4868 -22.3823 3
    endloop
  endfacet
  facet normal 0 0 1
    outer loop
      vertex -29.1 -27.44 3
      vertex -22.4868 -22.3823 3
      vertex -22.6421 -22.3593 3
    endloop
  endfacet
  facet normal 0 0 1
    outer loop
      vertex -29.1 -27.44 3
      vertex -22.6421 -22.3593 3
      vertex -22.7944 -22.3211 3
    endloop
  endfacet
  facet normal 0 0 1
    outer loop
      vertex -29.1 -27.44 3
      vertex -22.7944 -22.3211 3
      vertex -22.9423 -22.2682 3
    endloop
  endfacet
  facet normal 0 0 1
    outer loop
      vertex -29.1 -27.44 3
      vertex -22.9423 -22.2682 3
      vertex -23.0842 -22.2011 3
    endloop
  endfacet
  facet normal 0 0 1
    outer loop
      vertex -29.1 -27.44 3
      vertex -23.0842 -22.2011 3
      vertex -23.2189 -22.1203 3
    endloop
  endfacet
  facet normal 0 0 1
    outer loop
      vertex -29.1 -27.44 3
      vertex -23.2189 -22.1203 3
      vertex -23.345 -22.0268 3
    endloop
  endfacet
  facet normal 0 0 1
    outer loop
      vertex -29.1 -27.44 3
      vertex -23.345 -22.0268 3
      vertex -23.4614 -21.9214 3
    endloop
  endfacet
  facet normal 0 0 1
    outer loop
      vertex -29.1 -27.44 3
      vertex -23.4614 -21.9214 3
      vertex -23.5668 -21.805 3
    endloop
  endfacet
  facet normal 0 0 1
    outer loop
      vertex -29.1 -27.44 3
      vertex -23.5668 -21.805 3
      vertex -23.6603 -21.6789 3
    endloop
  endfacet
  facet normal 0 0 1
    outer loop
      vertex -29.1 -27.44 3
      vertex -23.6603 -21.6789 3
      vertex -23.7411 -21.5442 3
    endloop
  endfacet
  facet normal 0 0 1
    outer loop
      vertex -29.1 -27.44 3
      vertex -23.93 -20.79 3
      vertex -29.1 55 3
    endloop
  endfacet
  facet normal 0 0 1
    outer loop
      vertex -23.93 -20.79 3
      vertex -29.1 -27.44 3
      vertex -23.9223 -20.9468 3
    endloop
  endfacet
  facet normal 0 0 1
    outer loop
      vertex -29.1 -27.44 3
      vertex -23.8992 -21.1021 3
      vertex -23.9223 -20.9468 3
    endloop
  endfacet
  facet normal 0 0 1
    outer loop
      vertex -29.1 -27.44 3
      vertex -23.8611 -21.2545 3
      vertex -23.8992 -21.1021 3
    endloop
  endfacet
  facet normal 0 0 1
    outer loop
      vertex -29.1 -27.44 3
      vertex -23.8082 -21.4023 3
      vertex -23.8611 -21.2545 3
    endloop
  endfacet
  facet normal 0 0 1
    outer loop
      vertex -29.1 -27.44 3
      vertex -23.7411 -21.5442 3
      vertex -23.8082 -21.4023 3
    endloop
  endfacet
  facet normal 0 0 1
    outer loop
      vertex -22.33 -22.39 3
      vertex -29.1 -27.44 3
      vertex -16.3409 -37.0227 3
    endloop
  endfacet
  facet normal 0 0 1
    outer loop
      vertex -29.1 -27.44 3
      vertex -30.8277 -39.0922 3
      vertex -16.3409 -37.0227 3
    endloop
  endfacet
  facet normal -0 0 1
    outer loop
      vertex -31.1 -27.44 3
      vertex -30.8277 -39.0922 3
      vertex -29.1 -27.44 3
    endloop
  endfacet
  facet normal 0 0 1
    outer loop
      vertex -30.8277 -39.0922 3
      vertex -31.1 -27.44 3
      vertex -33.9603 -47.4458 3
    endloop
  endfacet
  facet normal -1 0 0
    outer loop
      vertex -31.1 -27.44 3
      vertex -31.1 55 4.5
      vertex -31.1 55 3
    endloop
  endfacet
  facet normal -1 -0 0
    outer loop
      vertex -31.1 55 4.5
      vertex -31.1 -27.44 3
      vertex -31.1 -27.44 4.5
    endloop
  endfacet
  facet normal 0 1 -0
    outer loop
      vertex -29.1 55 3
      vertex -31.1 55 4.5
      vertex -29.1 55 4.5
    endloop
  endfacet
  facet normal 0 1 0
    outer loop
      vertex -31.1 55 4.5
      vertex -29.1 55 3
      vertex -31.1 55 3
    endloop
  endfacet
  facet normal 0 -1 0
    outer loop
      vertex -31.1 -27.44 3
      vertex -29.1 -27.44 4.5
      vertex -31.1 -27.44 4.5
    endloop
  endfacet
  facet normal 0 -1 -0
    outer loop
      vertex -29.1 -27.44 4.5
      vertex -31.1 -27.44 3
      vertex -29.1 -27.44 3
    endloop
  endfacet
  facet normal 1 -0 0
    outer loop
      vertex 31.1 -27.44 4.5
      vertex 31.1 55 3
      vertex 31.1 55 4.5
    endloop
  endfacet
  facet normal 1 0 0
    outer loop
      vertex 31.1 55 3
      vertex 31.1 -27.44 4.5
      vertex 31.1 -27.44 3
    endloop
  endfacet
  facet normal -0 0 1
    outer loop
      vertex 29.1 55 4.5
      vertex 31.1 -27.44 4.5
      vertex 31.1 55 4.5
    endloop
  endfacet
  facet normal 0 0 1
    outer loop
      vertex 31.1 -27.44 4.5
      vertex 29.1 55 4.5
      vertex 29.1 -27.44 4.5
    endloop
  endfacet
  facet normal -1 0 0
    outer loop
      vertex 29.1 -27.44 3
      vertex 29.1 55 4.5
      vertex 29.1 55 3
    endloop
  endfacet
  facet normal -1 -0 0
    outer loop
      vertex 29.1 55 4.5
      vertex 29.1 -27.44 3
      vertex 29.1 -27.44 4.5
    endloop
  endfacet
  facet normal 0 1 -0
    outer loop
      vertex 31.1 55 3
      vertex 29.1 55 4.5
      vertex 31.1 55 4.5
    endloop
  endfacet
  facet normal 0 1 0
    outer loop
      vertex 29.1 55 4.5
      vertex 31.1 55 3
      vertex 29.1 55 3
    endloop
  endfacet
  facet normal 0 -1 0
    outer loop
      vertex 29.1 -27.44 3
      vertex 31.1 -27.44 4.5
      vertex 29.1 -27.44 4.5
    endloop
  endfacet
  facet normal 0 -1 -0
    outer loop
      vertex 31.1 -27.44 4.5
      vertex 29.1 -27.44 3
      vertex 31.1 -27.44 3
    endloop
  endfacet
  facet normal 0.740902 0.671613 0
    outer loop
      vertex 42.1841 61.0751 3
      vertex 41.6568 61.6568 0
      vertex 41.6568 61.6568 3
    endloop
  endfacet
  facet normal 0.740902 0.671613 0
    outer loop
      vertex 41.6568 61.6568 0
      vertex 42.1841 61.0751 3
      vertex 42.1841 61.0751 0
    endloop
  endfacet
  facet normal 0.0490418 -0.998797 0
    outer loop
      vertex 36 -64 0
      vertex 36.7841 -63.9615 3
      vertex 36 -64 3
    endloop
  endfacet
  facet normal 0.0490418 -0.998797 0
    outer loop
      vertex 36.7841 -63.9615 3
      vertex 36 -64 0
      vertex 36.7841 -63.9615 0
    endloop
  endfacet
  facet normal 0.59563 -0.803259 0
    outer loop
      vertex 40.4445 -62.6517 0
      vertex 41.0751 -62.1841 3
      vertex 40.4445 -62.6517 3
    endloop
  endfacet
  facet normal 0.59563 -0.803259 0
    outer loop
      vertex 41.0751 -62.1841 3
      vertex 40.4445 -62.6517 0
      vertex 41.0751 -62.1841 0
    endloop
  endfacet
  facet normal 0.970023 -0.243015 0
    outer loop
      vertex 43.6555 -58.3223 3
      vertex 43.8463 -57.5607 0
      vertex 43.8463 -57.5607 3
    endloop
  endfacet
  facet normal 0.970023 -0.243015 0
    outer loop
      vertex 43.8463 -57.5607 0
      vertex 43.6555 -58.3223 3
      vertex 43.6555 -58.3223 0
    endloop
  endfacet
  facet normal -0.671613 0.740902 0
    outer loop
      vertex -41.0751 62.1841 0
      vertex -41.6568 61.6568 3
      vertex -41.0751 62.1841 3
    endloop
  endfacet
  facet normal -0.671613 0.740902 0
    outer loop
      vertex -41.6568 61.6568 3
      vertex -41.0751 62.1841 0
      vertex -41.6568 61.6568 0
    endloop
  endfacet
  facet normal -0.803259 -0.59563 0
    outer loop
      vertex -42.1841 -61.0751 0
      vertex -42.6517 -60.4445 3
      vertex -42.6517 -60.4445 0
    endloop
  endfacet
  facet normal -0.803259 -0.59563 0
    outer loop
      vertex -42.6517 -60.4445 3
      vertex -42.1841 -61.0751 0
      vertex -42.1841 -61.0751 3
    endloop
  endfacet
  facet normal -0.94154 -0.336901 0
    outer loop
      vertex -43.391 -59.0615 0
      vertex -43.6555 -58.3223 3
      vertex -43.6555 -58.3223 0
    endloop
  endfacet
  facet normal -0.94154 -0.336901 0
    outer loop
      vertex -43.6555 -58.3223 3
      vertex -43.391 -59.0615 0
      vertex -43.391 -59.0615 3
    endloop
  endfacet
  facet normal -0.0490418 -0.998797 0
    outer loop
      vertex -36.7841 -63.9615 0
      vertex -36 -64 3
      vertex -36.7841 -63.9615 3
    endloop
  endfacet
  facet normal -0.0490418 -0.998797 -0
    outer loop
      vertex -36 -64 3
      vertex -36.7841 -63.9615 0
      vertex -36 -64 0
    endloop
  endfacet
  facet normal 0.59563 0.803259 -0
    outer loop
      vertex 41.0751 62.1841 0
      vertex 40.4445 62.6517 3
      vertex 41.0751 62.1841 3
    endloop
  endfacet
  facet normal 0.59563 0.803259 0
    outer loop
      vertex 40.4445 62.6517 3
      vertex 41.0751 62.1841 0
      vertex 40.4445 62.6517 0
    endloop
  endfacet
  facet normal 0.336901 0.94154 -0
    outer loop
      vertex 39.0615 63.391 0
      vertex 38.3223 63.6555 3
      vertex 39.0615 63.391 3
    endloop
  endfacet
  facet normal 0.336901 0.94154 0
    outer loop
      vertex 38.3223 63.6555 3
      vertex 39.0615 63.391 0
      vertex 38.3223 63.6555 0
    endloop
  endfacet
  facet normal -0.427489 -0.90402 0
    outer loop
      vertex -39.7712 -63.0554 0
      vertex -39.0615 -63.391 3
      vertex -39.7712 -63.0554 3
    endloop
  endfacet
  facet normal -0.427489 -0.90402 -0
    outer loop
      vertex -39.0615 -63.391 3
      vertex -39.7712 -63.0554 0
      vertex -39.0615 -63.391 0
    endloop
  endfacet
  facet normal -0.998797 0.0490418 0
    outer loop
      vertex -44 56 0
      vertex -43.9615 56.7841 3
      vertex -43.9615 56.7841 0
    endloop
  endfacet
  facet normal -0.998797 0.0490418 0
    outer loop
      vertex -43.9615 56.7841 3
      vertex -44 56 0
      vertex -44 56 3
    endloop
  endfacet
  facet normal 0 1 -0
    outer loop
      vertex 36 64 0
      vertex -36 64 3
      vertex 36 64 3
    endloop
  endfacet
  facet normal 0 1 0
    outer loop
      vertex -36 64 3
      vertex 36 64 0
      vertex -36 64 0
    endloop
  endfacet
  facet normal -1 0 0
    outer loop
      vertex -44 -56 0
      vertex -44 56 3
      vertex -44 56 0
    endloop
  endfacet
  facet normal -1 -0 0
    outer loop
      vertex -44 56 3
      vertex -44 -56 0
      vertex -44 -56 3
    endloop
  endfacet
  facet normal -0.336901 -0.94154 0
    outer loop
      vertex -39.0615 -63.391 0
      vertex -38.3223 -63.6555 3
      vertex -39.0615 -63.391 3
    endloop
  endfacet
  facet normal -0.336901 -0.94154 -0
    outer loop
      vertex -38.3223 -63.6555 3
      vertex -39.0615 -63.391 0
      vertex -38.3223 -63.6555 0
    endloop
  endfacet
  facet normal 1 -0 0
    outer loop
      vertex 44 -56 3
      vertex 44 56 0
      vertex 44 56 3
    endloop
  endfacet
  facet normal 1 0 0
    outer loop
      vertex 44 56 0
      vertex 44 -56 3
      vertex 44 -56 0
    endloop
  endfacet
  facet normal -0.90402 0.427489 0
    outer loop
      vertex -43.391 59.0615 0
      vertex -43.0554 59.7712 3
      vertex -43.0554 59.7712 0
    endloop
  endfacet
  facet normal -0.90402 0.427489 0
    outer loop
      vertex -43.0554 59.7712 3
      vertex -43.391 59.0615 0
      vertex -43.391 59.0615 3
    endloop
  endfacet
  facet normal -0.998797 -0.0490418 0
    outer loop
      vertex -43.9615 -56.7841 0
      vertex -44 -56 3
      vertex -44 -56 0
    endloop
  endfacet
  facet normal -0.998797 -0.0490418 0
    outer loop
      vertex -44 -56 3
      vertex -43.9615 -56.7841 0
      vertex -43.9615 -56.7841 3
    endloop
  endfacet
  facet normal -0.0490418 0.998797 0
    outer loop
      vertex -36 64 0
      vertex -36.7841 63.9615 3
      vertex -36 64 3
    endloop
  endfacet
  facet normal -0.0490418 0.998797 0
    outer loop
      vertex -36.7841 63.9615 3
      vertex -36 64 0
      vertex -36.7841 63.9615 0
    endloop
  endfacet
  facet normal -0.243015 -0.970023 0
    outer loop
      vertex -38.3223 -63.6555 0
      vertex -37.5607 -63.8463 3
      vertex -38.3223 -63.6555 3
    endloop
  endfacet
  facet normal -0.243015 -0.970023 -0
    outer loop
      vertex -37.5607 -63.8463 3
      vertex -38.3223 -63.6555 0
      vertex -37.5607 -63.8463 0
    endloop
  endfacet
  facet normal 0 -1 0
    outer loop
      vertex -36 -64 0
      vertex 36 -64 3
      vertex -36 -64 3
    endloop
  endfacet
  facet normal 0 -1 -0
    outer loop
      vertex 36 -64 3
      vertex -36 -64 0
      vertex 36 -64 0
    endloop
  endfacet
  facet normal -0.146733 0.989176 0
    outer loop
      vertex -36.7841 63.9615 0
      vertex -37.5607 63.8463 3
      vertex -36.7841 63.9615 3
    endloop
  endfacet
  facet normal -0.146733 0.989176 0
    outer loop
      vertex -37.5607 63.8463 3
      vertex -36.7841 63.9615 0
      vertex -37.5607 63.8463 0
    endloop
  endfacet
  facet normal -0.59563 -0.803259 0
    outer loop
      vertex -41.0751 -62.1841 0
      vertex -40.4445 -62.6517 3
      vertex -41.0751 -62.1841 3
    endloop
  endfacet
  facet normal -0.59563 -0.803259 -0
    outer loop
      vertex -40.4445 -62.6517 3
      vertex -41.0751 -62.1841 0
      vertex -40.4445 -62.6517 0
    endloop
  endfacet
  facet normal -0.514233 -0.85765 0
    outer loop
      vertex -40.4445 -62.6517 0
      vertex -39.7712 -63.0554 3
      vertex -40.4445 -62.6517 3
    endloop
  endfacet
  facet normal -0.514233 -0.85765 -0
    outer loop
      vertex -39.7712 -63.0554 3
      vertex -40.4445 -62.6517 0
      vertex -39.7712 -63.0554 0
    endloop
  endfacet
  facet normal 0.803259 0.59563 0
    outer loop
      vertex 42.6517 60.4445 3
      vertex 42.1841 61.0751 0
      vertex 42.1841 61.0751 3
    endloop
  endfacet
  facet normal 0.803259 0.59563 0
    outer loop
      vertex 42.1841 61.0751 0
      vertex 42.6517 60.4445 3
      vertex 42.6517 60.4445 0
    endloop
  endfacet
  facet normal -0.85765 -0.514233 0
    outer loop
      vertex -42.6517 -60.4445 0
      vertex -43.0554 -59.7712 3
      vertex -43.0554 -59.7712 0
    endloop
  endfacet
  facet normal -0.85765 -0.514233 0
    outer loop
      vertex -43.0554 -59.7712 3
      vertex -42.6517 -60.4445 0
      vertex -42.6517 -60.4445 3
    endloop
  endfacet
  facet normal -0.146733 -0.989176 0
    outer loop
      vertex -37.5607 -63.8463 0
      vertex -36.7841 -63.9615 3
      vertex -37.5607 -63.8463 3
    endloop
  endfacet
  facet normal -0.146733 -0.989176 -0
    outer loop
      vertex -36.7841 -63.9615 3
      vertex -37.5607 -63.8463 0
      vertex -36.7841 -63.9615 0
    endloop
  endfacet
  facet normal -0.94154 0.336901 0
    outer loop
      vertex -43.6555 58.3223 0
      vertex -43.391 59.0615 3
      vertex -43.391 59.0615 0
    endloop
  endfacet
  facet normal -0.94154 0.336901 0
    outer loop
      vertex -43.391 59.0615 3
      vertex -43.6555 58.3223 0
      vertex -43.6555 58.3223 3
    endloop
  endfacet
  facet normal 0.989176 -0.146733 0
    outer loop
      vertex 43.8463 -57.5607 3
      vertex 43.9615 -56.7841 0
      vertex 43.9615 -56.7841 3
    endloop
  endfacet
  facet normal 0.989176 -0.146733 0
    outer loop
      vertex 43.9615 -56.7841 0
      vertex 43.8463 -57.5607 3
      vertex 43.8463 -57.5607 0
    endloop
  endfacet
  facet normal 0.94154 0.336901 0
    outer loop
      vertex 43.6555 58.3223 3
      vertex 43.391 59.0615 0
      vertex 43.391 59.0615 3
    endloop
  endfacet
  facet normal 0.94154 0.336901 0
    outer loop
      vertex 43.391 59.0615 0
      vertex 43.6555 58.3223 3
      vertex 43.6555 58.3223 0
    endloop
  endfacet
  facet normal 0.90402 0.427489 0
    outer loop
      vertex 43.391 59.0615 3
      vertex 43.0554 59.7712 0
      vertex 43.0554 59.7712 3
    endloop
  endfacet
  facet normal 0.90402 0.427489 0
    outer loop
      vertex 43.0554 59.7712 0
      vertex 43.391 59.0615 3
      vertex 43.391 59.0615 0
    endloop
  endfacet
  facet normal -0.85765 0.514233 0
    outer loop
      vertex -43.0554 59.7712 0
      vertex -42.6517 60.4445 3
      vertex -42.6517 60.4445 0
    endloop
  endfacet
  facet normal -0.85765 0.514233 0
    outer loop
      vertex -42.6517 60.4445 3
      vertex -43.0554 59.7712 0
      vertex -43.0554 59.7712 3
    endloop
  endfacet
  facet normal 0.336901 -0.94154 0
    outer loop
      vertex 38.3223 -63.6555 0
      vertex 39.0615 -63.391 3
      vertex 38.3223 -63.6555 3
    endloop
  endfacet
  facet normal 0.336901 -0.94154 0
    outer loop
      vertex 39.0615 -63.391 3
      vertex 38.3223 -63.6555 0
      vertex 39.0615 -63.391 0
    endloop
  endfacet
  facet normal 0.0490418 0.998797 -0
    outer loop
      vertex 36.7841 63.9615 0
      vertex 36 64 3
      vertex 36.7841 63.9615 3
    endloop
  endfacet
  facet normal 0.0490418 0.998797 0
    outer loop
      vertex 36 64 3
      vertex 36.7841 63.9615 0
      vertex 36 64 0
    endloop
  endfacet
  facet normal 0.85765 0.514233 0
    outer loop
      vertex 43.0554 59.7712 3
      vertex 42.6517 60.4445 0
      vertex 42.6517 60.4445 3
    endloop
  endfacet
  facet normal 0.85765 0.514233 0
    outer loop
      vertex 42.6517 60.4445 0
      vertex 43.0554 59.7712 3
      vertex 43.0554 59.7712 0
    endloop
  endfacet
  facet normal -0.989176 0.146733 0
    outer loop
      vertex -43.9615 56.7841 0
      vertex -43.8463 57.5607 3
      vertex -43.8463 57.5607 0
    endloop
  endfacet
  facet normal -0.989176 0.146733 0
    outer loop
      vertex -43.8463 57.5607 3
      vertex -43.9615 56.7841 0
      vertex -43.9615 56.7841 3
    endloop
  endfacet
  facet normal 0.970023 0.243015 0
    outer loop
      vertex 43.8463 57.5607 3
      vertex 43.6555 58.3223 0
      vertex 43.6555 58.3223 3
    endloop
  endfacet
  facet normal 0.970023 0.243015 0
    outer loop
      vertex 43.6555 58.3223 0
      vertex 43.8463 57.5607 3
      vertex 43.8463 57.5607 0
    endloop
  endfacet
  facet normal 0.90402 -0.427489 0
    outer loop
      vertex 43.0554 -59.7712 3
      vertex 43.391 -59.0615 0
      vertex 43.391 -59.0615 3
    endloop
  endfacet
  facet normal 0.90402 -0.427489 0
    outer loop
      vertex 43.391 -59.0615 0
      vertex 43.0554 -59.7712 3
      vertex 43.0554 -59.7712 0
    endloop
  endfacet
  facet normal -0.970023 0.243015 0
    outer loop
      vertex -43.8463 57.5607 0
      vertex -43.6555 58.3223 3
      vertex -43.6555 58.3223 0
    endloop
  endfacet
  facet normal -0.970023 0.243015 0
    outer loop
      vertex -43.6555 58.3223 3
      vertex -43.8463 57.5607 0
      vertex -43.8463 57.5607 3
    endloop
  endfacet
  facet normal -0.90402 -0.427489 0
    outer loop
      vertex -43.0554 -59.7712 0
      vertex -43.391 -59.0615 3
      vertex -43.391 -59.0615 0
    endloop
  endfacet
  facet normal -0.90402 -0.427489 0
    outer loop
      vertex -43.391 -59.0615 3
      vertex -43.0554 -59.7712 0
      vertex -43.0554 -59.7712 3
    endloop
  endfacet
  facet normal -0.427489 0.90402 0
    outer loop
      vertex -39.0615 63.391 0
      vertex -39.7712 63.0554 3
      vertex -39.0615 63.391 3
    endloop
  endfacet
  facet normal -0.427489 0.90402 0
    outer loop
      vertex -39.7712 63.0554 3
      vertex -39.0615 63.391 0
      vertex -39.7712 63.0554 0
    endloop
  endfacet
  facet normal 0.514233 0.85765 -0
    outer loop
      vertex 40.4445 62.6517 0
      vertex 39.7712 63.0554 3
      vertex 40.4445 62.6517 3
    endloop
  endfacet
  facet normal 0.514233 0.85765 0
    outer loop
      vertex 39.7712 63.0554 3
      vertex 40.4445 62.6517 0
      vertex 39.7712 63.0554 0
    endloop
  endfacet
  facet normal -0.243015 0.970023 0
    outer loop
      vertex -37.5607 63.8463 0
      vertex -38.3223 63.6555 3
      vertex -37.5607 63.8463 3
    endloop
  endfacet
  facet normal -0.243015 0.970023 0
    outer loop
      vertex -38.3223 63.6555 3
      vertex -37.5607 63.8463 0
      vertex -38.3223 63.6555 0
    endloop
  endfacet
  facet normal -0.671613 -0.740902 0
    outer loop
      vertex -41.6568 -61.6568 0
      vertex -41.0751 -62.1841 3
      vertex -41.6568 -61.6568 3
    endloop
  endfacet
  facet normal -0.671613 -0.740902 -0
    outer loop
      vertex -41.0751 -62.1841 3
      vertex -41.6568 -61.6568 0
      vertex -41.0751 -62.1841 0
    endloop
  endfacet
  facet normal 0.998797 0.0490418 0
    outer loop
      vertex 44 56 3
      vertex 43.9615 56.7841 0
      vertex 43.9615 56.7841 3
    endloop
  endfacet
  facet normal 0.998797 0.0490418 0
    outer loop
      vertex 43.9615 56.7841 0
      vertex 44 56 3
      vertex 44 56 0
    endloop
  endfacet
  facet normal 0.85765 -0.514233 0
    outer loop
      vertex 42.6517 -60.4445 3
      vertex 43.0554 -59.7712 0
      vertex 43.0554 -59.7712 3
    endloop
  endfacet
  facet normal 0.85765 -0.514233 0
    outer loop
      vertex 43.0554 -59.7712 0
      vertex 42.6517 -60.4445 3
      vertex 42.6517 -60.4445 0
    endloop
  endfacet
  facet normal -0.970023 -0.243015 0
    outer loop
      vertex -43.6555 -58.3223 0
      vertex -43.8463 -57.5607 3
      vertex -43.8463 -57.5607 0
    endloop
  endfacet
  facet normal -0.970023 -0.243015 0
    outer loop
      vertex -43.8463 -57.5607 3
      vertex -43.6555 -58.3223 0
      vertex -43.6555 -58.3223 3
    endloop
  endfacet
  facet normal 0.671613 0.740902 -0
    outer loop
      vertex 41.6568 61.6568 0
      vertex 41.0751 62.1841 3
      vertex 41.6568 61.6568 3
    endloop
  endfacet
  facet normal 0.671613 0.740902 0
    outer loop
      vertex 41.0751 62.1841 3
      vertex 41.6568 61.6568 0
      vertex 41.0751 62.1841 0
    endloop
  endfacet
  facet normal 0.146733 0.989176 -0
    outer loop
      vertex 37.5607 63.8463 0
      vertex 36.7841 63.9615 3
      vertex 37.5607 63.8463 3
    endloop
  endfacet
  facet normal 0.146733 0.989176 0
    outer loop
      vertex 36.7841 63.9615 3
      vertex 37.5607 63.8463 0
      vertex 36.7841 63.9615 0
    endloop
  endfacet
  facet normal -0.740902 0.671613 0
    outer loop
      vertex -42.1841 61.0751 0
      vertex -41.6568 61.6568 3
      vertex -41.6568 61.6568 0
    endloop
  endfacet
  facet normal -0.740902 0.671613 0
    outer loop
      vertex -41.6568 61.6568 3
      vertex -42.1841 61.0751 0
      vertex -42.1841 61.0751 3
    endloop
  endfacet
  facet normal 0.803259 -0.59563 0
    outer loop
      vertex 42.1841 -61.0751 3
      vertex 42.6517 -60.4445 0
      vertex 42.6517 -60.4445 3
    endloop
  endfacet
  facet normal 0.803259 -0.59563 0
    outer loop
      vertex 42.6517 -60.4445 0
      vertex 42.1841 -61.0751 3
      vertex 42.1841 -61.0751 0
    endloop
  endfacet
  facet normal -0.989176 -0.146733 0
    outer loop
      vertex -43.8463 -57.5607 0
      vertex -43.9615 -56.7841 3
      vertex -43.9615 -56.7841 0
    endloop
  endfacet
  facet normal -0.989176 -0.146733 0
    outer loop
      vertex -43.9615 -56.7841 3
      vertex -43.8463 -57.5607 0
      vertex -43.8463 -57.5607 3
    endloop
  endfacet
  facet normal -0.336901 0.94154 0
    outer loop
      vertex -38.3223 63.6555 0
      vertex -39.0615 63.391 3
      vertex -38.3223 63.6555 3
    endloop
  endfacet
  facet normal -0.336901 0.94154 0
    outer loop
      vertex -39.0615 63.391 3
      vertex -38.3223 63.6555 0
      vertex -39.0615 63.391 0
    endloop
  endfacet
  facet normal -0.59563 0.803259 0
    outer loop
      vertex -40.4445 62.6517 0
      vertex -41.0751 62.1841 3
      vertex -40.4445 62.6517 3
    endloop
  endfacet
  facet normal -0.59563 0.803259 0
    outer loop
      vertex -41.0751 62.1841 3
      vertex -40.4445 62.6517 0
      vertex -41.0751 62.1841 0
    endloop
  endfacet
  facet normal 0.427489 -0.90402 0
    outer loop
      vertex 39.0615 -63.391 0
      vertex 39.7712 -63.0554 3
      vertex 39.0615 -63.391 3
    endloop
  endfacet
  facet normal 0.427489 -0.90402 0
    outer loop
      vertex 39.7712 -63.0554 3
      vertex 39.0615 -63.391 0
      vertex 39.7712 -63.0554 0
    endloop
  endfacet
  facet normal 0.146733 -0.989176 0
    outer loop
      vertex 36.7841 -63.9615 0
      vertex 37.5607 -63.8463 3
      vertex 36.7841 -63.9615 3
    endloop
  endfacet
  facet normal 0.146733 -0.989176 0
    outer loop
      vertex 37.5607 -63.8463 3
      vertex 36.7841 -63.9615 0
      vertex 37.5607 -63.8463 0
    endloop
  endfacet
  facet normal 0.998797 -0.0490418 0
    outer loop
      vertex 43.9615 -56.7841 3
      vertex 44 -56 0
      vertex 44 -56 3
    endloop
  endfacet
  facet normal 0.998797 -0.0490418 0
    outer loop
      vertex 44 -56 0
      vertex 43.9615 -56.7841 3
      vertex 43.9615 -56.7841 0
    endloop
  endfacet
  facet normal 0.243015 0.970023 -0
    outer loop
      vertex 38.3223 63.6555 0
      vertex 37.5607 63.8463 3
      vertex 38.3223 63.6555 3
    endloop
  endfacet
  facet normal 0.243015 0.970023 0
    outer loop
      vertex 37.5607 63.8463 3
      vertex 38.3223 63.6555 0
      vertex 37.5607 63.8463 0
    endloop
  endfacet
  facet normal 0.427489 0.90402 -0
    outer loop
      vertex 39.7712 63.0554 0
      vertex 39.0615 63.391 3
      vertex 39.7712 63.0554 3
    endloop
  endfacet
  facet normal 0.427489 0.90402 0
    outer loop
      vertex 39.0615 63.391 3
      vertex 39.7712 63.0554 0
      vertex 39.0615 63.391 0
    endloop
  endfacet
  facet normal 0.740902 -0.671613 0
    outer loop
      vertex 41.6568 -61.6568 3
      vertex 42.1841 -61.0751 0
      vertex 42.1841 -61.0751 3
    endloop
  endfacet
  facet normal 0.740902 -0.671613 0
    outer loop
      vertex 42.1841 -61.0751 0
      vertex 41.6568 -61.6568 3
      vertex 41.6568 -61.6568 0
    endloop
  endfacet
  facet normal 0.514233 -0.85765 0
    outer loop
      vertex 39.7712 -63.0554 0
      vertex 40.4445 -62.6517 3
      vertex 39.7712 -63.0554 3
    endloop
  endfacet
  facet normal 0.514233 -0.85765 0
    outer loop
      vertex 40.4445 -62.6517 3
      vertex 39.7712 -63.0554 0
      vertex 40.4445 -62.6517 0
    endloop
  endfacet
  facet normal -0.803259 0.59563 0
    outer loop
      vertex -42.6517 60.4445 0
      vertex -42.1841 61.0751 3
      vertex -42.1841 61.0751 0
    endloop
  endfacet
  facet normal -0.803259 0.59563 0
    outer loop
      vertex -42.1841 61.0751 3
      vertex -42.6517 60.4445 0
      vertex -42.6517 60.4445 3
    endloop
  endfacet
  facet normal 0 0 -1
    outer loop
      vertex -35.7321 -55.1154 0
      vertex -32.9025 -55.9081 0
      vertex -35.7005 -55.2415 0
    endloop
  endfacet
  facet normal 0 0 -1
    outer loop
      vertex -33.9603 -47.4458 0
      vertex -35.6814 55.3701 0
      vertex -35.675 55.5 0
    endloop
  endfacet
  facet normal 0 0 -1
    outer loop
      vertex -35.7759 -54.9929 0
      vertex -32.9025 -55.9081 0
      vertex -35.7321 -55.1154 0
    endloop
  endfacet
  facet normal 0 0 -1
    outer loop
      vertex -33.9603 -47.4458 0
      vertex -35.7005 55.2415 0
      vertex -35.6814 55.3701 0
    endloop
  endfacet
  facet normal 0 0 -1
    outer loop
      vertex -35.8315 -54.8754 0
      vertex -32.9025 -55.9081 0
      vertex -35.7759 -54.9929 0
    endloop
  endfacet
  facet normal 0 0 -1
    outer loop
      vertex -33.9603 -47.4458 0
      vertex -35.7321 55.1154 0
      vertex -35.7005 55.2415 0
    endloop
  endfacet
  facet normal 0 0 -1
    outer loop
      vertex -35.8983 -54.7639 0
      vertex -32.9025 -55.9081 0
      vertex -35.8315 -54.8754 0
    endloop
  endfacet
  facet normal 0 0 -1
    outer loop
      vertex -33.9603 -47.4458 0
      vertex -35.7759 54.9929 0
      vertex -35.7321 55.1154 0
    endloop
  endfacet
  facet normal 0 0 -1
    outer loop
      vertex -35.9758 -54.6594 0
      vertex -32.9025 -55.9081 0
      vertex -35.8983 -54.7639 0
    endloop
  endfacet
  facet normal 0 0 -1
    outer loop
      vertex -33.9603 -47.4458 0
      vertex -35.8315 54.8754 0
      vertex -35.7759 54.9929 0
    endloop
  endfacet
  facet normal 0 0 -1
    outer loop
      vertex -36.0631 -54.5631 0
      vertex -32.9025 -55.9081 0
      vertex -35.9758 -54.6594 0
    endloop
  endfacet
  facet normal 0 0 -1
    outer loop
      vertex -33.9603 -47.4458 0
      vertex -35.8983 54.7639 0
      vertex -35.8315 54.8754 0
    endloop
  endfacet
  facet normal 0 0 -1
    outer loop
      vertex -32.9025 -55.9081 0
      vertex -36.0631 -54.5631 0
      vertex -33.9603 -47.4458 0
    endloop
  endfacet
  facet normal 0 0 -1
    outer loop
      vertex -33.9603 -47.4458 0
      vertex -35.9758 54.6594 0
      vertex -35.8983 54.7639 0
    endloop
  endfacet
  facet normal 0 0 -1
    outer loop
      vertex -36.1594 -54.4758 0
      vertex -33.9603 -47.4458 0
      vertex -36.0631 -54.5631 0
    endloop
  endfacet
  facet normal 0 0 -1
    outer loop
      vertex -33.9603 -47.4458 0
      vertex -36.0631 54.5631 0
      vertex -35.9758 54.6594 0
    endloop
  endfacet
  facet normal 0 0 -1
    outer loop
      vertex -36.2639 -54.3983 0
      vertex -33.9603 -47.4458 0
      vertex -36.1594 -54.4758 0
    endloop
  endfacet
  facet normal 0 0 -1
    outer loop
      vertex -33.9603 -47.4458 0
      vertex -36.1594 54.4758 0
      vertex -36.0631 54.5631 0
    endloop
  endfacet
  facet normal 0 0 -1
    outer loop
      vertex -36.3754 -54.3315 0
      vertex -33.9603 -47.4458 0
      vertex -36.2639 -54.3983 0
    endloop
  endfacet
  facet normal 0 0 -1
    outer loop
      vertex -33.9603 -47.4458 0
      vertex -36.2639 54.3983 0
      vertex -36.1594 54.4758 0
    endloop
  endfacet
  facet normal 0 0 -1
    outer loop
      vertex -36.4929 -54.2759 0
      vertex -33.9603 -47.4458 0
      vertex -36.3754 -54.3315 0
    endloop
  endfacet
  facet normal 0 0 -1
    outer loop
      vertex -33.9603 -47.4458 0
      vertex -36.3754 54.3315 0
      vertex -36.2639 54.3983 0
    endloop
  endfacet
  facet normal 0 0 -1
    outer loop
      vertex -36.6154 -54.2321 0
      vertex -33.9603 -47.4458 0
      vertex -36.4929 -54.2759 0
    endloop
  endfacet
  facet normal 0 0 -1
    outer loop
      vertex -33.9603 -47.4458 0
      vertex -36.4929 54.2759 0
      vertex -36.3754 54.3315 0
    endloop
  endfacet
  facet normal 0 0 -1
    outer loop
      vertex -36.7415 -54.2005 0
      vertex -33.9603 -47.4458 0
      vertex -36.6154 -54.2321 0
    endloop
  endfacet
  facet normal 0 0 -1
    outer loop
      vertex -33.9603 -47.4458 0
      vertex -36.6154 54.2321 0
      vertex -36.4929 54.2759 0
    endloop
  endfacet
  facet normal 0 0 -1
    outer loop
      vertex -36.8701 -54.1814 0
      vertex -33.9603 -47.4458 0
      vertex -36.7415 -54.2005 0
    endloop
  endfacet
  facet normal 0 0 -1
    outer loop
      vertex -33.9603 -47.4458 0
      vertex -36.7415 54.2005 0
      vertex -36.6154 54.2321 0
    endloop
  endfacet
  facet normal 0 0 -1
    outer loop
      vertex -37 -54.175 0
      vertex -33.9603 -47.4458 0
      vertex -36.8701 -54.1814 0
    endloop
  endfacet
  facet normal 0 0 -1
    outer loop
      vertex -33.9603 -47.4458 0
      vertex -36.8701 54.1814 0
      vertex -36.7415 54.2005 0
    endloop
  endfacet
  facet normal 0 0 -1
    outer loop
      vertex -37.1299 -54.1814 0
      vertex -33.9603 -47.4458 0
      vertex -37 -54.175 0
    endloop
  endfacet
  facet normal 0 0 -1
    outer loop
      vertex -33.9603 -47.4458 0
      vertex -37 54.175 0
      vertex -36.8701 54.1814 0
    endloop
  endfacet
  facet normal 0 0 -1
    outer loop
      vertex -37.2585 -54.2005 0
      vertex -33.9603 -47.4458 0
      vertex -37.1299 -54.1814 0
    endloop
  endfacet
  facet normal 0 0 -1
    outer loop
      vertex -33.9603 -47.4458 0
      vertex -37.1299 54.1814 0
      vertex -37 54.175 0
    endloop
  endfacet
  facet normal 0 0 -1
    outer loop
      vertex -37.3846 -54.2321 0
      vertex -33.9603 -47.4458 0
      vertex -37.2585 -54.2005 0
    endloop
  endfacet
  facet normal 0 0 -1
    outer loop
      vertex -33.9603 -47.4458 0
      vertex -37.2585 54.2005 0
      vertex -37.1299 54.1814 0
    endloop
  endfacet
  facet normal 0 0 -1
    outer loop
      vertex -37.5071 -54.2759 0
      vertex -33.9603 -47.4458 0
      vertex -37.3846 -54.2321 0
    endloop
  endfacet
  facet normal 0 0 -1
    outer loop
      vertex -33.9603 -47.4458 0
      vertex -37.3846 54.2321 0
      vertex -37.2585 54.2005 0
    endloop
  endfacet
  facet normal 0 0 -1
    outer loop
      vertex -37.6246 -54.3315 0
      vertex -33.9603 -47.4458 0
      vertex -37.5071 -54.2759 0
    endloop
  endfacet
  facet normal 0 0 -1
    outer loop
      vertex -44 56 0
      vertex -33.9603 -47.4458 0
      vertex -44 -56 0
    endloop
  endfacet
  facet normal 0 0 -1
    outer loop
      vertex -37.7361 -54.3983 0
      vertex -33.9603 -47.4458 0
      vertex -37.6246 -54.3315 0
    endloop
  endfacet
  facet normal 0 0 -1
    outer loop
      vertex -33.9603 -47.4458 0
      vertex -44 56 0
      vertex -37.3846 54.2321 0
    endloop
  endfacet
  facet normal 0 0 -1
    outer loop
      vertex -33.9603 -47.4458 0
      vertex -37.7361 -54.3983 0
      vertex -44 -56 0
    endloop
  endfacet
  facet normal 0 0 -1
    outer loop
      vertex -37.3846 54.2321 0
      vertex -44 56 0
      vertex -37.5071 54.2759 0
    endloop
  endfacet
  facet normal 0 0 -1
    outer loop
      vertex -44 -56 0
      vertex -37.7361 -54.3983 0
      vertex -37.8406 -54.4758 0
    endloop
  endfacet
  facet normal 0 0 -1
    outer loop
      vertex -37.5071 54.2759 0
      vertex -44 56 0
      vertex -37.6246 54.3315 0
    endloop
  endfacet
  facet normal 0 0 -1
    outer loop
      vertex -44 -56 0
      vertex -37.8406 -54.4758 0
      vertex -37.9369 -54.5631 0
    endloop
  endfacet
  facet normal 0 0 -1
    outer loop
      vertex -37.6246 54.3315 0
      vertex -44 56 0
      vertex -37.7361 54.3983 0
    endloop
  endfacet
  facet normal 0 0 -1
    outer loop
      vertex -44 -56 0
      vertex -37.9369 -54.5631 0
      vertex -38.0242 -54.6594 0
    endloop
  endfacet
  facet normal 0 0 -1
    outer loop
      vertex -37.7361 54.3983 0
      vertex -44 56 0
      vertex -37.8406 54.4758 0
    endloop
  endfacet
  facet normal 0 0 -1
    outer loop
      vertex -44 -56 0
      vertex -38.0242 -54.6594 0
      vertex -38.1017 -54.7639 0
    endloop
  endfacet
  facet normal 0 0 -1
    outer loop
      vertex -37.8406 54.4758 0
      vertex -44 56 0
      vertex -37.9369 54.5631 0
    endloop
  endfacet
  facet normal 0 0 -1
    outer loop
      vertex -44 -56 0
      vertex -38.1017 -54.7639 0
      vertex -38.1685 -54.8754 0
    endloop
  endfacet
  facet normal 0 0 -1
    outer loop
      vertex -37.9369 54.5631 0
      vertex -44 56 0
      vertex -38.0242 54.6594 0
    endloop
  endfacet
  facet normal 0 0 -1
    outer loop
      vertex -44 -56 0
      vertex -38.1685 -54.8754 0
      vertex -38.2241 -54.9929 0
    endloop
  endfacet
  facet normal 0 0 -1
    outer loop
      vertex -38.0242 54.6594 0
      vertex -44 56 0
      vertex -38.1017 54.7639 0
    endloop
  endfacet
  facet normal 0 0 -1
    outer loop
      vertex -44 -56 0
      vertex -38.2241 -54.9929 0
      vertex -38.2679 -55.1154 0
    endloop
  endfacet
  facet normal 0 0 -1
    outer loop
      vertex -38.1017 54.7639 0
      vertex -44 56 0
      vertex -38.1685 54.8754 0
    endloop
  endfacet
  facet normal 0 0 -1
    outer loop
      vertex -44 -56 0
      vertex -38.2679 -55.1154 0
      vertex -38.2995 -55.2415 0
    endloop
  endfacet
  facet normal 0 0 -1
    outer loop
      vertex -38.1685 54.8754 0
      vertex -44 56 0
      vertex -38.2241 54.9929 0
    endloop
  endfacet
  facet normal 0 0 -1
    outer loop
      vertex -44 -56 0
      vertex -38.2995 -55.2415 0
      vertex -38.3186 -55.3701 0
    endloop
  endfacet
  facet normal 0 0 -1
    outer loop
      vertex -38.2241 54.9929 0
      vertex -44 56 0
      vertex -38.2679 55.1154 0
    endloop
  endfacet
  facet normal 0 0 -1
    outer loop
      vertex -44 -56 0
      vertex -38.3186 -55.3701 0
      vertex -38.325 -55.5 0
    endloop
  endfacet
  facet normal 0 0 -1
    outer loop
      vertex -38.2679 55.1154 0
      vertex -44 56 0
      vertex -38.2995 55.2415 0
    endloop
  endfacet
  facet normal 0 0 -1
    outer loop
      vertex -8 -41.15 0
      vertex 8 -39.5 0
      vertex 8 -41.15 0
    endloop
  endfacet
  facet normal -0 0 -1
    outer loop
      vertex 8 -39.5 0
      vertex -8 -41.15 0
      vertex -8 -39.5 0
    endloop
  endfacet
  facet normal 0 0 -1
    outer loop
      vertex -8 -44.15 0
      vertex 8 -42.5 0
      vertex 8 -44.15 0
    endloop
  endfacet
  facet normal -0 0 -1
    outer loop
      vertex 8 -42.5 0
      vertex -8 -44.15 0
      vertex -8 -42.5 0
    endloop
  endfacet
  facet normal 0 0 -1
    outer loop
      vertex -8 -47.15 0
      vertex 8 -45.5 0
      vertex 8 -47.15 0
    endloop
  endfacet
  facet normal -0 0 -1
    outer loop
      vertex 8 -45.5 0
      vertex -8 -47.15 0
      vertex -8 -45.5 0
    endloop
  endfacet
  facet normal 0 0 -1
    outer loop
      vertex -8 -50.15 0
      vertex 8 -48.5 0
      vertex 8 -50.15 0
    endloop
  endfacet
  facet normal -0 0 -1
    outer loop
      vertex 8 -48.5 0
      vertex -8 -50.15 0
      vertex -8 -48.5 0
    endloop
  endfacet
  facet normal 0 0 -1
    outer loop
      vertex -8 -53.15 0
      vertex 8 -51.5 0
      vertex 8 -53.15 0
    endloop
  endfacet
  facet normal -0 0 -1
    outer loop
      vertex 8 -51.5 0
      vertex -8 -53.15 0
      vertex -8 -51.5 0
    endloop
  endfacet
  facet normal 0 0 -1
    outer loop
      vertex 30.8277 -39.0922 0
      vertex 23.9223 -20.9468 0
      vertex 23.93 -20.79 0
    endloop
  endfacet
  facet normal 0 0 -1
    outer loop
      vertex 30.8277 -39.0922 0
      vertex 23.8992 -21.1021 0
      vertex 23.9223 -20.9468 0
    endloop
  endfacet
  facet normal 0 0 -1
    outer loop
      vertex 30.8277 -39.0922 0
      vertex 23.8611 -21.2545 0
      vertex 23.8992 -21.1021 0
    endloop
  endfacet
  facet normal 0 0 -1
    outer loop
      vertex 30.8277 -39.0922 0
      vertex 23.8082 -21.4023 0
      vertex 23.8611 -21.2545 0
    endloop
  endfacet
  facet normal 0 0 -1
    outer loop
      vertex 30.8277 -39.0922 0
      vertex 23.7411 -21.5442 0
      vertex 23.8082 -21.4023 0
    endloop
  endfacet
  facet normal 0 0 -1
    outer loop
      vertex 30.8277 -39.0922 0
      vertex 23.6603 -21.6789 0
      vertex 23.7411 -21.5442 0
    endloop
  endfacet
  facet normal 0 0 -1
    outer loop
      vertex 30.8277 -39.0922 0
      vertex 23.5668 -21.805 0
      vertex 23.6603 -21.6789 0
    endloop
  endfacet
  facet normal 0 0 -1
    outer loop
      vertex 30.8277 -39.0922 0
      vertex 23.4614 -21.9214 0
      vertex 23.5668 -21.805 0
    endloop
  endfacet
  facet normal 0 0 -1
    outer loop
      vertex 30.8277 -39.0922 0
      vertex 23.345 -22.0268 0
      vertex 23.4614 -21.9214 0
    endloop
  endfacet
  facet normal 0 0 -1
    outer loop
      vertex 30.8277 -39.0922 0
      vertex 23.2189 -22.1203 0
      vertex 23.345 -22.0268 0
    endloop
  endfacet
  facet normal 0 0 -1
    outer loop
      vertex 30.8277 -39.0922 0
      vertex 23.0842 -22.2011 0
      vertex 23.2189 -22.1203 0
    endloop
  endfacet
  facet normal 0 0 -1
    outer loop
      vertex 30.8277 -39.0922 0
      vertex 22.9423 -22.2682 0
      vertex 23.0842 -22.2011 0
    endloop
  endfacet
  facet normal 0 0 -1
    outer loop
      vertex 30.8277 -39.0922 0
      vertex 22.7944 -22.3211 0
      vertex 22.9423 -22.2682 0
    endloop
  endfacet
  facet normal 0 0 -1
    outer loop
      vertex 30.8277 -39.0922 0
      vertex 22.6421 -22.3593 0
      vertex 22.7944 -22.3211 0
    endloop
  endfacet
  facet normal 0 0 -1
    outer loop
      vertex 16.3409 -37.0227 0
      vertex 22.6421 -22.3593 0
      vertex 30.8277 -39.0922 0
    endloop
  endfacet
  facet normal 0 0 -1
    outer loop
      vertex 22.6421 -22.3593 0
      vertex 16.3409 -37.0227 0
      vertex 22.4868 -22.3823 0
    endloop
  endfacet
  facet normal 0 0 -1
    outer loop
      vertex 22.4868 -22.3823 0
      vertex 16.3409 -37.0227 0
      vertex 22.33 -22.39 0
    endloop
  endfacet
  facet normal 0 0 -1
    outer loop
      vertex 8 -39.5 0
      vertex 16.3409 -37.0227 0
      vertex 9.99457 -43.369 0
    endloop
  endfacet
  facet normal 0 0 -1
    outer loop
      vertex 8 -51.5 0
      vertex 14.1718 -57.9892 0
      vertex 8 -53.15 0
    endloop
  endfacet
  facet normal 0 0 -1
    outer loop
      vertex 8 -50.15 0
      vertex 14.1718 -57.9892 0
      vertex 8 -51.5 0
    endloop
  endfacet
  facet normal 0 0 -1
    outer loop
      vertex 8 -48.5 0
      vertex 14.1718 -57.9892 0
      vertex 8 -50.15 0
    endloop
  endfacet
  facet normal 0 0 -1
    outer loop
      vertex 14.1718 -57.9892 0
      vertex 8 -48.5 0
      vertex 9.99457 -43.369 0
    endloop
  endfacet
  facet normal 0 0 -1
    outer loop
      vertex 8 -47.15 0
      vertex 9.99457 -43.369 0
      vertex 8 -48.5 0
    endloop
  endfacet
  facet normal 0 0 -1
    outer loop
      vertex 8 -45.5 0
      vertex 9.99457 -43.369 0
      vertex 8 -47.15 0
    endloop
  endfacet
  facet normal 0 0 -1
    outer loop
      vertex 8 -44.15 0
      vertex 9.99457 -43.369 0
      vertex 8 -45.5 0
    endloop
  endfacet
  facet normal 0 0 -1
    outer loop
      vertex 8 -42.5 0
      vertex 9.99457 -43.369 0
      vertex 8 -44.15 0
    endloop
  endfacet
  facet normal 0 0 -1
    outer loop
      vertex 8 -41.15 0
      vertex 9.99457 -43.369 0
      vertex 8 -42.5 0
    endloop
  endfacet
  facet normal 0 0 -1
    outer loop
      vertex 8 -39.5 0
      vertex 9.99457 -43.369 0
      vertex 8 -41.15 0
    endloop
  endfacet
  facet normal 0 0 -1
    outer loop
      vertex 16.3409 -37.0227 0
      vertex 8 -39.5 0
      vertex 8 -38.15 0
    endloop
  endfacet
  facet normal -0 0 -1
    outer loop
      vertex 16.3409 -37.0227 0
      vertex 8 -38.15 0
      vertex 22.33 -22.39 0
    endloop
  endfacet
  facet normal 0 0 -1
    outer loop
      vertex -8 -38.15 0
      vertex 22.33 -22.39 0
      vertex 8 -38.15 0
    endloop
  endfacet
  facet normal 0 0 -1
    outer loop
      vertex -8 -39.5 0
      vertex -16.3409 -37.0227 0
      vertex -8 -38.15 0
    endloop
  endfacet
  facet normal 0 0 -1
    outer loop
      vertex -22.33 -22.39 0
      vertex -8 -38.15 0
      vertex -16.3409 -37.0227 0
    endloop
  endfacet
  facet normal 0 0 -1
    outer loop
      vertex -8 -38.15 0
      vertex -22.33 -22.39 0
      vertex 22.33 -22.39 0
    endloop
  endfacet
  facet normal 0 0 -1
    outer loop
      vertex -16.3409 -37.0227 0
      vertex -22.4868 -22.3823 0
      vertex -22.33 -22.39 0
    endloop
  endfacet
  facet normal 0 0 -1
    outer loop
      vertex -16.3409 -37.0227 0
      vertex -22.6421 -22.3593 0
      vertex -22.4868 -22.3823 0
    endloop
  endfacet
  facet normal 0 0 -1
    outer loop
      vertex -30.8277 -39.0922 0
      vertex -22.6421 -22.3593 0
      vertex -16.3409 -37.0227 0
    endloop
  endfacet
  facet normal -0 0 -1
    outer loop
      vertex -22.6421 -22.3593 0
      vertex -30.8277 -39.0922 0
      vertex -22.7944 -22.3211 0
    endloop
  endfacet
  facet normal -0 0 -1
    outer loop
      vertex -22.7944 -22.3211 0
      vertex -30.8277 -39.0922 0
      vertex -22.9423 -22.2682 0
    endloop
  endfacet
  facet normal -0 0 -1
    outer loop
      vertex -22.9423 -22.2682 0
      vertex -30.8277 -39.0922 0
      vertex -23.0842 -22.2011 0
    endloop
  endfacet
  facet normal -0 0 -1
    outer loop
      vertex -23.0842 -22.2011 0
      vertex -30.8277 -39.0922 0
      vertex -23.2189 -22.1203 0
    endloop
  endfacet
  facet normal -0 0 -1
    outer loop
      vertex -23.2189 -22.1203 0
      vertex -30.8277 -39.0922 0
      vertex -23.345 -22.0268 0
    endloop
  endfacet
  facet normal -0 0 -1
    outer loop
      vertex -23.345 -22.0268 0
      vertex -30.8277 -39.0922 0
      vertex -23.4614 -21.9214 0
    endloop
  endfacet
  facet normal -0 0 -1
    outer loop
      vertex -23.4614 -21.9214 0
      vertex -30.8277 -39.0922 0
      vertex -23.5668 -21.805 0
    endloop
  endfacet
  facet normal -0 0 -1
    outer loop
      vertex -23.5668 -21.805 0
      vertex -30.8277 -39.0922 0
      vertex -23.6603 -21.6789 0
    endloop
  endfacet
  facet normal 0 0 -1
    outer loop
      vertex -35.675 55.5 0
      vertex -23.93 -20.79 0
      vertex -30.8277 -39.0922 0
    endloop
  endfacet
  facet normal -0 0 -1
    outer loop
      vertex -23.9223 -20.9468 0
      vertex -30.8277 -39.0922 0
      vertex -23.93 -20.79 0
    endloop
  endfacet
  facet normal -0 0 -1
    outer loop
      vertex -23.8992 -21.1021 0
      vertex -30.8277 -39.0922 0
      vertex -23.9223 -20.9468 0
    endloop
  endfacet
  facet normal -0 0 -1
    outer loop
      vertex -23.8611 -21.2545 0
      vertex -30.8277 -39.0922 0
      vertex -23.8992 -21.1021 0
    endloop
  endfacet
  facet normal -0 0 -1
    outer loop
      vertex -23.8082 -21.4023 0
      vertex -30.8277 -39.0922 0
      vertex -23.8611 -21.2545 0
    endloop
  endfacet
  facet normal -0 0 -1
    outer loop
      vertex -23.7411 -21.5442 0
      vertex -30.8277 -39.0922 0
      vertex -23.8082 -21.4023 0
    endloop
  endfacet
  facet normal -0 0 -1
    outer loop
      vertex -23.6603 -21.6789 0
      vertex -30.8277 -39.0922 0
      vertex -23.7411 -21.5442 0
    endloop
  endfacet
  facet normal 0 0 -1
    outer loop
      vertex 38.2679 -55.1154 0
      vertex 44 -56 0
      vertex 38.2995 -55.2415 0
    endloop
  endfacet
  facet normal 0 0 -1
    outer loop
      vertex 44 56 0
      vertex 38.3186 55.3701 0
      vertex 38.325 55.5 0
    endloop
  endfacet
  facet normal 0 0 -1
    outer loop
      vertex 38.2241 -54.9929 0
      vertex 44 -56 0
      vertex 38.2679 -55.1154 0
    endloop
  endfacet
  facet normal 0 0 -1
    outer loop
      vertex 44 56 0
      vertex 38.2995 55.2415 0
      vertex 38.3186 55.3701 0
    endloop
  endfacet
  facet normal 0 0 -1
    outer loop
      vertex 38.1685 -54.8754 0
      vertex 44 -56 0
      vertex 38.2241 -54.9929 0
    endloop
  endfacet
  facet normal 0 0 -1
    outer loop
      vertex 44 56 0
      vertex 38.2679 55.1154 0
      vertex 38.2995 55.2415 0
    endloop
  endfacet
  facet normal 0 0 -1
    outer loop
      vertex 38.1017 -54.7639 0
      vertex 44 -56 0
      vertex 38.1685 -54.8754 0
    endloop
  endfacet
  facet normal 0 0 -1
    outer loop
      vertex 44 56 0
      vertex 38.2241 54.9929 0
      vertex 38.2679 55.1154 0
    endloop
  endfacet
  facet normal 0 0 -1
    outer loop
      vertex 23.93 -20.79 0
      vertex 44 -56 0
      vertex 30.8277 -39.0922 0
    endloop
  endfacet
  facet normal 0 0 -1
    outer loop
      vertex 44 56 0
      vertex 38.1685 54.8754 0
      vertex 38.2241 54.9929 0
    endloop
  endfacet
  facet normal 0 0 -1
    outer loop
      vertex 38.0242 -54.6594 0
      vertex 44 -56 0
      vertex 38.1017 -54.7639 0
    endloop
  endfacet
  facet normal 0 0 -1
    outer loop
      vertex 44 -56 0
      vertex 23.93 -20.79 0
      vertex 44 56 0
    endloop
  endfacet
  facet normal 0 0 -1
    outer loop
      vertex 37.9369 -54.5631 0
      vertex 44 -56 0
      vertex 38.0242 -54.6594 0
    endloop
  endfacet
  facet normal 0 0 -1
    outer loop
      vertex 44 56 0
      vertex 38.1017 54.7639 0
      vertex 38.1685 54.8754 0
    endloop
  endfacet
  facet normal 0 0 -1
    outer loop
      vertex 37.8406 -54.4758 0
      vertex 44 -56 0
      vertex 37.9369 -54.5631 0
    endloop
  endfacet
  facet normal 0 -0 -1
    outer loop
      vertex 37.5071 54.2759 0
      vertex 44 56 0
      vertex 23.93 -20.79 0
    endloop
  endfacet
  facet normal 0 0 -1
    outer loop
      vertex 37.7361 -54.3983 0
      vertex 44 -56 0
      vertex 37.8406 -54.4758 0
    endloop
  endfacet
  facet normal 0 0 -1
    outer loop
      vertex 44 56 0
      vertex 38.0242 54.6594 0
      vertex 38.1017 54.7639 0
    endloop
  endfacet
  facet normal 0 0 -1
    outer loop
      vertex 44 -56 0
      vertex 37.7361 -54.3983 0
      vertex 33.9603 -47.4458 0
    endloop
  endfacet
  facet normal 0 0 -1
    outer loop
      vertex 44 56 0
      vertex 37.9369 54.5631 0
      vertex 38.0242 54.6594 0
    endloop
  endfacet
  facet normal 0 0 -1
    outer loop
      vertex 33.9603 -47.4458 0
      vertex 37.7361 -54.3983 0
      vertex 37.6246 -54.3315 0
    endloop
  endfacet
  facet normal 0 0 -1
    outer loop
      vertex 44 56 0
      vertex 37.8406 54.4758 0
      vertex 37.9369 54.5631 0
    endloop
  endfacet
  facet normal 0 0 -1
    outer loop
      vertex 33.9603 -47.4458 0
      vertex 37.6246 -54.3315 0
      vertex 37.5071 -54.2759 0
    endloop
  endfacet
  facet normal 0 0 -1
    outer loop
      vertex 44 56 0
      vertex 37.7361 54.3983 0
      vertex 37.8406 54.4758 0
    endloop
  endfacet
  facet normal 0 0 -1
    outer loop
      vertex 33.9603 -47.4458 0
      vertex 37.5071 -54.2759 0
      vertex 37.3846 -54.2321 0
    endloop
  endfacet
  facet normal 0 0 -1
    outer loop
      vertex 44 56 0
      vertex 37.6246 54.3315 0
      vertex 37.7361 54.3983 0
    endloop
  endfacet
  facet normal 0 0 -1
    outer loop
      vertex 33.9603 -47.4458 0
      vertex 37.3846 -54.2321 0
      vertex 37.2585 -54.2005 0
    endloop
  endfacet
  facet normal 0 0 -1
    outer loop
      vertex 44 56 0
      vertex 37.5071 54.2759 0
      vertex 37.6246 54.3315 0
    endloop
  endfacet
  facet normal 0 0 -1
    outer loop
      vertex 33.9603 -47.4458 0
      vertex 37.2585 -54.2005 0
      vertex 37.1299 -54.1814 0
    endloop
  endfacet
  facet normal 0 0 -1
    outer loop
      vertex 37.5071 54.2759 0
      vertex 23.93 -20.79 0
      vertex 37.3846 54.2321 0
    endloop
  endfacet
  facet normal 0 0 -1
    outer loop
      vertex 33.9603 -47.4458 0
      vertex 37.1299 -54.1814 0
      vertex 37 -54.175 0
    endloop
  endfacet
  facet normal 0 0 -1
    outer loop
      vertex 44 -56 0
      vertex 33.9603 -47.4458 0
      vertex 30.8277 -39.0922 0
    endloop
  endfacet
  facet normal 0 0 -1
    outer loop
      vertex 33.9603 -47.4458 0
      vertex 37 -54.175 0
      vertex 36.8701 -54.1814 0
    endloop
  endfacet
  facet normal 0 0 -1
    outer loop
      vertex 37.3846 54.2321 0
      vertex 23.93 -20.79 0
      vertex 37.2585 54.2005 0
    endloop
  endfacet
  facet normal 0 0 -1
    outer loop
      vertex 33.9603 -47.4458 0
      vertex 36.8701 -54.1814 0
      vertex 36.7415 -54.2005 0
    endloop
  endfacet
  facet normal 0 0 -1
    outer loop
      vertex 23.93 48.35 0
      vertex 37.2585 54.2005 0
      vertex 23.93 -20.79 0
    endloop
  endfacet
  facet normal 0 0 -1
    outer loop
      vertex 33.9603 -47.4458 0
      vertex 36.7415 -54.2005 0
      vertex 36.6154 -54.2321 0
    endloop
  endfacet
  facet normal 0 0 -1
    outer loop
      vertex 37.2585 54.2005 0
      vertex 23.93 48.35 0
      vertex 37.1299 54.1814 0
    endloop
  endfacet
  facet normal 0 0 -1
    outer loop
      vertex 33.9603 -47.4458 0
      vertex 36.6154 -54.2321 0
      vertex 36.4929 -54.2759 0
    endloop
  endfacet
  facet normal 0 0 -1
    outer loop
      vertex 37.1299 54.1814 0
      vertex 23.93 48.35 0
      vertex 37 54.175 0
    endloop
  endfacet
  facet normal 0 0 -1
    outer loop
      vertex 33.9603 -47.4458 0
      vertex 36.4929 -54.2759 0
      vertex 36.3754 -54.3315 0
    endloop
  endfacet
  facet normal -0 0 -1
    outer loop
      vertex 37 54.175 0
      vertex 23.93 48.35 0
      vertex 36.8701 54.1814 0
    endloop
  endfacet
  facet normal 0 0 -1
    outer loop
      vertex 33.9603 -47.4458 0
      vertex 36.3754 -54.3315 0
      vertex 36.2639 -54.3983 0
    endloop
  endfacet
  facet normal -0 0 -1
    outer loop
      vertex 36.8701 54.1814 0
      vertex 23.93 48.35 0
      vertex 36.7415 54.2005 0
    endloop
  endfacet
  facet normal 0 0 -1
    outer loop
      vertex 33.9603 -47.4458 0
      vertex 36.2639 -54.3983 0
      vertex 36.1594 -54.4758 0
    endloop
  endfacet
  facet normal -0 0 -1
    outer loop
      vertex 36.7415 54.2005 0
      vertex 23.93 48.35 0
      vertex 36.6154 54.2321 0
    endloop
  endfacet
  facet normal 0 0 -1
    outer loop
      vertex 33.9603 -47.4458 0
      vertex 36.1594 -54.4758 0
      vertex 36.0631 -54.5631 0
    endloop
  endfacet
  facet normal -0 0 -1
    outer loop
      vertex 36.6154 54.2321 0
      vertex 23.93 48.35 0
      vertex 36.4929 54.2759 0
    endloop
  endfacet
  facet normal 0 0 -1
    outer loop
      vertex 32.9025 -55.9081 0
      vertex 36.0631 -54.5631 0
      vertex 35.9758 -54.6594 0
    endloop
  endfacet
  facet normal -0 0 -1
    outer loop
      vertex 36.4929 54.2759 0
      vertex 23.93 48.35 0
      vertex 36.3754 54.3315 0
    endloop
  endfacet
  facet normal 0 0 -1
    outer loop
      vertex 32.9025 -55.9081 0
      vertex 35.9758 -54.6594 0
      vertex 35.8983 -54.7639 0
    endloop
  endfacet
  facet normal -0 0 -1
    outer loop
      vertex 36.3754 54.3315 0
      vertex 23.93 48.35 0
      vertex 36.2639 54.3983 0
    endloop
  endfacet
  facet normal 0 0 -1
    outer loop
      vertex 32.9025 -55.9081 0
      vertex 35.8983 -54.7639 0
      vertex 35.8315 -54.8754 0
    endloop
  endfacet
  facet normal -0 0 -1
    outer loop
      vertex 36.2639 54.3983 0
      vertex 23.93 48.35 0
      vertex 36.1594 54.4758 0
    endloop
  endfacet
  facet normal 0 0 -1
    outer loop
      vertex 32.9025 -55.9081 0
      vertex 35.8315 -54.8754 0
      vertex 35.7759 -54.9929 0
    endloop
  endfacet
  facet normal 0 0 -1
    outer loop
      vertex 23.9223 48.5068 0
      vertex 36.1594 54.4758 0
      vertex 23.93 48.35 0
    endloop
  endfacet
  facet normal 0 0 -1
    outer loop
      vertex 32.9025 -55.9081 0
      vertex 35.7759 -54.9929 0
      vertex 35.7321 -55.1154 0
    endloop
  endfacet
  facet normal -0 0 -1
    outer loop
      vertex 36.1594 54.4758 0
      vertex 23.9223 48.5068 0
      vertex 36.0631 54.5631 0
    endloop
  endfacet
  facet normal 0 0 -1
    outer loop
      vertex 32.9025 -55.9081 0
      vertex 35.7321 -55.1154 0
      vertex 35.7005 -55.2415 0
    endloop
  endfacet
  facet normal 0 0 -1
    outer loop
      vertex 23.8992 48.6621 0
      vertex 36.0631 54.5631 0
      vertex 23.9223 48.5068 0
    endloop
  endfacet
  facet normal 0 0 -1
    outer loop
      vertex 32.9025 -55.9081 0
      vertex 35.7005 -55.2415 0
      vertex 35.6814 -55.3701 0
    endloop
  endfacet
  facet normal -0 0 -1
    outer loop
      vertex 36.0631 54.5631 0
      vertex 23.8992 48.6621 0
      vertex 35.9758 54.6594 0
    endloop
  endfacet
  facet normal 0 0 -1
    outer loop
      vertex 32.9025 -55.9081 0
      vertex 35.6814 -55.3701 0
      vertex 35.675 -55.5 0
    endloop
  endfacet
  facet normal 0 0 -1
    outer loop
      vertex 23.8611 48.8145 0
      vertex 35.9758 54.6594 0
      vertex 23.8992 48.6621 0
    endloop
  endfacet
  facet normal 0 0 -1
    outer loop
      vertex 38.2995 -55.7585 0
      vertex 44 -56 0
      vertex 43.9615 -56.7841 0
    endloop
  endfacet
  facet normal 0 0 -1
    outer loop
      vertex 38.3186 -55.3701 0
      vertex 44 -56 0
      vertex 38.325 -55.5 0
    endloop
  endfacet
  facet normal 0 0 -1
    outer loop
      vertex 38.2679 -55.8846 0
      vertex 43.9615 -56.7841 0
      vertex 43.8463 -57.5607 0
    endloop
  endfacet
  facet normal 0 0 -1
    outer loop
      vertex 38.2995 -55.2415 0
      vertex 44 -56 0
      vertex 38.3186 -55.3701 0
    endloop
  endfacet
  facet normal 0 0 -1
    outer loop
      vertex 38.2241 -56.0071 0
      vertex 43.8463 -57.5607 0
      vertex 43.6555 -58.3223 0
    endloop
  endfacet
  facet normal 0 0 -1
    outer loop
      vertex 38.3186 55.6299 0
      vertex 44 56 0
      vertex 38.325 55.5 0
    endloop
  endfacet
  facet normal 0 0 -1
    outer loop
      vertex 38.1685 -56.1246 0
      vertex 43.6555 -58.3223 0
      vertex 43.391 -59.0615 0
    endloop
  endfacet
  facet normal 0 0 -1
    outer loop
      vertex 38.2995 55.7585 0
      vertex 44 56 0
      vertex 38.3186 55.6299 0
    endloop
  endfacet
  facet normal 0 0 -1
    outer loop
      vertex 38.1017 -56.2361 0
      vertex 43.391 -59.0615 0
      vertex 43.0554 -59.7712 0
    endloop
  endfacet
  facet normal -0 0 -1
    outer loop
      vertex 44 56 0
      vertex 38.2995 55.7585 0
      vertex 43.9615 56.7841 0
    endloop
  endfacet
  facet normal 0 0 -1
    outer loop
      vertex 37.9369 -56.4369 0
      vertex 43.0554 -59.7712 0
      vertex 42.6517 -60.4445 0
    endloop
  endfacet
  facet normal 0 0 -1
    outer loop
      vertex 38.2679 55.8846 0
      vertex 43.9615 56.7841 0
      vertex 38.2995 55.7585 0
    endloop
  endfacet
  facet normal 0 0 -1
    outer loop
      vertex 37.8406 -56.5242 0
      vertex 42.6517 -60.4445 0
      vertex 42.1841 -61.0751 0
    endloop
  endfacet
  facet normal -0 0 -1
    outer loop
      vertex 43.9615 56.7841 0
      vertex 38.2679 55.8846 0
      vertex 43.8463 57.5607 0
    endloop
  endfacet
  facet normal 0 0 -1
    outer loop
      vertex 37.7361 -56.6017 0
      vertex 42.1841 -61.0751 0
      vertex 41.6568 -61.6568 0
    endloop
  endfacet
  facet normal 0 0 -1
    outer loop
      vertex 38.2241 56.0071 0
      vertex 43.8463 57.5607 0
      vertex 38.2679 55.8846 0
    endloop
  endfacet
  facet normal 0 0 -1
    outer loop
      vertex 37.6246 -56.6685 0
      vertex 41.6568 -61.6568 0
      vertex 41.0751 -62.1841 0
    endloop
  endfacet
  facet normal -0 0 -1
    outer loop
      vertex 43.8463 57.5607 0
      vertex 38.2241 56.0071 0
      vertex 43.6555 58.3223 0
    endloop
  endfacet
  facet normal 0 0 -1
    outer loop
      vertex 37.5071 -56.7241 0
      vertex 41.0751 -62.1841 0
      vertex 40.4445 -62.6517 0
    endloop
  endfacet
  facet normal 0 0 -1
    outer loop
      vertex 38.1685 56.1246 0
      vertex 43.6555 58.3223 0
      vertex 38.2241 56.0071 0
    endloop
  endfacet
  facet normal 0 0 -1
    outer loop
      vertex 37.3846 -56.7679 0
      vertex 40.4445 -62.6517 0
      vertex 39.7712 -63.0554 0
    endloop
  endfacet
  facet normal -0 0 -1
    outer loop
      vertex 43.6555 58.3223 0
      vertex 38.1685 56.1246 0
      vertex 43.391 59.0615 0
    endloop
  endfacet
  facet normal 0 0 -1
    outer loop
      vertex 37.2585 -56.7995 0
      vertex 39.7712 -63.0554 0
      vertex 39.0615 -63.391 0
    endloop
  endfacet
  facet normal 0 0 -1
    outer loop
      vertex 38.1017 56.2361 0
      vertex 43.391 59.0615 0
      vertex 38.1685 56.1246 0
    endloop
  endfacet
  facet normal -0 0 -1
    outer loop
      vertex 43.391 59.0615 0
      vertex 38.1017 56.2361 0
      vertex 43.0554 59.7712 0
    endloop
  endfacet
  facet normal 0 0 -1
    outer loop
      vertex 37.1299 -56.8186 0
      vertex 39.0615 -63.391 0
      vertex 38.3223 -63.6555 0
    endloop
  endfacet
  facet normal 0 0 -1
    outer loop
      vertex 44 -56 0
      vertex 38.3186 -55.6299 0
      vertex 38.325 -55.5 0
    endloop
  endfacet
  facet normal 0 0 -1
    outer loop
      vertex 44 -56 0
      vertex 38.2995 -55.7585 0
      vertex 38.3186 -55.6299 0
    endloop
  endfacet
  facet normal 0 0 -1
    outer loop
      vertex 43.9615 -56.7841 0
      vertex 38.2679 -55.8846 0
      vertex 38.2995 -55.7585 0
    endloop
  endfacet
  facet normal 0 0 -1
    outer loop
      vertex 43.8463 -57.5607 0
      vertex 38.2241 -56.0071 0
      vertex 38.2679 -55.8846 0
    endloop
  endfacet
  facet normal 0 0 -1
    outer loop
      vertex 43.6555 -58.3223 0
      vertex 38.1685 -56.1246 0
      vertex 38.2241 -56.0071 0
    endloop
  endfacet
  facet normal 0 0 -1
    outer loop
      vertex 43.391 -59.0615 0
      vertex 38.1017 -56.2361 0
      vertex 38.1685 -56.1246 0
    endloop
  endfacet
  facet normal 0 0 -1
    outer loop
      vertex 43.0554 -59.7712 0
      vertex 38.0242 -56.3406 0
      vertex 38.1017 -56.2361 0
    endloop
  endfacet
  facet normal 0 0 -1
    outer loop
      vertex 43.0554 -59.7712 0
      vertex 37.9369 -56.4369 0
      vertex 38.0242 -56.3406 0
    endloop
  endfacet
  facet normal 0 0 -1
    outer loop
      vertex 42.6517 -60.4445 0
      vertex 37.8406 -56.5242 0
      vertex 37.9369 -56.4369 0
    endloop
  endfacet
  facet normal 0 0 -1
    outer loop
      vertex 42.1841 -61.0751 0
      vertex 37.7361 -56.6017 0
      vertex 37.8406 -56.5242 0
    endloop
  endfacet
  facet normal 0 0 -1
    outer loop
      vertex 41.6568 -61.6568 0
      vertex 37.6246 -56.6685 0
      vertex 37.7361 -56.6017 0
    endloop
  endfacet
  facet normal 0 0 -1
    outer loop
      vertex 37 -56.825 0
      vertex 38.3223 -63.6555 0
      vertex 37.5607 -63.8463 0
    endloop
  endfacet
  facet normal 0 0 -1
    outer loop
      vertex 41.0751 -62.1841 0
      vertex 37.5071 -56.7241 0
      vertex 37.6246 -56.6685 0
    endloop
  endfacet
  facet normal 0 0 -1
    outer loop
      vertex 40.4445 -62.6517 0
      vertex 37.3846 -56.7679 0
      vertex 37.5071 -56.7241 0
    endloop
  endfacet
  facet normal 0 0 -1
    outer loop
      vertex 39.7712 -63.0554 0
      vertex 37.2585 -56.7995 0
      vertex 37.3846 -56.7679 0
    endloop
  endfacet
  facet normal 0 0 -1
    outer loop
      vertex 39.0615 -63.391 0
      vertex 37.1299 -56.8186 0
      vertex 37.2585 -56.7995 0
    endloop
  endfacet
  facet normal 0 0 -1
    outer loop
      vertex 38.3223 -63.6555 0
      vertex 37 -56.825 0
      vertex 37.1299 -56.8186 0
    endloop
  endfacet
  facet normal 0 0 -1
    outer loop
      vertex 37.5607 -63.8463 0
      vertex 36.8701 -56.8186 0
      vertex 37 -56.825 0
    endloop
  endfacet
  facet normal 0 0 -1
    outer loop
      vertex 36.7841 -63.9615 0
      vertex 36.8701 -56.8186 0
      vertex 37.5607 -63.8463 0
    endloop
  endfacet
  facet normal 0 0 -1
    outer loop
      vertex 36.7841 -63.9615 0
      vertex 36.7415 -56.7995 0
      vertex 36.8701 -56.8186 0
    endloop
  endfacet
  facet normal 0 0 -1
    outer loop
      vertex 36 -64 0
      vertex 36.7415 -56.7995 0
      vertex 36.7841 -63.9615 0
    endloop
  endfacet
  facet normal -0 0 -1
    outer loop
      vertex 36.7415 -56.7995 0
      vertex 36 -64 0
      vertex 36.6154 -56.7679 0
    endloop
  endfacet
  facet normal -0 0 -1
    outer loop
      vertex 36.6154 -56.7679 0
      vertex 36 -64 0
      vertex 36.4929 -56.7241 0
    endloop
  endfacet
  facet normal -0 0 -1
    outer loop
      vertex 36.4929 -56.7241 0
      vertex 36 -64 0
      vertex 36.3754 -56.6685 0
    endloop
  endfacet
  facet normal -0 0 -1
    outer loop
      vertex 36.3754 -56.6685 0
      vertex 36 -64 0
      vertex 36.2639 -56.6017 0
    endloop
  endfacet
  facet normal 0 0 -1
    outer loop
      vertex 32.9025 -55.9081 0
      vertex 36.2639 -56.6017 0
      vertex 36 -64 0
    endloop
  endfacet
  facet normal 0 0 -1
    outer loop
      vertex 36.2639 -56.6017 0
      vertex 32.9025 -55.9081 0
      vertex 36.1594 -56.5242 0
    endloop
  endfacet
  facet normal 0 0 -1
    outer loop
      vertex 36.1594 -56.5242 0
      vertex 32.9025 -55.9081 0
      vertex 36.0631 -56.4369 0
    endloop
  endfacet
  facet normal 0 0 -1
    outer loop
      vertex 36.0631 -56.4369 0
      vertex 32.9025 -55.9081 0
      vertex 35.9758 -56.3406 0
    endloop
  endfacet
  facet normal 0 0 -1
    outer loop
      vertex 35.9758 -56.3406 0
      vertex 32.9025 -55.9081 0
      vertex 35.8983 -56.2361 0
    endloop
  endfacet
  facet normal 0 0 -1
    outer loop
      vertex 35.8983 -56.2361 0
      vertex 32.9025 -55.9081 0
      vertex 35.8315 -56.1246 0
    endloop
  endfacet
  facet normal 0 0 -1
    outer loop
      vertex 35.8315 -56.1246 0
      vertex 32.9025 -55.9081 0
      vertex 35.7759 -56.0071 0
    endloop
  endfacet
  facet normal 0 0 -1
    outer loop
      vertex 35.7759 -56.0071 0
      vertex 32.9025 -55.9081 0
      vertex 35.7321 -55.8846 0
    endloop
  endfacet
  facet normal -0 0 -1
    outer loop
      vertex 35.7321 -55.8846 0
      vertex 32.9025 -55.9081 0
      vertex 35.7005 -55.7585 0
    endloop
  endfacet
  facet normal -0 0 -1
    outer loop
      vertex 35.7005 -55.7585 0
      vertex 32.9025 -55.9081 0
      vertex 35.6814 -55.6299 0
    endloop
  endfacet
  facet normal -0 0 -1
    outer loop
      vertex 35.9758 54.6594 0
      vertex 23.8611 48.8145 0
      vertex 35.8983 54.7639 0
    endloop
  endfacet
  facet normal -0 0 -1
    outer loop
      vertex 35.6814 -55.6299 0
      vertex 32.9025 -55.9081 0
      vertex 35.675 -55.5 0
    endloop
  endfacet
  facet normal -0 0 -1
    outer loop
      vertex 36.0631 -54.5631 0
      vertex 32.9025 -55.9081 0
      vertex 33.9603 -47.4458 0
    endloop
  endfacet
  facet normal 0 0 -1
    outer loop
      vertex 36 -64 0
      vertex 14.1718 -57.9892 0
      vertex 32.9025 -55.9081 0
    endloop
  endfacet
  facet normal 0 0 -1
    outer loop
      vertex 8 -53.15 0
      vertex 14.1718 -57.9892 0
      vertex 8 -54.5 0
    endloop
  endfacet
  facet normal 0 0 -1
    outer loop
      vertex 14.1718 -57.9892 0
      vertex -8 -54.5 0
      vertex 8 -54.5 0
    endloop
  endfacet
  facet normal 0 0 -1
    outer loop
      vertex -14.1718 -57.9892 0
      vertex 14.1718 -57.9892 0
      vertex 36 -64 0
    endloop
  endfacet
  facet normal 0 0 -1
    outer loop
      vertex -14.1718 -57.9892 0
      vertex -8 -53.15 0
      vertex -8 -54.5 0
    endloop
  endfacet
  facet normal -0 0 -1
    outer loop
      vertex -8 -53.15 0
      vertex -14.1718 -57.9892 0
      vertex -8 -51.5 0
    endloop
  endfacet
  facet normal -0 0 -1
    outer loop
      vertex -8 -51.5 0
      vertex -14.1718 -57.9892 0
      vertex -8 -50.15 0
    endloop
  endfacet
  facet normal -0 0 -1
    outer loop
      vertex -8 -50.15 0
      vertex -14.1718 -57.9892 0
      vertex -8 -48.5 0
    endloop
  endfacet
  facet normal 0 -0 -1
    outer loop
      vertex -9.99457 -43.369 0
      vertex -8 -48.5 0
      vertex -14.1718 -57.9892 0
    endloop
  endfacet
  facet normal 0 0 -1
    outer loop
      vertex -8 -48.5 0
      vertex -9.99457 -43.369 0
      vertex -8 -47.15 0
    endloop
  endfacet
  facet normal 0 0 -1
    outer loop
      vertex -8 -45.5 0
      vertex -9.99457 -43.369 0
      vertex -8 -44.15 0
    endloop
  endfacet
  facet normal 0 0 -1
    outer loop
      vertex -8 -44.15 0
      vertex -9.99457 -43.369 0
      vertex -8 -42.5 0
    endloop
  endfacet
  facet normal -0 0 -1
    outer loop
      vertex -8 -42.5 0
      vertex -9.99457 -43.369 0
      vertex -8 -41.15 0
    endloop
  endfacet
  facet normal -0 0 -1
    outer loop
      vertex -8 -41.15 0
      vertex -9.99457 -43.369 0
      vertex -8 -39.5 0
    endloop
  endfacet
  facet normal 0 0 -1
    outer loop
      vertex -16.3409 -37.0227 0
      vertex -8 -39.5 0
      vertex -9.99457 -43.369 0
    endloop
  endfacet
  facet normal 0 0 -1
    outer loop
      vertex -8 -47.15 0
      vertex -9.99457 -43.369 0
      vertex -8 -45.5 0
    endloop
  endfacet
  facet normal 0 0 -1
    outer loop
      vertex 14.1718 -57.9892 0
      vertex -14.1718 -57.9892 0
      vertex -8 -54.5 0
    endloop
  endfacet
  facet normal 0 0 -1
    outer loop
      vertex -36 -64 0
      vertex -14.1718 -57.9892 0
      vertex 36 -64 0
    endloop
  endfacet
  facet normal 0 0 -1
    outer loop
      vertex -35.6814 -55.3701 0
      vertex -32.9025 -55.9081 0
      vertex -35.675 -55.5 0
    endloop
  endfacet
  facet normal 0 0 -1
    outer loop
      vertex -32.9025 -55.9081 0
      vertex -35.6814 -55.6299 0
      vertex -35.675 -55.5 0
    endloop
  endfacet
  facet normal -0 0 -1
    outer loop
      vertex -14.1718 -57.9892 0
      vertex -36 -64 0
      vertex -32.9025 -55.9081 0
    endloop
  endfacet
  facet normal 0 0 -1
    outer loop
      vertex -32.9025 -55.9081 0
      vertex -35.7005 -55.7585 0
      vertex -35.6814 -55.6299 0
    endloop
  endfacet
  facet normal 0 0 -1
    outer loop
      vertex -36.2639 -56.6017 0
      vertex -32.9025 -55.9081 0
      vertex -36 -64 0
    endloop
  endfacet
  facet normal 0 0 -1
    outer loop
      vertex -32.9025 -55.9081 0
      vertex -35.7321 -55.8846 0
      vertex -35.7005 -55.7585 0
    endloop
  endfacet
  facet normal -0 0 -1
    outer loop
      vertex -32.9025 -55.9081 0
      vertex -35.7759 -56.0071 0
      vertex -35.7321 -55.8846 0
    endloop
  endfacet
  facet normal 0 0 -1
    outer loop
      vertex -32.9025 -55.9081 0
      vertex -35.8315 -56.1246 0
      vertex -35.7759 -56.0071 0
    endloop
  endfacet
  facet normal 0 0 -1
    outer loop
      vertex -32.9025 -55.9081 0
      vertex -35.8983 -56.2361 0
      vertex -35.8315 -56.1246 0
    endloop
  endfacet
  facet normal 0 0 -1
    outer loop
      vertex -32.9025 -55.9081 0
      vertex -35.9758 -56.3406 0
      vertex -35.8983 -56.2361 0
    endloop
  endfacet
  facet normal 0 0 -1
    outer loop
      vertex -32.9025 -55.9081 0
      vertex -36.0631 -56.4369 0
      vertex -35.9758 -56.3406 0
    endloop
  endfacet
  facet normal 0 0 -1
    outer loop
      vertex -32.9025 -55.9081 0
      vertex -36.1594 -56.5242 0
      vertex -36.0631 -56.4369 0
    endloop
  endfacet
  facet normal 0 0 -1
    outer loop
      vertex -32.9025 -55.9081 0
      vertex -36.2639 -56.6017 0
      vertex -36.1594 -56.5242 0
    endloop
  endfacet
  facet normal 0 0 -1
    outer loop
      vertex -36 -64 0
      vertex -36.3754 -56.6685 0
      vertex -36.2639 -56.6017 0
    endloop
  endfacet
  facet normal 0 0 -1
    outer loop
      vertex -36 -64 0
      vertex -36.4929 -56.7241 0
      vertex -36.3754 -56.6685 0
    endloop
  endfacet
  facet normal 0 0 -1
    outer loop
      vertex -36 -64 0
      vertex -36.6154 -56.7679 0
      vertex -36.4929 -56.7241 0
    endloop
  endfacet
  facet normal 0 0 -1
    outer loop
      vertex -36 -64 0
      vertex -36.7415 -56.7995 0
      vertex -36.6154 -56.7679 0
    endloop
  endfacet
  facet normal 0 0 -1
    outer loop
      vertex -36.7841 -63.9615 0
      vertex -36.7415 -56.7995 0
      vertex -36 -64 0
    endloop
  endfacet
  facet normal 0 0 -1
    outer loop
      vertex -36.7841 -63.9615 0
      vertex -36.8701 -56.8186 0
      vertex -36.7415 -56.7995 0
    endloop
  endfacet
  facet normal 0 0 -1
    outer loop
      vertex -37.5607 -63.8463 0
      vertex -36.8701 -56.8186 0
      vertex -36.7841 -63.9615 0
    endloop
  endfacet
  facet normal 0 0 -1
    outer loop
      vertex -36.8701 -56.8186 0
      vertex -37.5607 -63.8463 0
      vertex -37 -56.825 0
    endloop
  endfacet
  facet normal 0 0 -1
    outer loop
      vertex -38.3223 -63.6555 0
      vertex -37 -56.825 0
      vertex -37.5607 -63.8463 0
    endloop
  endfacet
  facet normal -0 0 -1
    outer loop
      vertex -37 -56.825 0
      vertex -38.3223 -63.6555 0
      vertex -37.1299 -56.8186 0
    endloop
  endfacet
  facet normal 0 0 -1
    outer loop
      vertex -39.0615 -63.391 0
      vertex -37.1299 -56.8186 0
      vertex -38.3223 -63.6555 0
    endloop
  endfacet
  facet normal -0 0 -1
    outer loop
      vertex -37.1299 -56.8186 0
      vertex -39.0615 -63.391 0
      vertex -37.2585 -56.7995 0
    endloop
  endfacet
  facet normal 0 0 -1
    outer loop
      vertex -39.7712 -63.0554 0
      vertex -37.2585 -56.7995 0
      vertex -39.0615 -63.391 0
    endloop
  endfacet
  facet normal -0 0 -1
    outer loop
      vertex -37.2585 -56.7995 0
      vertex -39.7712 -63.0554 0
      vertex -37.3846 -56.7679 0
    endloop
  endfacet
  facet normal 0 0 -1
    outer loop
      vertex -40.4445 -62.6517 0
      vertex -37.3846 -56.7679 0
      vertex -39.7712 -63.0554 0
    endloop
  endfacet
  facet normal -0 0 -1
    outer loop
      vertex -37.3846 -56.7679 0
      vertex -40.4445 -62.6517 0
      vertex -37.5071 -56.7241 0
    endloop
  endfacet
  facet normal 0 0 -1
    outer loop
      vertex -41.0751 -62.1841 0
      vertex -37.5071 -56.7241 0
      vertex -40.4445 -62.6517 0
    endloop
  endfacet
  facet normal -0 0 -1
    outer loop
      vertex -37.5071 -56.7241 0
      vertex -41.0751 -62.1841 0
      vertex -37.6246 -56.6685 0
    endloop
  endfacet
  facet normal 0 0 -1
    outer loop
      vertex -41.6568 -61.6568 0
      vertex -37.6246 -56.6685 0
      vertex -41.0751 -62.1841 0
    endloop
  endfacet
  facet normal -0 0 -1
    outer loop
      vertex -37.6246 -56.6685 0
      vertex -41.6568 -61.6568 0
      vertex -37.7361 -56.6017 0
    endloop
  endfacet
  facet normal 0 0 -1
    outer loop
      vertex -42.1841 -61.0751 0
      vertex -37.7361 -56.6017 0
      vertex -41.6568 -61.6568 0
    endloop
  endfacet
  facet normal -0 0 -1
    outer loop
      vertex -37.7361 -56.6017 0
      vertex -42.1841 -61.0751 0
      vertex -37.8406 -56.5242 0
    endloop
  endfacet
  facet normal 0 0 -1
    outer loop
      vertex -42.6517 -60.4445 0
      vertex -37.8406 -56.5242 0
      vertex -42.1841 -61.0751 0
    endloop
  endfacet
  facet normal -0 0 -1
    outer loop
      vertex -37.8406 -56.5242 0
      vertex -42.6517 -60.4445 0
      vertex -37.9369 -56.4369 0
    endloop
  endfacet
  facet normal 0 0 -1
    outer loop
      vertex -43.0554 -59.7712 0
      vertex -37.9369 -56.4369 0
      vertex -42.6517 -60.4445 0
    endloop
  endfacet
  facet normal -0 0 -1
    outer loop
      vertex -38.0242 -56.3406 0
      vertex -43.0554 -59.7712 0
      vertex -38.1017 -56.2361 0
    endloop
  endfacet
  facet normal -0 0 -1
    outer loop
      vertex -37.9369 -56.4369 0
      vertex -43.0554 -59.7712 0
      vertex -38.0242 -56.3406 0
    endloop
  endfacet
  facet normal 0 0 -1
    outer loop
      vertex 38.0242 56.3406 0
      vertex 43.0554 59.7712 0
      vertex 38.1017 56.2361 0
    endloop
  endfacet
  facet normal 0 0 -1
    outer loop
      vertex 37.9369 56.4369 0
      vertex 43.0554 59.7712 0
      vertex 38.0242 56.3406 0
    endloop
  endfacet
  facet normal -0 0 -1
    outer loop
      vertex 43.0554 59.7712 0
      vertex 37.9369 56.4369 0
      vertex 42.6517 60.4445 0
    endloop
  endfacet
  facet normal 0 0 -1
    outer loop
      vertex 37.8406 56.5242 0
      vertex 42.6517 60.4445 0
      vertex 37.9369 56.4369 0
    endloop
  endfacet
  facet normal -0 0 -1
    outer loop
      vertex 42.6517 60.4445 0
      vertex 37.8406 56.5242 0
      vertex 42.1841 61.0751 0
    endloop
  endfacet
  facet normal 0 0 -1
    outer loop
      vertex 37.7361 56.6017 0
      vertex 42.1841 61.0751 0
      vertex 37.8406 56.5242 0
    endloop
  endfacet
  facet normal -0 0 -1
    outer loop
      vertex 42.1841 61.0751 0
      vertex 37.7361 56.6017 0
      vertex 41.6568 61.6568 0
    endloop
  endfacet
  facet normal 0 0 -1
    outer loop
      vertex 37.6246 56.6685 0
      vertex 41.6568 61.6568 0
      vertex 37.7361 56.6017 0
    endloop
  endfacet
  facet normal -0 0 -1
    outer loop
      vertex 41.6568 61.6568 0
      vertex 37.6246 56.6685 0
      vertex 41.0751 62.1841 0
    endloop
  endfacet
  facet normal 0 0 -1
    outer loop
      vertex 37.5071 56.7241 0
      vertex 41.0751 62.1841 0
      vertex 37.6246 56.6685 0
    endloop
  endfacet
  facet normal -0 0 -1
    outer loop
      vertex 41.0751 62.1841 0
      vertex 37.5071 56.7241 0
      vertex 40.4445 62.6517 0
    endloop
  endfacet
  facet normal 0 0 -1
    outer loop
      vertex 37.3846 56.7679 0
      vertex 40.4445 62.6517 0
      vertex 37.5071 56.7241 0
    endloop
  endfacet
  facet normal -0 0 -1
    outer loop
      vertex 40.4445 62.6517 0
      vertex 37.3846 56.7679 0
      vertex 39.7712 63.0554 0
    endloop
  endfacet
  facet normal 0 0 -1
    outer loop
      vertex 37.2585 56.7995 0
      vertex 39.7712 63.0554 0
      vertex 37.3846 56.7679 0
    endloop
  endfacet
  facet normal -0 0 -1
    outer loop
      vertex 39.7712 63.0554 0
      vertex 37.2585 56.7995 0
      vertex 39.0615 63.391 0
    endloop
  endfacet
  facet normal 0 0 -1
    outer loop
      vertex 37.1299 56.8186 0
      vertex 39.0615 63.391 0
      vertex 37.2585 56.7995 0
    endloop
  endfacet
  facet normal -0 0 -1
    outer loop
      vertex 39.0615 63.391 0
      vertex 37.1299 56.8186 0
      vertex 38.3223 63.6555 0
    endloop
  endfacet
  facet normal 0 0 -1
    outer loop
      vertex 37 56.825 0
      vertex 38.3223 63.6555 0
      vertex 37.1299 56.8186 0
    endloop
  endfacet
  facet normal -0 0 -1
    outer loop
      vertex 38.3223 63.6555 0
      vertex 37 56.825 0
      vertex 37.5607 63.8463 0
    endloop
  endfacet
  facet normal 0 0 -1
    outer loop
      vertex 36.8701 56.8186 0
      vertex 37.5607 63.8463 0
      vertex 37 56.825 0
    endloop
  endfacet
  facet normal 0 0 -1
    outer loop
      vertex 36.8701 56.8186 0
      vertex 36.7841 63.9615 0
      vertex 37.5607 63.8463 0
    endloop
  endfacet
  facet normal 0 0 -1
    outer loop
      vertex 36.7415 56.7995 0
      vertex 36.7841 63.9615 0
      vertex 36.8701 56.8186 0
    endloop
  endfacet
  facet normal 0 0 -1
    outer loop
      vertex 36 64 0
      vertex 36.7415 56.7995 0
      vertex 36.6154 56.7679 0
    endloop
  endfacet
  facet normal 0 0 -1
    outer loop
      vertex 36 64 0
      vertex 36.6154 56.7679 0
      vertex 36.4929 56.7241 0
    endloop
  endfacet
  facet normal 0 0 -1
    outer loop
      vertex 36 64 0
      vertex 36.4929 56.7241 0
      vertex 36.3754 56.6685 0
    endloop
  endfacet
  facet normal 0 0 -1
    outer loop
      vertex 36 64 0
      vertex 36.3754 56.6685 0
      vertex 36.2639 56.6017 0
    endloop
  endfacet
  facet normal 0 0 -1
    outer loop
      vertex 36 64 0
      vertex 36.2639 56.6017 0
      vertex 36.1594 56.5242 0
    endloop
  endfacet
  facet normal 0 0 -1
    outer loop
      vertex 36 64 0
      vertex 36.1594 56.5242 0
      vertex 36.0631 56.4369 0
    endloop
  endfacet
  facet normal 0 0 -1
    outer loop
      vertex 36.7415 56.7995 0
      vertex 36 64 0
      vertex 36.7841 63.9615 0
    endloop
  endfacet
  facet normal 0 0 -1
    outer loop
      vertex 35.9758 56.3406 0
      vertex 36 64 0
      vertex 36.0631 56.4369 0
    endloop
  endfacet
  facet normal 0 0 -1
    outer loop
      vertex 35.8983 56.2361 0
      vertex 36 64 0
      vertex 35.9758 56.3406 0
    endloop
  endfacet
  facet normal 0 0 -1
    outer loop
      vertex 35.8315 56.1246 0
      vertex 36 64 0
      vertex 35.8983 56.2361 0
    endloop
  endfacet
  facet normal 0 0 -1
    outer loop
      vertex 35.7759 56.0071 0
      vertex 36 64 0
      vertex 35.8315 56.1246 0
    endloop
  endfacet
  facet normal 0 0 -1
    outer loop
      vertex 22.7944 49.8811 0
      vertex 35.7759 56.0071 0
      vertex 35.7321 55.8846 0
    endloop
  endfacet
  facet normal 0 0 -1
    outer loop
      vertex 22.9423 49.8282 0
      vertex 35.7321 55.8846 0
      vertex 35.7005 55.7585 0
    endloop
  endfacet
  facet normal 0 0 -1
    outer loop
      vertex 23.0842 49.7611 0
      vertex 35.7005 55.7585 0
      vertex 35.6814 55.6299 0
    endloop
  endfacet
  facet normal 0 0 -1
    outer loop
      vertex 23.2189 49.6803 0
      vertex 35.6814 55.6299 0
      vertex 35.675 55.5 0
    endloop
  endfacet
  facet normal 0 0 -1
    outer loop
      vertex 23.8082 48.9623 0
      vertex 35.8983 54.7639 0
      vertex 23.8611 48.8145 0
    endloop
  endfacet
  facet normal -0 0 -1
    outer loop
      vertex 35.8983 54.7639 0
      vertex 23.8082 48.9623 0
      vertex 35.8315 54.8754 0
    endloop
  endfacet
  facet normal 0 0 -1
    outer loop
      vertex 23.7411 49.1042 0
      vertex 35.8315 54.8754 0
      vertex 23.8082 48.9623 0
    endloop
  endfacet
  facet normal -0 0 -1
    outer loop
      vertex 35.8315 54.8754 0
      vertex 23.7411 49.1042 0
      vertex 35.7759 54.9929 0
    endloop
  endfacet
  facet normal 0 0 -1
    outer loop
      vertex 23.6603 49.2389 0
      vertex 35.7759 54.9929 0
      vertex 23.7411 49.1042 0
    endloop
  endfacet
  facet normal -0 0 -1
    outer loop
      vertex 35.7759 54.9929 0
      vertex 23.6603 49.2389 0
      vertex 35.7321 55.1154 0
    endloop
  endfacet
  facet normal 0 0 -1
    outer loop
      vertex 23.5668 49.365 0
      vertex 35.7321 55.1154 0
      vertex 23.6603 49.2389 0
    endloop
  endfacet
  facet normal -0 0 -1
    outer loop
      vertex 35.7321 55.1154 0
      vertex 23.5668 49.365 0
      vertex 35.7005 55.2415 0
    endloop
  endfacet
  facet normal 0 0 -1
    outer loop
      vertex 23.4614 49.4814 0
      vertex 35.7005 55.2415 0
      vertex 23.5668 49.365 0
    endloop
  endfacet
  facet normal -0 0 -1
    outer loop
      vertex 35.7005 55.2415 0
      vertex 23.4614 49.4814 0
      vertex 35.6814 55.3701 0
    endloop
  endfacet
  facet normal 0 0 -1
    outer loop
      vertex 23.345 49.5868 0
      vertex 35.6814 55.3701 0
      vertex 23.4614 49.4814 0
    endloop
  endfacet
  facet normal -0 0 -1
    outer loop
      vertex 35.6814 55.3701 0
      vertex 23.345 49.5868 0
      vertex 35.675 55.5 0
    endloop
  endfacet
  facet normal 0 0 -1
    outer loop
      vertex 23.2189 49.6803 0
      vertex 35.675 55.5 0
      vertex 23.345 49.5868 0
    endloop
  endfacet
  facet normal 0 0 -1
    outer loop
      vertex 35.6814 55.6299 0
      vertex 23.2189 49.6803 0
      vertex 23.0842 49.7611 0
    endloop
  endfacet
  facet normal 0 0 -1
    outer loop
      vertex 35.7005 55.7585 0
      vertex 23.0842 49.7611 0
      vertex 22.9423 49.8282 0
    endloop
  endfacet
  facet normal 0 0 -1
    outer loop
      vertex 35.7321 55.8846 0
      vertex 22.9423 49.8282 0
      vertex 22.7944 49.8811 0
    endloop
  endfacet
  facet normal -0 0 -1
    outer loop
      vertex 35.7759 56.0071 0
      vertex 22.7944 49.8811 0
      vertex 36 64 0
    endloop
  endfacet
  facet normal 0 0 -1
    outer loop
      vertex 22.6421 49.9193 0
      vertex 36 64 0
      vertex 22.7944 49.8811 0
    endloop
  endfacet
  facet normal 0 0 -1
    outer loop
      vertex 22.4868 49.9423 0
      vertex 36 64 0
      vertex 22.6421 49.9193 0
    endloop
  endfacet
  facet normal 0 0 -1
    outer loop
      vertex 22.33 49.95 0
      vertex 36 64 0
      vertex 22.4868 49.9423 0
    endloop
  endfacet
  facet normal 0 0 -1
    outer loop
      vertex -22.33 49.95 0
      vertex 36 64 0
      vertex 22.33 49.95 0
    endloop
  endfacet
  facet normal 0 0 -1
    outer loop
      vertex -36 64 0
      vertex -22.33 49.95 0
      vertex -22.4868 49.9423 0
    endloop
  endfacet
  facet normal 0 0 -1
    outer loop
      vertex -36 64 0
      vertex -22.4868 49.9423 0
      vertex -22.6421 49.9193 0
    endloop
  endfacet
  facet normal 0 0 -1
    outer loop
      vertex -23.93 -20.79 0
      vertex -35.675 55.5 0
      vertex -23.93 48.35 0
    endloop
  endfacet
  facet normal 0 0 -1
    outer loop
      vertex -35.675 55.5 0
      vertex -30.8277 -39.0922 0
      vertex -33.9603 -47.4458 0
    endloop
  endfacet
  facet normal 0 0 -1
    outer loop
      vertex -35.7005 -55.2415 0
      vertex -32.9025 -55.9081 0
      vertex -35.6814 -55.3701 0
    endloop
  endfacet
  facet normal 0 0 -1
    outer loop
      vertex -23.93 48.35 0
      vertex -35.675 55.5 0
      vertex -23.9223 48.5068 0
    endloop
  endfacet
  facet normal 0 0 -1
    outer loop
      vertex -35.675 55.5 0
      vertex -23.8992 48.6621 0
      vertex -23.9223 48.5068 0
    endloop
  endfacet
  facet normal 0 0 -1
    outer loop
      vertex -35.675 55.5 0
      vertex -23.8611 48.8145 0
      vertex -23.8992 48.6621 0
    endloop
  endfacet
  facet normal 0 0 -1
    outer loop
      vertex -35.675 55.5 0
      vertex -23.8082 48.9623 0
      vertex -23.8611 48.8145 0
    endloop
  endfacet
  facet normal 0 0 -1
    outer loop
      vertex -35.675 55.5 0
      vertex -23.7411 49.1042 0
      vertex -23.8082 48.9623 0
    endloop
  endfacet
  facet normal 0 0 -1
    outer loop
      vertex -35.675 55.5 0
      vertex -23.6603 49.2389 0
      vertex -23.7411 49.1042 0
    endloop
  endfacet
  facet normal 0 0 -1
    outer loop
      vertex -35.675 55.5 0
      vertex -23.5668 49.365 0
      vertex -23.6603 49.2389 0
    endloop
  endfacet
  facet normal 0 0 -1
    outer loop
      vertex -35.675 55.5 0
      vertex -23.4614 49.4814 0
      vertex -23.5668 49.365 0
    endloop
  endfacet
  facet normal 0 0 -1
    outer loop
      vertex -35.675 55.5 0
      vertex -23.345 49.5868 0
      vertex -23.4614 49.4814 0
    endloop
  endfacet
  facet normal 0 0 -1
    outer loop
      vertex -35.675 55.5 0
      vertex -23.2189 49.6803 0
      vertex -23.345 49.5868 0
    endloop
  endfacet
  facet normal 0 0 -1
    outer loop
      vertex -35.6814 55.6299 0
      vertex -23.2189 49.6803 0
      vertex -35.675 55.5 0
    endloop
  endfacet
  facet normal 0 0 -1
    outer loop
      vertex -23.2189 49.6803 0
      vertex -35.6814 55.6299 0
      vertex -23.0842 49.7611 0
    endloop
  endfacet
  facet normal 0 0 -1
    outer loop
      vertex -35.7005 55.7585 0
      vertex -23.0842 49.7611 0
      vertex -35.6814 55.6299 0
    endloop
  endfacet
  facet normal 0 0 -1
    outer loop
      vertex -23.0842 49.7611 0
      vertex -35.7005 55.7585 0
      vertex -22.9423 49.8282 0
    endloop
  endfacet
  facet normal 0 0 -1
    outer loop
      vertex -35.7321 55.8846 0
      vertex -22.9423 49.8282 0
      vertex -35.7005 55.7585 0
    endloop
  endfacet
  facet normal 0 0 -1
    outer loop
      vertex -22.9423 49.8282 0
      vertex -35.7321 55.8846 0
      vertex -22.7944 49.8811 0
    endloop
  endfacet
  facet normal 0 0 -1
    outer loop
      vertex -35.7759 56.0071 0
      vertex -22.7944 49.8811 0
      vertex -35.7321 55.8846 0
    endloop
  endfacet
  facet normal 0 0 -1
    outer loop
      vertex -36 64 0
      vertex -22.7944 49.8811 0
      vertex -35.7759 56.0071 0
    endloop
  endfacet
  facet normal 0 0 -1
    outer loop
      vertex -22.7944 49.8811 0
      vertex -36 64 0
      vertex -22.6421 49.9193 0
    endloop
  endfacet
  facet normal 0 0 -1
    outer loop
      vertex -36 64 0
      vertex -35.7759 56.0071 0
      vertex -35.8315 56.1246 0
    endloop
  endfacet
  facet normal 0 0 -1
    outer loop
      vertex -36 64 0
      vertex -35.8315 56.1246 0
      vertex -35.8983 56.2361 0
    endloop
  endfacet
  facet normal 0 0 -1
    outer loop
      vertex -36 64 0
      vertex -35.8983 56.2361 0
      vertex -35.9758 56.3406 0
    endloop
  endfacet
  facet normal 0 0 -1
    outer loop
      vertex -22.33 49.95 0
      vertex -36 64 0
      vertex 36 64 0
    endloop
  endfacet
  facet normal 0 0 -1
    outer loop
      vertex -36.0631 56.4369 0
      vertex -36 64 0
      vertex -35.9758 56.3406 0
    endloop
  endfacet
  facet normal 0 0 -1
    outer loop
      vertex -36.1594 56.5242 0
      vertex -36 64 0
      vertex -36.0631 56.4369 0
    endloop
  endfacet
  facet normal 0 0 -1
    outer loop
      vertex -36.2639 56.6017 0
      vertex -36 64 0
      vertex -36.1594 56.5242 0
    endloop
  endfacet
  facet normal 0 0 -1
    outer loop
      vertex -36.3754 56.6685 0
      vertex -36 64 0
      vertex -36.2639 56.6017 0
    endloop
  endfacet
  facet normal 0 0 -1
    outer loop
      vertex -36.4929 56.7241 0
      vertex -36 64 0
      vertex -36.3754 56.6685 0
    endloop
  endfacet
  facet normal 0 0 -1
    outer loop
      vertex -36.6154 56.7679 0
      vertex -36 64 0
      vertex -36.4929 56.7241 0
    endloop
  endfacet
  facet normal 0 0 -1
    outer loop
      vertex -36.7415 56.7995 0
      vertex -36 64 0
      vertex -36.6154 56.7679 0
    endloop
  endfacet
  facet normal 0 0 -1
    outer loop
      vertex -36.7415 56.7995 0
      vertex -36.7841 63.9615 0
      vertex -36 64 0
    endloop
  endfacet
  facet normal 0 0 -1
    outer loop
      vertex -36.8701 56.8186 0
      vertex -36.7841 63.9615 0
      vertex -36.7415 56.7995 0
    endloop
  endfacet
  facet normal 0 0 -1
    outer loop
      vertex -37.5607 63.8463 0
      vertex -36.8701 56.8186 0
      vertex -37 56.825 0
    endloop
  endfacet
  facet normal 0 0 -1
    outer loop
      vertex -38.3223 63.6555 0
      vertex -37 56.825 0
      vertex -37.1299 56.8186 0
    endloop
  endfacet
  facet normal 0 0 -1
    outer loop
      vertex -39.0615 63.391 0
      vertex -37.1299 56.8186 0
      vertex -37.2585 56.7995 0
    endloop
  endfacet
  facet normal 0 0 -1
    outer loop
      vertex -39.7712 63.0554 0
      vertex -37.2585 56.7995 0
      vertex -37.3846 56.7679 0
    endloop
  endfacet
  facet normal 0 0 -1
    outer loop
      vertex -40.4445 62.6517 0
      vertex -37.3846 56.7679 0
      vertex -37.5071 56.7241 0
    endloop
  endfacet
  facet normal 0 0 -1
    outer loop
      vertex -36.8701 56.8186 0
      vertex -37.5607 63.8463 0
      vertex -36.7841 63.9615 0
    endloop
  endfacet
  facet normal 0 0 -1
    outer loop
      vertex -41.0751 62.1841 0
      vertex -37.5071 56.7241 0
      vertex -37.6246 56.6685 0
    endloop
  endfacet
  facet normal 0 0 -1
    outer loop
      vertex -41.6568 61.6568 0
      vertex -37.6246 56.6685 0
      vertex -37.7361 56.6017 0
    endloop
  endfacet
  facet normal 0 0 -1
    outer loop
      vertex -42.1841 61.0751 0
      vertex -37.7361 56.6017 0
      vertex -37.8406 56.5242 0
    endloop
  endfacet
  facet normal 0 0 -1
    outer loop
      vertex -42.6517 60.4445 0
      vertex -37.8406 56.5242 0
      vertex -37.9369 56.4369 0
    endloop
  endfacet
  facet normal 0 0 -1
    outer loop
      vertex -43.0554 59.7712 0
      vertex -37.9369 56.4369 0
      vertex -38.0242 56.3406 0
    endloop
  endfacet
  facet normal 0 0 -1
    outer loop
      vertex -43.0554 59.7712 0
      vertex -38.0242 56.3406 0
      vertex -38.1017 56.2361 0
    endloop
  endfacet
  facet normal 0 0 -1
    outer loop
      vertex -43.391 59.0615 0
      vertex -38.1017 56.2361 0
      vertex -38.1685 56.1246 0
    endloop
  endfacet
  facet normal 0 0 -1
    outer loop
      vertex -43.6555 58.3223 0
      vertex -38.1685 56.1246 0
      vertex -38.2241 56.0071 0
    endloop
  endfacet
  facet normal 0 0 -1
    outer loop
      vertex -43.8463 57.5607 0
      vertex -38.2241 56.0071 0
      vertex -38.2679 55.8846 0
    endloop
  endfacet
  facet normal 0 0 -1
    outer loop
      vertex -43.9615 56.7841 0
      vertex -38.2679 55.8846 0
      vertex -38.2995 55.7585 0
    endloop
  endfacet
  facet normal 0 0 -1
    outer loop
      vertex -44 56 0
      vertex -38.2995 55.7585 0
      vertex -38.3186 55.6299 0
    endloop
  endfacet
  facet normal 0 0 -1
    outer loop
      vertex -37 56.825 0
      vertex -38.3223 63.6555 0
      vertex -37.5607 63.8463 0
    endloop
  endfacet
  facet normal 0 0 -1
    outer loop
      vertex -44 56 0
      vertex -38.3186 55.6299 0
      vertex -38.325 55.5 0
    endloop
  endfacet
  facet normal 0 0 -1
    outer loop
      vertex -38.2995 55.2415 0
      vertex -44 56 0
      vertex -38.3186 55.3701 0
    endloop
  endfacet
  facet normal 0 0 -1
    outer loop
      vertex -38.3186 55.3701 0
      vertex -44 56 0
      vertex -38.325 55.5 0
    endloop
  endfacet
  facet normal 0 0 -1
    outer loop
      vertex -43.391 -59.0615 0
      vertex -38.1017 -56.2361 0
      vertex -43.0554 -59.7712 0
    endloop
  endfacet
  facet normal 0 0 -1
    outer loop
      vertex -38.2995 55.7585 0
      vertex -44 56 0
      vertex -43.9615 56.7841 0
    endloop
  endfacet
  facet normal -0 0 -1
    outer loop
      vertex -38.1017 -56.2361 0
      vertex -43.391 -59.0615 0
      vertex -38.1685 -56.1246 0
    endloop
  endfacet
  facet normal 0 0 -1
    outer loop
      vertex -37.1299 56.8186 0
      vertex -39.0615 63.391 0
      vertex -38.3223 63.6555 0
    endloop
  endfacet
  facet normal 0 0 -1
    outer loop
      vertex -43.6555 -58.3223 0
      vertex -38.1685 -56.1246 0
      vertex -43.391 -59.0615 0
    endloop
  endfacet
  facet normal 0 0 -1
    outer loop
      vertex -37.2585 56.7995 0
      vertex -39.7712 63.0554 0
      vertex -39.0615 63.391 0
    endloop
  endfacet
  facet normal -0 0 -1
    outer loop
      vertex -38.1685 -56.1246 0
      vertex -43.6555 -58.3223 0
      vertex -38.2241 -56.0071 0
    endloop
  endfacet
  facet normal 0 0 -1
    outer loop
      vertex -37.3846 56.7679 0
      vertex -40.4445 62.6517 0
      vertex -39.7712 63.0554 0
    endloop
  endfacet
  facet normal 0 0 -1
    outer loop
      vertex -43.8463 -57.5607 0
      vertex -38.2241 -56.0071 0
      vertex -43.6555 -58.3223 0
    endloop
  endfacet
  facet normal 0 0 -1
    outer loop
      vertex -37.5071 56.7241 0
      vertex -41.0751 62.1841 0
      vertex -40.4445 62.6517 0
    endloop
  endfacet
  facet normal -0 0 -1
    outer loop
      vertex -38.2241 -56.0071 0
      vertex -43.8463 -57.5607 0
      vertex -38.2679 -55.8846 0
    endloop
  endfacet
  facet normal 0 0 -1
    outer loop
      vertex -37.6246 56.6685 0
      vertex -41.6568 61.6568 0
      vertex -41.0751 62.1841 0
    endloop
  endfacet
  facet normal 0 0 -1
    outer loop
      vertex -43.9615 -56.7841 0
      vertex -38.2679 -55.8846 0
      vertex -43.8463 -57.5607 0
    endloop
  endfacet
  facet normal 0 0 -1
    outer loop
      vertex -37.7361 56.6017 0
      vertex -42.1841 61.0751 0
      vertex -41.6568 61.6568 0
    endloop
  endfacet
  facet normal -0 0 -1
    outer loop
      vertex -38.2679 -55.8846 0
      vertex -43.9615 -56.7841 0
      vertex -38.2995 -55.7585 0
    endloop
  endfacet
  facet normal 0 0 -1
    outer loop
      vertex -37.8406 56.5242 0
      vertex -42.6517 60.4445 0
      vertex -42.1841 61.0751 0
    endloop
  endfacet
  facet normal 0 0 -1
    outer loop
      vertex -44 -56 0
      vertex -38.2995 -55.7585 0
      vertex -43.9615 -56.7841 0
    endloop
  endfacet
  facet normal 0 0 -1
    outer loop
      vertex -37.9369 56.4369 0
      vertex -43.0554 59.7712 0
      vertex -42.6517 60.4445 0
    endloop
  endfacet
  facet normal -0 0 -1
    outer loop
      vertex -38.2995 -55.7585 0
      vertex -44 -56 0
      vertex -38.3186 -55.6299 0
    endloop
  endfacet
  facet normal 0 0 -1
    outer loop
      vertex -38.1017 56.2361 0
      vertex -43.391 59.0615 0
      vertex -43.0554 59.7712 0
    endloop
  endfacet
  facet normal -0 0 -1
    outer loop
      vertex -38.3186 -55.6299 0
      vertex -44 -56 0
      vertex -38.325 -55.5 0
    endloop
  endfacet
  facet normal 0 0 -1
    outer loop
      vertex -38.1685 56.1246 0
      vertex -43.6555 58.3223 0
      vertex -43.391 59.0615 0
    endloop
  endfacet
  facet normal 0 0 -1
    outer loop
      vertex -38.2241 56.0071 0
      vertex -43.8463 57.5607 0
      vertex -43.6555 58.3223 0
    endloop
  endfacet
  facet normal 0 0 -1
    outer loop
      vertex -38.2679 55.8846 0
      vertex -43.9615 56.7841 0
      vertex -43.8463 57.5607 0
    endloop
  endfacet
  facet normal -0.740902 -0.671613 0
    outer loop
      vertex -41.6568 -61.6568 0
      vertex -42.1841 -61.0751 3
      vertex -42.1841 -61.0751 0
    endloop
  endfacet
  facet normal -0.740902 -0.671613 0
    outer loop
      vertex -42.1841 -61.0751 3
      vertex -41.6568 -61.6568 0
      vertex -41.6568 -61.6568 3
    endloop
  endfacet
  facet normal 0.94154 -0.336901 0
    outer loop
      vertex 43.391 -59.0615 3
      vertex 43.6555 -58.3223 0
      vertex 43.6555 -58.3223 3
    endloop
  endfacet
  facet normal 0.94154 -0.336901 0
    outer loop
      vertex 43.6555 -58.3223 0
      vertex 43.391 -59.0615 3
      vertex 43.391 -59.0615 0
    endloop
  endfacet
  facet normal 0.243015 -0.970023 0
    outer loop
      vertex 37.5607 -63.8463 0
      vertex 38.3223 -63.6555 3
      vertex 37.5607 -63.8463 3
    endloop
  endfacet
  facet normal 0.243015 -0.970023 0
    outer loop
      vertex 38.3223 -63.6555 3
      vertex 37.5607 -63.8463 0
      vertex 38.3223 -63.6555 0
    endloop
  endfacet
  facet normal -0.514233 0.85765 0
    outer loop
      vertex -39.7712 63.0554 0
      vertex -40.4445 62.6517 3
      vertex -39.7712 63.0554 3
    endloop
  endfacet
  facet normal -0.514233 0.85765 0
    outer loop
      vertex -40.4445 62.6517 3
      vertex -39.7712 63.0554 0
      vertex -40.4445 62.6517 0
    endloop
  endfacet
  facet normal 0.989176 0.146733 0
    outer loop
      vertex 43.9615 56.7841 3
      vertex 43.8463 57.5607 0
      vertex 43.8463 57.5607 3
    endloop
  endfacet
  facet normal 0.989176 0.146733 0
    outer loop
      vertex 43.8463 57.5607 0
      vertex 43.9615 56.7841 3
      vertex 43.9615 56.7841 0
    endloop
  endfacet
  facet normal 0.671613 -0.740902 0
    outer loop
      vertex 41.0751 -62.1841 0
      vertex 41.6568 -61.6568 3
      vertex 41.0751 -62.1841 3
    endloop
  endfacet
  facet normal 0.671613 -0.740902 0
    outer loop
      vertex 41.6568 -61.6568 3
      vertex 41.0751 -62.1841 0
      vertex 41.6568 -61.6568 0
    endloop
  endfacet
  facet normal -0 0 1
    outer loop
      vertex 39.7767 56.3719 4.5
      vertex 41.25 55.9324 4.5
      vertex 41.2214 56.5143 4.5
    endloop
  endfacet
  facet normal 0 0 1
    outer loop
      vertex 41.25 55.9324 4.5
      vertex 39.8 55.8967 4.5
      vertex 41.25 -55.9324 4.5
    endloop
  endfacet
  facet normal 0 0 1
    outer loop
      vertex 39.7767 56.3719 4.5
      vertex 41.2214 56.5143 4.5
      vertex 41.1459 57.0236 4.5
    endloop
  endfacet
  facet normal -0 0 1
    outer loop
      vertex 39.8 -55.8967 4.5
      vertex 41.25 -55.9324 4.5
      vertex 39.8 55.8967 4.5
    endloop
  endfacet
  facet normal 0 0 1
    outer loop
      vertex 39.722 56.7404 4.5
      vertex 41.1459 57.0236 4.5
      vertex 41.0208 57.523 4.5
    endloop
  endfacet
  facet normal 0 0 1
    outer loop
      vertex 39.7767 -56.3719 4.5
      vertex 41.25 -55.9324 4.5
      vertex 39.8 -55.8967 4.5
    endloop
  endfacet
  facet normal 0 0 1
    outer loop
      vertex 39.6315 57.1016 4.5
      vertex 41.0208 57.523 4.5
      vertex 40.8473 58.0077 4.5
    endloop
  endfacet
  facet normal 0 0 1
    outer loop
      vertex 41.25 -55.9324 4.5
      vertex 39.7767 -56.3719 4.5
      vertex 41.2214 -56.5143 4.5
    endloop
  endfacet
  facet normal 0 0 1
    outer loop
      vertex 39.5061 57.4522 4.5
      vertex 40.8473 58.0077 4.5
      vertex 40.6271 58.4734 4.5
    endloop
  endfacet
  facet normal 0 0 1
    outer loop
      vertex 41.2214 -56.5143 4.5
      vertex 39.7767 -56.3719 4.5
      vertex 41.1459 -57.0236 4.5
    endloop
  endfacet
  facet normal 0 0 1
    outer loop
      vertex 39.3468 57.7889 4.5
      vertex 40.6271 58.4734 4.5
      vertex 40.3625 58.9149 4.5
    endloop
  endfacet
  facet normal -0 0 1
    outer loop
      vertex 39.722 -56.7404 4.5
      vertex 41.1459 -57.0236 4.5
      vertex 39.7767 -56.3719 4.5
    endloop
  endfacet
  facet normal 0 0 1
    outer loop
      vertex 39.1553 58.1084 4.5
      vertex 40.3625 58.9149 4.5
      vertex 40.0558 59.3284 4.5
    endloop
  endfacet
  facet normal 0 0 1
    outer loop
      vertex 41.1459 -57.0236 4.5
      vertex 39.722 -56.7404 4.5
      vertex 41.0208 -57.523 4.5
    endloop
  endfacet
  facet normal -0 0 1
    outer loop
      vertex 39.6315 -57.1016 4.5
      vertex 41.0208 -57.523 4.5
      vertex 39.722 -56.7404 4.5
    endloop
  endfacet
  facet normal 0 0 1
    outer loop
      vertex 41.25 55.9324 4.5
      vertex 39.7767 56.3719 4.5
      vertex 39.8 55.8967 4.5
    endloop
  endfacet
  facet normal 0 0 1
    outer loop
      vertex 41.1459 57.0236 4.5
      vertex 39.722 56.7404 4.5
      vertex 39.7767 56.3719 4.5
    endloop
  endfacet
  facet normal 0 0 1
    outer loop
      vertex 38.9335 58.4075 4.5
      vertex 40.0558 59.3284 4.5
      vertex 39.7099 59.7099 4.5
    endloop
  endfacet
  facet normal 0 0 1
    outer loop
      vertex 41.0208 57.523 4.5
      vertex 39.6315 57.1016 4.5
      vertex 39.722 56.7404 4.5
    endloop
  endfacet
  facet normal 0 0 1
    outer loop
      vertex 40.8473 58.0077 4.5
      vertex 39.5061 57.4522 4.5
      vertex 39.6315 57.1016 4.5
    endloop
  endfacet
  facet normal 0 0 1
    outer loop
      vertex 40.6271 58.4734 4.5
      vertex 39.3468 57.7889 4.5
      vertex 39.5061 57.4522 4.5
    endloop
  endfacet
  facet normal 0 0 1
    outer loop
      vertex 38.6834 58.6834 4.5
      vertex 39.7099 59.7099 4.5
      vertex 39.3284 60.0558 4.5
    endloop
  endfacet
  facet normal 0 0 1
    outer loop
      vertex 40.3625 58.9149 4.5
      vertex 39.1553 58.1084 4.5
      vertex 39.3468 57.7889 4.5
    endloop
  endfacet
  facet normal 0 0 1
    outer loop
      vertex 40.0558 59.3284 4.5
      vertex 38.9335 58.4075 4.5
      vertex 39.1553 58.1084 4.5
    endloop
  endfacet
  facet normal 0 0 1
    outer loop
      vertex 38.4075 58.9335 4.5
      vertex 39.3284 60.0558 4.5
      vertex 38.9149 60.3625 4.5
    endloop
  endfacet
  facet normal 0 0 1
    outer loop
      vertex 39.7099 59.7099 4.5
      vertex 38.6834 58.6834 4.5
      vertex 38.9335 58.4075 4.5
    endloop
  endfacet
  facet normal 0 0 1
    outer loop
      vertex 38.1084 59.1553 4.5
      vertex 38.9149 60.3625 4.5
      vertex 38.4734 60.6271 4.5
    endloop
  endfacet
  facet normal 0 0 1
    outer loop
      vertex 39.3284 60.0558 4.5
      vertex 38.4075 58.9335 4.5
      vertex 38.6834 58.6834 4.5
    endloop
  endfacet
  facet normal 0 0 1
    outer loop
      vertex 38.9149 60.3625 4.5
      vertex 38.1084 59.1553 4.5
      vertex 38.4075 58.9335 4.5
    endloop
  endfacet
  facet normal 0 0 1
    outer loop
      vertex 37.7889 59.3468 4.5
      vertex 38.4734 60.6271 4.5
      vertex 38.0077 60.8473 4.5
    endloop
  endfacet
  facet normal 0 0 1
    outer loop
      vertex 38.4734 60.6271 4.5
      vertex 37.7889 59.3468 4.5
      vertex 38.1084 59.1553 4.5
    endloop
  endfacet
  facet normal 0 0 1
    outer loop
      vertex 37.4522 59.5061 4.5
      vertex 38.0077 60.8473 4.5
      vertex 37.523 61.0208 4.5
    endloop
  endfacet
  facet normal 0 0 1
    outer loop
      vertex 38.0077 60.8473 4.5
      vertex 37.4522 59.5061 4.5
      vertex 37.7889 59.3468 4.5
    endloop
  endfacet
  facet normal 0 0 1
    outer loop
      vertex 37.523 61.0208 4.5
      vertex 37.1016 59.6315 4.5
      vertex 37.4522 59.5061 4.5
    endloop
  endfacet
  facet normal 0 0 1
    outer loop
      vertex 37.0236 61.1459 4.5
      vertex 37.1016 59.6315 4.5
      vertex 37.523 61.0208 4.5
    endloop
  endfacet
  facet normal 0 0 1
    outer loop
      vertex 37.0236 61.1459 4.5
      vertex 36.7404 59.722 4.5
      vertex 37.1016 59.6315 4.5
    endloop
  endfacet
  facet normal 0 0 1
    outer loop
      vertex 36.5143 61.2214 4.5
      vertex 36.7404 59.722 4.5
      vertex 37.0236 61.1459 4.5
    endloop
  endfacet
  facet normal 0 0 1
    outer loop
      vertex 36.5143 61.2214 4.5
      vertex 36.3719 59.7767 4.5
      vertex 36.7404 59.722 4.5
    endloop
  endfacet
  facet normal 0 0 1
    outer loop
      vertex 35.9324 61.25 4.5
      vertex 36.3719 59.7767 4.5
      vertex 36.5143 61.2214 4.5
    endloop
  endfacet
  facet normal 0 0 1
    outer loop
      vertex 35.9324 61.25 4.5
      vertex 35.8967 59.8 4.5
      vertex 36.3719 59.7767 4.5
    endloop
  endfacet
  facet normal 0 0 1
    outer loop
      vertex 35.9324 61.25 4.5
      vertex -35.8967 59.8 4.5
      vertex 35.8967 59.8 4.5
    endloop
  endfacet
  facet normal -0 0 1
    outer loop
      vertex -35.9324 61.25 4.5
      vertex -35.8967 59.8 4.5
      vertex 35.9324 61.25 4.5
    endloop
  endfacet
  facet normal 0 0 1
    outer loop
      vertex -35.9324 61.25 4.5
      vertex -36.3719 59.7767 4.5
      vertex -35.8967 59.8 4.5
    endloop
  endfacet
  facet normal -0 0 1
    outer loop
      vertex -36.5143 61.2214 4.5
      vertex -36.3719 59.7767 4.5
      vertex -35.9324 61.25 4.5
    endloop
  endfacet
  facet normal 0 0 1
    outer loop
      vertex -36.5143 61.2214 4.5
      vertex -36.7404 59.722 4.5
      vertex -36.3719 59.7767 4.5
    endloop
  endfacet
  facet normal -0 0 1
    outer loop
      vertex -37.0236 61.1459 4.5
      vertex -36.7404 59.722 4.5
      vertex -36.5143 61.2214 4.5
    endloop
  endfacet
  facet normal 0 0 1
    outer loop
      vertex -37.0236 61.1459 4.5
      vertex -37.1016 59.6315 4.5
      vertex -36.7404 59.722 4.5
    endloop
  endfacet
  facet normal -0 0 1
    outer loop
      vertex -37.523 61.0208 4.5
      vertex -37.1016 59.6315 4.5
      vertex -37.0236 61.1459 4.5
    endloop
  endfacet
  facet normal 0 0 1
    outer loop
      vertex -37.1016 59.6315 4.5
      vertex -37.523 61.0208 4.5
      vertex -37.4522 59.5061 4.5
    endloop
  endfacet
  facet normal -0 0 1
    outer loop
      vertex -38.0077 60.8473 4.5
      vertex -37.4522 59.5061 4.5
      vertex -37.523 61.0208 4.5
    endloop
  endfacet
  facet normal 0 0 1
    outer loop
      vertex -37.4522 59.5061 4.5
      vertex -38.0077 60.8473 4.5
      vertex -37.7889 59.3468 4.5
    endloop
  endfacet
  facet normal -0 0 1
    outer loop
      vertex -38.4734 60.6271 4.5
      vertex -37.7889 59.3468 4.5
      vertex -38.0077 60.8473 4.5
    endloop
  endfacet
  facet normal 0 0 1
    outer loop
      vertex -37.7889 59.3468 4.5
      vertex -38.4734 60.6271 4.5
      vertex -38.1084 59.1553 4.5
    endloop
  endfacet
  facet normal -0 0 1
    outer loop
      vertex -38.9149 60.3625 4.5
      vertex -38.1084 59.1553 4.5
      vertex -38.4734 60.6271 4.5
    endloop
  endfacet
  facet normal 0 0 1
    outer loop
      vertex -38.1084 59.1553 4.5
      vertex -38.9149 60.3625 4.5
      vertex -38.4075 58.9335 4.5
    endloop
  endfacet
  facet normal -0 0 1
    outer loop
      vertex -39.3284 60.0558 4.5
      vertex -38.4075 58.9335 4.5
      vertex -38.9149 60.3625 4.5
    endloop
  endfacet
  facet normal 0 0 1
    outer loop
      vertex -38.4075 58.9335 4.5
      vertex -39.3284 60.0558 4.5
      vertex -38.6834 58.6834 4.5
    endloop
  endfacet
  facet normal -0 0 1
    outer loop
      vertex -39.7099 59.7099 4.5
      vertex -38.6834 58.6834 4.5
      vertex -39.3284 60.0558 4.5
    endloop
  endfacet
  facet normal 0 0 1
    outer loop
      vertex -38.6834 58.6834 4.5
      vertex -39.7099 59.7099 4.5
      vertex -38.9335 58.4075 4.5
    endloop
  endfacet
  facet normal -0 0 1
    outer loop
      vertex -40.0558 59.3284 4.5
      vertex -38.9335 58.4075 4.5
      vertex -39.7099 59.7099 4.5
    endloop
  endfacet
  facet normal 0 0 1
    outer loop
      vertex -38.9335 58.4075 4.5
      vertex -40.0558 59.3284 4.5
      vertex -39.1553 58.1084 4.5
    endloop
  endfacet
  facet normal -0 0 1
    outer loop
      vertex -40.3625 58.9149 4.5
      vertex -39.1553 58.1084 4.5
      vertex -40.0558 59.3284 4.5
    endloop
  endfacet
  facet normal 0 0 1
    outer loop
      vertex -39.1553 58.1084 4.5
      vertex -40.3625 58.9149 4.5
      vertex -39.3468 57.7889 4.5
    endloop
  endfacet
  facet normal -0 0 1
    outer loop
      vertex -40.6271 58.4734 4.5
      vertex -39.3468 57.7889 4.5
      vertex -40.3625 58.9149 4.5
    endloop
  endfacet
  facet normal 0 0 1
    outer loop
      vertex -39.3468 57.7889 4.5
      vertex -40.6271 58.4734 4.5
      vertex -39.5061 57.4522 4.5
    endloop
  endfacet
  facet normal -0 0 1
    outer loop
      vertex -40.8473 58.0077 4.5
      vertex -39.5061 57.4522 4.5
      vertex -40.6271 58.4734 4.5
    endloop
  endfacet
  facet normal -0 0 1
    outer loop
      vertex -41.0208 57.523 4.5
      vertex -39.6315 57.1016 4.5
      vertex -40.8473 58.0077 4.5
    endloop
  endfacet
  facet normal 0 0 1
    outer loop
      vertex -39.5061 57.4522 4.5
      vertex -40.8473 58.0077 4.5
      vertex -39.6315 57.1016 4.5
    endloop
  endfacet
  facet normal 0 0 1
    outer loop
      vertex 41.0208 -57.523 4.5
      vertex 39.6315 -57.1016 4.5
      vertex 40.8473 -58.0077 4.5
    endloop
  endfacet
  facet normal -0 0 1
    outer loop
      vertex 39.5061 -57.4522 4.5
      vertex 40.8473 -58.0077 4.5
      vertex 39.6315 -57.1016 4.5
    endloop
  endfacet
  facet normal 0 0 1
    outer loop
      vertex 40.8473 -58.0077 4.5
      vertex 39.5061 -57.4522 4.5
      vertex 40.6271 -58.4734 4.5
    endloop
  endfacet
  facet normal -0 0 1
    outer loop
      vertex 39.3468 -57.7889 4.5
      vertex 40.6271 -58.4734 4.5
      vertex 39.5061 -57.4522 4.5
    endloop
  endfacet
  facet normal 0 0 1
    outer loop
      vertex 40.6271 -58.4734 4.5
      vertex 39.3468 -57.7889 4.5
      vertex 40.3625 -58.9149 4.5
    endloop
  endfacet
  facet normal -0 0 1
    outer loop
      vertex 39.1553 -58.1084 4.5
      vertex 40.3625 -58.9149 4.5
      vertex 39.3468 -57.7889 4.5
    endloop
  endfacet
  facet normal 0 0 1
    outer loop
      vertex 40.3625 -58.9149 4.5
      vertex 39.1553 -58.1084 4.5
      vertex 40.0558 -59.3284 4.5
    endloop
  endfacet
  facet normal -0 0 1
    outer loop
      vertex 38.9335 -58.4075 4.5
      vertex 40.0558 -59.3284 4.5
      vertex 39.1553 -58.1084 4.5
    endloop
  endfacet
  facet normal 0 0 1
    outer loop
      vertex 40.0558 -59.3284 4.5
      vertex 38.9335 -58.4075 4.5
      vertex 39.7099 -59.7099 4.5
    endloop
  endfacet
  facet normal -0 0 1
    outer loop
      vertex 38.6834 -58.6834 4.5
      vertex 39.7099 -59.7099 4.5
      vertex 38.9335 -58.4075 4.5
    endloop
  endfacet
  facet normal 0 0 1
    outer loop
      vertex 39.7099 -59.7099 4.5
      vertex 38.6834 -58.6834 4.5
      vertex 39.3284 -60.0558 4.5
    endloop
  endfacet
  facet normal -0 0 1
    outer loop
      vertex 38.4075 -58.9335 4.5
      vertex 39.3284 -60.0558 4.5
      vertex 38.6834 -58.6834 4.5
    endloop
  endfacet
  facet normal 0 0 1
    outer loop
      vertex 39.3284 -60.0558 4.5
      vertex 38.4075 -58.9335 4.5
      vertex 38.9149 -60.3625 4.5
    endloop
  endfacet
  facet normal -0 0 1
    outer loop
      vertex 38.1084 -59.1553 4.5
      vertex 38.9149 -60.3625 4.5
      vertex 38.4075 -58.9335 4.5
    endloop
  endfacet
  facet normal 0 0 1
    outer loop
      vertex 38.9149 -60.3625 4.5
      vertex 38.1084 -59.1553 4.5
      vertex 38.4734 -60.6271 4.5
    endloop
  endfacet
  facet normal -0 0 1
    outer loop
      vertex 37.7889 -59.3468 4.5
      vertex 38.4734 -60.6271 4.5
      vertex 38.1084 -59.1553 4.5
    endloop
  endfacet
  facet normal 0 0 1
    outer loop
      vertex 38.4734 -60.6271 4.5
      vertex 37.7889 -59.3468 4.5
      vertex 38.0077 -60.8473 4.5
    endloop
  endfacet
  facet normal -0 0 1
    outer loop
      vertex 37.4522 -59.5061 4.5
      vertex 38.0077 -60.8473 4.5
      vertex 37.7889 -59.3468 4.5
    endloop
  endfacet
  facet normal 0 0 1
    outer loop
      vertex 38.0077 -60.8473 4.5
      vertex 37.4522 -59.5061 4.5
      vertex 37.523 -61.0208 4.5
    endloop
  endfacet
  facet normal -0 0 1
    outer loop
      vertex 37.1016 -59.6315 4.5
      vertex 37.523 -61.0208 4.5
      vertex 37.4522 -59.5061 4.5
    endloop
  endfacet
  facet normal 0 0 1
    outer loop
      vertex 37.1016 -59.6315 4.5
      vertex 37.0236 -61.1459 4.5
      vertex 37.523 -61.0208 4.5
    endloop
  endfacet
  facet normal -0 0 1
    outer loop
      vertex 36.7404 -59.722 4.5
      vertex 37.0236 -61.1459 4.5
      vertex 37.1016 -59.6315 4.5
    endloop
  endfacet
  facet normal 0 0 1
    outer loop
      vertex 36.7404 -59.722 4.5
      vertex 36.5143 -61.2214 4.5
      vertex 37.0236 -61.1459 4.5
    endloop
  endfacet
  facet normal -0 0 1
    outer loop
      vertex 36.3719 -59.7767 4.5
      vertex 36.5143 -61.2214 4.5
      vertex 36.7404 -59.722 4.5
    endloop
  endfacet
  facet normal 0 0 1
    outer loop
      vertex 36.3719 -59.7767 4.5
      vertex 35.9324 -61.25 4.5
      vertex 36.5143 -61.2214 4.5
    endloop
  endfacet
  facet normal -0 0 1
    outer loop
      vertex 35.8967 -59.8 4.5
      vertex 35.9324 -61.25 4.5
      vertex 36.3719 -59.7767 4.5
    endloop
  endfacet
  facet normal -0 0 1
    outer loop
      vertex -35.8967 -59.8 4.5
      vertex 35.9324 -61.25 4.5
      vertex 35.8967 -59.8 4.5
    endloop
  endfacet
  facet normal 0 0 1
    outer loop
      vertex -35.8967 -59.8 4.5
      vertex -35.9324 -61.25 4.5
      vertex 35.9324 -61.25 4.5
    endloop
  endfacet
  facet normal 0 0 1
    outer loop
      vertex -36.3719 -59.7767 4.5
      vertex -35.9324 -61.25 4.5
      vertex -35.8967 -59.8 4.5
    endloop
  endfacet
  facet normal 0 0 1
    outer loop
      vertex -36.3719 -59.7767 4.5
      vertex -36.5143 -61.2214 4.5
      vertex -35.9324 -61.25 4.5
    endloop
  endfacet
  facet normal 0 0 1
    outer loop
      vertex -36.7404 -59.722 4.5
      vertex -36.5143 -61.2214 4.5
      vertex -36.3719 -59.7767 4.5
    endloop
  endfacet
  facet normal 0 0 1
    outer loop
      vertex -36.7404 -59.722 4.5
      vertex -37.0236 -61.1459 4.5
      vertex -36.5143 -61.2214 4.5
    endloop
  endfacet
  facet normal 0 0 1
    outer loop
      vertex -37.1016 -59.6315 4.5
      vertex -37.0236 -61.1459 4.5
      vertex -36.7404 -59.722 4.5
    endloop
  endfacet
  facet normal 0 0 1
    outer loop
      vertex -37.523 -61.0208 4.5
      vertex -37.1016 -59.6315 4.5
      vertex -37.4522 -59.5061 4.5
    endloop
  endfacet
  facet normal 0 0 1
    outer loop
      vertex -37.1016 -59.6315 4.5
      vertex -37.523 -61.0208 4.5
      vertex -37.0236 -61.1459 4.5
    endloop
  endfacet
  facet normal 0 0 1
    outer loop
      vertex -38.0077 -60.8473 4.5
      vertex -37.4522 -59.5061 4.5
      vertex -37.7889 -59.3468 4.5
    endloop
  endfacet
  facet normal 0 0 1
    outer loop
      vertex -37.4522 -59.5061 4.5
      vertex -38.0077 -60.8473 4.5
      vertex -37.523 -61.0208 4.5
    endloop
  endfacet
  facet normal 0 0 1
    outer loop
      vertex -38.4734 -60.6271 4.5
      vertex -37.7889 -59.3468 4.5
      vertex -38.1084 -59.1553 4.5
    endloop
  endfacet
  facet normal 0 0 1
    outer loop
      vertex -38.9149 -60.3625 4.5
      vertex -38.1084 -59.1553 4.5
      vertex -38.4075 -58.9335 4.5
    endloop
  endfacet
  facet normal 0 0 1
    outer loop
      vertex -37.7889 -59.3468 4.5
      vertex -38.4734 -60.6271 4.5
      vertex -38.0077 -60.8473 4.5
    endloop
  endfacet
  facet normal 0 0 1
    outer loop
      vertex -39.3284 -60.0558 4.5
      vertex -38.4075 -58.9335 4.5
      vertex -38.6834 -58.6834 4.5
    endloop
  endfacet
  facet normal 0 0 1
    outer loop
      vertex -38.1084 -59.1553 4.5
      vertex -38.9149 -60.3625 4.5
      vertex -38.4734 -60.6271 4.5
    endloop
  endfacet
  facet normal 0 0 1
    outer loop
      vertex -39.7099 -59.7099 4.5
      vertex -38.6834 -58.6834 4.5
      vertex -38.9335 -58.4075 4.5
    endloop
  endfacet
  facet normal 0 0 1
    outer loop
      vertex -40.0558 -59.3284 4.5
      vertex -38.9335 -58.4075 4.5
      vertex -39.1553 -58.1084 4.5
    endloop
  endfacet
  facet normal 0 0 1
    outer loop
      vertex -38.4075 -58.9335 4.5
      vertex -39.3284 -60.0558 4.5
      vertex -38.9149 -60.3625 4.5
    endloop
  endfacet
  facet normal 0 0 1
    outer loop
      vertex -40.3625 -58.9149 4.5
      vertex -39.1553 -58.1084 4.5
      vertex -39.3468 -57.7889 4.5
    endloop
  endfacet
  facet normal 0 0 1
    outer loop
      vertex -40.6271 -58.4734 4.5
      vertex -39.3468 -57.7889 4.5
      vertex -39.5061 -57.4522 4.5
    endloop
  endfacet
  facet normal 0 0 1
    outer loop
      vertex -40.8473 -58.0077 4.5
      vertex -39.5061 -57.4522 4.5
      vertex -39.6315 -57.1016 4.5
    endloop
  endfacet
  facet normal 0 0 1
    outer loop
      vertex -38.6834 -58.6834 4.5
      vertex -39.7099 -59.7099 4.5
      vertex -39.3284 -60.0558 4.5
    endloop
  endfacet
  facet normal 0 0 1
    outer loop
      vertex -41.0208 -57.523 4.5
      vertex -39.6315 -57.1016 4.5
      vertex -39.722 -56.7404 4.5
    endloop
  endfacet
  facet normal 0 0 1
    outer loop
      vertex -41.1459 -57.0236 4.5
      vertex -39.722 -56.7404 4.5
      vertex -39.7767 -56.3719 4.5
    endloop
  endfacet
  facet normal -0 0 1
    outer loop
      vertex -41.25 -55.9324 4.5
      vertex -39.7767 -56.3719 4.5
      vertex -39.8 -55.8967 4.5
    endloop
  endfacet
  facet normal 0 0 1
    outer loop
      vertex -38.9335 -58.4075 4.5
      vertex -40.0558 -59.3284 4.5
      vertex -39.7099 -59.7099 4.5
    endloop
  endfacet
  facet normal 0 0 1
    outer loop
      vertex -39.8 55.8967 4.5
      vertex -41.25 55.9324 4.5
      vertex -39.8 -55.8967 4.5
    endloop
  endfacet
  facet normal 0 0 1
    outer loop
      vertex -39.6315 57.1016 4.5
      vertex -41.0208 57.523 4.5
      vertex -39.722 56.7404 4.5
    endloop
  endfacet
  facet normal 0 0 1
    outer loop
      vertex -41.25 -55.9324 4.5
      vertex -39.8 -55.8967 4.5
      vertex -41.25 55.9324 4.5
    endloop
  endfacet
  facet normal -0 0 1
    outer loop
      vertex -41.1459 57.0236 4.5
      vertex -39.722 56.7404 4.5
      vertex -41.0208 57.523 4.5
    endloop
  endfacet
  facet normal 0 0 1
    outer loop
      vertex -39.7767 -56.3719 4.5
      vertex -41.25 -55.9324 4.5
      vertex -41.2214 -56.5143 4.5
    endloop
  endfacet
  facet normal 0 0 1
    outer loop
      vertex -39.722 56.7404 4.5
      vertex -41.1459 57.0236 4.5
      vertex -39.7767 56.3719 4.5
    endloop
  endfacet
  facet normal 0 0 1
    outer loop
      vertex -39.1553 -58.1084 4.5
      vertex -40.3625 -58.9149 4.5
      vertex -40.0558 -59.3284 4.5
    endloop
  endfacet
  facet normal -0 0 1
    outer loop
      vertex -41.2214 56.5143 4.5
      vertex -39.7767 56.3719 4.5
      vertex -41.1459 57.0236 4.5
    endloop
  endfacet
  facet normal 0 0 1
    outer loop
      vertex -39.3468 -57.7889 4.5
      vertex -40.6271 -58.4734 4.5
      vertex -40.3625 -58.9149 4.5
    endloop
  endfacet
  facet normal 0 0 1
    outer loop
      vertex -41.25 55.9324 4.5
      vertex -39.7767 56.3719 4.5
      vertex -41.2214 56.5143 4.5
    endloop
  endfacet
  facet normal 0 0 1
    outer loop
      vertex -39.5061 -57.4522 4.5
      vertex -40.8473 -58.0077 4.5
      vertex -40.6271 -58.4734 4.5
    endloop
  endfacet
  facet normal 0 0 1
    outer loop
      vertex -39.7767 56.3719 4.5
      vertex -41.25 55.9324 4.5
      vertex -39.8 55.8967 4.5
    endloop
  endfacet
  facet normal 0 0 1
    outer loop
      vertex -39.6315 -57.1016 4.5
      vertex -41.0208 -57.523 4.5
      vertex -40.8473 -58.0077 4.5
    endloop
  endfacet
  facet normal 0 0 1
    outer loop
      vertex -39.722 -56.7404 4.5
      vertex -41.1459 -57.0236 4.5
      vertex -41.0208 -57.523 4.5
    endloop
  endfacet
  facet normal 0 0 1
    outer loop
      vertex -39.7767 -56.3719 4.5
      vertex -41.2214 -56.5143 4.5
      vertex -41.1459 -57.0236 4.5
    endloop
  endfacet
  facet normal 0.14664 -0.98919 0
    outer loop
      vertex 36.5143 -61.2214 3
      vertex 37.0236 -61.1459 4.5
      vertex 36.5143 -61.2214 4.5
    endloop
  endfacet
  facet normal 0.14664 -0.98919 0
    outer loop
      vertex 37.0236 -61.1459 4.5
      vertex 36.5143 -61.2214 3
      vertex 37.0236 -61.1459 3
    endloop
  endfacet
  facet normal 0.242993 -0.970028 0
    outer loop
      vertex 37.0236 -61.1459 3
      vertex 37.523 -61.0208 4.5
      vertex 37.0236 -61.1459 4.5
    endloop
  endfacet
  facet normal 0.242993 -0.970028 0
    outer loop
      vertex 37.523 -61.0208 4.5
      vertex 37.0236 -61.1459 3
      vertex 37.523 -61.0208 3
    endloop
  endfacet
  facet normal 0.337013 -0.9415 0
    outer loop
      vertex 37.523 -61.0208 3
      vertex 38.0077 -60.8473 4.5
      vertex 37.523 -61.0208 4.5
    endloop
  endfacet
  facet normal 0.337013 -0.9415 0
    outer loop
      vertex 38.0077 -60.8473 4.5
      vertex 37.523 -61.0208 3
      vertex 38.0077 -60.8473 3
    endloop
  endfacet
  facet normal 0.42746 -0.904034 0
    outer loop
      vertex 38.0077 -60.8473 3
      vertex 38.4734 -60.6271 4.5
      vertex 38.0077 -60.8473 4.5
    endloop
  endfacet
  facet normal 0.42746 -0.904034 0
    outer loop
      vertex 38.4734 -60.6271 4.5
      vertex 38.0077 -60.8473 3
      vertex 38.4734 -60.6271 3
    endloop
  endfacet
  facet normal 0.514067 -0.85775 0
    outer loop
      vertex 38.4734 -60.6271 3
      vertex 38.9149 -60.3625 4.5
      vertex 38.4734 -60.6271 4.5
    endloop
  endfacet
  facet normal 0.514067 -0.85775 0
    outer loop
      vertex 38.9149 -60.3625 4.5
      vertex 38.4734 -60.6271 3
      vertex 38.9149 -60.3625 3
    endloop
  endfacet
  facet normal 0.595734 -0.803182 0
    outer loop
      vertex 38.9149 -60.3625 3
      vertex 39.3284 -60.0558 4.5
      vertex 38.9149 -60.3625 4.5
    endloop
  endfacet
  facet normal 0.595734 -0.803182 0
    outer loop
      vertex 39.3284 -60.0558 4.5
      vertex 38.9149 -60.3625 3
      vertex 39.3284 -60.0558 3
    endloop
  endfacet
  facet normal 0.671696 -0.740827 0
    outer loop
      vertex 39.3284 -60.0558 3
      vertex 39.7099 -59.7099 4.5
      vertex 39.3284 -60.0558 4.5
    endloop
  endfacet
  facet normal 0.671696 -0.740827 0
    outer loop
      vertex 39.7099 -59.7099 4.5
      vertex 39.3284 -60.0558 3
      vertex 39.7099 -59.7099 3
    endloop
  endfacet
  facet normal 0.740827 -0.671696 0
    outer loop
      vertex 39.7099 -59.7099 4.5
      vertex 40.0558 -59.3284 3
      vertex 40.0558 -59.3284 4.5
    endloop
  endfacet
  facet normal 0.740827 -0.671696 0
    outer loop
      vertex 40.0558 -59.3284 3
      vertex 39.7099 -59.7099 4.5
      vertex 39.7099 -59.7099 3
    endloop
  endfacet
  facet normal 0.803182 -0.595734 0
    outer loop
      vertex 40.0558 -59.3284 4.5
      vertex 40.3625 -58.9149 3
      vertex 40.3625 -58.9149 4.5
    endloop
  endfacet
  facet normal 0.803182 -0.595734 0
    outer loop
      vertex 40.3625 -58.9149 3
      vertex 40.0558 -59.3284 4.5
      vertex 40.0558 -59.3284 3
    endloop
  endfacet
  facet normal 0.85775 -0.514067 0
    outer loop
      vertex 40.3625 -58.9149 4.5
      vertex 40.6271 -58.4734 3
      vertex 40.6271 -58.4734 4.5
    endloop
  endfacet
  facet normal 0.85775 -0.514067 0
    outer loop
      vertex 40.6271 -58.4734 3
      vertex 40.3625 -58.9149 4.5
      vertex 40.3625 -58.9149 3
    endloop
  endfacet
  facet normal 0.904034 -0.42746 0
    outer loop
      vertex 40.6271 -58.4734 4.5
      vertex 40.8473 -58.0077 3
      vertex 40.8473 -58.0077 4.5
    endloop
  endfacet
  facet normal 0.904034 -0.42746 0
    outer loop
      vertex 40.8473 -58.0077 3
      vertex 40.6271 -58.4734 4.5
      vertex 40.6271 -58.4734 3
    endloop
  endfacet
  facet normal 0.9415 -0.337013 0
    outer loop
      vertex 40.8473 -58.0077 4.5
      vertex 41.0208 -57.523 3
      vertex 41.0208 -57.523 4.5
    endloop
  endfacet
  facet normal 0.9415 -0.337013 0
    outer loop
      vertex 41.0208 -57.523 3
      vertex 40.8473 -58.0077 4.5
      vertex 40.8473 -58.0077 3
    endloop
  endfacet
  facet normal 0.970028 -0.242993 0
    outer loop
      vertex 41.0208 -57.523 4.5
      vertex 41.1459 -57.0236 3
      vertex 41.1459 -57.0236 4.5
    endloop
  endfacet
  facet normal 0.970028 -0.242993 0
    outer loop
      vertex 41.1459 -57.0236 3
      vertex 41.0208 -57.523 4.5
      vertex 41.0208 -57.523 3
    endloop
  endfacet
  facet normal 0.98919 -0.14664 0
    outer loop
      vertex 41.1459 -57.0236 4.5
      vertex 41.2214 -56.5143 3
      vertex 41.2214 -56.5143 4.5
    endloop
  endfacet
  facet normal 0.98919 -0.14664 0
    outer loop
      vertex 41.2214 -56.5143 3
      vertex 41.1459 -57.0236 4.5
      vertex 41.1459 -57.0236 3
    endloop
  endfacet
  facet normal 0.998794 -0.0490901 0
    outer loop
      vertex 41.2214 -56.5143 4.5
      vertex 41.25 -55.9324 3
      vertex 41.25 -55.9324 4.5
    endloop
  endfacet
  facet normal 0.998794 -0.0490901 0
    outer loop
      vertex 41.25 -55.9324 3
      vertex 41.2214 -56.5143 4.5
      vertex 41.2214 -56.5143 3
    endloop
  endfacet
  facet normal 1 -0 0
    outer loop
      vertex 41.25 -55.9324 4.5
      vertex 41.25 55.9324 3
      vertex 41.25 55.9324 4.5
    endloop
  endfacet
  facet normal 1 0 0
    outer loop
      vertex 41.25 55.9324 3
      vertex 41.25 -55.9324 4.5
      vertex 41.25 -55.9324 3
    endloop
  endfacet
  facet normal 0.998794 0.0490901 0
    outer loop
      vertex 41.25 55.9324 4.5
      vertex 41.2214 56.5143 3
      vertex 41.2214 56.5143 4.5
    endloop
  endfacet
  facet normal 0.998794 0.0490901 0
    outer loop
      vertex 41.2214 56.5143 3
      vertex 41.25 55.9324 4.5
      vertex 41.25 55.9324 3
    endloop
  endfacet
  facet normal 0.98919 0.14664 0
    outer loop
      vertex 41.2214 56.5143 4.5
      vertex 41.1459 57.0236 3
      vertex 41.1459 57.0236 4.5
    endloop
  endfacet
  facet normal 0.98919 0.14664 0
    outer loop
      vertex 41.1459 57.0236 3
      vertex 41.2214 56.5143 4.5
      vertex 41.2214 56.5143 3
    endloop
  endfacet
  facet normal 0.970028 0.242993 0
    outer loop
      vertex 41.1459 57.0236 4.5
      vertex 41.0208 57.523 3
      vertex 41.0208 57.523 4.5
    endloop
  endfacet
  facet normal 0.970028 0.242993 0
    outer loop
      vertex 41.0208 57.523 3
      vertex 41.1459 57.0236 4.5
      vertex 41.1459 57.0236 3
    endloop
  endfacet
  facet normal 0.9415 0.337013 0
    outer loop
      vertex 41.0208 57.523 4.5
      vertex 40.8473 58.0077 3
      vertex 40.8473 58.0077 4.5
    endloop
  endfacet
  facet normal 0.9415 0.337013 0
    outer loop
      vertex 40.8473 58.0077 3
      vertex 41.0208 57.523 4.5
      vertex 41.0208 57.523 3
    endloop
  endfacet
  facet normal 0.904034 0.42746 0
    outer loop
      vertex 40.8473 58.0077 4.5
      vertex 40.6271 58.4734 3
      vertex 40.6271 58.4734 4.5
    endloop
  endfacet
  facet normal 0.904034 0.42746 0
    outer loop
      vertex 40.6271 58.4734 3
      vertex 40.8473 58.0077 4.5
      vertex 40.8473 58.0077 3
    endloop
  endfacet
  facet normal 0.85775 0.514067 0
    outer loop
      vertex 40.6271 58.4734 4.5
      vertex 40.3625 58.9149 3
      vertex 40.3625 58.9149 4.5
    endloop
  endfacet
  facet normal 0.85775 0.514067 0
    outer loop
      vertex 40.3625 58.9149 3
      vertex 40.6271 58.4734 4.5
      vertex 40.6271 58.4734 3
    endloop
  endfacet
  facet normal 0.803182 0.595734 0
    outer loop
      vertex 40.3625 58.9149 4.5
      vertex 40.0558 59.3284 3
      vertex 40.0558 59.3284 4.5
    endloop
  endfacet
  facet normal 0.803182 0.595734 0
    outer loop
      vertex 40.0558 59.3284 3
      vertex 40.3625 58.9149 4.5
      vertex 40.3625 58.9149 3
    endloop
  endfacet
  facet normal 0.740827 0.671696 0
    outer loop
      vertex 40.0558 59.3284 4.5
      vertex 39.7099 59.7099 3
      vertex 39.7099 59.7099 4.5
    endloop
  endfacet
  facet normal 0.740827 0.671696 0
    outer loop
      vertex 39.7099 59.7099 3
      vertex 40.0558 59.3284 4.5
      vertex 40.0558 59.3284 3
    endloop
  endfacet
  facet normal 0.671696 0.740827 -0
    outer loop
      vertex 39.7099 59.7099 3
      vertex 39.3284 60.0558 4.5
      vertex 39.7099 59.7099 4.5
    endloop
  endfacet
  facet normal 0.671696 0.740827 0
    outer loop
      vertex 39.3284 60.0558 4.5
      vertex 39.7099 59.7099 3
      vertex 39.3284 60.0558 3
    endloop
  endfacet
  facet normal 0.595734 0.803182 -0
    outer loop
      vertex 39.3284 60.0558 3
      vertex 38.9149 60.3625 4.5
      vertex 39.3284 60.0558 4.5
    endloop
  endfacet
  facet normal 0.595734 0.803182 0
    outer loop
      vertex 38.9149 60.3625 4.5
      vertex 39.3284 60.0558 3
      vertex 38.9149 60.3625 3
    endloop
  endfacet
  facet normal 0.514067 0.85775 -0
    outer loop
      vertex 38.9149 60.3625 3
      vertex 38.4734 60.6271 4.5
      vertex 38.9149 60.3625 4.5
    endloop
  endfacet
  facet normal 0.514067 0.85775 0
    outer loop
      vertex 38.4734 60.6271 4.5
      vertex 38.9149 60.3625 3
      vertex 38.4734 60.6271 3
    endloop
  endfacet
  facet normal 0.42746 0.904034 -0
    outer loop
      vertex 38.4734 60.6271 3
      vertex 38.0077 60.8473 4.5
      vertex 38.4734 60.6271 4.5
    endloop
  endfacet
  facet normal 0.42746 0.904034 0
    outer loop
      vertex 38.0077 60.8473 4.5
      vertex 38.4734 60.6271 3
      vertex 38.0077 60.8473 3
    endloop
  endfacet
  facet normal 0.337013 0.9415 -0
    outer loop
      vertex 38.0077 60.8473 3
      vertex 37.523 61.0208 4.5
      vertex 38.0077 60.8473 4.5
    endloop
  endfacet
  facet normal 0.337013 0.9415 0
    outer loop
      vertex 37.523 61.0208 4.5
      vertex 38.0077 60.8473 3
      vertex 37.523 61.0208 3
    endloop
  endfacet
  facet normal 0.242993 0.970028 -0
    outer loop
      vertex 37.523 61.0208 3
      vertex 37.0236 61.1459 4.5
      vertex 37.523 61.0208 4.5
    endloop
  endfacet
  facet normal 0.242993 0.970028 0
    outer loop
      vertex 37.0236 61.1459 4.5
      vertex 37.523 61.0208 3
      vertex 37.0236 61.1459 3
    endloop
  endfacet
  facet normal 0.14664 0.98919 -0
    outer loop
      vertex 37.0236 61.1459 3
      vertex 36.5143 61.2214 4.5
      vertex 37.0236 61.1459 4.5
    endloop
  endfacet
  facet normal 0.14664 0.98919 0
    outer loop
      vertex 36.5143 61.2214 4.5
      vertex 37.0236 61.1459 3
      vertex 36.5143 61.2214 3
    endloop
  endfacet
  facet normal 0.0490901 0.998794 -0
    outer loop
      vertex 36.5143 61.2214 3
      vertex 35.9324 61.25 4.5
      vertex 36.5143 61.2214 4.5
    endloop
  endfacet
  facet normal 0.0490901 0.998794 0
    outer loop
      vertex 35.9324 61.25 4.5
      vertex 36.5143 61.2214 3
      vertex 35.9324 61.25 3
    endloop
  endfacet
  facet normal 0 1 -0
    outer loop
      vertex 35.9324 61.25 3
      vertex -35.9324 61.25 4.5
      vertex 35.9324 61.25 4.5
    endloop
  endfacet
  facet normal 0 1 0
    outer loop
      vertex -35.9324 61.25 4.5
      vertex 35.9324 61.25 3
      vertex -35.9324 61.25 3
    endloop
  endfacet
  facet normal -0.0490901 0.998794 0
    outer loop
      vertex -35.9324 61.25 3
      vertex -36.5143 61.2214 4.5
      vertex -35.9324 61.25 4.5
    endloop
  endfacet
  facet normal -0.0490901 0.998794 0
    outer loop
      vertex -36.5143 61.2214 4.5
      vertex -35.9324 61.25 3
      vertex -36.5143 61.2214 3
    endloop
  endfacet
  facet normal -0.14664 0.98919 0
    outer loop
      vertex -36.5143 61.2214 3
      vertex -37.0236 61.1459 4.5
      vertex -36.5143 61.2214 4.5
    endloop
  endfacet
  facet normal -0.14664 0.98919 0
    outer loop
      vertex -37.0236 61.1459 4.5
      vertex -36.5143 61.2214 3
      vertex -37.0236 61.1459 3
    endloop
  endfacet
  facet normal -0.242993 0.970028 0
    outer loop
      vertex -37.0236 61.1459 3
      vertex -37.523 61.0208 4.5
      vertex -37.0236 61.1459 4.5
    endloop
  endfacet
  facet normal -0.242993 0.970028 0
    outer loop
      vertex -37.523 61.0208 4.5
      vertex -37.0236 61.1459 3
      vertex -37.523 61.0208 3
    endloop
  endfacet
  facet normal -0.337013 0.9415 0
    outer loop
      vertex -37.523 61.0208 3
      vertex -38.0077 60.8473 4.5
      vertex -37.523 61.0208 4.5
    endloop
  endfacet
  facet normal -0.337013 0.9415 0
    outer loop
      vertex -38.0077 60.8473 4.5
      vertex -37.523 61.0208 3
      vertex -38.0077 60.8473 3
    endloop
  endfacet
  facet normal -0.42746 0.904034 0
    outer loop
      vertex -38.0077 60.8473 3
      vertex -38.4734 60.6271 4.5
      vertex -38.0077 60.8473 4.5
    endloop
  endfacet
  facet normal -0.42746 0.904034 0
    outer loop
      vertex -38.4734 60.6271 4.5
      vertex -38.0077 60.8473 3
      vertex -38.4734 60.6271 3
    endloop
  endfacet
  facet normal -0.514067 0.85775 0
    outer loop
      vertex -38.4734 60.6271 3
      vertex -38.9149 60.3625 4.5
      vertex -38.4734 60.6271 4.5
    endloop
  endfacet
  facet normal -0.514067 0.85775 0
    outer loop
      vertex -38.9149 60.3625 4.5
      vertex -38.4734 60.6271 3
      vertex -38.9149 60.3625 3
    endloop
  endfacet
  facet normal -0.595734 0.803182 0
    outer loop
      vertex -38.9149 60.3625 3
      vertex -39.3284 60.0558 4.5
      vertex -38.9149 60.3625 4.5
    endloop
  endfacet
  facet normal -0.595734 0.803182 0
    outer loop
      vertex -39.3284 60.0558 4.5
      vertex -38.9149 60.3625 3
      vertex -39.3284 60.0558 3
    endloop
  endfacet
  facet normal -0.671696 0.740827 0
    outer loop
      vertex -39.3284 60.0558 3
      vertex -39.7099 59.7099 4.5
      vertex -39.3284 60.0558 4.5
    endloop
  endfacet
  facet normal -0.671696 0.740827 0
    outer loop
      vertex -39.7099 59.7099 4.5
      vertex -39.3284 60.0558 3
      vertex -39.7099 59.7099 3
    endloop
  endfacet
  facet normal -0.740827 0.671696 0
    outer loop
      vertex -40.0558 59.3284 3
      vertex -39.7099 59.7099 4.5
      vertex -39.7099 59.7099 3
    endloop
  endfacet
  facet normal -0.740827 0.671696 0
    outer loop
      vertex -39.7099 59.7099 4.5
      vertex -40.0558 59.3284 3
      vertex -40.0558 59.3284 4.5
    endloop
  endfacet
  facet normal -0.803182 0.595734 0
    outer loop
      vertex -40.3625 58.9149 3
      vertex -40.0558 59.3284 4.5
      vertex -40.0558 59.3284 3
    endloop
  endfacet
  facet normal -0.803182 0.595734 0
    outer loop
      vertex -40.0558 59.3284 4.5
      vertex -40.3625 58.9149 3
      vertex -40.3625 58.9149 4.5
    endloop
  endfacet
  facet normal -0.85775 0.514067 0
    outer loop
      vertex -40.6271 58.4734 3
      vertex -40.3625 58.9149 4.5
      vertex -40.3625 58.9149 3
    endloop
  endfacet
  facet normal -0.85775 0.514067 0
    outer loop
      vertex -40.3625 58.9149 4.5
      vertex -40.6271 58.4734 3
      vertex -40.6271 58.4734 4.5
    endloop
  endfacet
  facet normal -0.904034 0.42746 0
    outer loop
      vertex -40.8473 58.0077 3
      vertex -40.6271 58.4734 4.5
      vertex -40.6271 58.4734 3
    endloop
  endfacet
  facet normal -0.904034 0.42746 0
    outer loop
      vertex -40.6271 58.4734 4.5
      vertex -40.8473 58.0077 3
      vertex -40.8473 58.0077 4.5
    endloop
  endfacet
  facet normal -0.9415 0.337013 0
    outer loop
      vertex -41.0208 57.523 3
      vertex -40.8473 58.0077 4.5
      vertex -40.8473 58.0077 3
    endloop
  endfacet
  facet normal -0.9415 0.337013 0
    outer loop
      vertex -40.8473 58.0077 4.5
      vertex -41.0208 57.523 3
      vertex -41.0208 57.523 4.5
    endloop
  endfacet
  facet normal -0.970028 0.242993 0
    outer loop
      vertex -41.1459 57.0236 3
      vertex -41.0208 57.523 4.5
      vertex -41.0208 57.523 3
    endloop
  endfacet
  facet normal -0.970028 0.242993 0
    outer loop
      vertex -41.0208 57.523 4.5
      vertex -41.1459 57.0236 3
      vertex -41.1459 57.0236 4.5
    endloop
  endfacet
  facet normal -0.98919 0.14664 0
    outer loop
      vertex -41.2214 56.5143 3
      vertex -41.1459 57.0236 4.5
      vertex -41.1459 57.0236 3
    endloop
  endfacet
  facet normal -0.98919 0.14664 0
    outer loop
      vertex -41.1459 57.0236 4.5
      vertex -41.2214 56.5143 3
      vertex -41.2214 56.5143 4.5
    endloop
  endfacet
  facet normal -0.998794 0.0490901 0
    outer loop
      vertex -41.25 55.9324 3
      vertex -41.2214 56.5143 4.5
      vertex -41.2214 56.5143 3
    endloop
  endfacet
  facet normal -0.998794 0.0490901 0
    outer loop
      vertex -41.2214 56.5143 4.5
      vertex -41.25 55.9324 3
      vertex -41.25 55.9324 4.5
    endloop
  endfacet
  facet normal -1 0 0
    outer loop
      vertex -41.25 -55.9324 3
      vertex -41.25 55.9324 4.5
      vertex -41.25 55.9324 3
    endloop
  endfacet
  facet normal -1 -0 0
    outer loop
      vertex -41.25 55.9324 4.5
      vertex -41.25 -55.9324 3
      vertex -41.25 -55.9324 4.5
    endloop
  endfacet
  facet normal -0.998794 -0.0490901 0
    outer loop
      vertex -41.2214 -56.5143 3
      vertex -41.25 -55.9324 4.5
      vertex -41.25 -55.9324 3
    endloop
  endfacet
  facet normal -0.998794 -0.0490901 0
    outer loop
      vertex -41.25 -55.9324 4.5
      vertex -41.2214 -56.5143 3
      vertex -41.2214 -56.5143 4.5
    endloop
  endfacet
  facet normal -0.98919 -0.14664 0
    outer loop
      vertex -41.1459 -57.0236 3
      vertex -41.2214 -56.5143 4.5
      vertex -41.2214 -56.5143 3
    endloop
  endfacet
  facet normal -0.98919 -0.14664 0
    outer loop
      vertex -41.2214 -56.5143 4.5
      vertex -41.1459 -57.0236 3
      vertex -41.1459 -57.0236 4.5
    endloop
  endfacet
  facet normal -0.970028 -0.242993 0
    outer loop
      vertex -41.0208 -57.523 3
      vertex -41.1459 -57.0236 4.5
      vertex -41.1459 -57.0236 3
    endloop
  endfacet
  facet normal -0.970028 -0.242993 0
    outer loop
      vertex -41.1459 -57.0236 4.5
      vertex -41.0208 -57.523 3
      vertex -41.0208 -57.523 4.5
    endloop
  endfacet
  facet normal -0.9415 -0.337013 0
    outer loop
      vertex -40.8473 -58.0077 3
      vertex -41.0208 -57.523 4.5
      vertex -41.0208 -57.523 3
    endloop
  endfacet
  facet normal -0.9415 -0.337013 0
    outer loop
      vertex -41.0208 -57.523 4.5
      vertex -40.8473 -58.0077 3
      vertex -40.8473 -58.0077 4.5
    endloop
  endfacet
  facet normal -0.904034 -0.42746 0
    outer loop
      vertex -40.6271 -58.4734 3
      vertex -40.8473 -58.0077 4.5
      vertex -40.8473 -58.0077 3
    endloop
  endfacet
  facet normal -0.904034 -0.42746 0
    outer loop
      vertex -40.8473 -58.0077 4.5
      vertex -40.6271 -58.4734 3
      vertex -40.6271 -58.4734 4.5
    endloop
  endfacet
  facet normal -0.85775 -0.514067 0
    outer loop
      vertex -40.3625 -58.9149 3
      vertex -40.6271 -58.4734 4.5
      vertex -40.6271 -58.4734 3
    endloop
  endfacet
  facet normal -0.85775 -0.514067 0
    outer loop
      vertex -40.6271 -58.4734 4.5
      vertex -40.3625 -58.9149 3
      vertex -40.3625 -58.9149 4.5
    endloop
  endfacet
  facet normal -0.803182 -0.595734 0
    outer loop
      vertex -40.0558 -59.3284 3
      vertex -40.3625 -58.9149 4.5
      vertex -40.3625 -58.9149 3
    endloop
  endfacet
  facet normal -0.803182 -0.595734 0
    outer loop
      vertex -40.3625 -58.9149 4.5
      vertex -40.0558 -59.3284 3
      vertex -40.0558 -59.3284 4.5
    endloop
  endfacet
  facet normal -0.740827 -0.671696 0
    outer loop
      vertex -39.7099 -59.7099 3
      vertex -40.0558 -59.3284 4.5
      vertex -40.0558 -59.3284 3
    endloop
  endfacet
  facet normal -0.740827 -0.671696 0
    outer loop
      vertex -40.0558 -59.3284 4.5
      vertex -39.7099 -59.7099 3
      vertex -39.7099 -59.7099 4.5
    endloop
  endfacet
  facet normal -0.671696 -0.740827 0
    outer loop
      vertex -39.7099 -59.7099 3
      vertex -39.3284 -60.0558 4.5
      vertex -39.7099 -59.7099 4.5
    endloop
  endfacet
  facet normal -0.671696 -0.740827 -0
    outer loop
      vertex -39.3284 -60.0558 4.5
      vertex -39.7099 -59.7099 3
      vertex -39.3284 -60.0558 3
    endloop
  endfacet
  facet normal -0.595734 -0.803182 0
    outer loop
      vertex -39.3284 -60.0558 3
      vertex -38.9149 -60.3625 4.5
      vertex -39.3284 -60.0558 4.5
    endloop
  endfacet
  facet normal -0.595734 -0.803182 -0
    outer loop
      vertex -38.9149 -60.3625 4.5
      vertex -39.3284 -60.0558 3
      vertex -38.9149 -60.3625 3
    endloop
  endfacet
  facet normal -0.514067 -0.85775 0
    outer loop
      vertex -38.9149 -60.3625 3
      vertex -38.4734 -60.6271 4.5
      vertex -38.9149 -60.3625 4.5
    endloop
  endfacet
  facet normal -0.514067 -0.85775 -0
    outer loop
      vertex -38.4734 -60.6271 4.5
      vertex -38.9149 -60.3625 3
      vertex -38.4734 -60.6271 3
    endloop
  endfacet
  facet normal -0.42746 -0.904034 0
    outer loop
      vertex -38.4734 -60.6271 3
      vertex -38.0077 -60.8473 4.5
      vertex -38.4734 -60.6271 4.5
    endloop
  endfacet
  facet normal -0.42746 -0.904034 -0
    outer loop
      vertex -38.0077 -60.8473 4.5
      vertex -38.4734 -60.6271 3
      vertex -38.0077 -60.8473 3
    endloop
  endfacet
  facet normal -0.337013 -0.9415 0
    outer loop
      vertex -38.0077 -60.8473 3
      vertex -37.523 -61.0208 4.5
      vertex -38.0077 -60.8473 4.5
    endloop
  endfacet
  facet normal -0.337013 -0.9415 -0
    outer loop
      vertex -37.523 -61.0208 4.5
      vertex -38.0077 -60.8473 3
      vertex -37.523 -61.0208 3
    endloop
  endfacet
  facet normal -0.242993 -0.970028 0
    outer loop
      vertex -37.523 -61.0208 3
      vertex -37.0236 -61.1459 4.5
      vertex -37.523 -61.0208 4.5
    endloop
  endfacet
  facet normal -0.242993 -0.970028 -0
    outer loop
      vertex -37.0236 -61.1459 4.5
      vertex -37.523 -61.0208 3
      vertex -37.0236 -61.1459 3
    endloop
  endfacet
  facet normal -0.14664 -0.98919 0
    outer loop
      vertex -37.0236 -61.1459 3
      vertex -36.5143 -61.2214 4.5
      vertex -37.0236 -61.1459 4.5
    endloop
  endfacet
  facet normal -0.14664 -0.98919 -0
    outer loop
      vertex -36.5143 -61.2214 4.5
      vertex -37.0236 -61.1459 3
      vertex -36.5143 -61.2214 3
    endloop
  endfacet
  facet normal -0.0490901 -0.998794 0
    outer loop
      vertex -36.5143 -61.2214 3
      vertex -35.9324 -61.25 4.5
      vertex -36.5143 -61.2214 4.5
    endloop
  endfacet
  facet normal -0.0490901 -0.998794 -0
    outer loop
      vertex -35.9324 -61.25 4.5
      vertex -36.5143 -61.2214 3
      vertex -35.9324 -61.25 3
    endloop
  endfacet
  facet normal 0 -1 0
    outer loop
      vertex -35.9324 -61.25 3
      vertex 35.9324 -61.25 4.5
      vertex -35.9324 -61.25 4.5
    endloop
  endfacet
  facet normal 0 -1 -0
    outer loop
      vertex 35.9324 -61.25 4.5
      vertex -35.9324 -61.25 3
      vertex 35.9324 -61.25 3
    endloop
  endfacet
  facet normal 0.0490901 -0.998794 0
    outer loop
      vertex 35.9324 -61.25 3
      vertex 36.5143 -61.2214 4.5
      vertex 35.9324 -61.25 4.5
    endloop
  endfacet
  facet normal 0.0490901 -0.998794 0
    outer loop
      vertex 36.5143 -61.2214 4.5
      vertex 35.9324 -61.25 3
      vertex 36.5143 -61.2214 3
    endloop
  endfacet
  facet normal 0.0489732 0.9988 -0
    outer loop
      vertex -35.8967 -59.8 3
      vertex -36.3719 -59.7767 4.5
      vertex -35.8967 -59.8 4.5
    endloop
  endfacet
  facet normal 0.0489732 0.9988 0
    outer loop
      vertex -36.3719 -59.7767 4.5
      vertex -35.8967 -59.8 3
      vertex -36.3719 -59.7767 3
    endloop
  endfacet
  facet normal 0.146831 0.989162 -0
    outer loop
      vertex -36.3719 -59.7767 3
      vertex -36.7404 -59.722 4.5
      vertex -36.3719 -59.7767 4.5
    endloop
  endfacet
  facet normal 0.146831 0.989162 0
    outer loop
      vertex -36.7404 -59.722 4.5
      vertex -36.3719 -59.7767 3
      vertex -36.7404 -59.722 3
    endloop
  endfacet
  facet normal 0.243041 0.970016 -0
    outer loop
      vertex -36.7404 -59.722 3
      vertex -37.1016 -59.6315 4.5
      vertex -36.7404 -59.722 4.5
    endloop
  endfacet
  facet normal 0.243041 0.970016 0
    outer loop
      vertex -37.1016 -59.6315 4.5
      vertex -36.7404 -59.722 3
      vertex -37.1016 -59.6315 3
    endloop
  endfacet
  facet normal 0.336779 0.941584 -0
    outer loop
      vertex -37.1016 -59.6315 3
      vertex -37.4522 -59.5061 4.5
      vertex -37.1016 -59.6315 4.5
    endloop
  endfacet
  facet normal 0.336779 0.941584 0
    outer loop
      vertex -37.4522 -59.5061 4.5
      vertex -37.1016 -59.6315 3
      vertex -37.4522 -59.5061 3
    endloop
  endfacet
  facet normal 0.427671 0.903935 -0
    outer loop
      vertex -37.4522 -59.5061 3
      vertex -37.7889 -59.3468 4.5
      vertex -37.4522 -59.5061 4.5
    endloop
  endfacet
  facet normal 0.427671 0.903935 0
    outer loop
      vertex -37.7889 -59.3468 4.5
      vertex -37.4522 -59.5061 3
      vertex -37.7889 -59.3468 3
    endloop
  endfacet
  facet normal 0.514101 0.85773 -0
    outer loop
      vertex -37.7889 -59.3468 3
      vertex -38.1084 -59.1553 4.5
      vertex -37.7889 -59.3468 4.5
    endloop
  endfacet
  facet normal 0.514101 0.85773 0
    outer loop
      vertex -38.1084 -59.1553 4.5
      vertex -37.7889 -59.3468 3
      vertex -38.1084 -59.1553 3
    endloop
  endfacet
  facet normal 0.595651 0.803243 -0
    outer loop
      vertex -38.1084 -59.1553 3
      vertex -38.4075 -58.9335 4.5
      vertex -38.1084 -59.1553 4.5
    endloop
  endfacet
  facet normal 0.595651 0.803243 0
    outer loop
      vertex -38.4075 -58.9335 4.5
      vertex -38.1084 -59.1553 3
      vertex -38.4075 -58.9335 3
    endloop
  endfacet
  facet normal 0.671616 0.740899 -0
    outer loop
      vertex -38.4075 -58.9335 3
      vertex -38.6834 -58.6834 4.5
      vertex -38.4075 -58.9335 4.5
    endloop
  endfacet
  facet normal 0.671616 0.740899 0
    outer loop
      vertex -38.6834 -58.6834 4.5
      vertex -38.4075 -58.9335 3
      vertex -38.6834 -58.6834 3
    endloop
  endfacet
  facet normal 0.740899 0.671616 0
    outer loop
      vertex -38.6834 -58.6834 4.5
      vertex -38.9335 -58.4075 3
      vertex -38.9335 -58.4075 4.5
    endloop
  endfacet
  facet normal 0.740899 0.671616 0
    outer loop
      vertex -38.9335 -58.4075 3
      vertex -38.6834 -58.6834 4.5
      vertex -38.6834 -58.6834 3
    endloop
  endfacet
  facet normal 0.803243 0.595651 0
    outer loop
      vertex -38.9335 -58.4075 4.5
      vertex -39.1553 -58.1084 3
      vertex -39.1553 -58.1084 4.5
    endloop
  endfacet
  facet normal 0.803243 0.595651 0
    outer loop
      vertex -39.1553 -58.1084 3
      vertex -38.9335 -58.4075 4.5
      vertex -38.9335 -58.4075 3
    endloop
  endfacet
  facet normal 0.85773 0.514101 0
    outer loop
      vertex -39.1553 -58.1084 4.5
      vertex -39.3468 -57.7889 3
      vertex -39.3468 -57.7889 4.5
    endloop
  endfacet
  facet normal 0.85773 0.514101 0
    outer loop
      vertex -39.3468 -57.7889 3
      vertex -39.1553 -58.1084 4.5
      vertex -39.1553 -58.1084 3
    endloop
  endfacet
  facet normal 0.903935 0.427671 0
    outer loop
      vertex -39.3468 -57.7889 4.5
      vertex -39.5061 -57.4522 3
      vertex -39.5061 -57.4522 4.5
    endloop
  endfacet
  facet normal 0.903935 0.427671 0
    outer loop
      vertex -39.5061 -57.4522 3
      vertex -39.3468 -57.7889 4.5
      vertex -39.3468 -57.7889 3
    endloop
  endfacet
  facet normal 0.941584 0.336779 0
    outer loop
      vertex -39.5061 -57.4522 4.5
      vertex -39.6315 -57.1016 3
      vertex -39.6315 -57.1016 4.5
    endloop
  endfacet
  facet normal 0.941584 0.336779 0
    outer loop
      vertex -39.6315 -57.1016 3
      vertex -39.5061 -57.4522 4.5
      vertex -39.5061 -57.4522 3
    endloop
  endfacet
  facet normal 0.970016 0.243041 0
    outer loop
      vertex -39.6315 -57.1016 4.5
      vertex -39.722 -56.7404 3
      vertex -39.722 -56.7404 4.5
    endloop
  endfacet
  facet normal 0.970016 0.243041 0
    outer loop
      vertex -39.722 -56.7404 3
      vertex -39.6315 -57.1016 4.5
      vertex -39.6315 -57.1016 3
    endloop
  endfacet
  facet normal 0.989162 0.146831 0
    outer loop
      vertex -39.722 -56.7404 4.5
      vertex -39.7767 -56.3719 3
      vertex -39.7767 -56.3719 4.5
    endloop
  endfacet
  facet normal 0.989162 0.146831 0
    outer loop
      vertex -39.7767 -56.3719 3
      vertex -39.722 -56.7404 4.5
      vertex -39.722 -56.7404 3
    endloop
  endfacet
  facet normal 0.9988 0.0489732 0
    outer loop
      vertex -39.7767 -56.3719 4.5
      vertex -39.8 -55.8967 3
      vertex -39.8 -55.8967 4.5
    endloop
  endfacet
  facet normal 0.9988 0.0489732 0
    outer loop
      vertex -39.8 -55.8967 3
      vertex -39.7767 -56.3719 4.5
      vertex -39.7767 -56.3719 3
    endloop
  endfacet
  facet normal 1 -0 0
    outer loop
      vertex -39.8 -55.8967 4.5
      vertex -39.8 55.8967 3
      vertex -39.8 55.8967 4.5
    endloop
  endfacet
  facet normal 1 0 0
    outer loop
      vertex -39.8 55.8967 3
      vertex -39.8 -55.8967 4.5
      vertex -39.8 -55.8967 3
    endloop
  endfacet
  facet normal 0.9988 -0.0489732 0
    outer loop
      vertex -39.8 55.8967 4.5
      vertex -39.7767 56.3719 3
      vertex -39.7767 56.3719 4.5
    endloop
  endfacet
  facet normal 0.9988 -0.0489732 0
    outer loop
      vertex -39.7767 56.3719 3
      vertex -39.8 55.8967 4.5
      vertex -39.8 55.8967 3
    endloop
  endfacet
  facet normal 0.989162 -0.146831 0
    outer loop
      vertex -39.7767 56.3719 4.5
      vertex -39.722 56.7404 3
      vertex -39.722 56.7404 4.5
    endloop
  endfacet
  facet normal 0.989162 -0.146831 0
    outer loop
      vertex -39.722 56.7404 3
      vertex -39.7767 56.3719 4.5
      vertex -39.7767 56.3719 3
    endloop
  endfacet
  facet normal 0.970016 -0.243041 0
    outer loop
      vertex -39.722 56.7404 4.5
      vertex -39.6315 57.1016 3
      vertex -39.6315 57.1016 4.5
    endloop
  endfacet
  facet normal 0.970016 -0.243041 0
    outer loop
      vertex -39.6315 57.1016 3
      vertex -39.722 56.7404 4.5
      vertex -39.722 56.7404 3
    endloop
  endfacet
  facet normal 0.941584 -0.336779 0
    outer loop
      vertex -39.6315 57.1016 4.5
      vertex -39.5061 57.4522 3
      vertex -39.5061 57.4522 4.5
    endloop
  endfacet
  facet normal 0.941584 -0.336779 0
    outer loop
      vertex -39.5061 57.4522 3
      vertex -39.6315 57.1016 4.5
      vertex -39.6315 57.1016 3
    endloop
  endfacet
  facet normal 0.903935 -0.427671 0
    outer loop
      vertex -39.5061 57.4522 4.5
      vertex -39.3468 57.7889 3
      vertex -39.3468 57.7889 4.5
    endloop
  endfacet
  facet normal 0.903935 -0.427671 0
    outer loop
      vertex -39.3468 57.7889 3
      vertex -39.5061 57.4522 4.5
      vertex -39.5061 57.4522 3
    endloop
  endfacet
  facet normal 0.85773 -0.514101 0
    outer loop
      vertex -39.3468 57.7889 4.5
      vertex -39.1553 58.1084 3
      vertex -39.1553 58.1084 4.5
    endloop
  endfacet
  facet normal 0.85773 -0.514101 0
    outer loop
      vertex -39.1553 58.1084 3
      vertex -39.3468 57.7889 4.5
      vertex -39.3468 57.7889 3
    endloop
  endfacet
  facet normal 0.803243 -0.595651 0
    outer loop
      vertex -39.1553 58.1084 4.5
      vertex -38.9335 58.4075 3
      vertex -38.9335 58.4075 4.5
    endloop
  endfacet
  facet normal 0.803243 -0.595651 0
    outer loop
      vertex -38.9335 58.4075 3
      vertex -39.1553 58.1084 4.5
      vertex -39.1553 58.1084 3
    endloop
  endfacet
  facet normal 0.740899 -0.671616 0
    outer loop
      vertex -38.9335 58.4075 4.5
      vertex -38.6834 58.6834 3
      vertex -38.6834 58.6834 4.5
    endloop
  endfacet
  facet normal 0.740899 -0.671616 0
    outer loop
      vertex -38.6834 58.6834 3
      vertex -38.9335 58.4075 4.5
      vertex -38.9335 58.4075 3
    endloop
  endfacet
  facet normal 0.671616 -0.740899 0
    outer loop
      vertex -38.6834 58.6834 3
      vertex -38.4075 58.9335 4.5
      vertex -38.6834 58.6834 4.5
    endloop
  endfacet
  facet normal 0.671616 -0.740899 0
    outer loop
      vertex -38.4075 58.9335 4.5
      vertex -38.6834 58.6834 3
      vertex -38.4075 58.9335 3
    endloop
  endfacet
  facet normal 0.595651 -0.803243 0
    outer loop
      vertex -38.4075 58.9335 3
      vertex -38.1084 59.1553 4.5
      vertex -38.4075 58.9335 4.5
    endloop
  endfacet
  facet normal 0.595651 -0.803243 0
    outer loop
      vertex -38.1084 59.1553 4.5
      vertex -38.4075 58.9335 3
      vertex -38.1084 59.1553 3
    endloop
  endfacet
  facet normal 0.514101 -0.85773 0
    outer loop
      vertex -38.1084 59.1553 3
      vertex -37.7889 59.3468 4.5
      vertex -38.1084 59.1553 4.5
    endloop
  endfacet
  facet normal 0.514101 -0.85773 0
    outer loop
      vertex -37.7889 59.3468 4.5
      vertex -38.1084 59.1553 3
      vertex -37.7889 59.3468 3
    endloop
  endfacet
  facet normal 0.427671 -0.903935 0
    outer loop
      vertex -37.7889 59.3468 3
      vertex -37.4522 59.5061 4.5
      vertex -37.7889 59.3468 4.5
    endloop
  endfacet
  facet normal 0.427671 -0.903935 0
    outer loop
      vertex -37.4522 59.5061 4.5
      vertex -37.7889 59.3468 3
      vertex -37.4522 59.5061 3
    endloop
  endfacet
  facet normal 0.336779 -0.941584 0
    outer loop
      vertex -37.4522 59.5061 3
      vertex -37.1016 59.6315 4.5
      vertex -37.4522 59.5061 4.5
    endloop
  endfacet
  facet normal 0.336779 -0.941584 0
    outer loop
      vertex -37.1016 59.6315 4.5
      vertex -37.4522 59.5061 3
      vertex -37.1016 59.6315 3
    endloop
  endfacet
  facet normal 0.243041 -0.970016 0
    outer loop
      vertex -37.1016 59.6315 3
      vertex -36.7404 59.722 4.5
      vertex -37.1016 59.6315 4.5
    endloop
  endfacet
  facet normal 0.243041 -0.970016 0
    outer loop
      vertex -36.7404 59.722 4.5
      vertex -37.1016 59.6315 3
      vertex -36.7404 59.722 3
    endloop
  endfacet
  facet normal 0.146831 -0.989162 0
    outer loop
      vertex -36.7404 59.722 3
      vertex -36.3719 59.7767 4.5
      vertex -36.7404 59.722 4.5
    endloop
  endfacet
  facet normal 0.146831 -0.989162 0
    outer loop
      vertex -36.3719 59.7767 4.5
      vertex -36.7404 59.722 3
      vertex -36.3719 59.7767 3
    endloop
  endfacet
  facet normal 0.0489732 -0.9988 0
    outer loop
      vertex -36.3719 59.7767 3
      vertex -35.8967 59.8 4.5
      vertex -36.3719 59.7767 4.5
    endloop
  endfacet
  facet normal 0.0489732 -0.9988 0
    outer loop
      vertex -35.8967 59.8 4.5
      vertex -36.3719 59.7767 3
      vertex -35.8967 59.8 3
    endloop
  endfacet
  facet normal 0 -1 0
    outer loop
      vertex -35.8967 59.8 3
      vertex 35.8967 59.8 4.5
      vertex -35.8967 59.8 4.5
    endloop
  endfacet
  facet normal 0 -1 -0
    outer loop
      vertex 35.8967 59.8 4.5
      vertex -35.8967 59.8 3
      vertex 35.8967 59.8 3
    endloop
  endfacet
  facet normal -0.0489732 -0.9988 0
    outer loop
      vertex 35.8967 59.8 3
      vertex 36.3719 59.7767 4.5
      vertex 35.8967 59.8 4.5
    endloop
  endfacet
  facet normal -0.0489732 -0.9988 -0
    outer loop
      vertex 36.3719 59.7767 4.5
      vertex 35.8967 59.8 3
      vertex 36.3719 59.7767 3
    endloop
  endfacet
  facet normal -0.146831 -0.989162 0
    outer loop
      vertex 36.3719 59.7767 3
      vertex 36.7404 59.722 4.5
      vertex 36.3719 59.7767 4.5
    endloop
  endfacet
  facet normal -0.146831 -0.989162 -0
    outer loop
      vertex 36.7404 59.722 4.5
      vertex 36.3719 59.7767 3
      vertex 36.7404 59.722 3
    endloop
  endfacet
  facet normal -0.243041 -0.970016 0
    outer loop
      vertex 36.7404 59.722 3
      vertex 37.1016 59.6315 4.5
      vertex 36.7404 59.722 4.5
    endloop
  endfacet
  facet normal -0.243041 -0.970016 -0
    outer loop
      vertex 37.1016 59.6315 4.5
      vertex 36.7404 59.722 3
      vertex 37.1016 59.6315 3
    endloop
  endfacet
  facet normal -0.336779 -0.941584 0
    outer loop
      vertex 37.1016 59.6315 3
      vertex 37.4522 59.5061 4.5
      vertex 37.1016 59.6315 4.5
    endloop
  endfacet
  facet normal -0.336779 -0.941584 -0
    outer loop
      vertex 37.4522 59.5061 4.5
      vertex 37.1016 59.6315 3
      vertex 37.4522 59.5061 3
    endloop
  endfacet
  facet normal -0.427671 -0.903935 0
    outer loop
      vertex 37.4522 59.5061 3
      vertex 37.7889 59.3468 4.5
      vertex 37.4522 59.5061 4.5
    endloop
  endfacet
  facet normal -0.427671 -0.903935 -0
    outer loop
      vertex 37.7889 59.3468 4.5
      vertex 37.4522 59.5061 3
      vertex 37.7889 59.3468 3
    endloop
  endfacet
  facet normal -0.514101 -0.85773 0
    outer loop
      vertex 37.7889 59.3468 3
      vertex 38.1084 59.1553 4.5
      vertex 37.7889 59.3468 4.5
    endloop
  endfacet
  facet normal -0.514101 -0.85773 -0
    outer loop
      vertex 38.1084 59.1553 4.5
      vertex 37.7889 59.3468 3
      vertex 38.1084 59.1553 3
    endloop
  endfacet
  facet normal -0.595651 -0.803243 0
    outer loop
      vertex 38.1084 59.1553 3
      vertex 38.4075 58.9335 4.5
      vertex 38.1084 59.1553 4.5
    endloop
  endfacet
  facet normal -0.595651 -0.803243 -0
    outer loop
      vertex 38.4075 58.9335 4.5
      vertex 38.1084 59.1553 3
      vertex 38.4075 58.9335 3
    endloop
  endfacet
  facet normal -0.671616 -0.740899 0
    outer loop
      vertex 38.4075 58.9335 3
      vertex 38.6834 58.6834 4.5
      vertex 38.4075 58.9335 4.5
    endloop
  endfacet
  facet normal -0.671616 -0.740899 -0
    outer loop
      vertex 38.6834 58.6834 4.5
      vertex 38.4075 58.9335 3
      vertex 38.6834 58.6834 3
    endloop
  endfacet
  facet normal -0.740899 -0.671616 0
    outer loop
      vertex 38.9335 58.4075 3
      vertex 38.6834 58.6834 4.5
      vertex 38.6834 58.6834 3
    endloop
  endfacet
  facet normal -0.740899 -0.671616 0
    outer loop
      vertex 38.6834 58.6834 4.5
      vertex 38.9335 58.4075 3
      vertex 38.9335 58.4075 4.5
    endloop
  endfacet
  facet normal -0.803243 -0.595651 0
    outer loop
      vertex 39.1553 58.1084 3
      vertex 38.9335 58.4075 4.5
      vertex 38.9335 58.4075 3
    endloop
  endfacet
  facet normal -0.803243 -0.595651 0
    outer loop
      vertex 38.9335 58.4075 4.5
      vertex 39.1553 58.1084 3
      vertex 39.1553 58.1084 4.5
    endloop
  endfacet
  facet normal -0.85773 -0.514101 0
    outer loop
      vertex 39.3468 57.7889 3
      vertex 39.1553 58.1084 4.5
      vertex 39.1553 58.1084 3
    endloop
  endfacet
  facet normal -0.85773 -0.514101 0
    outer loop
      vertex 39.1553 58.1084 4.5
      vertex 39.3468 57.7889 3
      vertex 39.3468 57.7889 4.5
    endloop
  endfacet
  facet normal -0.903935 -0.427671 0
    outer loop
      vertex 39.5061 57.4522 3
      vertex 39.3468 57.7889 4.5
      vertex 39.3468 57.7889 3
    endloop
  endfacet
  facet normal -0.903935 -0.427671 0
    outer loop
      vertex 39.3468 57.7889 4.5
      vertex 39.5061 57.4522 3
      vertex 39.5061 57.4522 4.5
    endloop
  endfacet
  facet normal -0.941584 -0.336779 0
    outer loop
      vertex 39.6315 57.1016 3
      vertex 39.5061 57.4522 4.5
      vertex 39.5061 57.4522 3
    endloop
  endfacet
  facet normal -0.941584 -0.336779 0
    outer loop
      vertex 39.5061 57.4522 4.5
      vertex 39.6315 57.1016 3
      vertex 39.6315 57.1016 4.5
    endloop
  endfacet
  facet normal -0.970016 -0.243041 0
    outer loop
      vertex 39.722 56.7404 3
      vertex 39.6315 57.1016 4.5
      vertex 39.6315 57.1016 3
    endloop
  endfacet
  facet normal -0.970016 -0.243041 0
    outer loop
      vertex 39.6315 57.1016 4.5
      vertex 39.722 56.7404 3
      vertex 39.722 56.7404 4.5
    endloop
  endfacet
  facet normal -0.989162 -0.146831 0
    outer loop
      vertex 39.7767 56.3719 3
      vertex 39.722 56.7404 4.5
      vertex 39.722 56.7404 3
    endloop
  endfacet
  facet normal -0.989162 -0.146831 0
    outer loop
      vertex 39.722 56.7404 4.5
      vertex 39.7767 56.3719 3
      vertex 39.7767 56.3719 4.5
    endloop
  endfacet
  facet normal -0.9988 -0.0489732 0
    outer loop
      vertex 39.8 55.8967 3
      vertex 39.7767 56.3719 4.5
      vertex 39.7767 56.3719 3
    endloop
  endfacet
  facet normal -0.9988 -0.0489732 0
    outer loop
      vertex 39.7767 56.3719 4.5
      vertex 39.8 55.8967 3
      vertex 39.8 55.8967 4.5
    endloop
  endfacet
  facet normal -1 0 0
    outer loop
      vertex 39.8 -55.8967 3
      vertex 39.8 55.8967 4.5
      vertex 39.8 55.8967 3
    endloop
  endfacet
  facet normal -1 -0 0
    outer loop
      vertex 39.8 55.8967 4.5
      vertex 39.8 -55.8967 3
      vertex 39.8 -55.8967 4.5
    endloop
  endfacet
  facet normal -0.9988 0.0489732 0
    outer loop
      vertex 39.7767 -56.3719 3
      vertex 39.8 -55.8967 4.5
      vertex 39.8 -55.8967 3
    endloop
  endfacet
  facet normal -0.9988 0.0489732 0
    outer loop
      vertex 39.8 -55.8967 4.5
      vertex 39.7767 -56.3719 3
      vertex 39.7767 -56.3719 4.5
    endloop
  endfacet
  facet normal -0.989162 0.146831 0
    outer loop
      vertex 39.722 -56.7404 3
      vertex 39.7767 -56.3719 4.5
      vertex 39.7767 -56.3719 3
    endloop
  endfacet
  facet normal -0.989162 0.146831 0
    outer loop
      vertex 39.7767 -56.3719 4.5
      vertex 39.722 -56.7404 3
      vertex 39.722 -56.7404 4.5
    endloop
  endfacet
  facet normal -0.970016 0.243041 0
    outer loop
      vertex 39.6315 -57.1016 3
      vertex 39.722 -56.7404 4.5
      vertex 39.722 -56.7404 3
    endloop
  endfacet
  facet normal -0.970016 0.243041 0
    outer loop
      vertex 39.722 -56.7404 4.5
      vertex 39.6315 -57.1016 3
      vertex 39.6315 -57.1016 4.5
    endloop
  endfacet
  facet normal -0.941584 0.336779 0
    outer loop
      vertex 39.5061 -57.4522 3
      vertex 39.6315 -57.1016 4.5
      vertex 39.6315 -57.1016 3
    endloop
  endfacet
  facet normal -0.941584 0.336779 0
    outer loop
      vertex 39.6315 -57.1016 4.5
      vertex 39.5061 -57.4522 3
      vertex 39.5061 -57.4522 4.5
    endloop
  endfacet
  facet normal -0.903935 0.427671 0
    outer loop
      vertex 39.3468 -57.7889 3
      vertex 39.5061 -57.4522 4.5
      vertex 39.5061 -57.4522 3
    endloop
  endfacet
  facet normal -0.903935 0.427671 0
    outer loop
      vertex 39.5061 -57.4522 4.5
      vertex 39.3468 -57.7889 3
      vertex 39.3468 -57.7889 4.5
    endloop
  endfacet
  facet normal -0.85773 0.514101 0
    outer loop
      vertex 39.1553 -58.1084 3
      vertex 39.3468 -57.7889 4.5
      vertex 39.3468 -57.7889 3
    endloop
  endfacet
  facet normal -0.85773 0.514101 0
    outer loop
      vertex 39.3468 -57.7889 4.5
      vertex 39.1553 -58.1084 3
      vertex 39.1553 -58.1084 4.5
    endloop
  endfacet
  facet normal -0.803243 0.595651 0
    outer loop
      vertex 38.9335 -58.4075 3
      vertex 39.1553 -58.1084 4.5
      vertex 39.1553 -58.1084 3
    endloop
  endfacet
  facet normal -0.803243 0.595651 0
    outer loop
      vertex 39.1553 -58.1084 4.5
      vertex 38.9335 -58.4075 3
      vertex 38.9335 -58.4075 4.5
    endloop
  endfacet
  facet normal -0.740899 0.671616 0
    outer loop
      vertex 38.6834 -58.6834 3
      vertex 38.9335 -58.4075 4.5
      vertex 38.9335 -58.4075 3
    endloop
  endfacet
  facet normal -0.740899 0.671616 0
    outer loop
      vertex 38.9335 -58.4075 4.5
      vertex 38.6834 -58.6834 3
      vertex 38.6834 -58.6834 4.5
    endloop
  endfacet
  facet normal -0.671616 0.740899 0
    outer loop
      vertex 38.6834 -58.6834 3
      vertex 38.4075 -58.9335 4.5
      vertex 38.6834 -58.6834 4.5
    endloop
  endfacet
  facet normal -0.671616 0.740899 0
    outer loop
      vertex 38.4075 -58.9335 4.5
      vertex 38.6834 -58.6834 3
      vertex 38.4075 -58.9335 3
    endloop
  endfacet
  facet normal -0.595651 0.803243 0
    outer loop
      vertex 38.4075 -58.9335 3
      vertex 38.1084 -59.1553 4.5
      vertex 38.4075 -58.9335 4.5
    endloop
  endfacet
  facet normal -0.595651 0.803243 0
    outer loop
      vertex 38.1084 -59.1553 4.5
      vertex 38.4075 -58.9335 3
      vertex 38.1084 -59.1553 3
    endloop
  endfacet
  facet normal -0.514101 0.85773 0
    outer loop
      vertex 38.1084 -59.1553 3
      vertex 37.7889 -59.3468 4.5
      vertex 38.1084 -59.1553 4.5
    endloop
  endfacet
  facet normal -0.514101 0.85773 0
    outer loop
      vertex 37.7889 -59.3468 4.5
      vertex 38.1084 -59.1553 3
      vertex 37.7889 -59.3468 3
    endloop
  endfacet
  facet normal -0.427671 0.903935 0
    outer loop
      vertex 37.7889 -59.3468 3
      vertex 37.4522 -59.5061 4.5
      vertex 37.7889 -59.3468 4.5
    endloop
  endfacet
  facet normal -0.427671 0.903935 0
    outer loop
      vertex 37.4522 -59.5061 4.5
      vertex 37.7889 -59.3468 3
      vertex 37.4522 -59.5061 3
    endloop
  endfacet
  facet normal -0.336779 0.941584 0
    outer loop
      vertex 37.4522 -59.5061 3
      vertex 37.1016 -59.6315 4.5
      vertex 37.4522 -59.5061 4.5
    endloop
  endfacet
  facet normal -0.336779 0.941584 0
    outer loop
      vertex 37.1016 -59.6315 4.5
      vertex 37.4522 -59.5061 3
      vertex 37.1016 -59.6315 3
    endloop
  endfacet
  facet normal -0.243041 0.970016 0
    outer loop
      vertex 37.1016 -59.6315 3
      vertex 36.7404 -59.722 4.5
      vertex 37.1016 -59.6315 4.5
    endloop
  endfacet
  facet normal -0.243041 0.970016 0
    outer loop
      vertex 36.7404 -59.722 4.5
      vertex 37.1016 -59.6315 3
      vertex 36.7404 -59.722 3
    endloop
  endfacet
  facet normal -0.146831 0.989162 0
    outer loop
      vertex 36.7404 -59.722 3
      vertex 36.3719 -59.7767 4.5
      vertex 36.7404 -59.722 4.5
    endloop
  endfacet
  facet normal -0.146831 0.989162 0
    outer loop
      vertex 36.3719 -59.7767 4.5
      vertex 36.7404 -59.722 3
      vertex 36.3719 -59.7767 3
    endloop
  endfacet
  facet normal -0.0489732 0.9988 0
    outer loop
      vertex 36.3719 -59.7767 3
      vertex 35.8967 -59.8 4.5
      vertex 36.3719 -59.7767 4.5
    endloop
  endfacet
  facet normal -0.0489732 0.9988 0
    outer loop
      vertex 35.8967 -59.8 4.5
      vertex 36.3719 -59.7767 3
      vertex 35.8967 -59.8 3
    endloop
  endfacet
  facet normal 0 1 -0
    outer loop
      vertex 35.8967 -59.8 3
      vertex -35.8967 -59.8 4.5
      vertex 35.8967 -59.8 4.5
    endloop
  endfacet
  facet normal 0 1 0
    outer loop
      vertex -35.8967 -59.8 4.5
      vertex 35.8967 -59.8 3
      vertex -35.8967 -59.8 3
    endloop
  endfacet
  facet normal -1 0 0
    outer loop
      vertex 8 -54.5 0
      vertex 8 -53.15 3
      vertex 8 -53.15 0
    endloop
  endfacet
  facet normal -1 -0 0
    outer loop
      vertex 8 -53.15 3
      vertex 8 -54.5 0
      vertex 8 -54.5 3
    endloop
  endfacet
  facet normal 1 -0 0
    outer loop
      vertex -8 -54.5 3
      vertex -8 -53.15 0
      vertex -8 -53.15 3
    endloop
  endfacet
  facet normal 1 0 0
    outer loop
      vertex -8 -53.15 0
      vertex -8 -54.5 3
      vertex -8 -54.5 0
    endloop
  endfacet
  facet normal 0 -1 0
    outer loop
      vertex -8 -53.15 0
      vertex 8 -53.15 3
      vertex -8 -53.15 3
    endloop
  endfacet
  facet normal 0 -1 -0
    outer loop
      vertex 8 -53.15 3
      vertex -8 -53.15 0
      vertex 8 -53.15 0
    endloop
  endfacet
  facet normal 0 1 -0
    outer loop
      vertex 8 -54.5 0
      vertex -8 -54.5 3
      vertex 8 -54.5 3
    endloop
  endfacet
  facet normal 0 1 0
    outer loop
      vertex -8 -54.5 3
      vertex 8 -54.5 0
      vertex -8 -54.5 0
    endloop
  endfacet
  facet normal -1 0 0
    outer loop
      vertex 8 -51.5 0
      vertex 8 -50.15 3
      vertex 8 -50.15 0
    endloop
  endfacet
  facet normal -1 -0 0
    outer loop
      vertex 8 -50.15 3
      vertex 8 -51.5 0
      vertex 8 -51.5 3
    endloop
  endfacet
  facet normal 1 -0 0
    outer loop
      vertex -8 -51.5 3
      vertex -8 -50.15 0
      vertex -8 -50.15 3
    endloop
  endfacet
  facet normal 1 0 0
    outer loop
      vertex -8 -50.15 0
      vertex -8 -51.5 3
      vertex -8 -51.5 0
    endloop
  endfacet
  facet normal 0 -1 0
    outer loop
      vertex -8 -50.15 0
      vertex 8 -50.15 3
      vertex -8 -50.15 3
    endloop
  endfacet
  facet normal 0 -1 -0
    outer loop
      vertex 8 -50.15 3
      vertex -8 -50.15 0
      vertex 8 -50.15 0
    endloop
  endfacet
  facet normal 0 1 -0
    outer loop
      vertex 8 -51.5 0
      vertex -8 -51.5 3
      vertex 8 -51.5 3
    endloop
  endfacet
  facet normal 0 1 0
    outer loop
      vertex -8 -51.5 3
      vertex 8 -51.5 0
      vertex -8 -51.5 0
    endloop
  endfacet
  facet normal -1 0 0
    outer loop
      vertex 8 -48.5 0
      vertex 8 -47.15 3
      vertex 8 -47.15 0
    endloop
  endfacet
  facet normal -1 -0 0
    outer loop
      vertex 8 -47.15 3
      vertex 8 -48.5 0
      vertex 8 -48.5 3
    endloop
  endfacet
  facet normal 1 -0 0
    outer loop
      vertex -8 -48.5 3
      vertex -8 -47.15 0
      vertex -8 -47.15 3
    endloop
  endfacet
  facet normal 1 0 0
    outer loop
      vertex -8 -47.15 0
      vertex -8 -48.5 3
      vertex -8 -48.5 0
    endloop
  endfacet
  facet normal 0 -1 0
    outer loop
      vertex -8 -47.15 0
      vertex 8 -47.15 3
      vertex -8 -47.15 3
    endloop
  endfacet
  facet normal 0 -1 -0
    outer loop
      vertex 8 -47.15 3
      vertex -8 -47.15 0
      vertex 8 -47.15 0
    endloop
  endfacet
  facet normal 0 1 -0
    outer loop
      vertex 8 -48.5 0
      vertex -8 -48.5 3
      vertex 8 -48.5 3
    endloop
  endfacet
  facet normal 0 1 0
    outer loop
      vertex -8 -48.5 3
      vertex 8 -48.5 0
      vertex -8 -48.5 0
    endloop
  endfacet
  facet normal -1 0 0
    outer loop
      vertex 8 -45.5 0
      vertex 8 -44.15 3
      vertex 8 -44.15 0
    endloop
  endfacet
  facet normal -1 -0 0
    outer loop
      vertex 8 -44.15 3
      vertex 8 -45.5 0
      vertex 8 -45.5 3
    endloop
  endfacet
  facet normal 1 -0 0
    outer loop
      vertex -8 -45.5 3
      vertex -8 -44.15 0
      vertex -8 -44.15 3
    endloop
  endfacet
  facet normal 1 0 0
    outer loop
      vertex -8 -44.15 0
      vertex -8 -45.5 3
      vertex -8 -45.5 0
    endloop
  endfacet
  facet normal 0 -1 0
    outer loop
      vertex -8 -44.15 0
      vertex 8 -44.15 3
      vertex -8 -44.15 3
    endloop
  endfacet
  facet normal 0 -1 -0
    outer loop
      vertex 8 -44.15 3
      vertex -8 -44.15 0
      vertex 8 -44.15 0
    endloop
  endfacet
  facet normal 0 1 -0
    outer loop
      vertex 8 -45.5 0
      vertex -8 -45.5 3
      vertex 8 -45.5 3
    endloop
  endfacet
  facet normal 0 1 0
    outer loop
      vertex -8 -45.5 3
      vertex 8 -45.5 0
      vertex -8 -45.5 0
    endloop
  endfacet
  facet normal -1 0 0
    outer loop
      vertex 8 -42.5 0
      vertex 8 -41.15 3
      vertex 8 -41.15 0
    endloop
  endfacet
  facet normal -1 -0 0
    outer loop
      vertex 8 -41.15 3
      vertex 8 -42.5 0
      vertex 8 -42.5 3
    endloop
  endfacet
  facet normal 1 -0 0
    outer loop
      vertex -8 -42.5 3
      vertex -8 -41.15 0
      vertex -8 -41.15 3
    endloop
  endfacet
  facet normal 1 0 0
    outer loop
      vertex -8 -41.15 0
      vertex -8 -42.5 3
      vertex -8 -42.5 0
    endloop
  endfacet
  facet normal 0 -1 0
    outer loop
      vertex -8 -41.15 0
      vertex 8 -41.15 3
      vertex -8 -41.15 3
    endloop
  endfacet
  facet normal 0 -1 -0
    outer loop
      vertex 8 -41.15 3
      vertex -8 -41.15 0
      vertex 8 -41.15 0
    endloop
  endfacet
  facet normal 0 1 -0
    outer loop
      vertex 8 -42.5 0
      vertex -8 -42.5 3
      vertex 8 -42.5 3
    endloop
  endfacet
  facet normal 0 1 0
    outer loop
      vertex -8 -42.5 3
      vertex 8 -42.5 0
      vertex -8 -42.5 0
    endloop
  endfacet
  facet normal -1 0 0
    outer loop
      vertex 8 -39.5 0
      vertex 8 -38.15 3
      vertex 8 -38.15 0
    endloop
  endfacet
  facet normal -1 -0 0
    outer loop
      vertex 8 -38.15 3
      vertex 8 -39.5 0
      vertex 8 -39.5 3
    endloop
  endfacet
  facet normal 1 -0 0
    outer loop
      vertex -8 -39.5 3
      vertex -8 -38.15 0
      vertex -8 -38.15 3
    endloop
  endfacet
  facet normal 1 0 0
    outer loop
      vertex -8 -38.15 0
      vertex -8 -39.5 3
      vertex -8 -39.5 0
    endloop
  endfacet
  facet normal 0 -1 0
    outer loop
      vertex -8 -38.15 0
      vertex 8 -38.15 3
      vertex -8 -38.15 3
    endloop
  endfacet
  facet normal 0 -1 -0
    outer loop
      vertex 8 -38.15 3
      vertex -8 -38.15 0
      vertex 8 -38.15 0
    endloop
  endfacet
  facet normal 0 1 -0
    outer loop
      vertex 8 -39.5 0
      vertex -8 -39.5 3
      vertex 8 -39.5 3
    endloop
  endfacet
  facet normal 0 1 0
    outer loop
      vertex -8 -39.5 3
      vertex 8 -39.5 0
      vertex -8 -39.5 0
    endloop
  endfacet
  facet normal -0.336677 -0.94162 0
    outer loop
      vertex -36.6154 -54.2321 0
      vertex -36.4929 -54.2759 3
      vertex -36.6154 -54.2321 3
    endloop
  endfacet
  facet normal -0.336677 -0.94162 -0
    outer loop
      vertex -36.4929 -54.2759 3
      vertex -36.6154 -54.2321 0
      vertex -36.4929 -54.2759 0
    endloop
  endfacet
  facet normal 0.90391 -0.427723 0
    outer loop
      vertex -38.2241 -54.9929 3
      vertex -38.1685 -54.8754 0
      vertex -38.1685 -54.8754 3
    endloop
  endfacet
  facet normal 0.90391 -0.427723 0
    outer loop
      vertex -38.1685 -54.8754 0
      vertex -38.2241 -54.9929 3
      vertex -38.2241 -54.9929 0
    endloop
  endfacet
  facet normal -0.243079 -0.970007 0
    outer loop
      vertex -36.7415 -54.2005 0
      vertex -36.6154 -54.2321 3
      vertex -36.7415 -54.2005 3
    endloop
  endfacet
  facet normal -0.243079 -0.970007 -0
    outer loop
      vertex -36.6154 -54.2321 3
      vertex -36.7415 -54.2005 0
      vertex -36.6154 -54.2321 0
    endloop
  endfacet
  facet normal 0.803217 0.595687 0
    outer loop
      vertex -38.0242 -56.3406 3
      vertex -38.1017 -56.2361 0
      vertex -38.1017 -56.2361 3
    endloop
  endfacet
  facet normal 0.803217 0.595687 0
    outer loop
      vertex -38.1017 -56.2361 0
      vertex -38.0242 -56.3406 3
      vertex -38.0242 -56.3406 0
    endloop
  endfacet
  facet normal 0.243079 0.970007 -0
    outer loop
      vertex -37.2585 -56.7995 0
      vertex -37.3846 -56.7679 3
      vertex -37.2585 -56.7995 3
    endloop
  endfacet
  facet normal 0.243079 0.970007 0
    outer loop
      vertex -37.3846 -56.7679 3
      vertex -37.2585 -56.7995 0
      vertex -37.3846 -56.7679 0
    endloop
  endfacet
  facet normal -0.51393 -0.857832 0
    outer loop
      vertex -36.3754 -54.3315 0
      vertex -36.2639 -54.3983 3
      vertex -36.3754 -54.3315 3
    endloop
  endfacet
  facet normal -0.51393 -0.857832 -0
    outer loop
      vertex -36.2639 -54.3983 3
      vertex -36.3754 -54.3315 0
      vertex -36.2639 -54.3983 0
    endloop
  endfacet
  facet normal 0.970007 -0.243079 0
    outer loop
      vertex -38.2995 -55.2415 3
      vertex -38.2679 -55.1154 0
      vertex -38.2679 -55.1154 3
    endloop
  endfacet
  facet normal 0.970007 -0.243079 0
    outer loop
      vertex -38.2679 -55.1154 0
      vertex -38.2995 -55.2415 3
      vertex -38.2995 -55.2415 0
    endloop
  endfacet
  facet normal -0.803217 -0.595687 0
    outer loop
      vertex -35.8983 -54.7639 0
      vertex -35.9758 -54.6594 3
      vertex -35.9758 -54.6594 0
    endloop
  endfacet
  facet normal -0.803217 -0.595687 0
    outer loop
      vertex -35.9758 -54.6594 3
      vertex -35.8983 -54.7639 0
      vertex -35.8983 -54.7639 3
    endloop
  endfacet
  facet normal -0.98915 -0.146911 0
    outer loop
      vertex -35.6814 -55.3701 0
      vertex -35.7005 -55.2415 3
      vertex -35.7005 -55.2415 0
    endloop
  endfacet
  facet normal -0.98915 -0.146911 0
    outer loop
      vertex -35.7005 -55.2415 3
      vertex -35.6814 -55.3701 0
      vertex -35.6814 -55.3701 3
    endloop
  endfacet
  facet normal -0.336677 0.94162 0
    outer loop
      vertex -36.4929 -56.7241 0
      vertex -36.6154 -56.7679 3
      vertex -36.4929 -56.7241 3
    endloop
  endfacet
  facet normal -0.336677 0.94162 0
    outer loop
      vertex -36.6154 -56.7679 3
      vertex -36.4929 -56.7241 0
      vertex -36.6154 -56.7679 0
    endloop
  endfacet
  facet normal 0.857832 -0.51393 0
    outer loop
      vertex -38.1685 -54.8754 3
      vertex -38.1017 -54.7639 0
      vertex -38.1017 -54.7639 3
    endloop
  endfacet
  facet normal 0.857832 -0.51393 0
    outer loop
      vertex -38.1017 -54.7639 0
      vertex -38.1685 -54.8754 3
      vertex -38.1685 -54.8754 0
    endloop
  endfacet
  facet normal 0.146911 0.98915 -0
    outer loop
      vertex -37.1299 -56.8186 0
      vertex -37.2585 -56.7995 3
      vertex -37.1299 -56.8186 3
    endloop
  endfacet
  facet normal 0.146911 0.98915 0
    outer loop
      vertex -37.2585 -56.7995 3
      vertex -37.1299 -56.8186 0
      vertex -37.2585 -56.7995 0
    endloop
  endfacet
  facet normal 0.94162 0.336677 0
    outer loop
      vertex -38.2241 -56.0071 3
      vertex -38.2679 -55.8846 0
      vertex -38.2679 -55.8846 3
    endloop
  endfacet
  facet normal 0.94162 0.336677 0
    outer loop
      vertex -38.2679 -55.8846 0
      vertex -38.2241 -56.0071 3
      vertex -38.2241 -56.0071 0
    endloop
  endfacet
  facet normal 0.740879 -0.671638 0
    outer loop
      vertex -38.0242 -54.6594 3
      vertex -37.9369 -54.5631 0
      vertex -37.9369 -54.5631 3
    endloop
  endfacet
  facet normal 0.740879 -0.671638 0
    outer loop
      vertex -37.9369 -54.5631 0
      vertex -38.0242 -54.6594 3
      vertex -38.0242 -54.6594 0
    endloop
  endfacet
  facet normal 0.427723 0.90391 -0
    outer loop
      vertex -37.5071 -56.7241 0
      vertex -37.6246 -56.6685 3
      vertex -37.5071 -56.7241 3
    endloop
  endfacet
  facet normal 0.427723 0.90391 0
    outer loop
      vertex -37.6246 -56.6685 3
      vertex -37.5071 -56.7241 0
      vertex -37.6246 -56.6685 0
    endloop
  endfacet
  facet normal -0.90391 -0.427723 0
    outer loop
      vertex -35.7759 -54.9929 0
      vertex -35.8315 -54.8754 3
      vertex -35.8315 -54.8754 0
    endloop
  endfacet
  facet normal -0.90391 -0.427723 0
    outer loop
      vertex -35.8315 -54.8754 3
      vertex -35.7759 -54.9929 0
      vertex -35.7759 -54.9929 3
    endloop
  endfacet
  facet normal -0.94162 -0.336677 0
    outer loop
      vertex -35.7321 -55.1154 0
      vertex -35.7759 -54.9929 3
      vertex -35.7759 -54.9929 0
    endloop
  endfacet
  facet normal -0.94162 -0.336677 0
    outer loop
      vertex -35.7759 -54.9929 3
      vertex -35.7321 -55.1154 0
      vertex -35.7321 -55.1154 3
    endloop
  endfacet
  facet normal -0.998789 -0.049209 0
    outer loop
      vertex -35.675 -55.5 0
      vertex -35.6814 -55.3701 3
      vertex -35.6814 -55.3701 0
    endloop
  endfacet
  facet normal -0.998789 -0.049209 0
    outer loop
      vertex -35.6814 -55.3701 3
      vertex -35.675 -55.5 0
      vertex -35.675 -55.5 3
    endloop
  endfacet
  facet normal 0.243079 -0.970007 0
    outer loop
      vertex -37.3846 -54.2321 0
      vertex -37.2585 -54.2005 3
      vertex -37.3846 -54.2321 3
    endloop
  endfacet
  facet normal 0.243079 -0.970007 0
    outer loop
      vertex -37.2585 -54.2005 3
      vertex -37.3846 -54.2321 0
      vertex -37.2585 -54.2005 0
    endloop
  endfacet
  facet normal -0.98915 0.146911 0
    outer loop
      vertex -35.7005 -55.7585 0
      vertex -35.6814 -55.6299 3
      vertex -35.6814 -55.6299 0
    endloop
  endfacet
  facet normal -0.98915 0.146911 0
    outer loop
      vertex -35.6814 -55.6299 3
      vertex -35.7005 -55.7585 0
      vertex -35.7005 -55.7585 3
    endloop
  endfacet
  facet normal -0.51393 0.857832 0
    outer loop
      vertex -36.2639 -56.6017 0
      vertex -36.3754 -56.6685 3
      vertex -36.2639 -56.6017 3
    endloop
  endfacet
  facet normal -0.51393 0.857832 0
    outer loop
      vertex -36.3754 -56.6685 3
      vertex -36.2639 -56.6017 0
      vertex -36.3754 -56.6685 0
    endloop
  endfacet
  facet normal 0.90391 0.427723 0
    outer loop
      vertex -38.1685 -56.1246 3
      vertex -38.2241 -56.0071 0
      vertex -38.2241 -56.0071 3
    endloop
  endfacet
  facet normal 0.90391 0.427723 0
    outer loop
      vertex -38.2241 -56.0071 0
      vertex -38.1685 -56.1246 3
      vertex -38.1685 -56.1246 0
    endloop
  endfacet
  facet normal -0.90391 0.427723 0
    outer loop
      vertex -35.8315 -56.1246 0
      vertex -35.7759 -56.0071 3
      vertex -35.7759 -56.0071 0
    endloop
  endfacet
  facet normal -0.90391 0.427723 0
    outer loop
      vertex -35.7759 -56.0071 3
      vertex -35.8315 -56.1246 0
      vertex -35.8315 -56.1246 3
    endloop
  endfacet
  facet normal 0.336677 0.94162 -0
    outer loop
      vertex -37.3846 -56.7679 0
      vertex -37.5071 -56.7241 3
      vertex -37.3846 -56.7679 3
    endloop
  endfacet
  facet normal 0.336677 0.94162 0
    outer loop
      vertex -37.5071 -56.7241 3
      vertex -37.3846 -56.7679 0
      vertex -37.5071 -56.7241 0
    endloop
  endfacet
  facet normal 0.146911 -0.98915 0
    outer loop
      vertex -37.2585 -54.2005 0
      vertex -37.1299 -54.1814 3
      vertex -37.2585 -54.2005 3
    endloop
  endfacet
  facet normal 0.146911 -0.98915 0
    outer loop
      vertex -37.1299 -54.1814 3
      vertex -37.2585 -54.2005 0
      vertex -37.1299 -54.1814 0
    endloop
  endfacet
  facet normal -0.998789 0.049209 0
    outer loop
      vertex -35.6814 -55.6299 0
      vertex -35.675 -55.5 3
      vertex -35.675 -55.5 0
    endloop
  endfacet
  facet normal -0.998789 0.049209 0
    outer loop
      vertex -35.675 -55.5 3
      vertex -35.6814 -55.6299 0
      vertex -35.6814 -55.6299 3
    endloop
  endfacet
  facet normal -0.146911 -0.98915 0
    outer loop
      vertex -36.8701 -54.1814 0
      vertex -36.7415 -54.2005 3
      vertex -36.8701 -54.1814 3
    endloop
  endfacet
  facet normal -0.146911 -0.98915 -0
    outer loop
      vertex -36.7415 -54.2005 3
      vertex -36.8701 -54.1814 0
      vertex -36.7415 -54.2005 0
    endloop
  endfacet
  facet normal -0.970007 -0.243079 0
    outer loop
      vertex -35.7005 -55.2415 0
      vertex -35.7321 -55.1154 3
      vertex -35.7321 -55.1154 0
    endloop
  endfacet
  facet normal -0.970007 -0.243079 0
    outer loop
      vertex -35.7321 -55.1154 3
      vertex -35.7005 -55.2415 0
      vertex -35.7005 -55.2415 3
    endloop
  endfacet
  facet normal -0.671638 -0.740879 0
    outer loop
      vertex -36.1594 -54.4758 0
      vertex -36.0631 -54.5631 3
      vertex -36.1594 -54.4758 3
    endloop
  endfacet
  facet normal -0.671638 -0.740879 -0
    outer loop
      vertex -36.0631 -54.5631 3
      vertex -36.1594 -54.4758 0
      vertex -36.0631 -54.5631 0
    endloop
  endfacet
  facet normal 0.671638 -0.740879 0
    outer loop
      vertex -37.9369 -54.5631 0
      vertex -37.8406 -54.4758 3
      vertex -37.9369 -54.5631 3
    endloop
  endfacet
  facet normal 0.671638 -0.740879 0
    outer loop
      vertex -37.8406 -54.4758 3
      vertex -37.9369 -54.5631 0
      vertex -37.8406 -54.4758 0
    endloop
  endfacet
  facet normal 0.98915 0.146911 0
    outer loop
      vertex -38.2995 -55.7585 3
      vertex -38.3186 -55.6299 0
      vertex -38.3186 -55.6299 3
    endloop
  endfacet
  facet normal 0.98915 0.146911 0
    outer loop
      vertex -38.3186 -55.6299 0
      vertex -38.2995 -55.7585 3
      vertex -38.2995 -55.7585 0
    endloop
  endfacet
  facet normal -0.146911 0.98915 0
    outer loop
      vertex -36.7415 -56.7995 0
      vertex -36.8701 -56.8186 3
      vertex -36.7415 -56.7995 3
    endloop
  endfacet
  facet normal -0.146911 0.98915 0
    outer loop
      vertex -36.8701 -56.8186 3
      vertex -36.7415 -56.7995 0
      vertex -36.8701 -56.8186 0
    endloop
  endfacet
  facet normal 0.998789 -0.049209 0
    outer loop
      vertex -38.325 -55.5 3
      vertex -38.3186 -55.3701 0
      vertex -38.3186 -55.3701 3
    endloop
  endfacet
  facet normal 0.998789 -0.049209 0
    outer loop
      vertex -38.3186 -55.3701 0
      vertex -38.325 -55.5 3
      vertex -38.325 -55.5 0
    endloop
  endfacet
  facet normal -0.595687 -0.803217 0
    outer loop
      vertex -36.2639 -54.3983 0
      vertex -36.1594 -54.4758 3
      vertex -36.2639 -54.3983 3
    endloop
  endfacet
  facet normal -0.595687 -0.803217 -0
    outer loop
      vertex -36.1594 -54.4758 3
      vertex -36.2639 -54.3983 0
      vertex -36.1594 -54.4758 0
    endloop
  endfacet
  facet normal -0.427723 -0.90391 0
    outer loop
      vertex -36.4929 -54.2759 0
      vertex -36.3754 -54.3315 3
      vertex -36.4929 -54.2759 3
    endloop
  endfacet
  facet normal -0.427723 -0.90391 -0
    outer loop
      vertex -36.3754 -54.3315 3
      vertex -36.4929 -54.2759 0
      vertex -36.3754 -54.3315 0
    endloop
  endfacet
  facet normal 0.336677 -0.94162 0
    outer loop
      vertex -37.5071 -54.2759 0
      vertex -37.3846 -54.2321 3
      vertex -37.5071 -54.2759 3
    endloop
  endfacet
  facet normal 0.336677 -0.94162 0
    outer loop
      vertex -37.3846 -54.2321 3
      vertex -37.5071 -54.2759 0
      vertex -37.3846 -54.2321 0
    endloop
  endfacet
  facet normal -0.243079 0.970007 0
    outer loop
      vertex -36.6154 -56.7679 0
      vertex -36.7415 -56.7995 3
      vertex -36.6154 -56.7679 3
    endloop
  endfacet
  facet normal -0.243079 0.970007 0
    outer loop
      vertex -36.7415 -56.7995 3
      vertex -36.6154 -56.7679 0
      vertex -36.7415 -56.7995 0
    endloop
  endfacet
  facet normal -0.94162 0.336677 0
    outer loop
      vertex -35.7759 -56.0071 0
      vertex -35.7321 -55.8846 3
      vertex -35.7321 -55.8846 0
    endloop
  endfacet
  facet normal -0.94162 0.336677 0
    outer loop
      vertex -35.7321 -55.8846 3
      vertex -35.7759 -56.0071 0
      vertex -35.7759 -56.0071 3
    endloop
  endfacet
  facet normal -0.803217 0.595687 0
    outer loop
      vertex -35.9758 -56.3406 0
      vertex -35.8983 -56.2361 3
      vertex -35.8983 -56.2361 0
    endloop
  endfacet
  facet normal -0.803217 0.595687 0
    outer loop
      vertex -35.8983 -56.2361 3
      vertex -35.9758 -56.3406 0
      vertex -35.9758 -56.3406 3
    endloop
  endfacet
  facet normal -0.857832 -0.51393 0
    outer loop
      vertex -35.8315 -54.8754 0
      vertex -35.8983 -54.7639 3
      vertex -35.8983 -54.7639 0
    endloop
  endfacet
  facet normal -0.857832 -0.51393 0
    outer loop
      vertex -35.8983 -54.7639 3
      vertex -35.8315 -54.8754 0
      vertex -35.8315 -54.8754 3
    endloop
  endfacet
  facet normal -0.671638 0.740879 0
    outer loop
      vertex -36.0631 -56.4369 0
      vertex -36.1594 -56.5242 3
      vertex -36.0631 -56.4369 3
    endloop
  endfacet
  facet normal -0.671638 0.740879 0
    outer loop
      vertex -36.1594 -56.5242 3
      vertex -36.0631 -56.4369 0
      vertex -36.1594 -56.5242 0
    endloop
  endfacet
  facet normal -0.857832 0.51393 0
    outer loop
      vertex -35.8983 -56.2361 0
      vertex -35.8315 -56.1246 3
      vertex -35.8315 -56.1246 0
    endloop
  endfacet
  facet normal -0.857832 0.51393 0
    outer loop
      vertex -35.8315 -56.1246 3
      vertex -35.8983 -56.2361 0
      vertex -35.8983 -56.2361 3
    endloop
  endfacet
  facet normal -0.427723 0.90391 0
    outer loop
      vertex -36.3754 -56.6685 0
      vertex -36.4929 -56.7241 3
      vertex -36.3754 -56.6685 3
    endloop
  endfacet
  facet normal -0.427723 0.90391 0
    outer loop
      vertex -36.4929 -56.7241 3
      vertex -36.3754 -56.6685 0
      vertex -36.4929 -56.7241 0
    endloop
  endfacet
  facet normal 0.51393 -0.857832 0
    outer loop
      vertex -37.7361 -54.3983 0
      vertex -37.6246 -54.3315 3
      vertex -37.7361 -54.3983 3
    endloop
  endfacet
  facet normal 0.51393 -0.857832 0
    outer loop
      vertex -37.6246 -54.3315 3
      vertex -37.7361 -54.3983 0
      vertex -37.6246 -54.3315 0
    endloop
  endfacet
  facet normal -0.740879 0.671638 0
    outer loop
      vertex -36.0631 -56.4369 0
      vertex -35.9758 -56.3406 3
      vertex -35.9758 -56.3406 0
    endloop
  endfacet
  facet normal -0.740879 0.671638 0
    outer loop
      vertex -35.9758 -56.3406 3
      vertex -36.0631 -56.4369 0
      vertex -36.0631 -56.4369 3
    endloop
  endfacet
  facet normal 0.595687 -0.803217 0
    outer loop
      vertex -37.8406 -54.4758 0
      vertex -37.7361 -54.3983 3
      vertex -37.8406 -54.4758 3
    endloop
  endfacet
  facet normal 0.595687 -0.803217 0
    outer loop
      vertex -37.7361 -54.3983 3
      vertex -37.8406 -54.4758 0
      vertex -37.7361 -54.3983 0
    endloop
  endfacet
  facet normal 0.803217 -0.595687 0
    outer loop
      vertex -38.1017 -54.7639 3
      vertex -38.0242 -54.6594 0
      vertex -38.0242 -54.6594 3
    endloop
  endfacet
  facet normal 0.803217 -0.595687 0
    outer loop
      vertex -38.0242 -54.6594 0
      vertex -38.1017 -54.7639 3
      vertex -38.1017 -54.7639 0
    endloop
  endfacet
  facet normal 0.740879 0.671638 0
    outer loop
      vertex -37.9369 -56.4369 3
      vertex -38.0242 -56.3406 0
      vertex -38.0242 -56.3406 3
    endloop
  endfacet
  facet normal 0.740879 0.671638 0
    outer loop
      vertex -38.0242 -56.3406 0
      vertex -37.9369 -56.4369 3
      vertex -37.9369 -56.4369 0
    endloop
  endfacet
  facet normal 0.998789 0.049209 0
    outer loop
      vertex -38.3186 -55.6299 3
      vertex -38.325 -55.5 0
      vertex -38.325 -55.5 3
    endloop
  endfacet
  facet normal 0.998789 0.049209 0
    outer loop
      vertex -38.325 -55.5 0
      vertex -38.3186 -55.6299 3
      vertex -38.3186 -55.6299 0
    endloop
  endfacet
  facet normal 0.049209 -0.998789 0
    outer loop
      vertex -37.1299 -54.1814 0
      vertex -37 -54.175 3
      vertex -37.1299 -54.1814 3
    endloop
  endfacet
  facet normal 0.049209 -0.998789 0
    outer loop
      vertex -37 -54.175 3
      vertex -37.1299 -54.1814 0
      vertex -37 -54.175 0
    endloop
  endfacet
  facet normal 0.94162 -0.336677 0
    outer loop
      vertex -38.2679 -55.1154 3
      vertex -38.2241 -54.9929 0
      vertex -38.2241 -54.9929 3
    endloop
  endfacet
  facet normal 0.94162 -0.336677 0
    outer loop
      vertex -38.2241 -54.9929 0
      vertex -38.2679 -55.1154 3
      vertex -38.2679 -55.1154 0
    endloop
  endfacet
  facet normal -0.740879 -0.671638 0
    outer loop
      vertex -35.9758 -54.6594 0
      vertex -36.0631 -54.5631 3
      vertex -36.0631 -54.5631 0
    endloop
  endfacet
  facet normal -0.740879 -0.671638 0
    outer loop
      vertex -36.0631 -54.5631 3
      vertex -35.9758 -54.6594 0
      vertex -35.9758 -54.6594 3
    endloop
  endfacet
  facet normal -0.595687 0.803217 0
    outer loop
      vertex -36.1594 -56.5242 0
      vertex -36.2639 -56.6017 3
      vertex -36.1594 -56.5242 3
    endloop
  endfacet
  facet normal -0.595687 0.803217 0
    outer loop
      vertex -36.2639 -56.6017 3
      vertex -36.1594 -56.5242 0
      vertex -36.2639 -56.6017 0
    endloop
  endfacet
  facet normal -0.970007 0.243079 0
    outer loop
      vertex -35.7321 -55.8846 0
      vertex -35.7005 -55.7585 3
      vertex -35.7005 -55.7585 0
    endloop
  endfacet
  facet normal -0.970007 0.243079 0
    outer loop
      vertex -35.7005 -55.7585 3
      vertex -35.7321 -55.8846 0
      vertex -35.7321 -55.8846 3
    endloop
  endfacet
  facet normal 0.98915 -0.146911 0
    outer loop
      vertex -38.3186 -55.3701 3
      vertex -38.2995 -55.2415 0
      vertex -38.2995 -55.2415 3
    endloop
  endfacet
  facet normal 0.98915 -0.146911 0
    outer loop
      vertex -38.2995 -55.2415 0
      vertex -38.3186 -55.3701 3
      vertex -38.3186 -55.3701 0
    endloop
  endfacet
  facet normal -0.049209 0.998789 0
    outer loop
      vertex -36.8701 -56.8186 0
      vertex -37 -56.825 3
      vertex -36.8701 -56.8186 3
    endloop
  endfacet
  facet normal -0.049209 0.998789 0
    outer loop
      vertex -37 -56.825 3
      vertex -36.8701 -56.8186 0
      vertex -37 -56.825 0
    endloop
  endfacet
  facet normal 0.671638 0.740879 -0
    outer loop
      vertex -37.8406 -56.5242 0
      vertex -37.9369 -56.4369 3
      vertex -37.8406 -56.5242 3
    endloop
  endfacet
  facet normal 0.671638 0.740879 0
    outer loop
      vertex -37.9369 -56.4369 3
      vertex -37.8406 -56.5242 0
      vertex -37.9369 -56.4369 0
    endloop
  endfacet
  facet normal -0.049209 -0.998789 0
    outer loop
      vertex -37 -54.175 0
      vertex -36.8701 -54.1814 3
      vertex -37 -54.175 3
    endloop
  endfacet
  facet normal -0.049209 -0.998789 -0
    outer loop
      vertex -36.8701 -54.1814 3
      vertex -37 -54.175 0
      vertex -36.8701 -54.1814 0
    endloop
  endfacet
  facet normal 0.970007 0.243079 0
    outer loop
      vertex -38.2679 -55.8846 3
      vertex -38.2995 -55.7585 0
      vertex -38.2995 -55.7585 3
    endloop
  endfacet
  facet normal 0.970007 0.243079 0
    outer loop
      vertex -38.2995 -55.7585 0
      vertex -38.2679 -55.8846 3
      vertex -38.2679 -55.8846 0
    endloop
  endfacet
  facet normal 0.51393 0.857832 -0
    outer loop
      vertex -37.6246 -56.6685 0
      vertex -37.7361 -56.6017 3
      vertex -37.6246 -56.6685 3
    endloop
  endfacet
  facet normal 0.51393 0.857832 0
    outer loop
      vertex -37.7361 -56.6017 3
      vertex -37.6246 -56.6685 0
      vertex -37.7361 -56.6017 0
    endloop
  endfacet
  facet normal 0.049209 0.998789 -0
    outer loop
      vertex -37 -56.825 0
      vertex -37.1299 -56.8186 3
      vertex -37 -56.825 3
    endloop
  endfacet
  facet normal 0.049209 0.998789 0
    outer loop
      vertex -37.1299 -56.8186 3
      vertex -37 -56.825 0
      vertex -37.1299 -56.8186 0
    endloop
  endfacet
  facet normal 0.857832 0.51393 0
    outer loop
      vertex -38.1017 -56.2361 3
      vertex -38.1685 -56.1246 0
      vertex -38.1685 -56.1246 3
    endloop
  endfacet
  facet normal 0.857832 0.51393 0
    outer loop
      vertex -38.1685 -56.1246 0
      vertex -38.1017 -56.2361 3
      vertex -38.1017 -56.2361 0
    endloop
  endfacet
  facet normal 0.427723 -0.90391 0
    outer loop
      vertex -37.6246 -54.3315 0
      vertex -37.5071 -54.2759 3
      vertex -37.6246 -54.3315 3
    endloop
  endfacet
  facet normal 0.427723 -0.90391 0
    outer loop
      vertex -37.5071 -54.2759 3
      vertex -37.6246 -54.3315 0
      vertex -37.5071 -54.2759 0
    endloop
  endfacet
  facet normal 0.595687 0.803217 -0
    outer loop
      vertex -37.7361 -56.6017 0
      vertex -37.8406 -56.5242 3
      vertex -37.7361 -56.6017 3
    endloop
  endfacet
  facet normal 0.595687 0.803217 0
    outer loop
      vertex -37.8406 -56.5242 3
      vertex -37.7361 -56.6017 0
      vertex -37.8406 -56.5242 0
    endloop
  endfacet
  facet normal 0.336677 0.94162 -0
    outer loop
      vertex -37.3846 54.2321 0
      vertex -37.5071 54.2759 3
      vertex -37.3846 54.2321 3
    endloop
  endfacet
  facet normal 0.336677 0.94162 0
    outer loop
      vertex -37.5071 54.2759 3
      vertex -37.3846 54.2321 0
      vertex -37.5071 54.2759 0
    endloop
  endfacet
  facet normal -0.98915 -0.146911 0
    outer loop
      vertex -35.6814 55.6299 0
      vertex -35.7005 55.7585 3
      vertex -35.7005 55.7585 0
    endloop
  endfacet
  facet normal -0.98915 -0.146911 0
    outer loop
      vertex -35.7005 55.7585 3
      vertex -35.6814 55.6299 0
      vertex -35.6814 55.6299 3
    endloop
  endfacet
  facet normal -0.998789 -0.049209 0
    outer loop
      vertex -35.675 55.5 0
      vertex -35.6814 55.6299 3
      vertex -35.6814 55.6299 0
    endloop
  endfacet
  facet normal -0.998789 -0.049209 0
    outer loop
      vertex -35.6814 55.6299 3
      vertex -35.675 55.5 0
      vertex -35.675 55.5 3
    endloop
  endfacet
  facet normal -0.970007 -0.243079 0
    outer loop
      vertex -35.7005 55.7585 0
      vertex -35.7321 55.8846 3
      vertex -35.7321 55.8846 0
    endloop
  endfacet
  facet normal -0.970007 -0.243079 0
    outer loop
      vertex -35.7321 55.8846 3
      vertex -35.7005 55.7585 0
      vertex -35.7005 55.7585 3
    endloop
  endfacet
  facet normal 0.98915 -0.146911 0
    outer loop
      vertex -38.3186 55.6299 3
      vertex -38.2995 55.7585 0
      vertex -38.2995 55.7585 3
    endloop
  endfacet
  facet normal 0.98915 -0.146911 0
    outer loop
      vertex -38.2995 55.7585 0
      vertex -38.3186 55.6299 3
      vertex -38.3186 55.6299 0
    endloop
  endfacet
  facet normal 0.243079 0.970007 -0
    outer loop
      vertex -37.2585 54.2005 0
      vertex -37.3846 54.2321 3
      vertex -37.2585 54.2005 3
    endloop
  endfacet
  facet normal 0.243079 0.970007 0
    outer loop
      vertex -37.3846 54.2321 3
      vertex -37.2585 54.2005 0
      vertex -37.3846 54.2321 0
    endloop
  endfacet
  facet normal -0.336677 -0.94162 0
    outer loop
      vertex -36.6154 56.7679 0
      vertex -36.4929 56.7241 3
      vertex -36.6154 56.7679 3
    endloop
  endfacet
  facet normal -0.336677 -0.94162 -0
    outer loop
      vertex -36.4929 56.7241 3
      vertex -36.6154 56.7679 0
      vertex -36.4929 56.7241 0
    endloop
  endfacet
  facet normal 0.51393 -0.857832 0
    outer loop
      vertex -37.7361 56.6017 0
      vertex -37.6246 56.6685 3
      vertex -37.7361 56.6017 3
    endloop
  endfacet
  facet normal 0.51393 -0.857832 0
    outer loop
      vertex -37.6246 56.6685 3
      vertex -37.7361 56.6017 0
      vertex -37.6246 56.6685 0
    endloop
  endfacet
  facet normal 0.90391 0.427723 0
    outer loop
      vertex -38.1685 54.8754 3
      vertex -38.2241 54.9929 0
      vertex -38.2241 54.9929 3
    endloop
  endfacet
  facet normal 0.90391 0.427723 0
    outer loop
      vertex -38.2241 54.9929 0
      vertex -38.1685 54.8754 3
      vertex -38.1685 54.8754 0
    endloop
  endfacet
  facet normal 0.243079 -0.970007 0
    outer loop
      vertex -37.3846 56.7679 0
      vertex -37.2585 56.7995 3
      vertex -37.3846 56.7679 3
    endloop
  endfacet
  facet normal 0.243079 -0.970007 0
    outer loop
      vertex -37.2585 56.7995 3
      vertex -37.3846 56.7679 0
      vertex -37.2585 56.7995 0
    endloop
  endfacet
  facet normal 0.857832 0.51393 0
    outer loop
      vertex -38.1017 54.7639 3
      vertex -38.1685 54.8754 0
      vertex -38.1685 54.8754 3
    endloop
  endfacet
  facet normal 0.857832 0.51393 0
    outer loop
      vertex -38.1685 54.8754 0
      vertex -38.1017 54.7639 3
      vertex -38.1017 54.7639 0
    endloop
  endfacet
  facet normal -0.243079 0.970007 0
    outer loop
      vertex -36.6154 54.2321 0
      vertex -36.7415 54.2005 3
      vertex -36.6154 54.2321 3
    endloop
  endfacet
  facet normal -0.243079 0.970007 0
    outer loop
      vertex -36.7415 54.2005 3
      vertex -36.6154 54.2321 0
      vertex -36.7415 54.2005 0
    endloop
  endfacet
  facet normal 0.595687 0.803217 -0
    outer loop
      vertex -37.7361 54.3983 0
      vertex -37.8406 54.4758 3
      vertex -37.7361 54.3983 3
    endloop
  endfacet
  facet normal 0.595687 0.803217 0
    outer loop
      vertex -37.8406 54.4758 3
      vertex -37.7361 54.3983 0
      vertex -37.8406 54.4758 0
    endloop
  endfacet
  facet normal -0.51393 0.857832 0
    outer loop
      vertex -36.2639 54.3983 0
      vertex -36.3754 54.3315 3
      vertex -36.2639 54.3983 3
    endloop
  endfacet
  facet normal -0.51393 0.857832 0
    outer loop
      vertex -36.3754 54.3315 3
      vertex -36.2639 54.3983 0
      vertex -36.3754 54.3315 0
    endloop
  endfacet
  facet normal -0.803217 0.595687 0
    outer loop
      vertex -35.9758 54.6594 0
      vertex -35.8983 54.7639 3
      vertex -35.8983 54.7639 0
    endloop
  endfacet
  facet normal -0.803217 0.595687 0
    outer loop
      vertex -35.8983 54.7639 3
      vertex -35.9758 54.6594 0
      vertex -35.9758 54.6594 3
    endloop
  endfacet
  facet normal -0.146911 -0.98915 0
    outer loop
      vertex -36.8701 56.8186 0
      vertex -36.7415 56.7995 3
      vertex -36.8701 56.8186 3
    endloop
  endfacet
  facet normal -0.146911 -0.98915 -0
    outer loop
      vertex -36.7415 56.7995 3
      vertex -36.8701 56.8186 0
      vertex -36.7415 56.7995 0
    endloop
  endfacet
  facet normal 0.595687 -0.803217 0
    outer loop
      vertex -37.8406 56.5242 0
      vertex -37.7361 56.6017 3
      vertex -37.8406 56.5242 3
    endloop
  endfacet
  facet normal 0.595687 -0.803217 0
    outer loop
      vertex -37.7361 56.6017 3
      vertex -37.8406 56.5242 0
      vertex -37.7361 56.6017 0
    endloop
  endfacet
  facet normal -0.427723 0.90391 0
    outer loop
      vertex -36.3754 54.3315 0
      vertex -36.4929 54.2759 3
      vertex -36.3754 54.3315 3
    endloop
  endfacet
  facet normal -0.427723 0.90391 0
    outer loop
      vertex -36.4929 54.2759 3
      vertex -36.3754 54.3315 0
      vertex -36.4929 54.2759 0
    endloop
  endfacet
  facet normal 0.803217 -0.595687 0
    outer loop
      vertex -38.1017 56.2361 3
      vertex -38.0242 56.3406 0
      vertex -38.0242 56.3406 3
    endloop
  endfacet
  facet normal 0.803217 -0.595687 0
    outer loop
      vertex -38.0242 56.3406 0
      vertex -38.1017 56.2361 3
      vertex -38.1017 56.2361 0
    endloop
  endfacet
  facet normal -0.98915 0.146911 0
    outer loop
      vertex -35.7005 55.2415 0
      vertex -35.6814 55.3701 3
      vertex -35.6814 55.3701 0
    endloop
  endfacet
  facet normal -0.98915 0.146911 0
    outer loop
      vertex -35.6814 55.3701 3
      vertex -35.7005 55.2415 0
      vertex -35.7005 55.2415 3
    endloop
  endfacet
  facet normal 0.94162 -0.336677 0
    outer loop
      vertex -38.2679 55.8846 3
      vertex -38.2241 56.0071 0
      vertex -38.2241 56.0071 3
    endloop
  endfacet
  facet normal 0.94162 -0.336677 0
    outer loop
      vertex -38.2241 56.0071 0
      vertex -38.2679 55.8846 3
      vertex -38.2679 55.8846 0
    endloop
  endfacet
  facet normal -0.427723 -0.90391 0
    outer loop
      vertex -36.4929 56.7241 0
      vertex -36.3754 56.6685 3
      vertex -36.4929 56.7241 3
    endloop
  endfacet
  facet normal -0.427723 -0.90391 -0
    outer loop
      vertex -36.3754 56.6685 3
      vertex -36.4929 56.7241 0
      vertex -36.3754 56.6685 0
    endloop
  endfacet
  facet normal 0.94162 0.336677 0
    outer loop
      vertex -38.2241 54.9929 3
      vertex -38.2679 55.1154 0
      vertex -38.2679 55.1154 3
    endloop
  endfacet
  facet normal 0.94162 0.336677 0
    outer loop
      vertex -38.2679 55.1154 0
      vertex -38.2241 54.9929 3
      vertex -38.2241 54.9929 0
    endloop
  endfacet
  facet normal -0.970007 0.243079 0
    outer loop
      vertex -35.7321 55.1154 0
      vertex -35.7005 55.2415 3
      vertex -35.7005 55.2415 0
    endloop
  endfacet
  facet normal -0.970007 0.243079 0
    outer loop
      vertex -35.7005 55.2415 3
      vertex -35.7321 55.1154 0
      vertex -35.7321 55.1154 3
    endloop
  endfacet
  facet normal 0.049209 -0.998789 0
    outer loop
      vertex -37.1299 56.8186 0
      vertex -37 56.825 3
      vertex -37.1299 56.8186 3
    endloop
  endfacet
  facet normal 0.049209 -0.998789 0
    outer loop
      vertex -37 56.825 3
      vertex -37.1299 56.8186 0
      vertex -37 56.825 0
    endloop
  endfacet
  facet normal -0.671638 -0.740879 0
    outer loop
      vertex -36.1594 56.5242 0
      vertex -36.0631 56.4369 3
      vertex -36.1594 56.5242 3
    endloop
  endfacet
  facet normal -0.671638 -0.740879 -0
    outer loop
      vertex -36.0631 56.4369 3
      vertex -36.1594 56.5242 0
      vertex -36.0631 56.4369 0
    endloop
  endfacet
  facet normal 0.427723 -0.90391 0
    outer loop
      vertex -37.6246 56.6685 0
      vertex -37.5071 56.7241 3
      vertex -37.6246 56.6685 3
    endloop
  endfacet
  facet normal 0.427723 -0.90391 0
    outer loop
      vertex -37.5071 56.7241 3
      vertex -37.6246 56.6685 0
      vertex -37.5071 56.7241 0
    endloop
  endfacet
  facet normal 0.671638 -0.740879 0
    outer loop
      vertex -37.9369 56.4369 0
      vertex -37.8406 56.5242 3
      vertex -37.9369 56.4369 3
    endloop
  endfacet
  facet normal 0.671638 -0.740879 0
    outer loop
      vertex -37.8406 56.5242 3
      vertex -37.9369 56.4369 0
      vertex -37.8406 56.5242 0
    endloop
  endfacet
  facet normal -0.336677 0.94162 0
    outer loop
      vertex -36.4929 54.2759 0
      vertex -36.6154 54.2321 3
      vertex -36.4929 54.2759 3
    endloop
  endfacet
  facet normal -0.336677 0.94162 0
    outer loop
      vertex -36.6154 54.2321 3
      vertex -36.4929 54.2759 0
      vertex -36.6154 54.2321 0
    endloop
  endfacet
  facet normal 0.336677 -0.94162 0
    outer loop
      vertex -37.5071 56.7241 0
      vertex -37.3846 56.7679 3
      vertex -37.5071 56.7241 3
    endloop
  endfacet
  facet normal 0.336677 -0.94162 0
    outer loop
      vertex -37.3846 56.7679 3
      vertex -37.5071 56.7241 0
      vertex -37.3846 56.7679 0
    endloop
  endfacet
  facet normal -0.803217 -0.595687 0
    outer loop
      vertex -35.8983 56.2361 0
      vertex -35.9758 56.3406 3
      vertex -35.9758 56.3406 0
    endloop
  endfacet
  facet normal -0.803217 -0.595687 0
    outer loop
      vertex -35.9758 56.3406 3
      vertex -35.8983 56.2361 0
      vertex -35.8983 56.2361 3
    endloop
  endfacet
  facet normal 0.857832 -0.51393 0
    outer loop
      vertex -38.1685 56.1246 3
      vertex -38.1017 56.2361 0
      vertex -38.1017 56.2361 3
    endloop
  endfacet
  facet normal 0.857832 -0.51393 0
    outer loop
      vertex -38.1017 56.2361 0
      vertex -38.1685 56.1246 3
      vertex -38.1685 56.1246 0
    endloop
  endfacet
  facet normal -0.998789 0.049209 0
    outer loop
      vertex -35.6814 55.3701 0
      vertex -35.675 55.5 3
      vertex -35.675 55.5 0
    endloop
  endfacet
  facet normal -0.998789 0.049209 0
    outer loop
      vertex -35.675 55.5 3
      vertex -35.6814 55.3701 0
      vertex -35.6814 55.3701 3
    endloop
  endfacet
  facet normal -0.90391 0.427723 0
    outer loop
      vertex -35.8315 54.8754 0
      vertex -35.7759 54.9929 3
      vertex -35.7759 54.9929 0
    endloop
  endfacet
  facet normal -0.90391 0.427723 0
    outer loop
      vertex -35.7759 54.9929 3
      vertex -35.8315 54.8754 0
      vertex -35.8315 54.8754 3
    endloop
  endfacet
  facet normal 0.671638 0.740879 -0
    outer loop
      vertex -37.8406 54.4758 0
      vertex -37.9369 54.5631 3
      vertex -37.8406 54.4758 3
    endloop
  endfacet
  facet normal 0.671638 0.740879 0
    outer loop
      vertex -37.9369 54.5631 3
      vertex -37.8406 54.4758 0
      vertex -37.9369 54.5631 0
    endloop
  endfacet
  facet normal -0.595687 -0.803217 0
    outer loop
      vertex -36.2639 56.6017 0
      vertex -36.1594 56.5242 3
      vertex -36.2639 56.6017 3
    endloop
  endfacet
  facet normal -0.595687 -0.803217 -0
    outer loop
      vertex -36.1594 56.5242 3
      vertex -36.2639 56.6017 0
      vertex -36.1594 56.5242 0
    endloop
  endfacet
  facet normal 0.51393 0.857832 -0
    outer loop
      vertex -37.6246 54.3315 0
      vertex -37.7361 54.3983 3
      vertex -37.6246 54.3315 3
    endloop
  endfacet
  facet normal 0.51393 0.857832 0
    outer loop
      vertex -37.7361 54.3983 3
      vertex -37.6246 54.3315 0
      vertex -37.7361 54.3983 0
    endloop
  endfacet
  facet normal -0.51393 -0.857832 0
    outer loop
      vertex -36.3754 56.6685 0
      vertex -36.2639 56.6017 3
      vertex -36.3754 56.6685 3
    endloop
  endfacet
  facet normal -0.51393 -0.857832 -0
    outer loop
      vertex -36.2639 56.6017 3
      vertex -36.3754 56.6685 0
      vertex -36.2639 56.6017 0
    endloop
  endfacet
  facet normal -0.146911 0.98915 0
    outer loop
      vertex -36.7415 54.2005 0
      vertex -36.8701 54.1814 3
      vertex -36.7415 54.2005 3
    endloop
  endfacet
  facet normal -0.146911 0.98915 0
    outer loop
      vertex -36.8701 54.1814 3
      vertex -36.7415 54.2005 0
      vertex -36.8701 54.1814 0
    endloop
  endfacet
  facet normal -0.94162 -0.336677 0
    outer loop
      vertex -35.7321 55.8846 0
      vertex -35.7759 56.0071 3
      vertex -35.7759 56.0071 0
    endloop
  endfacet
  facet normal -0.94162 -0.336677 0
    outer loop
      vertex -35.7759 56.0071 3
      vertex -35.7321 55.8846 0
      vertex -35.7321 55.8846 3
    endloop
  endfacet
  facet normal -0.857832 0.51393 0
    outer loop
      vertex -35.8983 54.7639 0
      vertex -35.8315 54.8754 3
      vertex -35.8315 54.8754 0
    endloop
  endfacet
  facet normal -0.857832 0.51393 0
    outer loop
      vertex -35.8315 54.8754 3
      vertex -35.8983 54.7639 0
      vertex -35.8983 54.7639 3
    endloop
  endfacet
  facet normal 0.998789 0.049209 0
    outer loop
      vertex -38.3186 55.3701 3
      vertex -38.325 55.5 0
      vertex -38.325 55.5 3
    endloop
  endfacet
  facet normal 0.998789 0.049209 0
    outer loop
      vertex -38.325 55.5 0
      vertex -38.3186 55.3701 3
      vertex -38.3186 55.3701 0
    endloop
  endfacet
  facet normal -0.94162 0.336677 0
    outer loop
      vertex -35.7759 54.9929 0
      vertex -35.7321 55.1154 3
      vertex -35.7321 55.1154 0
    endloop
  endfacet
  facet normal -0.94162 0.336677 0
    outer loop
      vertex -35.7321 55.1154 3
      vertex -35.7759 54.9929 0
      vertex -35.7759 54.9929 3
    endloop
  endfacet
  facet normal -0.740879 -0.671638 0
    outer loop
      vertex -35.9758 56.3406 0
      vertex -36.0631 56.4369 3
      vertex -36.0631 56.4369 0
    endloop
  endfacet
  facet normal -0.740879 -0.671638 0
    outer loop
      vertex -36.0631 56.4369 3
      vertex -35.9758 56.3406 0
      vertex -35.9758 56.3406 3
    endloop
  endfacet
  facet normal -0.049209 -0.998789 0
    outer loop
      vertex -37 56.825 0
      vertex -36.8701 56.8186 3
      vertex -37 56.825 3
    endloop
  endfacet
  facet normal -0.049209 -0.998789 -0
    outer loop
      vertex -36.8701 56.8186 3
      vertex -37 56.825 0
      vertex -36.8701 56.8186 0
    endloop
  endfacet
  facet normal -0.90391 -0.427723 0
    outer loop
      vertex -35.7759 56.0071 0
      vertex -35.8315 56.1246 3
      vertex -35.8315 56.1246 0
    endloop
  endfacet
  facet normal -0.90391 -0.427723 0
    outer loop
      vertex -35.8315 56.1246 3
      vertex -35.7759 56.0071 0
      vertex -35.7759 56.0071 3
    endloop
  endfacet
  facet normal 0.146911 0.98915 -0
    outer loop
      vertex -37.1299 54.1814 0
      vertex -37.2585 54.2005 3
      vertex -37.1299 54.1814 3
    endloop
  endfacet
  facet normal 0.146911 0.98915 0
    outer loop
      vertex -37.2585 54.2005 3
      vertex -37.1299 54.1814 0
      vertex -37.2585 54.2005 0
    endloop
  endfacet
  facet normal -0.671638 0.740879 0
    outer loop
      vertex -36.0631 54.5631 0
      vertex -36.1594 54.4758 3
      vertex -36.0631 54.5631 3
    endloop
  endfacet
  facet normal -0.671638 0.740879 0
    outer loop
      vertex -36.1594 54.4758 3
      vertex -36.0631 54.5631 0
      vertex -36.1594 54.4758 0
    endloop
  endfacet
  facet normal -0.857832 -0.51393 0
    outer loop
      vertex -35.8315 56.1246 0
      vertex -35.8983 56.2361 3
      vertex -35.8983 56.2361 0
    endloop
  endfacet
  facet normal -0.857832 -0.51393 0
    outer loop
      vertex -35.8983 56.2361 3
      vertex -35.8315 56.1246 0
      vertex -35.8315 56.1246 3
    endloop
  endfacet
  facet normal 0.049209 0.998789 -0
    outer loop
      vertex -37 54.175 0
      vertex -37.1299 54.1814 3
      vertex -37 54.175 3
    endloop
  endfacet
  facet normal 0.049209 0.998789 0
    outer loop
      vertex -37.1299 54.1814 3
      vertex -37 54.175 0
      vertex -37.1299 54.1814 0
    endloop
  endfacet
  facet normal 0.740879 -0.671638 0
    outer loop
      vertex -38.0242 56.3406 3
      vertex -37.9369 56.4369 0
      vertex -37.9369 56.4369 3
    endloop
  endfacet
  facet normal 0.740879 -0.671638 0
    outer loop
      vertex -37.9369 56.4369 0
      vertex -38.0242 56.3406 3
      vertex -38.0242 56.3406 0
    endloop
  endfacet
  facet normal 0.146911 -0.98915 0
    outer loop
      vertex -37.2585 56.7995 0
      vertex -37.1299 56.8186 3
      vertex -37.2585 56.7995 3
    endloop
  endfacet
  facet normal 0.146911 -0.98915 0
    outer loop
      vertex -37.1299 56.8186 3
      vertex -37.2585 56.7995 0
      vertex -37.1299 56.8186 0
    endloop
  endfacet
  facet normal 0.90391 -0.427723 0
    outer loop
      vertex -38.2241 56.0071 3
      vertex -38.1685 56.1246 0
      vertex -38.1685 56.1246 3
    endloop
  endfacet
  facet normal 0.90391 -0.427723 0
    outer loop
      vertex -38.1685 56.1246 0
      vertex -38.2241 56.0071 3
      vertex -38.2241 56.0071 0
    endloop
  endfacet
  facet normal 0.970007 -0.243079 0
    outer loop
      vertex -38.2995 55.7585 3
      vertex -38.2679 55.8846 0
      vertex -38.2679 55.8846 3
    endloop
  endfacet
  facet normal 0.970007 -0.243079 0
    outer loop
      vertex -38.2679 55.8846 0
      vertex -38.2995 55.7585 3
      vertex -38.2995 55.7585 0
    endloop
  endfacet
  facet normal -0.243079 -0.970007 0
    outer loop
      vertex -36.7415 56.7995 0
      vertex -36.6154 56.7679 3
      vertex -36.7415 56.7995 3
    endloop
  endfacet
  facet normal -0.243079 -0.970007 -0
    outer loop
      vertex -36.6154 56.7679 3
      vertex -36.7415 56.7995 0
      vertex -36.6154 56.7679 0
    endloop
  endfacet
  facet normal 0.970007 0.243079 0
    outer loop
      vertex -38.2679 55.1154 3
      vertex -38.2995 55.2415 0
      vertex -38.2995 55.2415 3
    endloop
  endfacet
  facet normal 0.970007 0.243079 0
    outer loop
      vertex -38.2995 55.2415 0
      vertex -38.2679 55.1154 3
      vertex -38.2679 55.1154 0
    endloop
  endfacet
  facet normal 0.427723 0.90391 -0
    outer loop
      vertex -37.5071 54.2759 0
      vertex -37.6246 54.3315 3
      vertex -37.5071 54.2759 3
    endloop
  endfacet
  facet normal 0.427723 0.90391 0
    outer loop
      vertex -37.6246 54.3315 3
      vertex -37.5071 54.2759 0
      vertex -37.6246 54.3315 0
    endloop
  endfacet
  facet normal 0.740879 0.671638 0
    outer loop
      vertex -37.9369 54.5631 3
      vertex -38.0242 54.6594 0
      vertex -38.0242 54.6594 3
    endloop
  endfacet
  facet normal 0.740879 0.671638 0
    outer loop
      vertex -38.0242 54.6594 0
      vertex -37.9369 54.5631 3
      vertex -37.9369 54.5631 0
    endloop
  endfacet
  facet normal -0.049209 0.998789 0
    outer loop
      vertex -36.8701 54.1814 0
      vertex -37 54.175 3
      vertex -36.8701 54.1814 3
    endloop
  endfacet
  facet normal -0.049209 0.998789 0
    outer loop
      vertex -37 54.175 3
      vertex -36.8701 54.1814 0
      vertex -37 54.175 0
    endloop
  endfacet
  facet normal 0.98915 0.146911 0
    outer loop
      vertex -38.2995 55.2415 3
      vertex -38.3186 55.3701 0
      vertex -38.3186 55.3701 3
    endloop
  endfacet
  facet normal 0.98915 0.146911 0
    outer loop
      vertex -38.3186 55.3701 0
      vertex -38.2995 55.2415 3
      vertex -38.2995 55.2415 0
    endloop
  endfacet
  facet normal -0.595687 0.803217 0
    outer loop
      vertex -36.1594 54.4758 0
      vertex -36.2639 54.3983 3
      vertex -36.1594 54.4758 3
    endloop
  endfacet
  facet normal -0.595687 0.803217 0
    outer loop
      vertex -36.2639 54.3983 3
      vertex -36.1594 54.4758 0
      vertex -36.2639 54.3983 0
    endloop
  endfacet
  facet normal 0.803217 0.595687 0
    outer loop
      vertex -38.0242 54.6594 3
      vertex -38.1017 54.7639 0
      vertex -38.1017 54.7639 3
    endloop
  endfacet
  facet normal 0.803217 0.595687 0
    outer loop
      vertex -38.1017 54.7639 0
      vertex -38.0242 54.6594 3
      vertex -38.0242 54.6594 0
    endloop
  endfacet
  facet normal 0.998789 -0.049209 0
    outer loop
      vertex -38.325 55.5 3
      vertex -38.3186 55.6299 0
      vertex -38.3186 55.6299 3
    endloop
  endfacet
  facet normal 0.998789 -0.049209 0
    outer loop
      vertex -38.3186 55.6299 0
      vertex -38.325 55.5 3
      vertex -38.325 55.5 0
    endloop
  endfacet
  facet normal -0.740879 0.671638 0
    outer loop
      vertex -36.0631 54.5631 0
      vertex -35.9758 54.6594 3
      vertex -35.9758 54.6594 0
    endloop
  endfacet
  facet normal -0.740879 0.671638 0
    outer loop
      vertex -35.9758 54.6594 3
      vertex -36.0631 54.5631 0
      vertex -36.0631 54.5631 3
    endloop
  endfacet
  facet normal -0.336677 -0.94162 0
    outer loop
      vertex 37.3846 -54.2321 0
      vertex 37.5071 -54.2759 3
      vertex 37.3846 -54.2321 3
    endloop
  endfacet
  facet normal -0.336677 -0.94162 -0
    outer loop
      vertex 37.5071 -54.2759 3
      vertex 37.3846 -54.2321 0
      vertex 37.5071 -54.2759 0
    endloop
  endfacet
  facet normal -0.98915 -0.146911 0
    outer loop
      vertex 38.3186 -55.3701 0
      vertex 38.2995 -55.2415 3
      vertex 38.2995 -55.2415 0
    endloop
  endfacet
  facet normal -0.98915 -0.146911 0
    outer loop
      vertex 38.2995 -55.2415 3
      vertex 38.3186 -55.3701 0
      vertex 38.3186 -55.3701 3
    endloop
  endfacet
  facet normal -0.998789 -0.049209 0
    outer loop
      vertex 38.325 -55.5 0
      vertex 38.3186 -55.3701 3
      vertex 38.3186 -55.3701 0
    endloop
  endfacet
  facet normal -0.998789 -0.049209 0
    outer loop
      vertex 38.3186 -55.3701 3
      vertex 38.325 -55.5 0
      vertex 38.325 -55.5 3
    endloop
  endfacet
  facet normal -0.970007 -0.243079 0
    outer loop
      vertex 38.2995 -55.2415 0
      vertex 38.2679 -55.1154 3
      vertex 38.2679 -55.1154 0
    endloop
  endfacet
  facet normal -0.970007 -0.243079 0
    outer loop
      vertex 38.2679 -55.1154 3
      vertex 38.2995 -55.2415 0
      vertex 38.2995 -55.2415 3
    endloop
  endfacet
  facet normal 0.998789 0.049209 0
    outer loop
      vertex 35.6814 -55.6299 3
      vertex 35.675 -55.5 0
      vertex 35.675 -55.5 3
    endloop
  endfacet
  facet normal 0.998789 0.049209 0
    outer loop
      vertex 35.675 -55.5 0
      vertex 35.6814 -55.6299 3
      vertex 35.6814 -55.6299 0
    endloop
  endfacet
  facet normal -0.998789 0.049209 0
    outer loop
      vertex 38.3186 -55.6299 0
      vertex 38.325 -55.5 3
      vertex 38.325 -55.5 0
    endloop
  endfacet
  facet normal -0.998789 0.049209 0
    outer loop
      vertex 38.325 -55.5 3
      vertex 38.3186 -55.6299 0
      vertex 38.3186 -55.6299 3
    endloop
  endfacet
  facet normal -0.336677 0.94162 0
    outer loop
      vertex 37.5071 -56.7241 0
      vertex 37.3846 -56.7679 3
      vertex 37.5071 -56.7241 3
    endloop
  endfacet
  facet normal -0.336677 0.94162 0
    outer loop
      vertex 37.3846 -56.7679 3
      vertex 37.5071 -56.7241 0
      vertex 37.3846 -56.7679 0
    endloop
  endfacet
  facet normal -0.146911 0.98915 0
    outer loop
      vertex 37.2585 -56.7995 0
      vertex 37.1299 -56.8186 3
      vertex 37.2585 -56.7995 3
    endloop
  endfacet
  facet normal -0.146911 0.98915 0
    outer loop
      vertex 37.1299 -56.8186 3
      vertex 37.2585 -56.7995 0
      vertex 37.1299 -56.8186 0
    endloop
  endfacet
  facet normal -0.94162 -0.336677 0
    outer loop
      vertex 38.2679 -55.1154 0
      vertex 38.2241 -54.9929 3
      vertex 38.2241 -54.9929 0
    endloop
  endfacet
  facet normal -0.94162 -0.336677 0
    outer loop
      vertex 38.2241 -54.9929 3
      vertex 38.2679 -55.1154 0
      vertex 38.2679 -55.1154 3
    endloop
  endfacet
  facet normal -0.90391 -0.427723 0
    outer loop
      vertex 38.2241 -54.9929 0
      vertex 38.1685 -54.8754 3
      vertex 38.1685 -54.8754 0
    endloop
  endfacet
  facet normal -0.90391 -0.427723 0
    outer loop
      vertex 38.1685 -54.8754 3
      vertex 38.2241 -54.9929 0
      vertex 38.2241 -54.9929 3
    endloop
  endfacet
  facet normal 0.857832 0.51393 0
    outer loop
      vertex 35.8983 -56.2361 3
      vertex 35.8315 -56.1246 0
      vertex 35.8315 -56.1246 3
    endloop
  endfacet
  facet normal 0.857832 0.51393 0
    outer loop
      vertex 35.8315 -56.1246 0
      vertex 35.8983 -56.2361 3
      vertex 35.8983 -56.2361 0
    endloop
  endfacet
  facet normal 0.427723 -0.90391 0
    outer loop
      vertex 36.3754 -54.3315 0
      vertex 36.4929 -54.2759 3
      vertex 36.3754 -54.3315 3
    endloop
  endfacet
  facet normal 0.427723 -0.90391 0
    outer loop
      vertex 36.4929 -54.2759 3
      vertex 36.3754 -54.3315 0
      vertex 36.4929 -54.2759 0
    endloop
  endfacet
  facet normal -0.51393 -0.857832 0
    outer loop
      vertex 37.6246 -54.3315 0
      vertex 37.7361 -54.3983 3
      vertex 37.6246 -54.3315 3
    endloop
  endfacet
  facet normal -0.51393 -0.857832 -0
    outer loop
      vertex 37.7361 -54.3983 3
      vertex 37.6246 -54.3315 0
      vertex 37.7361 -54.3983 0
    endloop
  endfacet
  facet normal -0.857832 0.51393 0
    outer loop
      vertex 38.1017 -56.2361 0
      vertex 38.1685 -56.1246 3
      vertex 38.1685 -56.1246 0
    endloop
  endfacet
  facet normal -0.857832 0.51393 0
    outer loop
      vertex 38.1685 -56.1246 3
      vertex 38.1017 -56.2361 0
      vertex 38.1017 -56.2361 3
    endloop
  endfacet
  facet normal 0.336677 0.94162 -0
    outer loop
      vertex 36.6154 -56.7679 0
      vertex 36.4929 -56.7241 3
      vertex 36.6154 -56.7679 3
    endloop
  endfacet
  facet normal 0.336677 0.94162 0
    outer loop
      vertex 36.4929 -56.7241 3
      vertex 36.6154 -56.7679 0
      vertex 36.4929 -56.7241 0
    endloop
  endfacet
  facet normal -0.51393 0.857832 0
    outer loop
      vertex 37.7361 -56.6017 0
      vertex 37.6246 -56.6685 3
      vertex 37.7361 -56.6017 3
    endloop
  endfacet
  facet normal -0.51393 0.857832 0
    outer loop
      vertex 37.6246 -56.6685 3
      vertex 37.7361 -56.6017 0
      vertex 37.6246 -56.6685 0
    endloop
  endfacet
  facet normal 0.90391 0.427723 0
    outer loop
      vertex 35.8315 -56.1246 3
      vertex 35.7759 -56.0071 0
      vertex 35.7759 -56.0071 3
    endloop
  endfacet
  facet normal 0.90391 0.427723 0
    outer loop
      vertex 35.7759 -56.0071 0
      vertex 35.8315 -56.1246 3
      vertex 35.8315 -56.1246 0
    endloop
  endfacet
  facet normal 0.146911 -0.98915 0
    outer loop
      vertex 36.7415 -54.2005 0
      vertex 36.8701 -54.1814 3
      vertex 36.7415 -54.2005 3
    endloop
  endfacet
  facet normal 0.146911 -0.98915 0
    outer loop
      vertex 36.8701 -54.1814 3
      vertex 36.7415 -54.2005 0
      vertex 36.8701 -54.1814 0
    endloop
  endfacet
  facet normal -0.740879 0.671638 0
    outer loop
      vertex 37.9369 -56.4369 0
      vertex 38.0242 -56.3406 3
      vertex 38.0242 -56.3406 0
    endloop
  endfacet
  facet normal -0.740879 0.671638 0
    outer loop
      vertex 38.0242 -56.3406 3
      vertex 37.9369 -56.4369 0
      vertex 37.9369 -56.4369 3
    endloop
  endfacet
  facet normal -0.803217 -0.595687 0
    outer loop
      vertex 38.1017 -54.7639 0
      vertex 38.0242 -54.6594 3
      vertex 38.0242 -54.6594 0
    endloop
  endfacet
  facet normal -0.803217 -0.595687 0
    outer loop
      vertex 38.0242 -54.6594 3
      vertex 38.1017 -54.7639 0
      vertex 38.1017 -54.7639 3
    endloop
  endfacet
  facet normal -0.98915 0.146911 0
    outer loop
      vertex 38.2995 -55.7585 0
      vertex 38.3186 -55.6299 3
      vertex 38.3186 -55.6299 0
    endloop
  endfacet
  facet normal -0.98915 0.146911 0
    outer loop
      vertex 38.3186 -55.6299 3
      vertex 38.2995 -55.7585 0
      vertex 38.2995 -55.7585 3
    endloop
  endfacet
  facet normal -0.146911 -0.98915 0
    outer loop
      vertex 37.1299 -54.1814 0
      vertex 37.2585 -54.2005 3
      vertex 37.1299 -54.1814 3
    endloop
  endfacet
  facet normal -0.146911 -0.98915 -0
    outer loop
      vertex 37.2585 -54.2005 3
      vertex 37.1299 -54.1814 0
      vertex 37.2585 -54.2005 0
    endloop
  endfacet
  facet normal -0.90391 0.427723 0
    outer loop
      vertex 38.1685 -56.1246 0
      vertex 38.2241 -56.0071 3
      vertex 38.2241 -56.0071 0
    endloop
  endfacet
  facet normal -0.90391 0.427723 0
    outer loop
      vertex 38.2241 -56.0071 3
      vertex 38.1685 -56.1246 0
      vertex 38.1685 -56.1246 3
    endloop
  endfacet
  facet normal -0.427723 -0.90391 0
    outer loop
      vertex 37.5071 -54.2759 0
      vertex 37.6246 -54.3315 3
      vertex 37.5071 -54.2759 3
    endloop
  endfacet
  facet normal -0.427723 -0.90391 -0
    outer loop
      vertex 37.6246 -54.3315 3
      vertex 37.5071 -54.2759 0
      vertex 37.6246 -54.3315 0
    endloop
  endfacet
  facet normal 0.243079 -0.970007 0
    outer loop
      vertex 36.6154 -54.2321 0
      vertex 36.7415 -54.2005 3
      vertex 36.6154 -54.2321 3
    endloop
  endfacet
  facet normal 0.243079 -0.970007 0
    outer loop
      vertex 36.7415 -54.2005 3
      vertex 36.6154 -54.2321 0
      vertex 36.7415 -54.2005 0
    endloop
  endfacet
  facet normal 0.94162 0.336677 0
    outer loop
      vertex 35.7759 -56.0071 3
      vertex 35.7321 -55.8846 0
      vertex 35.7321 -55.8846 3
    endloop
  endfacet
  facet normal 0.94162 0.336677 0
    outer loop
      vertex 35.7321 -55.8846 0
      vertex 35.7759 -56.0071 3
      vertex 35.7759 -56.0071 0
    endloop
  endfacet
  facet normal 0.90391 -0.427723 0
    outer loop
      vertex 35.7759 -54.9929 3
      vertex 35.8315 -54.8754 0
      vertex 35.8315 -54.8754 3
    endloop
  endfacet
  facet normal 0.90391 -0.427723 0
    outer loop
      vertex 35.8315 -54.8754 0
      vertex 35.7759 -54.9929 3
      vertex 35.7759 -54.9929 0
    endloop
  endfacet
  facet normal 0.970007 -0.243079 0
    outer loop
      vertex 35.7005 -55.2415 3
      vertex 35.7321 -55.1154 0
      vertex 35.7321 -55.1154 3
    endloop
  endfacet
  facet normal 0.970007 -0.243079 0
    outer loop
      vertex 35.7321 -55.1154 0
      vertex 35.7005 -55.2415 3
      vertex 35.7005 -55.2415 0
    endloop
  endfacet
  facet normal 0.336677 -0.94162 0
    outer loop
      vertex 36.4929 -54.2759 0
      vertex 36.6154 -54.2321 3
      vertex 36.4929 -54.2759 3
    endloop
  endfacet
  facet normal 0.336677 -0.94162 0
    outer loop
      vertex 36.6154 -54.2321 3
      vertex 36.4929 -54.2759 0
      vertex 36.6154 -54.2321 0
    endloop
  endfacet
  facet normal 0.98915 -0.146911 0
    outer loop
      vertex 35.6814 -55.3701 3
      vertex 35.7005 -55.2415 0
      vertex 35.7005 -55.2415 3
    endloop
  endfacet
  facet normal 0.98915 -0.146911 0
    outer loop
      vertex 35.7005 -55.2415 0
      vertex 35.6814 -55.3701 3
      vertex 35.6814 -55.3701 0
    endloop
  endfacet
  facet normal 0.049209 0.998789 -0
    outer loop
      vertex 37 -56.825 0
      vertex 36.8701 -56.8186 3
      vertex 37 -56.825 3
    endloop
  endfacet
  facet normal 0.049209 0.998789 0
    outer loop
      vertex 36.8701 -56.8186 3
      vertex 37 -56.825 0
      vertex 36.8701 -56.8186 0
    endloop
  endfacet
  facet normal -0.94162 0.336677 0
    outer loop
      vertex 38.2241 -56.0071 0
      vertex 38.2679 -55.8846 3
      vertex 38.2679 -55.8846 0
    endloop
  endfacet
  facet normal -0.94162 0.336677 0
    outer loop
      vertex 38.2679 -55.8846 3
      vertex 38.2241 -56.0071 0
      vertex 38.2241 -56.0071 3
    endloop
  endfacet
  facet normal 0.595687 -0.803217 0
    outer loop
      vertex 36.1594 -54.4758 0
      vertex 36.2639 -54.3983 3
      vertex 36.1594 -54.4758 3
    endloop
  endfacet
  facet normal 0.595687 -0.803217 0
    outer loop
      vertex 36.2639 -54.3983 3
      vertex 36.1594 -54.4758 0
      vertex 36.2639 -54.3983 0
    endloop
  endfacet
  facet normal 0.98915 0.146911 0
    outer loop
      vertex 35.7005 -55.7585 3
      vertex 35.6814 -55.6299 0
      vertex 35.6814 -55.6299 3
    endloop
  endfacet
  facet normal 0.98915 0.146911 0
    outer loop
      vertex 35.6814 -55.6299 0
      vertex 35.7005 -55.7585 3
      vertex 35.7005 -55.7585 0
    endloop
  endfacet
  facet normal 0.146911 0.98915 -0
    outer loop
      vertex 36.8701 -56.8186 0
      vertex 36.7415 -56.7995 3
      vertex 36.8701 -56.8186 3
    endloop
  endfacet
  facet normal 0.146911 0.98915 0
    outer loop
      vertex 36.7415 -56.7995 3
      vertex 36.8701 -56.8186 0
      vertex 36.7415 -56.7995 0
    endloop
  endfacet
  facet normal -0.049209 -0.998789 0
    outer loop
      vertex 37 -54.175 0
      vertex 37.1299 -54.1814 3
      vertex 37 -54.175 3
    endloop
  endfacet
  facet normal -0.049209 -0.998789 -0
    outer loop
      vertex 37.1299 -54.1814 3
      vertex 37 -54.175 0
      vertex 37.1299 -54.1814 0
    endloop
  endfacet
  facet normal -0.427723 0.90391 0
    outer loop
      vertex 37.6246 -56.6685 0
      vertex 37.5071 -56.7241 3
      vertex 37.6246 -56.6685 3
    endloop
  endfacet
  facet normal -0.427723 0.90391 0
    outer loop
      vertex 37.5071 -56.7241 3
      vertex 37.6246 -56.6685 0
      vertex 37.5071 -56.7241 0
    endloop
  endfacet
  facet normal -0.595687 -0.803217 0
    outer loop
      vertex 37.7361 -54.3983 0
      vertex 37.8406 -54.4758 3
      vertex 37.7361 -54.3983 3
    endloop
  endfacet
  facet normal -0.595687 -0.803217 -0
    outer loop
      vertex 37.8406 -54.4758 3
      vertex 37.7361 -54.3983 0
      vertex 37.8406 -54.4758 0
    endloop
  endfacet
  facet normal -0.243079 -0.970007 0
    outer loop
      vertex 37.2585 -54.2005 0
      vertex 37.3846 -54.2321 3
      vertex 37.2585 -54.2005 3
    endloop
  endfacet
  facet normal -0.243079 -0.970007 -0
    outer loop
      vertex 37.3846 -54.2321 3
      vertex 37.2585 -54.2005 0
      vertex 37.3846 -54.2321 0
    endloop
  endfacet
  facet normal 0.595687 0.803217 -0
    outer loop
      vertex 36.2639 -56.6017 0
      vertex 36.1594 -56.5242 3
      vertex 36.2639 -56.6017 3
    endloop
  endfacet
  facet normal 0.595687 0.803217 0
    outer loop
      vertex 36.1594 -56.5242 3
      vertex 36.2639 -56.6017 0
      vertex 36.1594 -56.5242 0
    endloop
  endfacet
  facet normal 0.049209 -0.998789 0
    outer loop
      vertex 36.8701 -54.1814 0
      vertex 37 -54.175 3
      vertex 36.8701 -54.1814 3
    endloop
  endfacet
  facet normal 0.049209 -0.998789 0
    outer loop
      vertex 37 -54.175 3
      vertex 36.8701 -54.1814 0
      vertex 37 -54.175 0
    endloop
  endfacet
  facet normal -0.243079 0.970007 0
    outer loop
      vertex 37.3846 -56.7679 0
      vertex 37.2585 -56.7995 3
      vertex 37.3846 -56.7679 3
    endloop
  endfacet
  facet normal -0.243079 0.970007 0
    outer loop
      vertex 37.2585 -56.7995 3
      vertex 37.3846 -56.7679 0
      vertex 37.2585 -56.7995 0
    endloop
  endfacet
  facet normal 0.51393 -0.857832 0
    outer loop
      vertex 36.2639 -54.3983 0
      vertex 36.3754 -54.3315 3
      vertex 36.2639 -54.3983 3
    endloop
  endfacet
  facet normal 0.51393 -0.857832 0
    outer loop
      vertex 36.3754 -54.3315 3
      vertex 36.2639 -54.3983 0
      vertex 36.3754 -54.3315 0
    endloop
  endfacet
  facet normal 0.998789 -0.049209 0
    outer loop
      vertex 35.675 -55.5 3
      vertex 35.6814 -55.3701 0
      vertex 35.6814 -55.3701 3
    endloop
  endfacet
  facet normal 0.998789 -0.049209 0
    outer loop
      vertex 35.6814 -55.3701 0
      vertex 35.675 -55.5 3
      vertex 35.675 -55.5 0
    endloop
  endfacet
  facet normal -0.970007 0.243079 0
    outer loop
      vertex 38.2679 -55.8846 0
      vertex 38.2995 -55.7585 3
      vertex 38.2995 -55.7585 0
    endloop
  endfacet
  facet normal -0.970007 0.243079 0
    outer loop
      vertex 38.2995 -55.7585 3
      vertex 38.2679 -55.8846 0
      vertex 38.2679 -55.8846 3
    endloop
  endfacet
  facet normal -0.671638 0.740879 0
    outer loop
      vertex 37.9369 -56.4369 0
      vertex 37.8406 -56.5242 3
      vertex 37.9369 -56.4369 3
    endloop
  endfacet
  facet normal -0.671638 0.740879 0
    outer loop
      vertex 37.8406 -56.5242 3
      vertex 37.9369 -56.4369 0
      vertex 37.8406 -56.5242 0
    endloop
  endfacet
  facet normal -0.857832 -0.51393 0
    outer loop
      vertex 38.1685 -54.8754 0
      vertex 38.1017 -54.7639 3
      vertex 38.1017 -54.7639 0
    endloop
  endfacet
  facet normal -0.857832 -0.51393 0
    outer loop
      vertex 38.1017 -54.7639 3
      vertex 38.1685 -54.8754 0
      vertex 38.1685 -54.8754 3
    endloop
  endfacet
  facet normal -0.803217 0.595687 0
    outer loop
      vertex 38.0242 -56.3406 0
      vertex 38.1017 -56.2361 3
      vertex 38.1017 -56.2361 0
    endloop
  endfacet
  facet normal -0.803217 0.595687 0
    outer loop
      vertex 38.1017 -56.2361 3
      vertex 38.0242 -56.3406 0
      vertex 38.0242 -56.3406 3
    endloop
  endfacet
  facet normal 0.803217 0.595687 0
    outer loop
      vertex 35.9758 -56.3406 3
      vertex 35.8983 -56.2361 0
      vertex 35.8983 -56.2361 3
    endloop
  endfacet
  facet normal 0.803217 0.595687 0
    outer loop
      vertex 35.8983 -56.2361 0
      vertex 35.9758 -56.3406 3
      vertex 35.9758 -56.3406 0
    endloop
  endfacet
  facet normal 0.740879 0.671638 0
    outer loop
      vertex 36.0631 -56.4369 3
      vertex 35.9758 -56.3406 0
      vertex 35.9758 -56.3406 3
    endloop
  endfacet
  facet normal 0.740879 0.671638 0
    outer loop
      vertex 35.9758 -56.3406 0
      vertex 36.0631 -56.4369 3
      vertex 36.0631 -56.4369 0
    endloop
  endfacet
  facet normal 0.671638 -0.740879 0
    outer loop
      vertex 36.0631 -54.5631 0
      vertex 36.1594 -54.4758 3
      vertex 36.0631 -54.5631 3
    endloop
  endfacet
  facet normal 0.671638 -0.740879 0
    outer loop
      vertex 36.1594 -54.4758 3
      vertex 36.0631 -54.5631 0
      vertex 36.1594 -54.4758 0
    endloop
  endfacet
  facet normal 0.970007 0.243079 0
    outer loop
      vertex 35.7321 -55.8846 3
      vertex 35.7005 -55.7585 0
      vertex 35.7005 -55.7585 3
    endloop
  endfacet
  facet normal 0.970007 0.243079 0
    outer loop
      vertex 35.7005 -55.7585 0
      vertex 35.7321 -55.8846 3
      vertex 35.7321 -55.8846 0
    endloop
  endfacet
  facet normal 0.671638 0.740879 -0
    outer loop
      vertex 36.1594 -56.5242 0
      vertex 36.0631 -56.4369 3
      vertex 36.1594 -56.5242 3
    endloop
  endfacet
  facet normal 0.671638 0.740879 0
    outer loop
      vertex 36.0631 -56.4369 3
      vertex 36.1594 -56.5242 0
      vertex 36.0631 -56.4369 0
    endloop
  endfacet
  facet normal -0.671638 -0.740879 0
    outer loop
      vertex 37.8406 -54.4758 0
      vertex 37.9369 -54.5631 3
      vertex 37.8406 -54.4758 3
    endloop
  endfacet
  facet normal -0.671638 -0.740879 -0
    outer loop
      vertex 37.9369 -54.5631 3
      vertex 37.8406 -54.4758 0
      vertex 37.9369 -54.5631 0
    endloop
  endfacet
  facet normal 0.740879 -0.671638 0
    outer loop
      vertex 35.9758 -54.6594 3
      vertex 36.0631 -54.5631 0
      vertex 36.0631 -54.5631 3
    endloop
  endfacet
  facet normal 0.740879 -0.671638 0
    outer loop
      vertex 36.0631 -54.5631 0
      vertex 35.9758 -54.6594 3
      vertex 35.9758 -54.6594 0
    endloop
  endfacet
  facet normal -0.740879 -0.671638 0
    outer loop
      vertex 38.0242 -54.6594 0
      vertex 37.9369 -54.5631 3
      vertex 37.9369 -54.5631 0
    endloop
  endfacet
  facet normal -0.740879 -0.671638 0
    outer loop
      vertex 37.9369 -54.5631 3
      vertex 38.0242 -54.6594 0
      vertex 38.0242 -54.6594 3
    endloop
  endfacet
  facet normal 0.51393 0.857832 -0
    outer loop
      vertex 36.3754 -56.6685 0
      vertex 36.2639 -56.6017 3
      vertex 36.3754 -56.6685 3
    endloop
  endfacet
  facet normal 0.51393 0.857832 0
    outer loop
      vertex 36.2639 -56.6017 3
      vertex 36.3754 -56.6685 0
      vertex 36.2639 -56.6017 0
    endloop
  endfacet
  facet normal -0.049209 0.998789 0
    outer loop
      vertex 37.1299 -56.8186 0
      vertex 37 -56.825 3
      vertex 37.1299 -56.8186 3
    endloop
  endfacet
  facet normal -0.049209 0.998789 0
    outer loop
      vertex 37 -56.825 3
      vertex 37.1299 -56.8186 0
      vertex 37 -56.825 0
    endloop
  endfacet
  facet normal 0.803217 -0.595687 0
    outer loop
      vertex 35.8983 -54.7639 3
      vertex 35.9758 -54.6594 0
      vertex 35.9758 -54.6594 3
    endloop
  endfacet
  facet normal 0.803217 -0.595687 0
    outer loop
      vertex 35.9758 -54.6594 0
      vertex 35.8983 -54.7639 3
      vertex 35.8983 -54.7639 0
    endloop
  endfacet
  facet normal -0.595687 0.803217 0
    outer loop
      vertex 37.8406 -56.5242 0
      vertex 37.7361 -56.6017 3
      vertex 37.8406 -56.5242 3
    endloop
  endfacet
  facet normal -0.595687 0.803217 0
    outer loop
      vertex 37.7361 -56.6017 3
      vertex 37.8406 -56.5242 0
      vertex 37.7361 -56.6017 0
    endloop
  endfacet
  facet normal 0.857832 -0.51393 0
    outer loop
      vertex 35.8315 -54.8754 3
      vertex 35.8983 -54.7639 0
      vertex 35.8983 -54.7639 3
    endloop
  endfacet
  facet normal 0.857832 -0.51393 0
    outer loop
      vertex 35.8983 -54.7639 0
      vertex 35.8315 -54.8754 3
      vertex 35.8315 -54.8754 0
    endloop
  endfacet
  facet normal 0.94162 -0.336677 0
    outer loop
      vertex 35.7321 -55.1154 3
      vertex 35.7759 -54.9929 0
      vertex 35.7759 -54.9929 3
    endloop
  endfacet
  facet normal 0.94162 -0.336677 0
    outer loop
      vertex 35.7759 -54.9929 0
      vertex 35.7321 -55.1154 3
      vertex 35.7321 -55.1154 0
    endloop
  endfacet
  facet normal 0.243079 0.970007 -0
    outer loop
      vertex 36.7415 -56.7995 0
      vertex 36.6154 -56.7679 3
      vertex 36.7415 -56.7995 3
    endloop
  endfacet
  facet normal 0.243079 0.970007 0
    outer loop
      vertex 36.6154 -56.7679 3
      vertex 36.7415 -56.7995 0
      vertex 36.6154 -56.7679 0
    endloop
  endfacet
  facet normal 0.427723 0.90391 -0
    outer loop
      vertex 36.4929 -56.7241 0
      vertex 36.3754 -56.6685 3
      vertex 36.4929 -56.7241 3
    endloop
  endfacet
  facet normal 0.427723 0.90391 0
    outer loop
      vertex 36.3754 -56.6685 3
      vertex 36.4929 -56.7241 0
      vertex 36.3754 -56.6685 0
    endloop
  endfacet
  facet normal 0.336677 0.94162 -0
    outer loop
      vertex 36.6154 54.2321 0
      vertex 36.4929 54.2759 3
      vertex 36.6154 54.2321 3
    endloop
  endfacet
  facet normal 0.336677 0.94162 0
    outer loop
      vertex 36.4929 54.2759 3
      vertex 36.6154 54.2321 0
      vertex 36.4929 54.2759 0
    endloop
  endfacet
  facet normal -0.98915 -0.146911 0
    outer loop
      vertex 38.3186 55.6299 0
      vertex 38.2995 55.7585 3
      vertex 38.2995 55.7585 0
    endloop
  endfacet
  facet normal -0.98915 -0.146911 0
    outer loop
      vertex 38.2995 55.7585 3
      vertex 38.3186 55.6299 0
      vertex 38.3186 55.6299 3
    endloop
  endfacet
  facet normal -0.998789 -0.049209 0
    outer loop
      vertex 38.325 55.5 0
      vertex 38.3186 55.6299 3
      vertex 38.3186 55.6299 0
    endloop
  endfacet
  facet normal -0.998789 -0.049209 0
    outer loop
      vertex 38.3186 55.6299 3
      vertex 38.325 55.5 0
      vertex 38.325 55.5 3
    endloop
  endfacet
  facet normal -0.970007 -0.243079 0
    outer loop
      vertex 38.2995 55.7585 0
      vertex 38.2679 55.8846 3
      vertex 38.2679 55.8846 0
    endloop
  endfacet
  facet normal -0.970007 -0.243079 0
    outer loop
      vertex 38.2679 55.8846 3
      vertex 38.2995 55.7585 0
      vertex 38.2995 55.7585 3
    endloop
  endfacet
  facet normal 0.98915 -0.146911 0
    outer loop
      vertex 35.6814 55.6299 3
      vertex 35.7005 55.7585 0
      vertex 35.7005 55.7585 3
    endloop
  endfacet
  facet normal 0.98915 -0.146911 0
    outer loop
      vertex 35.7005 55.7585 0
      vertex 35.6814 55.6299 3
      vertex 35.6814 55.6299 0
    endloop
  endfacet
  facet normal 0.243079 0.970007 -0
    outer loop
      vertex 36.7415 54.2005 0
      vertex 36.6154 54.2321 3
      vertex 36.7415 54.2005 3
    endloop
  endfacet
  facet normal 0.243079 0.970007 0
    outer loop
      vertex 36.6154 54.2321 3
      vertex 36.7415 54.2005 0
      vertex 36.6154 54.2321 0
    endloop
  endfacet
  facet normal -0.336677 -0.94162 0
    outer loop
      vertex 37.3846 56.7679 0
      vertex 37.5071 56.7241 3
      vertex 37.3846 56.7679 3
    endloop
  endfacet
  facet normal -0.336677 -0.94162 -0
    outer loop
      vertex 37.5071 56.7241 3
      vertex 37.3846 56.7679 0
      vertex 37.5071 56.7241 0
    endloop
  endfacet
  facet normal 0.51393 -0.857832 0
    outer loop
      vertex 36.2639 56.6017 0
      vertex 36.3754 56.6685 3
      vertex 36.2639 56.6017 3
    endloop
  endfacet
  facet normal 0.51393 -0.857832 0
    outer loop
      vertex 36.3754 56.6685 3
      vertex 36.2639 56.6017 0
      vertex 36.3754 56.6685 0
    endloop
  endfacet
  facet normal 0.90391 0.427723 0
    outer loop
      vertex 35.8315 54.8754 3
      vertex 35.7759 54.9929 0
      vertex 35.7759 54.9929 3
    endloop
  endfacet
  facet normal 0.90391 0.427723 0
    outer loop
      vertex 35.7759 54.9929 0
      vertex 35.8315 54.8754 3
      vertex 35.8315 54.8754 0
    endloop
  endfacet
  facet normal 0.243079 -0.970007 0
    outer loop
      vertex 36.6154 56.7679 0
      vertex 36.7415 56.7995 3
      vertex 36.6154 56.7679 3
    endloop
  endfacet
  facet normal 0.243079 -0.970007 0
    outer loop
      vertex 36.7415 56.7995 3
      vertex 36.6154 56.7679 0
      vertex 36.7415 56.7995 0
    endloop
  endfacet
  facet normal 0.857832 0.51393 0
    outer loop
      vertex 35.8983 54.7639 3
      vertex 35.8315 54.8754 0
      vertex 35.8315 54.8754 3
    endloop
  endfacet
  facet normal 0.857832 0.51393 0
    outer loop
      vertex 35.8315 54.8754 0
      vertex 35.8983 54.7639 3
      vertex 35.8983 54.7639 0
    endloop
  endfacet
  facet normal -0.243079 0.970007 0
    outer loop
      vertex 37.3846 54.2321 0
      vertex 37.2585 54.2005 3
      vertex 37.3846 54.2321 3
    endloop
  endfacet
  facet normal -0.243079 0.970007 0
    outer loop
      vertex 37.2585 54.2005 3
      vertex 37.3846 54.2321 0
      vertex 37.2585 54.2005 0
    endloop
  endfacet
  facet normal 0.595687 0.803217 -0
    outer loop
      vertex 36.2639 54.3983 0
      vertex 36.1594 54.4758 3
      vertex 36.2639 54.3983 3
    endloop
  endfacet
  facet normal 0.595687 0.803217 0
    outer loop
      vertex 36.1594 54.4758 3
      vertex 36.2639 54.3983 0
      vertex 36.1594 54.4758 0
    endloop
  endfacet
  facet normal -0.51393 0.857832 0
    outer loop
      vertex 37.7361 54.3983 0
      vertex 37.6246 54.3315 3
      vertex 37.7361 54.3983 3
    endloop
  endfacet
  facet normal -0.51393 0.857832 0
    outer loop
      vertex 37.6246 54.3315 3
      vertex 37.7361 54.3983 0
      vertex 37.6246 54.3315 0
    endloop
  endfacet
  facet normal -0.803217 0.595687 0
    outer loop
      vertex 38.0242 54.6594 0
      vertex 38.1017 54.7639 3
      vertex 38.1017 54.7639 0
    endloop
  endfacet
  facet normal -0.803217 0.595687 0
    outer loop
      vertex 38.1017 54.7639 3
      vertex 38.0242 54.6594 0
      vertex 38.0242 54.6594 3
    endloop
  endfacet
  facet normal -0.146911 -0.98915 0
    outer loop
      vertex 37.1299 56.8186 0
      vertex 37.2585 56.7995 3
      vertex 37.1299 56.8186 3
    endloop
  endfacet
  facet normal -0.146911 -0.98915 -0
    outer loop
      vertex 37.2585 56.7995 3
      vertex 37.1299 56.8186 0
      vertex 37.2585 56.7995 0
    endloop
  endfacet
  facet normal 0.595687 -0.803217 0
    outer loop
      vertex 36.1594 56.5242 0
      vertex 36.2639 56.6017 3
      vertex 36.1594 56.5242 3
    endloop
  endfacet
  facet normal 0.595687 -0.803217 0
    outer loop
      vertex 36.2639 56.6017 3
      vertex 36.1594 56.5242 0
      vertex 36.2639 56.6017 0
    endloop
  endfacet
  facet normal 0.803217 -0.595687 0
    outer loop
      vertex 35.8983 56.2361 3
      vertex 35.9758 56.3406 0
      vertex 35.9758 56.3406 3
    endloop
  endfacet
  facet normal 0.803217 -0.595687 0
    outer loop
      vertex 35.9758 56.3406 0
      vertex 35.8983 56.2361 3
      vertex 35.8983 56.2361 0
    endloop
  endfacet
  facet normal -0.98915 0.146911 0
    outer loop
      vertex 38.2995 55.2415 0
      vertex 38.3186 55.3701 3
      vertex 38.3186 55.3701 0
    endloop
  endfacet
  facet normal -0.98915 0.146911 0
    outer loop
      vertex 38.3186 55.3701 3
      vertex 38.2995 55.2415 0
      vertex 38.2995 55.2415 3
    endloop
  endfacet
  facet normal 0.94162 -0.336677 0
    outer loop
      vertex 35.7321 55.8846 3
      vertex 35.7759 56.0071 0
      vertex 35.7759 56.0071 3
    endloop
  endfacet
  facet normal 0.94162 -0.336677 0
    outer loop
      vertex 35.7759 56.0071 0
      vertex 35.7321 55.8846 3
      vertex 35.7321 55.8846 0
    endloop
  endfacet
  facet normal -0.427723 -0.90391 0
    outer loop
      vertex 37.5071 56.7241 0
      vertex 37.6246 56.6685 3
      vertex 37.5071 56.7241 3
    endloop
  endfacet
  facet normal -0.427723 -0.90391 -0
    outer loop
      vertex 37.6246 56.6685 3
      vertex 37.5071 56.7241 0
      vertex 37.6246 56.6685 0
    endloop
  endfacet
  facet normal 0.94162 0.336677 0
    outer loop
      vertex 35.7759 54.9929 3
      vertex 35.7321 55.1154 0
      vertex 35.7321 55.1154 3
    endloop
  endfacet
  facet normal 0.94162 0.336677 0
    outer loop
      vertex 35.7321 55.1154 0
      vertex 35.7759 54.9929 3
      vertex 35.7759 54.9929 0
    endloop
  endfacet
  facet normal -0.970007 0.243079 0
    outer loop
      vertex 38.2679 55.1154 0
      vertex 38.2995 55.2415 3
      vertex 38.2995 55.2415 0
    endloop
  endfacet
  facet normal -0.970007 0.243079 0
    outer loop
      vertex 38.2995 55.2415 3
      vertex 38.2679 55.1154 0
      vertex 38.2679 55.1154 3
    endloop
  endfacet
  facet normal 0.049209 -0.998789 0
    outer loop
      vertex 36.8701 56.8186 0
      vertex 37 56.825 3
      vertex 36.8701 56.8186 3
    endloop
  endfacet
  facet normal 0.049209 -0.998789 0
    outer loop
      vertex 37 56.825 3
      vertex 36.8701 56.8186 0
      vertex 37 56.825 0
    endloop
  endfacet
  facet normal -0.671638 -0.740879 0
    outer loop
      vertex 37.8406 56.5242 0
      vertex 37.9369 56.4369 3
      vertex 37.8406 56.5242 3
    endloop
  endfacet
  facet normal -0.671638 -0.740879 -0
    outer loop
      vertex 37.9369 56.4369 3
      vertex 37.8406 56.5242 0
      vertex 37.9369 56.4369 0
    endloop
  endfacet
  facet normal 0.427723 -0.90391 0
    outer loop
      vertex 36.3754 56.6685 0
      vertex 36.4929 56.7241 3
      vertex 36.3754 56.6685 3
    endloop
  endfacet
  facet normal 0.427723 -0.90391 0
    outer loop
      vertex 36.4929 56.7241 3
      vertex 36.3754 56.6685 0
      vertex 36.4929 56.7241 0
    endloop
  endfacet
  facet normal 0.671638 -0.740879 0
    outer loop
      vertex 36.0631 56.4369 0
      vertex 36.1594 56.5242 3
      vertex 36.0631 56.4369 3
    endloop
  endfacet
  facet normal 0.671638 -0.740879 0
    outer loop
      vertex 36.1594 56.5242 3
      vertex 36.0631 56.4369 0
      vertex 36.1594 56.5242 0
    endloop
  endfacet
  facet normal -0.336677 0.94162 0
    outer loop
      vertex 37.5071 54.2759 0
      vertex 37.3846 54.2321 3
      vertex 37.5071 54.2759 3
    endloop
  endfacet
  facet normal -0.336677 0.94162 0
    outer loop
      vertex 37.3846 54.2321 3
      vertex 37.5071 54.2759 0
      vertex 37.3846 54.2321 0
    endloop
  endfacet
  facet normal 0.336677 -0.94162 0
    outer loop
      vertex 36.4929 56.7241 0
      vertex 36.6154 56.7679 3
      vertex 36.4929 56.7241 3
    endloop
  endfacet
  facet normal 0.336677 -0.94162 0
    outer loop
      vertex 36.6154 56.7679 3
      vertex 36.4929 56.7241 0
      vertex 36.6154 56.7679 0
    endloop
  endfacet
  facet normal -0.803217 -0.595687 0
    outer loop
      vertex 38.1017 56.2361 0
      vertex 38.0242 56.3406 3
      vertex 38.0242 56.3406 0
    endloop
  endfacet
  facet normal -0.803217 -0.595687 0
    outer loop
      vertex 38.0242 56.3406 3
      vertex 38.1017 56.2361 0
      vertex 38.1017 56.2361 3
    endloop
  endfacet
  facet normal 0.857832 -0.51393 0
    outer loop
      vertex 35.8315 56.1246 3
      vertex 35.8983 56.2361 0
      vertex 35.8983 56.2361 3
    endloop
  endfacet
  facet normal 0.857832 -0.51393 0
    outer loop
      vertex 35.8983 56.2361 0
      vertex 35.8315 56.1246 3
      vertex 35.8315 56.1246 0
    endloop
  endfacet
  facet normal -0.998789 0.049209 0
    outer loop
      vertex 38.3186 55.3701 0
      vertex 38.325 55.5 3
      vertex 38.325 55.5 0
    endloop
  endfacet
  facet normal -0.998789 0.049209 0
    outer loop
      vertex 38.325 55.5 3
      vertex 38.3186 55.3701 0
      vertex 38.3186 55.3701 3
    endloop
  endfacet
  facet normal -0.90391 0.427723 0
    outer loop
      vertex 38.1685 54.8754 0
      vertex 38.2241 54.9929 3
      vertex 38.2241 54.9929 0
    endloop
  endfacet
  facet normal -0.90391 0.427723 0
    outer loop
      vertex 38.2241 54.9929 3
      vertex 38.1685 54.8754 0
      vertex 38.1685 54.8754 3
    endloop
  endfacet
  facet normal -0.857832 -0.51393 0
    outer loop
      vertex 38.1685 56.1246 0
      vertex 38.1017 56.2361 3
      vertex 38.1017 56.2361 0
    endloop
  endfacet
  facet normal -0.857832 -0.51393 0
    outer loop
      vertex 38.1017 56.2361 3
      vertex 38.1685 56.1246 0
      vertex 38.1685 56.1246 3
    endloop
  endfacet
  facet normal 0.671638 0.740879 -0
    outer loop
      vertex 36.1594 54.4758 0
      vertex 36.0631 54.5631 3
      vertex 36.1594 54.4758 3
    endloop
  endfacet
  facet normal 0.671638 0.740879 0
    outer loop
      vertex 36.0631 54.5631 3
      vertex 36.1594 54.4758 0
      vertex 36.0631 54.5631 0
    endloop
  endfacet
  facet normal -0.595687 -0.803217 0
    outer loop
      vertex 37.7361 56.6017 0
      vertex 37.8406 56.5242 3
      vertex 37.7361 56.6017 3
    endloop
  endfacet
  facet normal -0.595687 -0.803217 -0
    outer loop
      vertex 37.8406 56.5242 3
      vertex 37.7361 56.6017 0
      vertex 37.8406 56.5242 0
    endloop
  endfacet
  facet normal 0.51393 0.857832 -0
    outer loop
      vertex 36.3754 54.3315 0
      vertex 36.2639 54.3983 3
      vertex 36.3754 54.3315 3
    endloop
  endfacet
  facet normal 0.51393 0.857832 0
    outer loop
      vertex 36.2639 54.3983 3
      vertex 36.3754 54.3315 0
      vertex 36.2639 54.3983 0
    endloop
  endfacet
  facet normal -0.51393 -0.857832 0
    outer loop
      vertex 37.6246 56.6685 0
      vertex 37.7361 56.6017 3
      vertex 37.6246 56.6685 3
    endloop
  endfacet
  facet normal -0.51393 -0.857832 -0
    outer loop
      vertex 37.7361 56.6017 3
      vertex 37.6246 56.6685 0
      vertex 37.7361 56.6017 0
    endloop
  endfacet
  facet normal -0.146911 0.98915 0
    outer loop
      vertex 37.2585 54.2005 0
      vertex 37.1299 54.1814 3
      vertex 37.2585 54.2005 3
    endloop
  endfacet
  facet normal -0.146911 0.98915 0
    outer loop
      vertex 37.1299 54.1814 3
      vertex 37.2585 54.2005 0
      vertex 37.1299 54.1814 0
    endloop
  endfacet
  facet normal -0.94162 -0.336677 0
    outer loop
      vertex 38.2679 55.8846 0
      vertex 38.2241 56.0071 3
      vertex 38.2241 56.0071 0
    endloop
  endfacet
  facet normal -0.94162 -0.336677 0
    outer loop
      vertex 38.2241 56.0071 3
      vertex 38.2679 55.8846 0
      vertex 38.2679 55.8846 3
    endloop
  endfacet
  facet normal -0.857832 0.51393 0
    outer loop
      vertex 38.1017 54.7639 0
      vertex 38.1685 54.8754 3
      vertex 38.1685 54.8754 0
    endloop
  endfacet
  facet normal -0.857832 0.51393 0
    outer loop
      vertex 38.1685 54.8754 3
      vertex 38.1017 54.7639 0
      vertex 38.1017 54.7639 3
    endloop
  endfacet
  facet normal 0.998789 0.049209 0
    outer loop
      vertex 35.6814 55.3701 3
      vertex 35.675 55.5 0
      vertex 35.675 55.5 3
    endloop
  endfacet
  facet normal 0.998789 0.049209 0
    outer loop
      vertex 35.675 55.5 0
      vertex 35.6814 55.3701 3
      vertex 35.6814 55.3701 0
    endloop
  endfacet
  facet normal -0.94162 0.336677 0
    outer loop
      vertex 38.2241 54.9929 0
      vertex 38.2679 55.1154 3
      vertex 38.2679 55.1154 0
    endloop
  endfacet
  facet normal -0.94162 0.336677 0
    outer loop
      vertex 38.2679 55.1154 3
      vertex 38.2241 54.9929 0
      vertex 38.2241 54.9929 3
    endloop
  endfacet
  facet normal -0.740879 -0.671638 0
    outer loop
      vertex 38.0242 56.3406 0
      vertex 37.9369 56.4369 3
      vertex 37.9369 56.4369 0
    endloop
  endfacet
  facet normal -0.740879 -0.671638 0
    outer loop
      vertex 37.9369 56.4369 3
      vertex 38.0242 56.3406 0
      vertex 38.0242 56.3406 3
    endloop
  endfacet
  facet normal -0.049209 -0.998789 0
    outer loop
      vertex 37 56.825 0
      vertex 37.1299 56.8186 3
      vertex 37 56.825 3
    endloop
  endfacet
  facet normal -0.049209 -0.998789 -0
    outer loop
      vertex 37.1299 56.8186 3
      vertex 37 56.825 0
      vertex 37.1299 56.8186 0
    endloop
  endfacet
  facet normal -0.90391 -0.427723 0
    outer loop
      vertex 38.2241 56.0071 0
      vertex 38.1685 56.1246 3
      vertex 38.1685 56.1246 0
    endloop
  endfacet
  facet normal -0.90391 -0.427723 0
    outer loop
      vertex 38.1685 56.1246 3
      vertex 38.2241 56.0071 0
      vertex 38.2241 56.0071 3
    endloop
  endfacet
  facet normal 0.146911 0.98915 -0
    outer loop
      vertex 36.8701 54.1814 0
      vertex 36.7415 54.2005 3
      vertex 36.8701 54.1814 3
    endloop
  endfacet
  facet normal 0.146911 0.98915 0
    outer loop
      vertex 36.7415 54.2005 3
      vertex 36.8701 54.1814 0
      vertex 36.7415 54.2005 0
    endloop
  endfacet
  facet normal -0.671638 0.740879 0
    outer loop
      vertex 37.9369 54.5631 0
      vertex 37.8406 54.4758 3
      vertex 37.9369 54.5631 3
    endloop
  endfacet
  facet normal -0.671638 0.740879 0
    outer loop
      vertex 37.8406 54.4758 3
      vertex 37.9369 54.5631 0
      vertex 37.8406 54.4758 0
    endloop
  endfacet
  facet normal 0.049209 0.998789 -0
    outer loop
      vertex 37 54.175 0
      vertex 36.8701 54.1814 3
      vertex 37 54.175 3
    endloop
  endfacet
  facet normal 0.049209 0.998789 0
    outer loop
      vertex 36.8701 54.1814 3
      vertex 37 54.175 0
      vertex 36.8701 54.1814 0
    endloop
  endfacet
  facet normal 0.740879 -0.671638 0
    outer loop
      vertex 35.9758 56.3406 3
      vertex 36.0631 56.4369 0
      vertex 36.0631 56.4369 3
    endloop
  endfacet
  facet normal 0.740879 -0.671638 0
    outer loop
      vertex 36.0631 56.4369 0
      vertex 35.9758 56.3406 3
      vertex 35.9758 56.3406 0
    endloop
  endfacet
  facet normal 0.146911 -0.98915 0
    outer loop
      vertex 36.7415 56.7995 0
      vertex 36.8701 56.8186 3
      vertex 36.7415 56.7995 3
    endloop
  endfacet
  facet normal 0.146911 -0.98915 0
    outer loop
      vertex 36.8701 56.8186 3
      vertex 36.7415 56.7995 0
      vertex 36.8701 56.8186 0
    endloop
  endfacet
  facet normal 0.90391 -0.427723 0
    outer loop
      vertex 35.7759 56.0071 3
      vertex 35.8315 56.1246 0
      vertex 35.8315 56.1246 3
    endloop
  endfacet
  facet normal 0.90391 -0.427723 0
    outer loop
      vertex 35.8315 56.1246 0
      vertex 35.7759 56.0071 3
      vertex 35.7759 56.0071 0
    endloop
  endfacet
  facet normal 0.970007 -0.243079 0
    outer loop
      vertex 35.7005 55.7585 3
      vertex 35.7321 55.8846 0
      vertex 35.7321 55.8846 3
    endloop
  endfacet
  facet normal 0.970007 -0.243079 0
    outer loop
      vertex 35.7321 55.8846 0
      vertex 35.7005 55.7585 3
      vertex 35.7005 55.7585 0
    endloop
  endfacet
  facet normal -0.243079 -0.970007 0
    outer loop
      vertex 37.2585 56.7995 0
      vertex 37.3846 56.7679 3
      vertex 37.2585 56.7995 3
    endloop
  endfacet
  facet normal -0.243079 -0.970007 -0
    outer loop
      vertex 37.3846 56.7679 3
      vertex 37.2585 56.7995 0
      vertex 37.3846 56.7679 0
    endloop
  endfacet
  facet normal 0.970007 0.243079 0
    outer loop
      vertex 35.7321 55.1154 3
      vertex 35.7005 55.2415 0
      vertex 35.7005 55.2415 3
    endloop
  endfacet
  facet normal 0.970007 0.243079 0
    outer loop
      vertex 35.7005 55.2415 0
      vertex 35.7321 55.1154 3
      vertex 35.7321 55.1154 0
    endloop
  endfacet
  facet normal 0.427723 0.90391 -0
    outer loop
      vertex 36.4929 54.2759 0
      vertex 36.3754 54.3315 3
      vertex 36.4929 54.2759 3
    endloop
  endfacet
  facet normal 0.427723 0.90391 0
    outer loop
      vertex 36.3754 54.3315 3
      vertex 36.4929 54.2759 0
      vertex 36.3754 54.3315 0
    endloop
  endfacet
  facet normal 0.740879 0.671638 0
    outer loop
      vertex 36.0631 54.5631 3
      vertex 35.9758 54.6594 0
      vertex 35.9758 54.6594 3
    endloop
  endfacet
  facet normal 0.740879 0.671638 0
    outer loop
      vertex 35.9758 54.6594 0
      vertex 36.0631 54.5631 3
      vertex 36.0631 54.5631 0
    endloop
  endfacet
  facet normal -0.427723 0.90391 0
    outer loop
      vertex 37.6246 54.3315 0
      vertex 37.5071 54.2759 3
      vertex 37.6246 54.3315 3
    endloop
  endfacet
  facet normal -0.427723 0.90391 0
    outer loop
      vertex 37.5071 54.2759 3
      vertex 37.6246 54.3315 0
      vertex 37.5071 54.2759 0
    endloop
  endfacet
  facet normal -0.049209 0.998789 0
    outer loop
      vertex 37.1299 54.1814 0
      vertex 37 54.175 3
      vertex 37.1299 54.1814 3
    endloop
  endfacet
  facet normal -0.049209 0.998789 0
    outer loop
      vertex 37 54.175 3
      vertex 37.1299 54.1814 0
      vertex 37 54.175 0
    endloop
  endfacet
  facet normal 0.98915 0.146911 0
    outer loop
      vertex 35.7005 55.2415 3
      vertex 35.6814 55.3701 0
      vertex 35.6814 55.3701 3
    endloop
  endfacet
  facet normal 0.98915 0.146911 0
    outer loop
      vertex 35.6814 55.3701 0
      vertex 35.7005 55.2415 3
      vertex 35.7005 55.2415 0
    endloop
  endfacet
  facet normal -0.595687 0.803217 0
    outer loop
      vertex 37.8406 54.4758 0
      vertex 37.7361 54.3983 3
      vertex 37.8406 54.4758 3
    endloop
  endfacet
  facet normal -0.595687 0.803217 0
    outer loop
      vertex 37.7361 54.3983 3
      vertex 37.8406 54.4758 0
      vertex 37.7361 54.3983 0
    endloop
  endfacet
  facet normal 0.803217 0.595687 0
    outer loop
      vertex 35.9758 54.6594 3
      vertex 35.8983 54.7639 0
      vertex 35.8983 54.7639 3
    endloop
  endfacet
  facet normal 0.803217 0.595687 0
    outer loop
      vertex 35.8983 54.7639 0
      vertex 35.9758 54.6594 3
      vertex 35.9758 54.6594 0
    endloop
  endfacet
  facet normal 0.998789 -0.049209 0
    outer loop
      vertex 35.675 55.5 3
      vertex 35.6814 55.6299 0
      vertex 35.6814 55.6299 3
    endloop
  endfacet
  facet normal 0.998789 -0.049209 0
    outer loop
      vertex 35.6814 55.6299 0
      vertex 35.675 55.5 3
      vertex 35.675 55.5 0
    endloop
  endfacet
  facet normal -0.740879 0.671638 0
    outer loop
      vertex 37.9369 54.5631 0
      vertex 38.0242 54.6594 3
      vertex 38.0242 54.6594 0
    endloop
  endfacet
  facet normal -0.740879 0.671638 0
    outer loop
      vertex 38.0242 54.6594 3
      vertex 37.9369 54.5631 0
      vertex 37.9369 54.5631 3
    endloop
  endfacet
  facet normal 0.989118 0.147126 0
    outer loop
      vertex -23.8992 -21.1021 3
      vertex -23.9223 -20.9468 0
      vertex -23.9223 -20.9468 3
    endloop
  endfacet
  facet normal 0.989118 0.147126 0
    outer loop
      vertex -23.9223 -20.9468 0
      vertex -23.8992 -21.1021 3
      vertex -23.8992 -21.1021 0
    endloop
  endfacet
  facet normal -1 0 0
    outer loop
      vertex 23.93 -20.79 0
      vertex 23.93 48.35 3
      vertex 23.93 48.35 0
    endloop
  endfacet
  facet normal -1 -0 0
    outer loop
      vertex 23.93 48.35 3
      vertex 23.93 -20.79 0
      vertex 23.93 -20.79 3
    endloop
  endfacet
  facet normal -0.941511 -0.336982 0
    outer loop
      vertex 23.8611 48.8145 0
      vertex 23.8082 48.9623 3
      vertex 23.8082 48.9623 0
    endloop
  endfacet
  facet normal -0.941511 -0.336982 0
    outer loop
      vertex 23.8082 48.9623 3
      vertex 23.8611 48.8145 0
      vertex 23.8611 48.8145 3
    endloop
  endfacet
  facet normal 0.970143 0.242536 0
    outer loop
      vertex -23.8611 -21.2545 3
      vertex -23.8992 -21.1021 0
      vertex -23.8992 -21.1021 3
    endloop
  endfacet
  facet normal 0.970143 0.242536 0
    outer loop
      vertex -23.8992 -21.1021 0
      vertex -23.8611 -21.2545 3
      vertex -23.8611 -21.2545 0
    endloop
  endfacet
  facet normal 0.998796 0.049048 0
    outer loop
      vertex -23.9223 -20.9468 3
      vertex -23.93 -20.79 0
      vertex -23.93 -20.79 3
    endloop
  endfacet
  facet normal 0.998796 0.049048 0
    outer loop
      vertex -23.93 -20.79 0
      vertex -23.9223 -20.9468 3
      vertex -23.9223 -20.9468 0
    endloop
  endfacet
  facet normal -0.857549 -0.514402 0
    outer loop
      vertex 23.7411 49.1042 0
      vertex 23.6603 49.2389 3
      vertex 23.6603 49.2389 0
    endloop
  endfacet
  facet normal -0.857549 -0.514402 0
    outer loop
      vertex 23.6603 49.2389 3
      vertex 23.7411 49.1042 0
      vertex 23.7411 49.1042 3
    endloop
  endfacet
  facet normal -0.857549 0.514402 0
    outer loop
      vertex 23.6603 -21.6789 0
      vertex 23.7411 -21.5442 3
      vertex 23.7411 -21.5442 0
    endloop
  endfacet
  facet normal -0.857549 0.514402 0
    outer loop
      vertex 23.7411 -21.5442 3
      vertex 23.6603 -21.6789 0
      vertex 23.6603 -21.6789 3
    endloop
  endfacet
  facet normal 0.427484 -0.904023 0
    outer loop
      vertex -23.0842 49.7611 0
      vertex -22.9423 49.8282 3
      vertex -23.0842 49.7611 3
    endloop
  endfacet
  facet normal 0.427484 -0.904023 0
    outer loop
      vertex -22.9423 49.8282 3
      vertex -23.0842 49.7611 0
      vertex -22.9423 49.8282 0
    endloop
  endfacet
  facet normal -0.941511 0.336982 0
    outer loop
      vertex 23.8082 -21.4023 0
      vertex 23.8611 -21.2545 3
      vertex 23.8611 -21.2545 0
    endloop
  endfacet
  facet normal -0.941511 0.336982 0
    outer loop
      vertex 23.8611 -21.2545 3
      vertex 23.8082 -21.4023 0
      vertex 23.8082 -21.4023 3
    endloop
  endfacet
  facet normal -0.998796 -0.049048 0
    outer loop
      vertex 23.93 48.35 0
      vertex 23.9223 48.5068 3
      vertex 23.9223 48.5068 0
    endloop
  endfacet
  facet normal -0.998796 -0.049048 0
    outer loop
      vertex 23.9223 48.5068 3
      vertex 23.93 48.35 0
      vertex 23.93 48.35 3
    endloop
  endfacet
  facet normal 0.671213 0.741264 -0
    outer loop
      vertex -23.345 -22.0268 0
      vertex -23.4614 -21.9214 3
      vertex -23.345 -22.0268 3
    endloop
  endfacet
  facet normal 0.671213 0.741264 0
    outer loop
      vertex -23.4614 -21.9214 3
      vertex -23.345 -22.0268 0
      vertex -23.4614 -21.9214 0
    endloop
  endfacet
  facet normal 0 -1 0
    outer loop
      vertex -22.33 49.95 0
      vertex 22.33 49.95 3
      vertex -22.33 49.95 3
    endloop
  endfacet
  facet normal 0 -1 -0
    outer loop
      vertex 22.33 49.95 3
      vertex -22.33 49.95 0
      vertex 22.33 49.95 0
    endloop
  endfacet
  facet normal 0.998796 -0.049048 0
    outer loop
      vertex -23.93 48.35 3
      vertex -23.9223 48.5068 0
      vertex -23.9223 48.5068 3
    endloop
  endfacet
  facet normal 0.998796 -0.049048 0
    outer loop
      vertex -23.9223 48.5068 0
      vertex -23.93 48.35 3
      vertex -23.93 48.35 0
    endloop
  endfacet
  facet normal -0.33678 0.941583 0
    outer loop
      vertex 22.9423 -22.2682 0
      vertex 22.7944 -22.3211 3
      vertex 22.9423 -22.2682 3
    endloop
  endfacet
  facet normal -0.33678 0.941583 0
    outer loop
      vertex 22.7944 -22.3211 3
      vertex 22.9423 -22.2682 0
      vertex 22.7944 -22.3211 0
    endloop
  endfacet
  facet normal -0.989118 -0.147126 0
    outer loop
      vertex 23.9223 48.5068 0
      vertex 23.8992 48.6621 3
      vertex 23.8992 48.6621 0
    endloop
  endfacet
  facet normal -0.989118 -0.147126 0
    outer loop
      vertex 23.8992 48.6621 3
      vertex 23.9223 48.5068 0
      vertex 23.9223 48.5068 3
    endloop
  endfacet
  facet normal 0.243285 -0.969955 0
    outer loop
      vertex -22.7944 49.8811 0
      vertex -22.6421 49.9193 3
      vertex -22.7944 49.8811 3
    endloop
  endfacet
  facet normal 0.243285 -0.969955 0
    outer loop
      vertex -22.6421 49.9193 3
      vertex -22.7944 49.8811 0
      vertex -22.6421 49.9193 0
    endloop
  endfacet
  facet normal 0.941511 -0.336982 0
    outer loop
      vertex -23.8611 48.8145 3
      vertex -23.8082 48.9623 0
      vertex -23.8082 48.9623 3
    endloop
  endfacet
  facet normal 0.941511 -0.336982 0
    outer loop
      vertex -23.8082 48.9623 0
      vertex -23.8611 48.8145 3
      vertex -23.8611 48.8145 0
    endloop
  endfacet
  facet normal 1 -0 0
    outer loop
      vertex -23.93 -20.79 3
      vertex -23.93 48.35 0
      vertex -23.93 48.35 3
    endloop
  endfacet
  facet normal 1 0 0
    outer loop
      vertex -23.93 48.35 0
      vertex -23.93 -20.79 3
      vertex -23.93 -20.79 0
    endloop
  endfacet
  facet normal -0.904023 0.427484 0
    outer loop
      vertex 23.7411 -21.5442 0
      vertex 23.8082 -21.4023 3
      vertex 23.8082 -21.4023 0
    endloop
  endfacet
  facet normal -0.904023 0.427484 0
    outer loop
      vertex 23.8082 -21.4023 3
      vertex 23.7411 -21.5442 0
      vertex 23.7411 -21.5442 3
    endloop
  endfacet
  facet normal -0.970143 -0.242536 0
    outer loop
      vertex 23.8992 48.6621 0
      vertex 23.8611 48.8145 3
      vertex 23.8611 48.8145 0
    endloop
  endfacet
  facet normal -0.970143 -0.242536 0
    outer loop
      vertex 23.8611 48.8145 3
      vertex 23.8992 48.6621 0
      vertex 23.8992 48.6621 3
    endloop
  endfacet
  facet normal 0.049048 -0.998796 0
    outer loop
      vertex -22.4868 49.9423 0
      vertex -22.33 49.95 3
      vertex -22.4868 49.9423 3
    endloop
  endfacet
  facet normal 0.049048 -0.998796 0
    outer loop
      vertex -22.33 49.95 3
      vertex -22.4868 49.9423 0
      vertex -22.33 49.95 0
    endloop
  endfacet
  facet normal -0.243285 0.969955 0
    outer loop
      vertex 22.7944 -22.3211 0
      vertex 22.6421 -22.3593 3
      vertex 22.7944 -22.3211 3
    endloop
  endfacet
  facet normal -0.243285 0.969955 0
    outer loop
      vertex 22.6421 -22.3593 3
      vertex 22.7944 -22.3211 0
      vertex 22.6421 -22.3593 0
    endloop
  endfacet
  facet normal 0 1 -0
    outer loop
      vertex 22.33 -22.39 0
      vertex -22.33 -22.39 3
      vertex 22.33 -22.39 3
    endloop
  endfacet
  facet normal 0 1 0
    outer loop
      vertex -22.33 -22.39 3
      vertex 22.33 -22.39 0
      vertex -22.33 -22.39 0
    endloop
  endfacet
  facet normal 0.671213 -0.741264 0
    outer loop
      vertex -23.4614 49.4814 0
      vertex -23.345 49.5868 3
      vertex -23.4614 49.4814 3
    endloop
  endfacet
  facet normal 0.671213 -0.741264 0
    outer loop
      vertex -23.345 49.5868 3
      vertex -23.4614 49.4814 0
      vertex -23.345 49.5868 0
    endloop
  endfacet
  facet normal -0.049048 0.998796 0
    outer loop
      vertex 22.4868 -22.3823 0
      vertex 22.33 -22.39 3
      vertex 22.4868 -22.3823 3
    endloop
  endfacet
  facet normal -0.049048 0.998796 0
    outer loop
      vertex 22.33 -22.39 3
      vertex 22.4868 -22.3823 0
      vertex 22.33 -22.39 0
    endloop
  endfacet
  facet normal 0.146502 0.98921 -0
    outer loop
      vertex -22.4868 -22.3823 0
      vertex -22.6421 -22.3593 3
      vertex -22.4868 -22.3823 3
    endloop
  endfacet
  facet normal 0.146502 0.98921 0
    outer loop
      vertex -22.6421 -22.3593 3
      vertex -22.4868 -22.3823 0
      vertex -22.6421 -22.3593 0
    endloop
  endfacet
  facet normal 0.970143 -0.242536 0
    outer loop
      vertex -23.8992 48.6621 3
      vertex -23.8611 48.8145 0
      vertex -23.8611 48.8145 3
    endloop
  endfacet
  facet normal 0.970143 -0.242536 0
    outer loop
      vertex -23.8611 48.8145 0
      vertex -23.8992 48.6621 3
      vertex -23.8992 48.6621 0
    endloop
  endfacet
  facet normal 0.049048 0.998796 -0
    outer loop
      vertex -22.33 -22.39 0
      vertex -22.4868 -22.3823 3
      vertex -22.33 -22.39 3
    endloop
  endfacet
  facet normal 0.049048 0.998796 0
    outer loop
      vertex -22.4868 -22.3823 3
      vertex -22.33 -22.39 0
      vertex -22.4868 -22.3823 0
    endloop
  endfacet
  facet normal 0.989118 -0.147126 0
    outer loop
      vertex -23.9223 48.5068 3
      vertex -23.8992 48.6621 0
      vertex -23.8992 48.6621 3
    endloop
  endfacet
  facet normal 0.989118 -0.147126 0
    outer loop
      vertex -23.8992 48.6621 0
      vertex -23.9223 48.5068 3
      vertex -23.9223 48.5068 0
    endloop
  endfacet
  facet normal -0.803275 -0.595608 0
    outer loop
      vertex 23.6603 49.2389 0
      vertex 23.5668 49.365 3
      vertex 23.5668 49.365 0
    endloop
  endfacet
  facet normal -0.803275 -0.595608 0
    outer loop
      vertex 23.5668 49.365 3
      vertex 23.6603 49.2389 0
      vertex 23.6603 49.2389 3
    endloop
  endfacet
  facet normal -0.998796 0.049048 0
    outer loop
      vertex 23.9223 -20.9468 0
      vertex 23.93 -20.79 3
      vertex 23.93 -20.79 0
    endloop
  endfacet
  facet normal -0.998796 0.049048 0
    outer loop
      vertex 23.93 -20.79 3
      vertex 23.9223 -20.9468 0
      vertex 23.9223 -20.9468 3
    endloop
  endfacet
  facet normal 0.514402 -0.857549 0
    outer loop
      vertex -23.2189 49.6803 0
      vertex -23.0842 49.7611 3
      vertex -23.2189 49.6803 3
    endloop
  endfacet
  facet normal 0.514402 -0.857549 0
    outer loop
      vertex -23.0842 49.7611 3
      vertex -23.2189 49.6803 0
      vertex -23.0842 49.7611 0
    endloop
  endfacet
  facet normal -0.514402 -0.857549 0
    outer loop
      vertex 23.0842 49.7611 0
      vertex 23.2189 49.6803 3
      vertex 23.0842 49.7611 3
    endloop
  endfacet
  facet normal -0.514402 -0.857549 -0
    outer loop
      vertex 23.2189 49.6803 3
      vertex 23.0842 49.7611 0
      vertex 23.2189 49.6803 0
    endloop
  endfacet
  facet normal -0.989118 0.147126 0
    outer loop
      vertex 23.8992 -21.1021 0
      vertex 23.9223 -20.9468 3
      vertex 23.9223 -20.9468 0
    endloop
  endfacet
  facet normal -0.989118 0.147126 0
    outer loop
      vertex 23.9223 -20.9468 3
      vertex 23.8992 -21.1021 0
      vertex 23.8992 -21.1021 3
    endloop
  endfacet
  facet normal 0.243285 0.969955 -0
    outer loop
      vertex -22.6421 -22.3593 0
      vertex -22.7944 -22.3211 3
      vertex -22.6421 -22.3593 3
    endloop
  endfacet
  facet normal 0.243285 0.969955 0
    outer loop
      vertex -22.7944 -22.3211 3
      vertex -22.6421 -22.3593 0
      vertex -22.7944 -22.3211 0
    endloop
  endfacet
  facet normal 0.857549 -0.514402 0
    outer loop
      vertex -23.7411 49.1042 3
      vertex -23.6603 49.2389 0
      vertex -23.6603 49.2389 3
    endloop
  endfacet
  facet normal 0.857549 -0.514402 0
    outer loop
      vertex -23.6603 49.2389 0
      vertex -23.7411 49.1042 3
      vertex -23.7411 49.1042 0
    endloop
  endfacet
  facet normal -0.33678 -0.941583 0
    outer loop
      vertex 22.7944 49.8811 0
      vertex 22.9423 49.8282 3
      vertex 22.7944 49.8811 3
    endloop
  endfacet
  facet normal -0.33678 -0.941583 -0
    outer loop
      vertex 22.9423 49.8282 3
      vertex 22.7944 49.8811 0
      vertex 22.9423 49.8282 0
    endloop
  endfacet
  facet normal -0.671213 -0.741264 0
    outer loop
      vertex 23.345 49.5868 0
      vertex 23.4614 49.4814 3
      vertex 23.345 49.5868 3
    endloop
  endfacet
  facet normal -0.671213 -0.741264 -0
    outer loop
      vertex 23.4614 49.4814 3
      vertex 23.345 49.5868 0
      vertex 23.4614 49.4814 0
    endloop
  endfacet
  facet normal -0.427484 0.904023 0
    outer loop
      vertex 23.0842 -22.2011 0
      vertex 22.9423 -22.2682 3
      vertex 23.0842 -22.2011 3
    endloop
  endfacet
  facet normal -0.427484 0.904023 0
    outer loop
      vertex 22.9423 -22.2682 3
      vertex 23.0842 -22.2011 0
      vertex 22.9423 -22.2682 0
    endloop
  endfacet
  facet normal 0.941511 0.336982 0
    outer loop
      vertex -23.8082 -21.4023 3
      vertex -23.8611 -21.2545 0
      vertex -23.8611 -21.2545 3
    endloop
  endfacet
  facet normal 0.941511 0.336982 0
    outer loop
      vertex -23.8611 -21.2545 0
      vertex -23.8082 -21.4023 3
      vertex -23.8082 -21.4023 0
    endloop
  endfacet
  facet normal -0.049048 -0.998796 0
    outer loop
      vertex 22.33 49.95 0
      vertex 22.4868 49.9423 3
      vertex 22.33 49.95 3
    endloop
  endfacet
  facet normal -0.049048 -0.998796 -0
    outer loop
      vertex 22.4868 49.9423 3
      vertex 22.33 49.95 0
      vertex 22.4868 49.9423 0
    endloop
  endfacet
  facet normal 0.514402 0.857549 -0
    outer loop
      vertex -23.0842 -22.2011 0
      vertex -23.2189 -22.1203 3
      vertex -23.0842 -22.2011 3
    endloop
  endfacet
  facet normal 0.514402 0.857549 0
    outer loop
      vertex -23.2189 -22.1203 3
      vertex -23.0842 -22.2011 0
      vertex -23.2189 -22.1203 0
    endloop
  endfacet
  facet normal -0.146502 0.98921 0
    outer loop
      vertex 22.6421 -22.3593 0
      vertex 22.4868 -22.3823 3
      vertex 22.6421 -22.3593 3
    endloop
  endfacet
  facet normal -0.146502 0.98921 0
    outer loop
      vertex 22.4868 -22.3823 3
      vertex 22.6421 -22.3593 0
      vertex 22.4868 -22.3823 0
    endloop
  endfacet
  facet normal -0.514402 0.857549 0
    outer loop
      vertex 23.2189 -22.1203 0
      vertex 23.0842 -22.2011 3
      vertex 23.2189 -22.1203 3
    endloop
  endfacet
  facet normal -0.514402 0.857549 0
    outer loop
      vertex 23.0842 -22.2011 3
      vertex 23.2189 -22.1203 0
      vertex 23.0842 -22.2011 0
    endloop
  endfacet
  facet normal 0.803275 0.595608 0
    outer loop
      vertex -23.5668 -21.805 3
      vertex -23.6603 -21.6789 0
      vertex -23.6603 -21.6789 3
    endloop
  endfacet
  facet normal 0.803275 0.595608 0
    outer loop
      vertex -23.6603 -21.6789 0
      vertex -23.5668 -21.805 3
      vertex -23.5668 -21.805 0
    endloop
  endfacet
  facet normal 0.427484 0.904023 -0
    outer loop
      vertex -22.9423 -22.2682 0
      vertex -23.0842 -22.2011 3
      vertex -22.9423 -22.2682 3
    endloop
  endfacet
  facet normal 0.427484 0.904023 0
    outer loop
      vertex -23.0842 -22.2011 3
      vertex -22.9423 -22.2682 0
      vertex -23.0842 -22.2011 0
    endloop
  endfacet
  facet normal -0.146502 -0.98921 0
    outer loop
      vertex 22.4868 49.9423 0
      vertex 22.6421 49.9193 3
      vertex 22.4868 49.9423 3
    endloop
  endfacet
  facet normal -0.146502 -0.98921 -0
    outer loop
      vertex 22.6421 49.9193 3
      vertex 22.4868 49.9423 0
      vertex 22.6421 49.9193 0
    endloop
  endfacet
  facet normal -0.243285 -0.969955 0
    outer loop
      vertex 22.6421 49.9193 0
      vertex 22.7944 49.8811 3
      vertex 22.6421 49.9193 3
    endloop
  endfacet
  facet normal -0.243285 -0.969955 -0
    outer loop
      vertex 22.7944 49.8811 3
      vertex 22.6421 49.9193 0
      vertex 22.7944 49.8811 0
    endloop
  endfacet
  facet normal 0.741264 -0.671213 0
    outer loop
      vertex -23.5668 49.365 3
      vertex -23.4614 49.4814 0
      vertex -23.4614 49.4814 3
    endloop
  endfacet
  facet normal 0.741264 -0.671213 0
    outer loop
      vertex -23.4614 49.4814 0
      vertex -23.5668 49.365 3
      vertex -23.5668 49.365 0
    endloop
  endfacet
  facet normal 0.146502 -0.98921 0
    outer loop
      vertex -22.6421 49.9193 0
      vertex -22.4868 49.9423 3
      vertex -22.6421 49.9193 3
    endloop
  endfacet
  facet normal 0.146502 -0.98921 0
    outer loop
      vertex -22.4868 49.9423 3
      vertex -22.6421 49.9193 0
      vertex -22.4868 49.9423 0
    endloop
  endfacet
  facet normal 0.741264 0.671213 0
    outer loop
      vertex -23.4614 -21.9214 3
      vertex -23.5668 -21.805 0
      vertex -23.5668 -21.805 3
    endloop
  endfacet
  facet normal 0.741264 0.671213 0
    outer loop
      vertex -23.5668 -21.805 0
      vertex -23.4614 -21.9214 3
      vertex -23.4614 -21.9214 0
    endloop
  endfacet
  facet normal 0.904023 -0.427484 0
    outer loop
      vertex -23.8082 48.9623 3
      vertex -23.7411 49.1042 0
      vertex -23.7411 49.1042 3
    endloop
  endfacet
  facet normal 0.904023 -0.427484 0
    outer loop
      vertex -23.7411 49.1042 0
      vertex -23.8082 48.9623 3
      vertex -23.8082 48.9623 0
    endloop
  endfacet
  facet normal -0.741264 -0.671213 0
    outer loop
      vertex 23.5668 49.365 0
      vertex 23.4614 49.4814 3
      vertex 23.4614 49.4814 0
    endloop
  endfacet
  facet normal -0.741264 -0.671213 0
    outer loop
      vertex 23.4614 49.4814 3
      vertex 23.5668 49.365 0
      vertex 23.5668 49.365 3
    endloop
  endfacet
  facet normal 0.803275 -0.595608 0
    outer loop
      vertex -23.6603 49.2389 3
      vertex -23.5668 49.365 0
      vertex -23.5668 49.365 3
    endloop
  endfacet
  facet normal 0.803275 -0.595608 0
    outer loop
      vertex -23.5668 49.365 0
      vertex -23.6603 49.2389 3
      vertex -23.6603 49.2389 0
    endloop
  endfacet
  facet normal -0.427484 -0.904023 0
    outer loop
      vertex 22.9423 49.8282 0
      vertex 23.0842 49.7611 3
      vertex 22.9423 49.8282 3
    endloop
  endfacet
  facet normal -0.427484 -0.904023 -0
    outer loop
      vertex 23.0842 49.7611 3
      vertex 22.9423 49.8282 0
      vertex 23.0842 49.7611 0
    endloop
  endfacet
  facet normal 0.33678 0.941583 -0
    outer loop
      vertex -22.7944 -22.3211 0
      vertex -22.9423 -22.2682 3
      vertex -22.7944 -22.3211 3
    endloop
  endfacet
  facet normal 0.33678 0.941583 0
    outer loop
      vertex -22.9423 -22.2682 3
      vertex -22.7944 -22.3211 0
      vertex -22.9423 -22.2682 0
    endloop
  endfacet
  facet normal -0.803275 0.595608 0
    outer loop
      vertex 23.5668 -21.805 0
      vertex 23.6603 -21.6789 3
      vertex 23.6603 -21.6789 0
    endloop
  endfacet
  facet normal -0.803275 0.595608 0
    outer loop
      vertex 23.6603 -21.6789 3
      vertex 23.5668 -21.805 0
      vertex 23.5668 -21.805 3
    endloop
  endfacet
  facet normal -0.741264 0.671213 0
    outer loop
      vertex 23.4614 -21.9214 0
      vertex 23.5668 -21.805 3
      vertex 23.5668 -21.805 0
    endloop
  endfacet
  facet normal -0.741264 0.671213 0
    outer loop
      vertex 23.5668 -21.805 3
      vertex 23.4614 -21.9214 0
      vertex 23.4614 -21.9214 3
    endloop
  endfacet
  facet normal -0.904023 -0.427484 0
    outer loop
      vertex 23.8082 48.9623 0
      vertex 23.7411 49.1042 3
      vertex 23.7411 49.1042 0
    endloop
  endfacet
  facet normal -0.904023 -0.427484 0
    outer loop
      vertex 23.7411 49.1042 3
      vertex 23.8082 48.9623 0
      vertex 23.8082 48.9623 3
    endloop
  endfacet
  facet normal 0.857549 0.514402 0
    outer loop
      vertex -23.6603 -21.6789 3
      vertex -23.7411 -21.5442 0
      vertex -23.7411 -21.5442 3
    endloop
  endfacet
  facet normal 0.857549 0.514402 0
    outer loop
      vertex -23.7411 -21.5442 0
      vertex -23.6603 -21.6789 3
      vertex -23.6603 -21.6789 0
    endloop
  endfacet
  facet normal -0.671213 0.741264 0
    outer loop
      vertex 23.4614 -21.9214 0
      vertex 23.345 -22.0268 3
      vertex 23.4614 -21.9214 3
    endloop
  endfacet
  facet normal -0.671213 0.741264 0
    outer loop
      vertex 23.345 -22.0268 3
      vertex 23.4614 -21.9214 0
      vertex 23.345 -22.0268 0
    endloop
  endfacet
  facet normal 0.595608 -0.803275 0
    outer loop
      vertex -23.345 49.5868 0
      vertex -23.2189 49.6803 3
      vertex -23.345 49.5868 3
    endloop
  endfacet
  facet normal 0.595608 -0.803275 0
    outer loop
      vertex -23.2189 49.6803 3
      vertex -23.345 49.5868 0
      vertex -23.2189 49.6803 0
    endloop
  endfacet
  facet normal -0.595608 -0.803275 0
    outer loop
      vertex 23.2189 49.6803 0
      vertex 23.345 49.5868 3
      vertex 23.2189 49.6803 3
    endloop
  endfacet
  facet normal -0.595608 -0.803275 -0
    outer loop
      vertex 23.345 49.5868 3
      vertex 23.2189 49.6803 0
      vertex 23.345 49.5868 0
    endloop
  endfacet
  facet normal -0.970143 0.242536 0
    outer loop
      vertex 23.8611 -21.2545 0
      vertex 23.8992 -21.1021 3
      vertex 23.8992 -21.1021 0
    endloop
  endfacet
  facet normal -0.970143 0.242536 0
    outer loop
      vertex 23.8992 -21.1021 3
      vertex 23.8611 -21.2545 0
      vertex 23.8611 -21.2545 3
    endloop
  endfacet
  facet normal -0.595608 0.803275 0
    outer loop
      vertex 23.345 -22.0268 0
      vertex 23.2189 -22.1203 3
      vertex 23.345 -22.0268 3
    endloop
  endfacet
  facet normal -0.595608 0.803275 0
    outer loop
      vertex 23.2189 -22.1203 3
      vertex 23.345 -22.0268 0
      vertex 23.2189 -22.1203 0
    endloop
  endfacet
  facet normal 0.904023 0.427484 0
    outer loop
      vertex -23.7411 -21.5442 3
      vertex -23.8082 -21.4023 0
      vertex -23.8082 -21.4023 3
    endloop
  endfacet
  facet normal 0.904023 0.427484 0
    outer loop
      vertex -23.8082 -21.4023 0
      vertex -23.7411 -21.5442 3
      vertex -23.7411 -21.5442 0
    endloop
  endfacet
  facet normal 0.595608 0.803275 -0
    outer loop
      vertex -23.2189 -22.1203 0
      vertex -23.345 -22.0268 3
      vertex -23.2189 -22.1203 3
    endloop
  endfacet
  facet normal 0.595608 0.803275 0
    outer loop
      vertex -23.345 -22.0268 3
      vertex -23.2189 -22.1203 0
      vertex -23.345 -22.0268 0
    endloop
  endfacet
  facet normal 0.33678 -0.941583 0
    outer loop
      vertex -22.9423 49.8282 0
      vertex -22.7944 49.8811 3
      vertex -22.9423 49.8282 3
    endloop
  endfacet
  facet normal 0.33678 -0.941583 0
    outer loop
      vertex -22.7944 49.8811 3
      vertex -22.9423 49.8282 0
      vertex -22.7944 49.8811 0
    endloop
  endfacet
  facet normal 0.936329 -0.351123 0
    outer loop
      vertex -33.9603 -47.4458 3
      vertex -30.8277 -39.0922 0
      vertex -30.8277 -39.0922 3
    endloop
  endfacet
  facet normal 0.936329 -0.351123 0
    outer loop
      vertex -30.8277 -39.0922 0
      vertex -33.9603 -47.4458 3
      vertex -33.9603 -47.4458 0
    endloop
  endfacet
  facet normal -0.961523 0.274723 0
    outer loop
      vertex -14.1718 -57.9892 0
      vertex -9.99457 -43.369 3
      vertex -9.99457 -43.369 0
    endloop
  endfacet
  facet normal -0.961523 0.274723 0
    outer loop
      vertex -9.99457 -43.369 3
      vertex -14.1718 -57.9892 0
      vertex -14.1718 -57.9892 3
    endloop
  endfacet
  facet normal 0.992278 0.124036 0
    outer loop
      vertex -32.9025 -55.9081 3
      vertex -33.9603 -47.4458 0
      vertex -33.9603 -47.4458 3
    endloop
  endfacet
  facet normal 0.992278 0.124036 0
    outer loop
      vertex -33.9603 -47.4458 0
      vertex -32.9025 -55.9081 3
      vertex -32.9025 -55.9081 0
    endloop
  endfacet
  facet normal 0.110427 0.993884 -0
    outer loop
      vertex -14.1718 -57.9892 0
      vertex -32.9025 -55.9081 3
      vertex -14.1718 -57.9892 3
    endloop
  endfacet
  facet normal 0.110427 0.993884 0
    outer loop
      vertex -32.9025 -55.9081 3
      vertex -14.1718 -57.9892 0
      vertex -32.9025 -55.9081 0
    endloop
  endfacet
  facet normal 0.141418 -0.98995 0
    outer loop
      vertex -30.8277 -39.0922 0
      vertex -16.3409 -37.0227 3
      vertex -30.8277 -39.0922 3
    endloop
  endfacet
  facet normal 0.141418 -0.98995 0
    outer loop
      vertex -16.3409 -37.0227 3
      vertex -30.8277 -39.0922 0
      vertex -16.3409 -37.0227 0
    endloop
  endfacet
  facet normal -0.707105 -0.707108 0
    outer loop
      vertex -9.99457 -43.369 0
      vertex -16.3409 -37.0227 3
      vertex -16.3409 -37.0227 0
    endloop
  endfacet
  facet normal -0.707105 -0.707108 0
    outer loop
      vertex -16.3409 -37.0227 3
      vertex -9.99457 -43.369 0
      vertex -9.99457 -43.369 3
    endloop
  endfacet
  facet normal -0.141418 -0.98995 0
    outer loop
      vertex 16.3409 -37.0227 0
      vertex 30.8277 -39.0922 3
      vertex 16.3409 -37.0227 3
    endloop
  endfacet
  facet normal -0.141418 -0.98995 -0
    outer loop
      vertex 30.8277 -39.0922 3
      vertex 16.3409 -37.0227 0
      vertex 30.8277 -39.0922 0
    endloop
  endfacet
  facet normal -0.110427 0.993884 0
    outer loop
      vertex 32.9025 -55.9081 0
      vertex 14.1718 -57.9892 3
      vertex 32.9025 -55.9081 3
    endloop
  endfacet
  facet normal -0.110427 0.993884 0
    outer loop
      vertex 14.1718 -57.9892 3
      vertex 32.9025 -55.9081 0
      vertex 14.1718 -57.9892 0
    endloop
  endfacet
  facet normal 0.707105 -0.707108 0
    outer loop
      vertex 9.99457 -43.369 3
      vertex 16.3409 -37.0227 0
      vertex 16.3409 -37.0227 3
    endloop
  endfacet
  facet normal 0.707105 -0.707108 0
    outer loop
      vertex 16.3409 -37.0227 0
      vertex 9.99457 -43.369 3
      vertex 9.99457 -43.369 0
    endloop
  endfacet
  facet normal 0.961523 0.274723 0
    outer loop
      vertex 14.1718 -57.9892 3
      vertex 9.99457 -43.369 0
      vertex 9.99457 -43.369 3
    endloop
  endfacet
  facet normal 0.961523 0.274723 0
    outer loop
      vertex 9.99457 -43.369 0
      vertex 14.1718 -57.9892 3
      vertex 14.1718 -57.9892 0
    endloop
  endfacet
  facet normal -0.936329 -0.351123 0
    outer loop
      vertex 33.9603 -47.4458 0
      vertex 30.8277 -39.0922 3
      vertex 30.8277 -39.0922 0
    endloop
  endfacet
  facet normal -0.936329 -0.351123 0
    outer loop
      vertex 30.8277 -39.0922 3
      vertex 33.9603 -47.4458 0
      vertex 33.9603 -47.4458 3
    endloop
  endfacet
  facet normal -0.992278 0.124036 0
    outer loop
      vertex 32.9025 -55.9081 0
      vertex 33.9603 -47.4458 3
      vertex 33.9603 -47.4458 0
    endloop
  endfacet
  facet normal -0.992278 0.124036 0
    outer loop
      vertex 33.9603 -47.4458 3
      vertex 32.9025 -55.9081 0
      vertex 32.9025 -55.9081 3
    endloop
  endfacet
endsolid OpenSCAD_Model
