solid OpenSCAD_Model
  facet normal 1 -0 0
    outer loop
      vertex -24 -27.22 22.45
      vertex -24 -21.22 14.6
      vertex -24 -21.22 22.45
    endloop
  endfacet
  facet normal 1 0 0
    outer loop
      vertex -24 -21.22 14.6
      vertex -24 -27.22 22.45
      vertex -24 -27.22 14.6
    endloop
  endfacet
  facet normal 0 0 -1
    outer loop
      vertex -30 -27.22 14.6
      vertex -24 -21.22 14.6
      vertex -24 -27.22 14.6
    endloop
  endfacet
  facet normal -0 0 -1
    outer loop
      vertex -24 -21.22 14.6
      vertex -30 -27.22 14.6
      vertex -30 -21.22 14.6
    endloop
  endfacet
  facet normal -1 0 0
    outer loop
      vertex -30 -27.22 14.6
      vertex -30 -21.22 22.45
      vertex -30 -21.22 14.6
    endloop
  endfacet
  facet normal -1 -0 0
    outer loop
      vertex -30 -21.22 22.45
      vertex -30 -27.22 14.6
      vertex -30 -27.22 22.45
    endloop
  endfacet
  facet normal 0 1 -0
    outer loop
      vertex -24 -21.22 14.6
      vertex -30 -21.22 22.45
      vertex -24 -21.22 22.45
    endloop
  endfacet
  facet normal 0 1 0
    outer loop
      vertex -30 -21.22 22.45
      vertex -24 -21.22 14.6
      vertex -30 -21.22 14.6
    endloop
  endfacet
  facet normal 0 -1 0
    outer loop
      vertex -30 -27.22 14.6
      vertex -24 -27.22 22.45
      vertex -30 -27.22 22.45
    endloop
  endfacet
  facet normal 0 -1 -0
    outer loop
      vertex -24 -27.22 22.45
      vertex -30 -27.22 14.6
      vertex -24 -27.22 14.6
    endloop
  endfacet
  facet normal 1 -0 0
    outer loop
      vertex -24 48.78 22.45
      vertex -24 54.78 14.6
      vertex -24 54.78 22.45
    endloop
  endfacet
  facet normal 1 0 0
    outer loop
      vertex -24 54.78 14.6
      vertex -24 48.78 22.45
      vertex -24 48.78 14.6
    endloop
  endfacet
  facet normal 0 0 -1
    outer loop
      vertex -30 48.78 14.6
      vertex -24 54.78 14.6
      vertex -24 48.78 14.6
    endloop
  endfacet
  facet normal -0 0 -1
    outer loop
      vertex -24 54.78 14.6
      vertex -30 48.78 14.6
      vertex -30 54.78 14.6
    endloop
  endfacet
  facet normal -1 0 0
    outer loop
      vertex -30 48.78 14.6
      vertex -30 54.78 22.45
      vertex -30 54.78 14.6
    endloop
  endfacet
  facet normal -1 -0 0
    outer loop
      vertex -30 54.78 22.45
      vertex -30 48.78 14.6
      vertex -30 48.78 22.45
    endloop
  endfacet
  facet normal 0 1 -0
    outer loop
      vertex -24 54.78 14.6
      vertex -30 54.78 22.45
      vertex -24 54.78 22.45
    endloop
  endfacet
  facet normal 0 1 0
    outer loop
      vertex -30 54.78 22.45
      vertex -24 54.78 14.6
      vertex -30 54.78 14.6
    endloop
  endfacet
  facet normal 0 -1 0
    outer loop
      vertex -30 48.78 14.6
      vertex -24 48.78 22.45
      vertex -30 48.78 22.45
    endloop
  endfacet
  facet normal 0 -1 -0
    outer loop
      vertex -24 48.78 22.45
      vertex -30 48.78 14.6
      vertex -24 48.78 14.6
    endloop
  endfacet
  facet normal 1 -0 0
    outer loop
      vertex 30 -27.22 22.45
      vertex 30 -21.22 14.6
      vertex 30 -21.22 22.45
    endloop
  endfacet
  facet normal 1 0 0
    outer loop
      vertex 30 -21.22 14.6
      vertex 30 -27.22 22.45
      vertex 30 -27.22 14.6
    endloop
  endfacet
  facet normal 0 0 -1
    outer loop
      vertex 24 -27.22 14.6
      vertex 30 -21.22 14.6
      vertex 30 -27.22 14.6
    endloop
  endfacet
  facet normal -0 0 -1
    outer loop
      vertex 30 -21.22 14.6
      vertex 24 -27.22 14.6
      vertex 24 -21.22 14.6
    endloop
  endfacet
  facet normal -1 0 0
    outer loop
      vertex 24 -27.22 14.6
      vertex 24 -21.22 22.45
      vertex 24 -21.22 14.6
    endloop
  endfacet
  facet normal -1 -0 0
    outer loop
      vertex 24 -21.22 22.45
      vertex 24 -27.22 14.6
      vertex 24 -27.22 22.45
    endloop
  endfacet
  facet normal 0 1 -0
    outer loop
      vertex 30 -21.22 14.6
      vertex 24 -21.22 22.45
      vertex 30 -21.22 22.45
    endloop
  endfacet
  facet normal 0 1 0
    outer loop
      vertex 24 -21.22 22.45
      vertex 30 -21.22 14.6
      vertex 24 -21.22 14.6
    endloop
  endfacet
  facet normal 0 -1 0
    outer loop
      vertex 24 -27.22 14.6
      vertex 30 -27.22 22.45
      vertex 24 -27.22 22.45
    endloop
  endfacet
  facet normal 0 -1 -0
    outer loop
      vertex 30 -27.22 22.45
      vertex 24 -27.22 14.6
      vertex 30 -27.22 14.6
    endloop
  endfacet
  facet normal 1 -0 0
    outer loop
      vertex 30 48.78 22.45
      vertex 30 54.78 14.6
      vertex 30 54.78 22.45
    endloop
  endfacet
  facet normal 1 0 0
    outer loop
      vertex 30 54.78 14.6
      vertex 30 48.78 22.45
      vertex 30 48.78 14.6
    endloop
  endfacet
  facet normal 0 0 -1
    outer loop
      vertex 24 48.78 14.6
      vertex 30 54.78 14.6
      vertex 30 48.78 14.6
    endloop
  endfacet
  facet normal -0 0 -1
    outer loop
      vertex 30 54.78 14.6
      vertex 24 48.78 14.6
      vertex 24 54.78 14.6
    endloop
  endfacet
  facet normal -1 0 0
    outer loop
      vertex 24 48.78 14.6
      vertex 24 54.78 22.45
      vertex 24 54.78 14.6
    endloop
  endfacet
  facet normal -1 -0 0
    outer loop
      vertex 24 54.78 22.45
      vertex 24 48.78 14.6
      vertex 24 48.78 22.45
    endloop
  endfacet
  facet normal 0 1 -0
    outer loop
      vertex 30 54.78 14.6
      vertex 24 54.78 22.45
      vertex 30 54.78 22.45
    endloop
  endfacet
  facet normal 0 1 0
    outer loop
      vertex 24 54.78 22.45
      vertex 30 54.78 14.6
      vertex 24 54.78 14.6
    endloop
  endfacet
  facet normal 0 -1 0
    outer loop
      vertex 24 48.78 14.6
      vertex 30 48.78 22.45
      vertex 24 48.78 22.45
    endloop
  endfacet
  facet normal 0 -1 -0
    outer loop
      vertex 30 48.78 22.45
      vertex 24 48.78 14.6
      vertex 30 48.78 14.6
    endloop
  endfacet
  facet normal 1 -0 0
    outer loop
      vertex -18.4 -13.5 22.45
      vertex -18.4 40.5 15.6
      vertex -18.4 40.5 22.45
    endloop
  endfacet
  facet normal 1 0 0
    outer loop
      vertex -18.4 40.5 15.6
      vertex -18.4 -13.5 22.45
      vertex -18.4 -13.5 15.6
    endloop
  endfacet
  facet normal 0 0 -1
    outer loop
      vertex -19.4 -13.5 15.6
      vertex -18.4 40.5 15.6
      vertex -18.4 -13.5 15.6
    endloop
  endfacet
  facet normal -0 0 -1
    outer loop
      vertex -18.4 40.5 15.6
      vertex -19.4 -13.5 15.6
      vertex -19.4 40.5 15.6
    endloop
  endfacet
  facet normal -1 0 0
    outer loop
      vertex -19.4 -13.5 15.6
      vertex -19.4 40.5 22.45
      vertex -19.4 40.5 15.6
    endloop
  endfacet
  facet normal -1 -0 0
    outer loop
      vertex -19.4 40.5 22.45
      vertex -19.4 -13.5 15.6
      vertex -19.4 -13.5 22.45
    endloop
  endfacet
  facet normal 0 1 -0
    outer loop
      vertex -18.4 40.5 15.6
      vertex -19.4 40.5 22.45
      vertex -18.4 40.5 22.45
    endloop
  endfacet
  facet normal 0 1 0
    outer loop
      vertex -19.4 40.5 22.45
      vertex -18.4 40.5 15.6
      vertex -19.4 40.5 15.6
    endloop
  endfacet
  facet normal 0 -1 0
    outer loop
      vertex -19.4 -13.5 15.6
      vertex -18.4 -13.5 22.45
      vertex -19.4 -13.5 22.45
    endloop
  endfacet
  facet normal 0 -1 -0
    outer loop
      vertex -18.4 -13.5 22.45
      vertex -19.4 -13.5 15.6
      vertex -18.4 -13.5 15.6
    endloop
  endfacet
  facet normal 1 -0 0
    outer loop
      vertex 19.4 -13.5 22.45
      vertex 19.4 40.5 15.6
      vertex 19.4 40.5 22.45
    endloop
  endfacet
  facet normal 1 0 0
    outer loop
      vertex 19.4 40.5 15.6
      vertex 19.4 -13.5 22.45
      vertex 19.4 -13.5 15.6
    endloop
  endfacet
  facet normal 0 0 -1
    outer loop
      vertex 18.4 -13.5 15.6
      vertex 19.4 40.5 15.6
      vertex 19.4 -13.5 15.6
    endloop
  endfacet
  facet normal -0 0 -1
    outer loop
      vertex 19.4 40.5 15.6
      vertex 18.4 -13.5 15.6
      vertex 18.4 40.5 15.6
    endloop
  endfacet
  facet normal -1 0 0
    outer loop
      vertex 18.4 -13.5 15.6
      vertex 18.4 40.5 22.45
      vertex 18.4 40.5 15.6
    endloop
  endfacet
  facet normal -1 -0 0
    outer loop
      vertex 18.4 40.5 22.45
      vertex 18.4 -13.5 15.6
      vertex 18.4 -13.5 22.45
    endloop
  endfacet
  facet normal 0 1 -0
    outer loop
      vertex 19.4 40.5 15.6
      vertex 18.4 40.5 22.45
      vertex 19.4 40.5 22.45
    endloop
  endfacet
  facet normal 0 1 0
    outer loop
      vertex 18.4 40.5 22.45
      vertex 19.4 40.5 15.6
      vertex 18.4 40.5 15.6
    endloop
  endfacet
  facet normal 0 -1 0
    outer loop
      vertex 18.4 -13.5 15.6
      vertex 19.4 -13.5 22.45
      vertex 18.4 -13.5 22.45
    endloop
  endfacet
  facet normal 0 -1 -0
    outer loop
      vertex 19.4 -13.5 22.45
      vertex 18.4 -13.5 15.6
      vertex 19.4 -13.5 15.6
    endloop
  endfacet
  facet normal 0.0490418 -0.998797 0
    outer loop
      vertex 36 -64 3
      vertex 36.7841 -63.9615 25
      vertex 36 -64 25
    endloop
  endfacet
  facet normal 0.0490418 -0.998797 0
    outer loop
      vertex 36.7841 -63.9615 25
      vertex 36 -64 3
      vertex 36.7841 -63.9615 3
    endloop
  endfacet
  facet normal -0.0490418 -0.998797 0
    outer loop
      vertex -36.7841 -63.9615 3
      vertex -36 -64 25
      vertex -36.7841 -63.9615 25
    endloop
  endfacet
  facet normal -0.0490418 -0.998797 -0
    outer loop
      vertex -36 -64 25
      vertex -36.7841 -63.9615 3
      vertex -36 -64 3
    endloop
  endfacet
  facet normal 0.671613 0.740902 -0
    outer loop
      vertex 41.6568 61.6568 3
      vertex 41.0751 62.1841 25
      vertex 41.6568 61.6568 25
    endloop
  endfacet
  facet normal 0.671613 0.740902 0
    outer loop
      vertex 41.0751 62.1841 25
      vertex 41.6568 61.6568 3
      vertex 41.0751 62.1841 3
    endloop
  endfacet
  facet normal 0.998797 -0.0490418 0
    outer loop
      vertex 43.9615 -56.7841 25
      vertex 44 -56 3
      vertex 44 -56 25
    endloop
  endfacet
  facet normal 0.998797 -0.0490418 0
    outer loop
      vertex 44 -56 3
      vertex 43.9615 -56.7841 25
      vertex 43.9615 -56.7841 3
    endloop
  endfacet
  facet normal -0.90402 0.427489 0
    outer loop
      vertex -43.391 59.0615 3
      vertex -43.0554 59.7712 25
      vertex -43.0554 59.7712 3
    endloop
  endfacet
  facet normal -0.90402 0.427489 0
    outer loop
      vertex -43.0554 59.7712 25
      vertex -43.391 59.0615 3
      vertex -43.391 59.0615 25
    endloop
  endfacet
  facet normal 0 0 -1
    outer loop
      vertex 41.5701 -56.5486 3
      vertex 44 -56 3
      vertex 43.9615 -56.7841 3
    endloop
  endfacet
  facet normal 0 0 -1
    outer loop
      vertex 44 -56 3
      vertex 41.6 -55.9409 3
      vertex 44 56 3
    endloop
  endfacet
  facet normal 0 0 -1
    outer loop
      vertex 41.5701 -56.5486 3
      vertex 43.9615 -56.7841 3
      vertex 43.8463 -57.5607 3
    endloop
  endfacet
  facet normal 0 0 -1
    outer loop
      vertex 41.6 55.9409 3
      vertex 44 56 3
      vertex 41.6 -55.9409 3
    endloop
  endfacet
  facet normal 0 0 -1
    outer loop
      vertex 41.4895 -57.092 3
      vertex 43.8463 -57.5607 3
      vertex 43.6555 -58.3223 3
    endloop
  endfacet
  facet normal 0 0 -1
    outer loop
      vertex 41.5701 56.5486 3
      vertex 44 56 3
      vertex 41.6 55.9409 3
    endloop
  endfacet
  facet normal 0 0 -1
    outer loop
      vertex 41.3561 -57.6247 3
      vertex 43.6555 -58.3223 3
      vertex 43.391 -59.0615 3
    endloop
  endfacet
  facet normal 0 0 -1
    outer loop
      vertex 44 56 3
      vertex 41.5701 56.5486 3
      vertex 43.9615 56.7841 3
    endloop
  endfacet
  facet normal 0 0 -1
    outer loop
      vertex 41.171 -58.142 3
      vertex 43.391 -59.0615 3
      vertex 43.0554 -59.7712 3
    endloop
  endfacet
  facet normal -0 0 -1
    outer loop
      vertex 43.9615 56.7841 3
      vertex 41.5701 56.5486 3
      vertex 43.8463 57.5607 3
    endloop
  endfacet
  facet normal 0 0 -1
    outer loop
      vertex 40.9362 -58.6384 3
      vertex 43.0554 -59.7712 3
      vertex 42.6517 -60.4445 3
    endloop
  endfacet
  facet normal 0 0 -1
    outer loop
      vertex 41.4895 57.092 3
      vertex 43.8463 57.5607 3
      vertex 41.5701 56.5486 3
    endloop
  endfacet
  facet normal 0 0 -1
    outer loop
      vertex 40.6538 -59.1095 3
      vertex 42.6517 -60.4445 3
      vertex 42.1841 -61.0751 3
    endloop
  endfacet
  facet normal -0 0 -1
    outer loop
      vertex 43.8463 57.5607 3
      vertex 41.4895 57.092 3
      vertex 43.6555 58.3223 3
    endloop
  endfacet
  facet normal 0 0 -1
    outer loop
      vertex 40.3266 -59.5507 3
      vertex 42.1841 -61.0751 3
      vertex 41.6568 -61.6568 3
    endloop
  endfacet
  facet normal 0 0 -1
    outer loop
      vertex 41.3561 57.6247 3
      vertex 43.6555 58.3223 3
      vertex 41.4895 57.092 3
    endloop
  endfacet
  facet normal -0 0 -1
    outer loop
      vertex 43.6555 58.3223 3
      vertex 41.3561 57.6247 3
      vertex 43.391 59.0615 3
    endloop
  endfacet
  facet normal -0 0 -1
    outer loop
      vertex 44 -56 3
      vertex 41.5701 -56.5486 3
      vertex 41.6 -55.9409 3
    endloop
  endfacet
  facet normal 0 0 -1
    outer loop
      vertex 43.8463 -57.5607 3
      vertex 41.4895 -57.092 3
      vertex 41.5701 -56.5486 3
    endloop
  endfacet
  facet normal 0 0 -1
    outer loop
      vertex 43.6555 -58.3223 3
      vertex 41.3561 -57.6247 3
      vertex 41.4895 -57.092 3
    endloop
  endfacet
  facet normal 0 0 -1
    outer loop
      vertex 43.391 -59.0615 3
      vertex 41.171 -58.142 3
      vertex 41.3561 -57.6247 3
    endloop
  endfacet
  facet normal 0 0 -1
    outer loop
      vertex 39.9577 -59.9577 3
      vertex 41.6568 -61.6568 3
      vertex 41.0751 -62.1841 3
    endloop
  endfacet
  facet normal 0 0 -1
    outer loop
      vertex 43.0554 -59.7712 3
      vertex 40.9362 -58.6384 3
      vertex 41.171 -58.142 3
    endloop
  endfacet
  facet normal 0 0 -1
    outer loop
      vertex 42.6517 -60.4445 3
      vertex 40.6538 -59.1095 3
      vertex 40.9362 -58.6384 3
    endloop
  endfacet
  facet normal 0 0 -1
    outer loop
      vertex 39.5507 -60.3266 3
      vertex 41.0751 -62.1841 3
      vertex 40.4445 -62.6517 3
    endloop
  endfacet
  facet normal 0 0 -1
    outer loop
      vertex 42.1841 -61.0751 3
      vertex 40.3266 -59.5507 3
      vertex 40.6538 -59.1095 3
    endloop
  endfacet
  facet normal 0 0 -1
    outer loop
      vertex 41.6568 -61.6568 3
      vertex 39.9577 -59.9577 3
      vertex 40.3266 -59.5507 3
    endloop
  endfacet
  facet normal 0 0 -1
    outer loop
      vertex 39.1095 -60.6538 3
      vertex 40.4445 -62.6517 3
      vertex 39.7712 -63.0554 3
    endloop
  endfacet
  facet normal 0 0 -1
    outer loop
      vertex 41.0751 -62.1841 3
      vertex 39.5507 -60.3266 3
      vertex 39.9577 -59.9577 3
    endloop
  endfacet
  facet normal 0 0 -1
    outer loop
      vertex 40.4445 -62.6517 3
      vertex 39.1095 -60.6538 3
      vertex 39.5507 -60.3266 3
    endloop
  endfacet
  facet normal 0 0 -1
    outer loop
      vertex 38.6384 -60.9362 3
      vertex 39.7712 -63.0554 3
      vertex 39.0615 -63.391 3
    endloop
  endfacet
  facet normal 0 0 -1
    outer loop
      vertex 39.7712 -63.0554 3
      vertex 38.6384 -60.9362 3
      vertex 39.1095 -60.6538 3
    endloop
  endfacet
  facet normal 0 0 -1
    outer loop
      vertex 38.142 -61.171 3
      vertex 39.0615 -63.391 3
      vertex 38.3223 -63.6555 3
    endloop
  endfacet
  facet normal 0 0 -1
    outer loop
      vertex 39.0615 -63.391 3
      vertex 38.142 -61.171 3
      vertex 38.6384 -60.9362 3
    endloop
  endfacet
  facet normal 0 0 -1
    outer loop
      vertex 38.3223 -63.6555 3
      vertex 37.6247 -61.3561 3
      vertex 38.142 -61.171 3
    endloop
  endfacet
  facet normal 0 0 -1
    outer loop
      vertex 37.5607 -63.8463 3
      vertex 37.6247 -61.3561 3
      vertex 38.3223 -63.6555 3
    endloop
  endfacet
  facet normal 0 0 -1
    outer loop
      vertex 37.5607 -63.8463 3
      vertex 37.092 -61.4895 3
      vertex 37.6247 -61.3561 3
    endloop
  endfacet
  facet normal 0 0 -1
    outer loop
      vertex 36.7841 -63.9615 3
      vertex 37.092 -61.4895 3
      vertex 37.5607 -63.8463 3
    endloop
  endfacet
  facet normal 0 0 -1
    outer loop
      vertex 36.7841 -63.9615 3
      vertex 36.5486 -61.5701 3
      vertex 37.092 -61.4895 3
    endloop
  endfacet
  facet normal 0 0 -1
    outer loop
      vertex 36 -64 3
      vertex 36.5486 -61.5701 3
      vertex 36.7841 -63.9615 3
    endloop
  endfacet
  facet normal 0 0 -1
    outer loop
      vertex 36 -64 3
      vertex 35.9409 -61.6 3
      vertex 36.5486 -61.5701 3
    endloop
  endfacet
  facet normal 0 0 -1
    outer loop
      vertex 36 -64 3
      vertex -35.9409 -61.6 3
      vertex 35.9409 -61.6 3
    endloop
  endfacet
  facet normal 0 0 -1
    outer loop
      vertex -36 -64 3
      vertex -35.9409 -61.6 3
      vertex 36 -64 3
    endloop
  endfacet
  facet normal 0 0 -1
    outer loop
      vertex -36 -64 3
      vertex -36.5486 -61.5701 3
      vertex -35.9409 -61.6 3
    endloop
  endfacet
  facet normal 0 0 -1
    outer loop
      vertex -36.7841 -63.9615 3
      vertex -36.5486 -61.5701 3
      vertex -36 -64 3
    endloop
  endfacet
  facet normal 0 0 -1
    outer loop
      vertex -36.7841 -63.9615 3
      vertex -37.092 -61.4895 3
      vertex -36.5486 -61.5701 3
    endloop
  endfacet
  facet normal 0 0 -1
    outer loop
      vertex -37.5607 -63.8463 3
      vertex -37.092 -61.4895 3
      vertex -36.7841 -63.9615 3
    endloop
  endfacet
  facet normal 0 0 -1
    outer loop
      vertex -37.5607 -63.8463 3
      vertex -37.6247 -61.3561 3
      vertex -37.092 -61.4895 3
    endloop
  endfacet
  facet normal 0 0 -1
    outer loop
      vertex -38.3223 -63.6555 3
      vertex -37.6247 -61.3561 3
      vertex -37.5607 -63.8463 3
    endloop
  endfacet
  facet normal -0 0 -1
    outer loop
      vertex -37.6247 -61.3561 3
      vertex -38.3223 -63.6555 3
      vertex -38.142 -61.171 3
    endloop
  endfacet
  facet normal 0 0 -1
    outer loop
      vertex -39.0615 -63.391 3
      vertex -38.142 -61.171 3
      vertex -38.3223 -63.6555 3
    endloop
  endfacet
  facet normal -0 0 -1
    outer loop
      vertex -38.142 -61.171 3
      vertex -39.0615 -63.391 3
      vertex -38.6384 -60.9362 3
    endloop
  endfacet
  facet normal 0 0 -1
    outer loop
      vertex -39.7712 -63.0554 3
      vertex -38.6384 -60.9362 3
      vertex -39.0615 -63.391 3
    endloop
  endfacet
  facet normal -0 0 -1
    outer loop
      vertex -38.6384 -60.9362 3
      vertex -39.7712 -63.0554 3
      vertex -39.1095 -60.6538 3
    endloop
  endfacet
  facet normal 0 0 -1
    outer loop
      vertex -40.4445 -62.6517 3
      vertex -39.1095 -60.6538 3
      vertex -39.7712 -63.0554 3
    endloop
  endfacet
  facet normal -0 0 -1
    outer loop
      vertex -39.1095 -60.6538 3
      vertex -40.4445 -62.6517 3
      vertex -39.5507 -60.3266 3
    endloop
  endfacet
  facet normal 0 0 -1
    outer loop
      vertex -41.0751 -62.1841 3
      vertex -39.5507 -60.3266 3
      vertex -40.4445 -62.6517 3
    endloop
  endfacet
  facet normal -0 0 -1
    outer loop
      vertex -39.5507 -60.3266 3
      vertex -41.0751 -62.1841 3
      vertex -39.9577 -59.9577 3
    endloop
  endfacet
  facet normal 0 0 -1
    outer loop
      vertex -41.6568 -61.6568 3
      vertex -39.9577 -59.9577 3
      vertex -41.0751 -62.1841 3
    endloop
  endfacet
  facet normal -0 0 -1
    outer loop
      vertex -39.9577 -59.9577 3
      vertex -41.6568 -61.6568 3
      vertex -40.3266 -59.5507 3
    endloop
  endfacet
  facet normal 0 0 -1
    outer loop
      vertex -42.1841 -61.0751 3
      vertex -40.3266 -59.5507 3
      vertex -41.6568 -61.6568 3
    endloop
  endfacet
  facet normal -0 0 -1
    outer loop
      vertex -40.3266 -59.5507 3
      vertex -42.1841 -61.0751 3
      vertex -40.6538 -59.1095 3
    endloop
  endfacet
  facet normal 0 0 -1
    outer loop
      vertex -42.6517 -60.4445 3
      vertex -40.6538 -59.1095 3
      vertex -42.1841 -61.0751 3
    endloop
  endfacet
  facet normal -0 0 -1
    outer loop
      vertex -40.6538 -59.1095 3
      vertex -42.6517 -60.4445 3
      vertex -40.9362 -58.6384 3
    endloop
  endfacet
  facet normal 0 0 -1
    outer loop
      vertex -43.0554 -59.7712 3
      vertex -40.9362 -58.6384 3
      vertex -42.6517 -60.4445 3
    endloop
  endfacet
  facet normal -0 0 -1
    outer loop
      vertex -41.171 -58.142 3
      vertex -43.391 -59.0615 3
      vertex -41.3561 -57.6247 3
    endloop
  endfacet
  facet normal 0 0 -1
    outer loop
      vertex -43.391 -59.0615 3
      vertex -41.171 -58.142 3
      vertex -43.0554 -59.7712 3
    endloop
  endfacet
  facet normal -0 0 -1
    outer loop
      vertex -40.9362 -58.6384 3
      vertex -43.0554 -59.7712 3
      vertex -41.171 -58.142 3
    endloop
  endfacet
  facet normal 0 0 -1
    outer loop
      vertex 41.171 58.142 3
      vertex 43.391 59.0615 3
      vertex 41.3561 57.6247 3
    endloop
  endfacet
  facet normal -0 0 -1
    outer loop
      vertex 43.391 59.0615 3
      vertex 41.171 58.142 3
      vertex 43.0554 59.7712 3
    endloop
  endfacet
  facet normal 0 0 -1
    outer loop
      vertex 40.9362 58.6384 3
      vertex 43.0554 59.7712 3
      vertex 41.171 58.142 3
    endloop
  endfacet
  facet normal -0 0 -1
    outer loop
      vertex 43.0554 59.7712 3
      vertex 40.9362 58.6384 3
      vertex 42.6517 60.4445 3
    endloop
  endfacet
  facet normal 0 0 -1
    outer loop
      vertex 40.6538 59.1095 3
      vertex 42.6517 60.4445 3
      vertex 40.9362 58.6384 3
    endloop
  endfacet
  facet normal -0 0 -1
    outer loop
      vertex 42.6517 60.4445 3
      vertex 40.6538 59.1095 3
      vertex 42.1841 61.0751 3
    endloop
  endfacet
  facet normal 0 0 -1
    outer loop
      vertex 40.3266 59.5507 3
      vertex 42.1841 61.0751 3
      vertex 40.6538 59.1095 3
    endloop
  endfacet
  facet normal -0 0 -1
    outer loop
      vertex 42.1841 61.0751 3
      vertex 40.3266 59.5507 3
      vertex 41.6568 61.6568 3
    endloop
  endfacet
  facet normal 0 0 -1
    outer loop
      vertex 39.9577 59.9577 3
      vertex 41.6568 61.6568 3
      vertex 40.3266 59.5507 3
    endloop
  endfacet
  facet normal -0 0 -1
    outer loop
      vertex 41.6568 61.6568 3
      vertex 39.9577 59.9577 3
      vertex 41.0751 62.1841 3
    endloop
  endfacet
  facet normal 0 0 -1
    outer loop
      vertex 39.5507 60.3266 3
      vertex 41.0751 62.1841 3
      vertex 39.9577 59.9577 3
    endloop
  endfacet
  facet normal -0 0 -1
    outer loop
      vertex 41.0751 62.1841 3
      vertex 39.5507 60.3266 3
      vertex 40.4445 62.6517 3
    endloop
  endfacet
  facet normal 0 0 -1
    outer loop
      vertex 39.1095 60.6538 3
      vertex 40.4445 62.6517 3
      vertex 39.5507 60.3266 3
    endloop
  endfacet
  facet normal -0 0 -1
    outer loop
      vertex 40.4445 62.6517 3
      vertex 39.1095 60.6538 3
      vertex 39.7712 63.0554 3
    endloop
  endfacet
  facet normal 0 0 -1
    outer loop
      vertex 38.6384 60.9362 3
      vertex 39.7712 63.0554 3
      vertex 39.1095 60.6538 3
    endloop
  endfacet
  facet normal -0 0 -1
    outer loop
      vertex 39.7712 63.0554 3
      vertex 38.6384 60.9362 3
      vertex 39.0615 63.391 3
    endloop
  endfacet
  facet normal 0 0 -1
    outer loop
      vertex 38.142 61.171 3
      vertex 39.0615 63.391 3
      vertex 38.6384 60.9362 3
    endloop
  endfacet
  facet normal -0 0 -1
    outer loop
      vertex 39.0615 63.391 3
      vertex 38.142 61.171 3
      vertex 38.3223 63.6555 3
    endloop
  endfacet
  facet normal 0 0 -1
    outer loop
      vertex 37.6247 61.3561 3
      vertex 38.3223 63.6555 3
      vertex 38.142 61.171 3
    endloop
  endfacet
  facet normal 0 0 -1
    outer loop
      vertex 37.6247 61.3561 3
      vertex 37.5607 63.8463 3
      vertex 38.3223 63.6555 3
    endloop
  endfacet
  facet normal 0 0 -1
    outer loop
      vertex 37.092 61.4895 3
      vertex 37.5607 63.8463 3
      vertex 37.6247 61.3561 3
    endloop
  endfacet
  facet normal 0 0 -1
    outer loop
      vertex 37.092 61.4895 3
      vertex 36.7841 63.9615 3
      vertex 37.5607 63.8463 3
    endloop
  endfacet
  facet normal 0 0 -1
    outer loop
      vertex 36.5486 61.5701 3
      vertex 36.7841 63.9615 3
      vertex 37.092 61.4895 3
    endloop
  endfacet
  facet normal 0 0 -1
    outer loop
      vertex 36.5486 61.5701 3
      vertex 36 64 3
      vertex 36.7841 63.9615 3
    endloop
  endfacet
  facet normal 0 0 -1
    outer loop
      vertex 35.9409 61.6 3
      vertex 36 64 3
      vertex 36.5486 61.5701 3
    endloop
  endfacet
  facet normal 0 0 -1
    outer loop
      vertex -35.9409 61.6 3
      vertex 36 64 3
      vertex 35.9409 61.6 3
    endloop
  endfacet
  facet normal 0 0 -1
    outer loop
      vertex -35.9409 61.6 3
      vertex -36 64 3
      vertex 36 64 3
    endloop
  endfacet
  facet normal 0 0 -1
    outer loop
      vertex -36.5486 61.5701 3
      vertex -36 64 3
      vertex -35.9409 61.6 3
    endloop
  endfacet
  facet normal 0 0 -1
    outer loop
      vertex -36.5486 61.5701 3
      vertex -36.7841 63.9615 3
      vertex -36 64 3
    endloop
  endfacet
  facet normal 0 0 -1
    outer loop
      vertex -37.092 61.4895 3
      vertex -36.7841 63.9615 3
      vertex -36.5486 61.5701 3
    endloop
  endfacet
  facet normal 0 0 -1
    outer loop
      vertex -37.092 61.4895 3
      vertex -37.5607 63.8463 3
      vertex -36.7841 63.9615 3
    endloop
  endfacet
  facet normal 0 0 -1
    outer loop
      vertex -37.6247 61.3561 3
      vertex -37.5607 63.8463 3
      vertex -37.092 61.4895 3
    endloop
  endfacet
  facet normal 0 0 -1
    outer loop
      vertex -38.3223 63.6555 3
      vertex -37.6247 61.3561 3
      vertex -38.142 61.171 3
    endloop
  endfacet
  facet normal 0 0 -1
    outer loop
      vertex -37.6247 61.3561 3
      vertex -38.3223 63.6555 3
      vertex -37.5607 63.8463 3
    endloop
  endfacet
  facet normal 0 0 -1
    outer loop
      vertex -39.0615 63.391 3
      vertex -38.142 61.171 3
      vertex -38.6384 60.9362 3
    endloop
  endfacet
  facet normal 0 0 -1
    outer loop
      vertex -38.142 61.171 3
      vertex -39.0615 63.391 3
      vertex -38.3223 63.6555 3
    endloop
  endfacet
  facet normal 0 0 -1
    outer loop
      vertex -39.7712 63.0554 3
      vertex -38.6384 60.9362 3
      vertex -39.1095 60.6538 3
    endloop
  endfacet
  facet normal 0 0 -1
    outer loop
      vertex -40.4445 62.6517 3
      vertex -39.1095 60.6538 3
      vertex -39.5507 60.3266 3
    endloop
  endfacet
  facet normal 0 0 -1
    outer loop
      vertex -38.6384 60.9362 3
      vertex -39.7712 63.0554 3
      vertex -39.0615 63.391 3
    endloop
  endfacet
  facet normal 0 0 -1
    outer loop
      vertex -41.0751 62.1841 3
      vertex -39.5507 60.3266 3
      vertex -39.9577 59.9577 3
    endloop
  endfacet
  facet normal 0 0 -1
    outer loop
      vertex -41.6568 61.6568 3
      vertex -39.9577 59.9577 3
      vertex -40.3266 59.5507 3
    endloop
  endfacet
  facet normal 0 0 -1
    outer loop
      vertex -39.1095 60.6538 3
      vertex -40.4445 62.6517 3
      vertex -39.7712 63.0554 3
    endloop
  endfacet
  facet normal 0 0 -1
    outer loop
      vertex -42.1841 61.0751 3
      vertex -40.3266 59.5507 3
      vertex -40.6538 59.1095 3
    endloop
  endfacet
  facet normal 0 0 -1
    outer loop
      vertex -42.6517 60.4445 3
      vertex -40.6538 59.1095 3
      vertex -40.9362 58.6384 3
    endloop
  endfacet
  facet normal 0 0 -1
    outer loop
      vertex -39.5507 60.3266 3
      vertex -41.0751 62.1841 3
      vertex -40.4445 62.6517 3
    endloop
  endfacet
  facet normal 0 0 -1
    outer loop
      vertex -43.0554 59.7712 3
      vertex -40.9362 58.6384 3
      vertex -41.171 58.142 3
    endloop
  endfacet
  facet normal 0 0 -1
    outer loop
      vertex -43.391 59.0615 3
      vertex -41.171 58.142 3
      vertex -41.3561 57.6247 3
    endloop
  endfacet
  facet normal 0 0 -1
    outer loop
      vertex -43.6555 58.3223 3
      vertex -41.3561 57.6247 3
      vertex -41.4895 57.092 3
    endloop
  endfacet
  facet normal 0 0 -1
    outer loop
      vertex -43.8463 57.5607 3
      vertex -41.4895 57.092 3
      vertex -41.5701 56.5486 3
    endloop
  endfacet
  facet normal 0 0 -1
    outer loop
      vertex -39.9577 59.9577 3
      vertex -41.6568 61.6568 3
      vertex -41.0751 62.1841 3
    endloop
  endfacet
  facet normal 0 0 -1
    outer loop
      vertex -44 56 3
      vertex -41.5701 56.5486 3
      vertex -41.6 55.9409 3
    endloop
  endfacet
  facet normal -0 0 -1
    outer loop
      vertex -41.6 -55.9409 3
      vertex -44 -56 3
      vertex -41.6 55.9409 3
    endloop
  endfacet
  facet normal 0 0 -1
    outer loop
      vertex -43.6555 -58.3223 3
      vertex -41.3561 -57.6247 3
      vertex -43.391 -59.0615 3
    endloop
  endfacet
  facet normal 0 0 -1
    outer loop
      vertex -44 56 3
      vertex -41.6 55.9409 3
      vertex -44 -56 3
    endloop
  endfacet
  facet normal -0 0 -1
    outer loop
      vertex -41.3561 -57.6247 3
      vertex -43.6555 -58.3223 3
      vertex -41.4895 -57.092 3
    endloop
  endfacet
  facet normal -0 0 -1
    outer loop
      vertex -41.5701 56.5486 3
      vertex -44 56 3
      vertex -43.9615 56.7841 3
    endloop
  endfacet
  facet normal 0 0 -1
    outer loop
      vertex -43.8463 -57.5607 3
      vertex -41.4895 -57.092 3
      vertex -43.6555 -58.3223 3
    endloop
  endfacet
  facet normal 0 0 -1
    outer loop
      vertex -40.3266 59.5507 3
      vertex -42.1841 61.0751 3
      vertex -41.6568 61.6568 3
    endloop
  endfacet
  facet normal -0 0 -1
    outer loop
      vertex -41.4895 -57.092 3
      vertex -43.8463 -57.5607 3
      vertex -41.5701 -56.5486 3
    endloop
  endfacet
  facet normal 0 0 -1
    outer loop
      vertex -40.6538 59.1095 3
      vertex -42.6517 60.4445 3
      vertex -42.1841 61.0751 3
    endloop
  endfacet
  facet normal 0 0 -1
    outer loop
      vertex -43.9615 -56.7841 3
      vertex -41.5701 -56.5486 3
      vertex -43.8463 -57.5607 3
    endloop
  endfacet
  facet normal 0 0 -1
    outer loop
      vertex -40.9362 58.6384 3
      vertex -43.0554 59.7712 3
      vertex -42.6517 60.4445 3
    endloop
  endfacet
  facet normal 0 0 -1
    outer loop
      vertex -44 -56 3
      vertex -41.5701 -56.5486 3
      vertex -43.9615 -56.7841 3
    endloop
  endfacet
  facet normal 0 0 -1
    outer loop
      vertex -41.171 58.142 3
      vertex -43.391 59.0615 3
      vertex -43.0554 59.7712 3
    endloop
  endfacet
  facet normal 0 0 -1
    outer loop
      vertex -41.5701 -56.5486 3
      vertex -44 -56 3
      vertex -41.6 -55.9409 3
    endloop
  endfacet
  facet normal 0 0 -1
    outer loop
      vertex -41.3561 57.6247 3
      vertex -43.6555 58.3223 3
      vertex -43.391 59.0615 3
    endloop
  endfacet
  facet normal 0 0 -1
    outer loop
      vertex -41.4895 57.092 3
      vertex -43.8463 57.5607 3
      vertex -43.6555 58.3223 3
    endloop
  endfacet
  facet normal 0 0 -1
    outer loop
      vertex -41.5701 56.5486 3
      vertex -43.9615 56.7841 3
      vertex -43.8463 57.5607 3
    endloop
  endfacet
  facet normal 0.146733 -0.989176 0
    outer loop
      vertex 36.7841 -63.9615 3
      vertex 37.5607 -63.8463 25
      vertex 36.7841 -63.9615 25
    endloop
  endfacet
  facet normal 0.146733 -0.989176 0
    outer loop
      vertex 37.5607 -63.8463 25
      vertex 36.7841 -63.9615 3
      vertex 37.5607 -63.8463 3
    endloop
  endfacet
  facet normal 0.989176 -0.146733 0
    outer loop
      vertex 43.8463 -57.5607 25
      vertex 43.9615 -56.7841 3
      vertex 43.9615 -56.7841 25
    endloop
  endfacet
  facet normal 0.989176 -0.146733 0
    outer loop
      vertex 43.9615 -56.7841 3
      vertex 43.8463 -57.5607 25
      vertex 43.8463 -57.5607 3
    endloop
  endfacet
  facet normal -0.740902 -0.671613 0
    outer loop
      vertex -41.6568 -61.6568 3
      vertex -42.1841 -61.0751 25
      vertex -42.1841 -61.0751 3
    endloop
  endfacet
  facet normal -0.740902 -0.671613 0
    outer loop
      vertex -42.1841 -61.0751 25
      vertex -41.6568 -61.6568 3
      vertex -41.6568 -61.6568 25
    endloop
  endfacet
  facet normal 0.740902 -0.671613 0
    outer loop
      vertex 41.6568 -61.6568 25
      vertex 42.1841 -61.0751 3
      vertex 42.1841 -61.0751 25
    endloop
  endfacet
  facet normal 0.740902 -0.671613 0
    outer loop
      vertex 42.1841 -61.0751 3
      vertex 41.6568 -61.6568 25
      vertex 41.6568 -61.6568 3
    endloop
  endfacet
  facet normal 0.740902 0.671613 0
    outer loop
      vertex 42.1841 61.0751 25
      vertex 41.6568 61.6568 3
      vertex 41.6568 61.6568 25
    endloop
  endfacet
  facet normal 0.740902 0.671613 0
    outer loop
      vertex 41.6568 61.6568 3
      vertex 42.1841 61.0751 25
      vertex 42.1841 61.0751 3
    endloop
  endfacet
  facet normal -0.85765 -0.514233 0
    outer loop
      vertex -42.6517 -60.4445 3
      vertex -43.0554 -59.7712 25
      vertex -43.0554 -59.7712 3
    endloop
  endfacet
  facet normal -0.85765 -0.514233 0
    outer loop
      vertex -43.0554 -59.7712 25
      vertex -42.6517 -60.4445 3
      vertex -42.6517 -60.4445 25
    endloop
  endfacet
  facet normal -0.243015 -0.970023 0
    outer loop
      vertex -38.3223 -63.6555 3
      vertex -37.5607 -63.8463 25
      vertex -38.3223 -63.6555 25
    endloop
  endfacet
  facet normal -0.243015 -0.970023 -0
    outer loop
      vertex -37.5607 -63.8463 25
      vertex -38.3223 -63.6555 3
      vertex -37.5607 -63.8463 3
    endloop
  endfacet
  facet normal -0.803259 -0.59563 0
    outer loop
      vertex -42.1841 -61.0751 3
      vertex -42.6517 -60.4445 25
      vertex -42.6517 -60.4445 3
    endloop
  endfacet
  facet normal -0.803259 -0.59563 0
    outer loop
      vertex -42.6517 -60.4445 25
      vertex -42.1841 -61.0751 3
      vertex -42.1841 -61.0751 25
    endloop
  endfacet
  facet normal 0 -1 0
    outer loop
      vertex -36 -64 25
      vertex -7 -64 18
      vertex 36 -64 25
    endloop
  endfacet
  facet normal 0 -1 0
    outer loop
      vertex -36 -64 25
      vertex -7 -64 10
      vertex -7 -64 18
    endloop
  endfacet
  facet normal 0 -1 -0
    outer loop
      vertex -7 -64 10
      vertex -36 -64 3
      vertex 7 -64 10
    endloop
  endfacet
  facet normal 0 -1 0
    outer loop
      vertex -36 -64 3
      vertex -7 -64 10
      vertex -36 -64 25
    endloop
  endfacet
  facet normal 0 -1 0
    outer loop
      vertex 7 -64 18
      vertex 36 -64 25
      vertex -7 -64 18
    endloop
  endfacet
  facet normal 0 -1 0
    outer loop
      vertex 7 -64 10
      vertex 36 -64 25
      vertex 7 -64 18
    endloop
  endfacet
  facet normal 0 -1 0
    outer loop
      vertex 7 -64 10
      vertex 36 -64 3
      vertex 36 -64 25
    endloop
  endfacet
  facet normal 0 -1 0
    outer loop
      vertex 36 -64 3
      vertex 7 -64 10
      vertex -36 -64 3
    endloop
  endfacet
  facet normal 0 1 -0
    outer loop
      vertex 36 64 3
      vertex -36 64 25
      vertex 36 64 25
    endloop
  endfacet
  facet normal 0 1 0
    outer loop
      vertex -36 64 25
      vertex 36 64 3
      vertex -36 64 3
    endloop
  endfacet
  facet normal -0.0490418 0.998797 0
    outer loop
      vertex -36 64 3
      vertex -36.7841 63.9615 25
      vertex -36 64 25
    endloop
  endfacet
  facet normal -0.0490418 0.998797 0
    outer loop
      vertex -36.7841 63.9615 25
      vertex -36 64 3
      vertex -36.7841 63.9615 3
    endloop
  endfacet
  facet normal 0.59563 0.803259 -0
    outer loop
      vertex 41.0751 62.1841 3
      vertex 40.4445 62.6517 25
      vertex 41.0751 62.1841 25
    endloop
  endfacet
  facet normal 0.59563 0.803259 0
    outer loop
      vertex 40.4445 62.6517 25
      vertex 41.0751 62.1841 3
      vertex 40.4445 62.6517 3
    endloop
  endfacet
  facet normal -0.427489 -0.90402 0
    outer loop
      vertex -39.7712 -63.0554 3
      vertex -39.0615 -63.391 25
      vertex -39.7712 -63.0554 25
    endloop
  endfacet
  facet normal -0.427489 -0.90402 -0
    outer loop
      vertex -39.0615 -63.391 25
      vertex -39.7712 -63.0554 3
      vertex -39.0615 -63.391 3
    endloop
  endfacet
  facet normal -0.514233 -0.85765 0
    outer loop
      vertex -40.4445 -62.6517 3
      vertex -39.7712 -63.0554 25
      vertex -40.4445 -62.6517 25
    endloop
  endfacet
  facet normal -0.514233 -0.85765 -0
    outer loop
      vertex -39.7712 -63.0554 25
      vertex -40.4445 -62.6517 3
      vertex -39.7712 -63.0554 3
    endloop
  endfacet
  facet normal -1 0 0
    outer loop
      vertex -44 -56 3
      vertex -44 56 25
      vertex -44 56 3
    endloop
  endfacet
  facet normal -1 -0 0
    outer loop
      vertex -44 56 25
      vertex -44 -56 3
      vertex -44 -56 25
    endloop
  endfacet
  facet normal -0.998797 0.0490418 0
    outer loop
      vertex -44 56 3
      vertex -43.9615 56.7841 25
      vertex -43.9615 56.7841 3
    endloop
  endfacet
  facet normal -0.998797 0.0490418 0
    outer loop
      vertex -43.9615 56.7841 25
      vertex -44 56 3
      vertex -44 56 25
    endloop
  endfacet
  facet normal 0.427489 0.90402 -0
    outer loop
      vertex 39.7712 63.0554 3
      vertex 39.0615 63.391 25
      vertex 39.7712 63.0554 25
    endloop
  endfacet
  facet normal 0.427489 0.90402 0
    outer loop
      vertex 39.0615 63.391 25
      vertex 39.7712 63.0554 3
      vertex 39.0615 63.391 3
    endloop
  endfacet
  facet normal 0.85765 0.514233 0
    outer loop
      vertex 43.0554 59.7712 25
      vertex 42.6517 60.4445 3
      vertex 42.6517 60.4445 25
    endloop
  endfacet
  facet normal 0.85765 0.514233 0
    outer loop
      vertex 42.6517 60.4445 3
      vertex 43.0554 59.7712 25
      vertex 43.0554 59.7712 3
    endloop
  endfacet
  facet normal -0.514233 0.85765 0
    outer loop
      vertex -39.7712 63.0554 3
      vertex -40.4445 62.6517 25
      vertex -39.7712 63.0554 25
    endloop
  endfacet
  facet normal -0.514233 0.85765 0
    outer loop
      vertex -40.4445 62.6517 25
      vertex -39.7712 63.0554 3
      vertex -40.4445 62.6517 3
    endloop
  endfacet
  facet normal 0.146733 0.989176 -0
    outer loop
      vertex 37.5607 63.8463 3
      vertex 36.7841 63.9615 25
      vertex 37.5607 63.8463 25
    endloop
  endfacet
  facet normal 0.146733 0.989176 0
    outer loop
      vertex 36.7841 63.9615 25
      vertex 37.5607 63.8463 3
      vertex 36.7841 63.9615 3
    endloop
  endfacet
  facet normal 0.803259 0.59563 0
    outer loop
      vertex 42.6517 60.4445 25
      vertex 42.1841 61.0751 3
      vertex 42.1841 61.0751 25
    endloop
  endfacet
  facet normal 0.803259 0.59563 0
    outer loop
      vertex 42.1841 61.0751 3
      vertex 42.6517 60.4445 25
      vertex 42.6517 60.4445 3
    endloop
  endfacet
  facet normal -0.59563 0.803259 0
    outer loop
      vertex -40.4445 62.6517 3
      vertex -41.0751 62.1841 25
      vertex -40.4445 62.6517 25
    endloop
  endfacet
  facet normal -0.59563 0.803259 0
    outer loop
      vertex -41.0751 62.1841 25
      vertex -40.4445 62.6517 3
      vertex -41.0751 62.1841 3
    endloop
  endfacet
  facet normal -0.671613 0.740902 0
    outer loop
      vertex -41.0751 62.1841 3
      vertex -41.6568 61.6568 25
      vertex -41.0751 62.1841 25
    endloop
  endfacet
  facet normal -0.671613 0.740902 0
    outer loop
      vertex -41.6568 61.6568 25
      vertex -41.0751 62.1841 3
      vertex -41.6568 61.6568 3
    endloop
  endfacet
  facet normal -0.59563 -0.803259 0
    outer loop
      vertex -41.0751 -62.1841 3
      vertex -40.4445 -62.6517 25
      vertex -41.0751 -62.1841 25
    endloop
  endfacet
  facet normal -0.59563 -0.803259 -0
    outer loop
      vertex -40.4445 -62.6517 25
      vertex -41.0751 -62.1841 3
      vertex -40.4445 -62.6517 3
    endloop
  endfacet
  facet normal -0.336901 -0.94154 0
    outer loop
      vertex -39.0615 -63.391 3
      vertex -38.3223 -63.6555 25
      vertex -39.0615 -63.391 25
    endloop
  endfacet
  facet normal -0.336901 -0.94154 -0
    outer loop
      vertex -38.3223 -63.6555 25
      vertex -39.0615 -63.391 3
      vertex -38.3223 -63.6555 3
    endloop
  endfacet
  facet normal 0.243015 -0.970023 0
    outer loop
      vertex 37.5607 -63.8463 3
      vertex 38.3223 -63.6555 25
      vertex 37.5607 -63.8463 25
    endloop
  endfacet
  facet normal 0.243015 -0.970023 0
    outer loop
      vertex 38.3223 -63.6555 25
      vertex 37.5607 -63.8463 3
      vertex 38.3223 -63.6555 3
    endloop
  endfacet
  facet normal 1 0 0
    outer loop
      vertex 44 56 25
      vertex 44 25 15
      vertex 44 56 3
    endloop
  endfacet
  facet normal 1 0 0
    outer loop
      vertex 44 56 25
      vertex 44 1 15
      vertex 44 25 15
    endloop
  endfacet
  facet normal 1 0 0
    outer loop
      vertex 44 -56 3
      vertex 44 1 15
      vertex 44 -56 25
    endloop
  endfacet
  facet normal 1 -0 0
    outer loop
      vertex 44 -56 25
      vertex 44 1 15
      vertex 44 56 25
    endloop
  endfacet
  facet normal 1 -0 0
    outer loop
      vertex 44 25 7
      vertex 44 56 3
      vertex 44 25 15
    endloop
  endfacet
  facet normal 1 -0 0
    outer loop
      vertex 44 1 7
      vertex 44 56 3
      vertex 44 25 7
    endloop
  endfacet
  facet normal 1 0 0
    outer loop
      vertex 44 1 7
      vertex 44 -56 3
      vertex 44 56 3
    endloop
  endfacet
  facet normal 1 0 0
    outer loop
      vertex 44 1 15
      vertex 44 -56 3
      vertex 44 1 7
    endloop
  endfacet
  facet normal -0.970023 -0.243015 0
    outer loop
      vertex -43.6555 -58.3223 3
      vertex -43.8463 -57.5607 25
      vertex -43.8463 -57.5607 3
    endloop
  endfacet
  facet normal -0.970023 -0.243015 0
    outer loop
      vertex -43.8463 -57.5607 25
      vertex -43.6555 -58.3223 3
      vertex -43.6555 -58.3223 25
    endloop
  endfacet
  facet normal -0.146733 -0.989176 0
    outer loop
      vertex -37.5607 -63.8463 3
      vertex -36.7841 -63.9615 25
      vertex -37.5607 -63.8463 25
    endloop
  endfacet
  facet normal -0.146733 -0.989176 -0
    outer loop
      vertex -36.7841 -63.9615 25
      vertex -37.5607 -63.8463 3
      vertex -36.7841 -63.9615 3
    endloop
  endfacet
  facet normal 0.970023 -0.243015 0
    outer loop
      vertex 43.6555 -58.3223 25
      vertex 43.8463 -57.5607 3
      vertex 43.8463 -57.5607 25
    endloop
  endfacet
  facet normal 0.970023 -0.243015 0
    outer loop
      vertex 43.8463 -57.5607 3
      vertex 43.6555 -58.3223 25
      vertex 43.6555 -58.3223 3
    endloop
  endfacet
  facet normal -0.427489 0.90402 0
    outer loop
      vertex -39.0615 63.391 3
      vertex -39.7712 63.0554 25
      vertex -39.0615 63.391 25
    endloop
  endfacet
  facet normal -0.427489 0.90402 0
    outer loop
      vertex -39.7712 63.0554 25
      vertex -39.0615 63.391 3
      vertex -39.7712 63.0554 3
    endloop
  endfacet
  facet normal -0.243015 0.970023 0
    outer loop
      vertex -37.5607 63.8463 3
      vertex -38.3223 63.6555 25
      vertex -37.5607 63.8463 25
    endloop
  endfacet
  facet normal -0.243015 0.970023 0
    outer loop
      vertex -38.3223 63.6555 25
      vertex -37.5607 63.8463 3
      vertex -38.3223 63.6555 3
    endloop
  endfacet
  facet normal -0.94154 -0.336901 0
    outer loop
      vertex -43.391 -59.0615 3
      vertex -43.6555 -58.3223 25
      vertex -43.6555 -58.3223 3
    endloop
  endfacet
  facet normal -0.94154 -0.336901 0
    outer loop
      vertex -43.6555 -58.3223 25
      vertex -43.391 -59.0615 3
      vertex -43.391 -59.0615 25
    endloop
  endfacet
  facet normal -0.740902 0.671613 0
    outer loop
      vertex -42.1841 61.0751 3
      vertex -41.6568 61.6568 25
      vertex -41.6568 61.6568 3
    endloop
  endfacet
  facet normal -0.740902 0.671613 0
    outer loop
      vertex -41.6568 61.6568 25
      vertex -42.1841 61.0751 3
      vertex -42.1841 61.0751 25
    endloop
  endfacet
  facet normal -0.146733 0.989176 0
    outer loop
      vertex -36.7841 63.9615 3
      vertex -37.5607 63.8463 25
      vertex -36.7841 63.9615 25
    endloop
  endfacet
  facet normal -0.146733 0.989176 0
    outer loop
      vertex -37.5607 63.8463 25
      vertex -36.7841 63.9615 3
      vertex -37.5607 63.8463 3
    endloop
  endfacet
  facet normal -0.970023 0.243015 0
    outer loop
      vertex -43.8463 57.5607 3
      vertex -43.6555 58.3223 25
      vertex -43.6555 58.3223 3
    endloop
  endfacet
  facet normal -0.970023 0.243015 0
    outer loop
      vertex -43.6555 58.3223 25
      vertex -43.8463 57.5607 3
      vertex -43.8463 57.5607 25
    endloop
  endfacet
  facet normal -0.94154 0.336901 0
    outer loop
      vertex -43.6555 58.3223 3
      vertex -43.391 59.0615 25
      vertex -43.391 59.0615 3
    endloop
  endfacet
  facet normal -0.94154 0.336901 0
    outer loop
      vertex -43.391 59.0615 25
      vertex -43.6555 58.3223 3
      vertex -43.6555 58.3223 25
    endloop
  endfacet
  facet normal -0.998797 -0.0490418 0
    outer loop
      vertex -43.9615 -56.7841 3
      vertex -44 -56 25
      vertex -44 -56 3
    endloop
  endfacet
  facet normal -0.998797 -0.0490418 0
    outer loop
      vertex -44 -56 25
      vertex -43.9615 -56.7841 3
      vertex -43.9615 -56.7841 25
    endloop
  endfacet
  facet normal -0.671613 -0.740902 0
    outer loop
      vertex -41.6568 -61.6568 3
      vertex -41.0751 -62.1841 25
      vertex -41.6568 -61.6568 25
    endloop
  endfacet
  facet normal -0.671613 -0.740902 -0
    outer loop
      vertex -41.0751 -62.1841 25
      vertex -41.6568 -61.6568 3
      vertex -41.0751 -62.1841 3
    endloop
  endfacet
  facet normal 0.85765 -0.514233 0
    outer loop
      vertex 42.6517 -60.4445 25
      vertex 43.0554 -59.7712 3
      vertex 43.0554 -59.7712 25
    endloop
  endfacet
  facet normal 0.85765 -0.514233 0
    outer loop
      vertex 43.0554 -59.7712 3
      vertex 42.6517 -60.4445 25
      vertex 42.6517 -60.4445 3
    endloop
  endfacet
  facet normal 0.0490418 0.998797 -0
    outer loop
      vertex 36.7841 63.9615 3
      vertex 36 64 25
      vertex 36.7841 63.9615 25
    endloop
  endfacet
  facet normal 0.0490418 0.998797 0
    outer loop
      vertex 36 64 25
      vertex 36.7841 63.9615 3
      vertex 36 64 3
    endloop
  endfacet
  facet normal 0.514233 0.85765 -0
    outer loop
      vertex 40.4445 62.6517 3
      vertex 39.7712 63.0554 25
      vertex 40.4445 62.6517 25
    endloop
  endfacet
  facet normal 0.514233 0.85765 0
    outer loop
      vertex 39.7712 63.0554 25
      vertex 40.4445 62.6517 3
      vertex 39.7712 63.0554 3
    endloop
  endfacet
  facet normal -0.803259 0.59563 0
    outer loop
      vertex -42.6517 60.4445 3
      vertex -42.1841 61.0751 25
      vertex -42.1841 61.0751 3
    endloop
  endfacet
  facet normal -0.803259 0.59563 0
    outer loop
      vertex -42.1841 61.0751 25
      vertex -42.6517 60.4445 3
      vertex -42.6517 60.4445 25
    endloop
  endfacet
  facet normal -0.90402 -0.427489 0
    outer loop
      vertex -43.0554 -59.7712 3
      vertex -43.391 -59.0615 25
      vertex -43.391 -59.0615 3
    endloop
  endfacet
  facet normal -0.90402 -0.427489 0
    outer loop
      vertex -43.391 -59.0615 25
      vertex -43.0554 -59.7712 3
      vertex -43.0554 -59.7712 25
    endloop
  endfacet
  facet normal 0.514233 -0.85765 0
    outer loop
      vertex 39.7712 -63.0554 3
      vertex 40.4445 -62.6517 25
      vertex 39.7712 -63.0554 25
    endloop
  endfacet
  facet normal 0.514233 -0.85765 0
    outer loop
      vertex 40.4445 -62.6517 25
      vertex 39.7712 -63.0554 3
      vertex 40.4445 -62.6517 3
    endloop
  endfacet
  facet normal -0.336901 0.94154 0
    outer loop
      vertex -38.3223 63.6555 3
      vertex -39.0615 63.391 25
      vertex -38.3223 63.6555 25
    endloop
  endfacet
  facet normal -0.336901 0.94154 0
    outer loop
      vertex -39.0615 63.391 25
      vertex -38.3223 63.6555 3
      vertex -39.0615 63.391 3
    endloop
  endfacet
  facet normal 0.989176 0.146733 0
    outer loop
      vertex 43.9615 56.7841 25
      vertex 43.8463 57.5607 3
      vertex 43.8463 57.5607 25
    endloop
  endfacet
  facet normal 0.989176 0.146733 0
    outer loop
      vertex 43.8463 57.5607 3
      vertex 43.9615 56.7841 25
      vertex 43.9615 56.7841 3
    endloop
  endfacet
  facet normal 0.998797 0.0490418 0
    outer loop
      vertex 44 56 25
      vertex 43.9615 56.7841 3
      vertex 43.9615 56.7841 25
    endloop
  endfacet
  facet normal 0.998797 0.0490418 0
    outer loop
      vertex 43.9615 56.7841 3
      vertex 44 56 25
      vertex 44 56 3
    endloop
  endfacet
  facet normal 0.336901 0.94154 -0
    outer loop
      vertex 39.0615 63.391 3
      vertex 38.3223 63.6555 25
      vertex 39.0615 63.391 25
    endloop
  endfacet
  facet normal 0.336901 0.94154 0
    outer loop
      vertex 38.3223 63.6555 25
      vertex 39.0615 63.391 3
      vertex 38.3223 63.6555 3
    endloop
  endfacet
  facet normal -0.989176 0.146733 0
    outer loop
      vertex -43.9615 56.7841 3
      vertex -43.8463 57.5607 25
      vertex -43.8463 57.5607 3
    endloop
  endfacet
  facet normal -0.989176 0.146733 0
    outer loop
      vertex -43.8463 57.5607 25
      vertex -43.9615 56.7841 3
      vertex -43.9615 56.7841 25
    endloop
  endfacet
  facet normal -0.85765 0.514233 0
    outer loop
      vertex -43.0554 59.7712 3
      vertex -42.6517 60.4445 25
      vertex -42.6517 60.4445 3
    endloop
  endfacet
  facet normal -0.85765 0.514233 0
    outer loop
      vertex -42.6517 60.4445 25
      vertex -43.0554 59.7712 3
      vertex -43.0554 59.7712 25
    endloop
  endfacet
  facet normal -0.989176 -0.146733 0
    outer loop
      vertex -43.8463 -57.5607 3
      vertex -43.9615 -56.7841 25
      vertex -43.9615 -56.7841 3
    endloop
  endfacet
  facet normal -0.989176 -0.146733 0
    outer loop
      vertex -43.9615 -56.7841 25
      vertex -43.8463 -57.5607 3
      vertex -43.8463 -57.5607 25
    endloop
  endfacet
  facet normal 0.427489 -0.90402 0
    outer loop
      vertex 39.0615 -63.391 3
      vertex 39.7712 -63.0554 25
      vertex 39.0615 -63.391 25
    endloop
  endfacet
  facet normal 0.427489 -0.90402 0
    outer loop
      vertex 39.7712 -63.0554 25
      vertex 39.0615 -63.391 3
      vertex 39.7712 -63.0554 3
    endloop
  endfacet
  facet normal 0.671613 -0.740902 0
    outer loop
      vertex 41.0751 -62.1841 3
      vertex 41.6568 -61.6568 25
      vertex 41.0751 -62.1841 25
    endloop
  endfacet
  facet normal 0.671613 -0.740902 0
    outer loop
      vertex 41.6568 -61.6568 25
      vertex 41.0751 -62.1841 3
      vertex 41.6568 -61.6568 3
    endloop
  endfacet
  facet normal 0.336901 -0.94154 0
    outer loop
      vertex 38.3223 -63.6555 3
      vertex 39.0615 -63.391 25
      vertex 38.3223 -63.6555 25
    endloop
  endfacet
  facet normal 0.336901 -0.94154 0
    outer loop
      vertex 39.0615 -63.391 25
      vertex 38.3223 -63.6555 3
      vertex 39.0615 -63.391 3
    endloop
  endfacet
  facet normal 0.243015 0.970023 -0
    outer loop
      vertex 38.3223 63.6555 3
      vertex 37.5607 63.8463 25
      vertex 38.3223 63.6555 25
    endloop
  endfacet
  facet normal 0.243015 0.970023 0
    outer loop
      vertex 37.5607 63.8463 25
      vertex 38.3223 63.6555 3
      vertex 37.5607 63.8463 3
    endloop
  endfacet
  facet normal 0 0 1
    outer loop
      vertex 36.1893 54.9583 25
      vertex -36.1893 54.9583 25
      vertex 36.2463 54.8815 25
    endloop
  endfacet
  facet normal 0 0 1
    outer loop
      vertex 36.4583 -54.6893 25
      vertex -36.0297 -55.4044 25
      vertex -36.025 -55.5 25
    endloop
  endfacet
  facet normal 0 0 1
    outer loop
      vertex -36.2463 54.8815 25
      vertex 36.2463 54.8815 25
      vertex -36.1893 54.9583 25
    endloop
  endfacet
  facet normal 0 0 1
    outer loop
      vertex 36.4583 -54.6893 25
      vertex -36.0437 -55.3098 25
      vertex -36.0297 -55.4044 25
    endloop
  endfacet
  facet normal 0 0 1
    outer loop
      vertex 36.2463 54.8815 25
      vertex -36.2463 54.8815 25
      vertex 36.3106 54.8106 25
    endloop
  endfacet
  facet normal 0 0 1
    outer loop
      vertex 36.4583 -54.6893 25
      vertex -36.067 -55.217 25
      vertex -36.0437 -55.3098 25
    endloop
  endfacet
  facet normal 0 0 1
    outer loop
      vertex -36.3106 54.8106 25
      vertex 36.3106 54.8106 25
      vertex -36.2463 54.8815 25
    endloop
  endfacet
  facet normal 0 0 1
    outer loop
      vertex 36.4583 -54.6893 25
      vertex -36.0992 -55.1269 25
      vertex -36.067 -55.217 25
    endloop
  endfacet
  facet normal 0 0 1
    outer loop
      vertex 36.3106 54.8106 25
      vertex -36.3106 54.8106 25
      vertex 36.3815 54.7463 25
    endloop
  endfacet
  facet normal 0 0 1
    outer loop
      vertex 36.4583 -54.6893 25
      vertex -36.1401 -55.0404 25
      vertex -36.0992 -55.1269 25
    endloop
  endfacet
  facet normal 0 0 1
    outer loop
      vertex -36.3815 54.7463 25
      vertex 36.3815 54.7463 25
      vertex -36.3106 54.8106 25
    endloop
  endfacet
  facet normal 0 0 1
    outer loop
      vertex 36.4583 -54.6893 25
      vertex -36.1893 -54.9583 25
      vertex -36.1401 -55.0404 25
    endloop
  endfacet
  facet normal 0 0 1
    outer loop
      vertex 36.3815 54.7463 25
      vertex -36.3815 54.7463 25
      vertex 36.4583 54.6893 25
    endloop
  endfacet
  facet normal 0 0 1
    outer loop
      vertex 36.4583 -54.6893 25
      vertex -36.2463 -54.8815 25
      vertex -36.1893 -54.9583 25
    endloop
  endfacet
  facet normal 0 0 1
    outer loop
      vertex -36.4583 54.6893 25
      vertex 36.4583 54.6893 25
      vertex -36.3815 54.7463 25
    endloop
  endfacet
  facet normal 0 0 1
    outer loop
      vertex 36.4583 -54.6893 25
      vertex -36.3106 -54.8106 25
      vertex -36.2463 -54.8815 25
    endloop
  endfacet
  facet normal 0 0 1
    outer loop
      vertex 36.4583 54.6893 25
      vertex -36.4583 54.6893 25
      vertex 36.4583 -54.6893 25
    endloop
  endfacet
  facet normal 0 0 1
    outer loop
      vertex 36.4583 -54.6893 25
      vertex -36.3815 -54.7463 25
      vertex -36.3106 -54.8106 25
    endloop
  endfacet
  facet normal 0 0 1
    outer loop
      vertex -36.4583 -54.6893 25
      vertex 36.4583 -54.6893 25
      vertex -36.4583 54.6893 25
    endloop
  endfacet
  facet normal 0 0 1
    outer loop
      vertex 36.4583 -54.6893 25
      vertex -36.4583 -54.6893 25
      vertex -36.3815 -54.7463 25
    endloop
  endfacet
  facet normal -0 0 1
    outer loop
      vertex -36.5404 54.6401 25
      vertex -36.4583 -54.6893 25
      vertex -36.4583 54.6893 25
    endloop
  endfacet
  facet normal 0 0 1
    outer loop
      vertex -36.5404 54.6401 25
      vertex -36.5404 -54.6401 25
      vertex -36.4583 -54.6893 25
    endloop
  endfacet
  facet normal -0 0 1
    outer loop
      vertex -36.6269 54.5992 25
      vertex -36.5404 -54.6401 25
      vertex -36.5404 54.6401 25
    endloop
  endfacet
  facet normal 0 0 1
    outer loop
      vertex -36.6269 54.5992 25
      vertex -36.6269 -54.5992 25
      vertex -36.5404 -54.6401 25
    endloop
  endfacet
  facet normal -0 0 1
    outer loop
      vertex -36.717 54.567 25
      vertex -36.6269 -54.5992 25
      vertex -36.6269 54.5992 25
    endloop
  endfacet
  facet normal 0 0 1
    outer loop
      vertex -36.717 54.567 25
      vertex -36.717 -54.567 25
      vertex -36.6269 -54.5992 25
    endloop
  endfacet
  facet normal -0 0 1
    outer loop
      vertex -36.8098 54.5437 25
      vertex -36.717 -54.567 25
      vertex -36.717 54.567 25
    endloop
  endfacet
  facet normal 0 0 1
    outer loop
      vertex -36.8098 54.5437 25
      vertex -36.8098 -54.5437 25
      vertex -36.717 -54.567 25
    endloop
  endfacet
  facet normal -0 0 1
    outer loop
      vertex -36.9044 54.5297 25
      vertex -36.8098 -54.5437 25
      vertex -36.8098 54.5437 25
    endloop
  endfacet
  facet normal 0 0 1
    outer loop
      vertex -36.9044 54.5297 25
      vertex -36.9044 -54.5297 25
      vertex -36.8098 -54.5437 25
    endloop
  endfacet
  facet normal -0 0 1
    outer loop
      vertex -37 54.525 25
      vertex -36.9044 -54.5297 25
      vertex -36.9044 54.5297 25
    endloop
  endfacet
  facet normal 0 0 1
    outer loop
      vertex -37 54.525 25
      vertex -37 -54.525 25
      vertex -36.9044 -54.5297 25
    endloop
  endfacet
  facet normal 0 0 1
    outer loop
      vertex -37.0956 54.5297 25
      vertex -37 -54.525 25
      vertex -37 54.525 25
    endloop
  endfacet
  facet normal 0 0 1
    outer loop
      vertex -37.0956 54.5297 25
      vertex -37.0956 -54.5297 25
      vertex -37 -54.525 25
    endloop
  endfacet
  facet normal 0 0 1
    outer loop
      vertex -37.1902 54.5437 25
      vertex -37.0956 -54.5297 25
      vertex -37.0956 54.5297 25
    endloop
  endfacet
  facet normal 0 0 1
    outer loop
      vertex -37.1902 54.5437 25
      vertex -37.1902 -54.5437 25
      vertex -37.0956 -54.5297 25
    endloop
  endfacet
  facet normal 0 0 1
    outer loop
      vertex -37.283 54.567 25
      vertex -37.1902 -54.5437 25
      vertex -37.1902 54.5437 25
    endloop
  endfacet
  facet normal 0 0 1
    outer loop
      vertex -37.283 54.567 25
      vertex -37.283 -54.567 25
      vertex -37.1902 -54.5437 25
    endloop
  endfacet
  facet normal 0 0 1
    outer loop
      vertex -44 56 25
      vertex -37.283 54.567 25
      vertex -37.3731 54.5992 25
    endloop
  endfacet
  facet normal 0 0 1
    outer loop
      vertex -37.283 54.567 25
      vertex -44 56 25
      vertex -37.283 -54.567 25
    endloop
  endfacet
  facet normal 0 0 1
    outer loop
      vertex -44 56 25
      vertex -37.3731 54.5992 25
      vertex -37.4596 54.6401 25
    endloop
  endfacet
  facet normal 0 0 1
    outer loop
      vertex -44 -56 25
      vertex -37.283 -54.567 25
      vertex -44 56 25
    endloop
  endfacet
  facet normal 0 0 1
    outer loop
      vertex -44 56 25
      vertex -37.4596 54.6401 25
      vertex -37.5417 54.6893 25
    endloop
  endfacet
  facet normal 0 0 1
    outer loop
      vertex -37.283 -54.567 25
      vertex -44 -56 25
      vertex -37.3731 -54.5992 25
    endloop
  endfacet
  facet normal 0 0 1
    outer loop
      vertex -44 56 25
      vertex -37.5417 54.6893 25
      vertex -37.6185 54.7463 25
    endloop
  endfacet
  facet normal 0 0 1
    outer loop
      vertex -37.3731 -54.5992 25
      vertex -44 -56 25
      vertex -37.4596 -54.6401 25
    endloop
  endfacet
  facet normal 0 0 1
    outer loop
      vertex -44 56 25
      vertex -37.6185 54.7463 25
      vertex -37.6894 54.8106 25
    endloop
  endfacet
  facet normal 0 0 1
    outer loop
      vertex -37.4596 -54.6401 25
      vertex -44 -56 25
      vertex -37.5417 -54.6893 25
    endloop
  endfacet
  facet normal 0 0 1
    outer loop
      vertex -44 56 25
      vertex -37.6894 54.8106 25
      vertex -37.7537 54.8815 25
    endloop
  endfacet
  facet normal 0 0 1
    outer loop
      vertex -37.5417 -54.6893 25
      vertex -44 -56 25
      vertex -37.6185 -54.7463 25
    endloop
  endfacet
  facet normal 0 0 1
    outer loop
      vertex -44 56 25
      vertex -37.7537 54.8815 25
      vertex -37.8107 54.9583 25
    endloop
  endfacet
  facet normal 0 0 1
    outer loop
      vertex -37.6185 -54.7463 25
      vertex -44 -56 25
      vertex -37.6894 -54.8106 25
    endloop
  endfacet
  facet normal 0 0 1
    outer loop
      vertex -44 56 25
      vertex -37.8107 54.9583 25
      vertex -37.8599 55.0404 25
    endloop
  endfacet
  facet normal 0 0 1
    outer loop
      vertex -37.6894 -54.8106 25
      vertex -44 -56 25
      vertex -37.7537 -54.8815 25
    endloop
  endfacet
  facet normal 0 0 1
    outer loop
      vertex -44 56 25
      vertex -37.8599 55.0404 25
      vertex -37.9008 55.1269 25
    endloop
  endfacet
  facet normal 0 0 1
    outer loop
      vertex -37.7537 -54.8815 25
      vertex -44 -56 25
      vertex -37.8107 -54.9583 25
    endloop
  endfacet
  facet normal 0 0 1
    outer loop
      vertex -44 56 25
      vertex -37.9008 55.1269 25
      vertex -37.933 55.217 25
    endloop
  endfacet
  facet normal 0 0 1
    outer loop
      vertex -37.8107 -54.9583 25
      vertex -44 -56 25
      vertex -37.8599 -55.0404 25
    endloop
  endfacet
  facet normal 0 0 1
    outer loop
      vertex -44 56 25
      vertex -37.933 55.217 25
      vertex -37.9563 55.3098 25
    endloop
  endfacet
  facet normal 0 0 1
    outer loop
      vertex -37.8599 -55.0404 25
      vertex -44 -56 25
      vertex -37.9008 -55.1269 25
    endloop
  endfacet
  facet normal 0 0 1
    outer loop
      vertex -44 56 25
      vertex -37.9563 55.3098 25
      vertex -37.9703 55.4044 25
    endloop
  endfacet
  facet normal 0 0 1
    outer loop
      vertex -37.9008 -55.1269 25
      vertex -44 -56 25
      vertex -37.933 -55.217 25
    endloop
  endfacet
  facet normal 0 0 1
    outer loop
      vertex -44 56 25
      vertex -37.9703 55.4044 25
      vertex -37.975 55.5 25
    endloop
  endfacet
  facet normal 0 0 1
    outer loop
      vertex -37.933 -55.217 25
      vertex -44 -56 25
      vertex -37.9563 -55.3098 25
    endloop
  endfacet
  facet normal 0 0 1
    outer loop
      vertex -36.0297 -55.5956 25
      vertex 36.0297 -55.5956 25
      vertex -36.025 -55.5 25
    endloop
  endfacet
  facet normal 0 0 1
    outer loop
      vertex 36.0297 -55.5956 25
      vertex -36.0297 -55.5956 25
      vertex -36 -64 25
    endloop
  endfacet
  facet normal -0 0 1
    outer loop
      vertex -36.0437 -55.6902 25
      vertex -36 -64 25
      vertex -36.0297 -55.5956 25
    endloop
  endfacet
  facet normal -0 0 1
    outer loop
      vertex -36.067 -55.783 25
      vertex -36 -64 25
      vertex -36.0437 -55.6902 25
    endloop
  endfacet
  facet normal -0 0 1
    outer loop
      vertex -36.0992 -55.8731 25
      vertex -36 -64 25
      vertex -36.067 -55.783 25
    endloop
  endfacet
  facet normal -0 0 1
    outer loop
      vertex -36.1401 -55.9596 25
      vertex -36 -64 25
      vertex -36.0992 -55.8731 25
    endloop
  endfacet
  facet normal -0 0 1
    outer loop
      vertex -36.1893 -56.0417 25
      vertex -36 -64 25
      vertex -36.1401 -55.9596 25
    endloop
  endfacet
  facet normal -0 0 1
    outer loop
      vertex -36.2463 -56.1185 25
      vertex -36 -64 25
      vertex -36.1893 -56.0417 25
    endloop
  endfacet
  facet normal -0 0 1
    outer loop
      vertex -36.3106 -56.1894 25
      vertex -36 -64 25
      vertex -36.2463 -56.1185 25
    endloop
  endfacet
  facet normal -0 0 1
    outer loop
      vertex -36.3815 -56.2537 25
      vertex -36 -64 25
      vertex -36.3106 -56.1894 25
    endloop
  endfacet
  facet normal -0 0 1
    outer loop
      vertex -36.4583 -56.3107 25
      vertex -36 -64 25
      vertex -36.3815 -56.2537 25
    endloop
  endfacet
  facet normal -0 0 1
    outer loop
      vertex -36.5404 -56.3599 25
      vertex -36 -64 25
      vertex -36.4583 -56.3107 25
    endloop
  endfacet
  facet normal -0 0 1
    outer loop
      vertex -36.6269 -56.4008 25
      vertex -36 -64 25
      vertex -36.5404 -56.3599 25
    endloop
  endfacet
  facet normal -0 0 1
    outer loop
      vertex -36.717 -56.433 25
      vertex -36 -64 25
      vertex -36.6269 -56.4008 25
    endloop
  endfacet
  facet normal -0 0 1
    outer loop
      vertex -36.8098 -56.4563 25
      vertex -36 -64 25
      vertex -36.717 -56.433 25
    endloop
  endfacet
  facet normal 0 0 1
    outer loop
      vertex -36 -64 25
      vertex -36.8098 -56.4563 25
      vertex -36.7841 -63.9615 25
    endloop
  endfacet
  facet normal -0 0 1
    outer loop
      vertex -36.9044 -56.4703 25
      vertex -36.7841 -63.9615 25
      vertex -36.8098 -56.4563 25
    endloop
  endfacet
  facet normal 0 0 1
    outer loop
      vertex -37.5607 -63.8463 25
      vertex -36.9044 -56.4703 25
      vertex -37 -56.475 25
    endloop
  endfacet
  facet normal 0 0 1
    outer loop
      vertex -38.3223 -63.6555 25
      vertex -37 -56.475 25
      vertex -37.0956 -56.4703 25
    endloop
  endfacet
  facet normal 0 0 1
    outer loop
      vertex -39.0615 -63.391 25
      vertex -37.0956 -56.4703 25
      vertex -37.1902 -56.4563 25
    endloop
  endfacet
  facet normal 0 0 1
    outer loop
      vertex -39.7712 -63.0554 25
      vertex -37.1902 -56.4563 25
      vertex -37.283 -56.433 25
    endloop
  endfacet
  facet normal 0 0 1
    outer loop
      vertex -40.4445 -62.6517 25
      vertex -37.283 -56.433 25
      vertex -37.3731 -56.4008 25
    endloop
  endfacet
  facet normal 0 0 1
    outer loop
      vertex -41.0751 -62.1841 25
      vertex -37.3731 -56.4008 25
      vertex -37.4596 -56.3599 25
    endloop
  endfacet
  facet normal 0 0 1
    outer loop
      vertex -41.6568 -61.6568 25
      vertex -37.4596 -56.3599 25
      vertex -37.5417 -56.3107 25
    endloop
  endfacet
  facet normal 0 0 1
    outer loop
      vertex -36.9044 -56.4703 25
      vertex -37.5607 -63.8463 25
      vertex -36.7841 -63.9615 25
    endloop
  endfacet
  facet normal 0 0 1
    outer loop
      vertex -42.1841 -61.0751 25
      vertex -37.5417 -56.3107 25
      vertex -37.6185 -56.2537 25
    endloop
  endfacet
  facet normal 0 0 1
    outer loop
      vertex -42.6517 -60.4445 25
      vertex -37.6185 -56.2537 25
      vertex -37.6894 -56.1894 25
    endloop
  endfacet
  facet normal 0 0 1
    outer loop
      vertex -43.0554 -59.7712 25
      vertex -37.6894 -56.1894 25
      vertex -37.7537 -56.1185 25
    endloop
  endfacet
  facet normal 0 0 1
    outer loop
      vertex -43.391 -59.0615 25
      vertex -37.7537 -56.1185 25
      vertex -37.8107 -56.0417 25
    endloop
  endfacet
  facet normal 0 0 1
    outer loop
      vertex -43.391 -59.0615 25
      vertex -37.8107 -56.0417 25
      vertex -37.8599 -55.9596 25
    endloop
  endfacet
  facet normal 0 0 1
    outer loop
      vertex -43.6555 -58.3223 25
      vertex -37.8599 -55.9596 25
      vertex -37.9008 -55.8731 25
    endloop
  endfacet
  facet normal 0 0 1
    outer loop
      vertex -43.8463 -57.5607 25
      vertex -37.9008 -55.8731 25
      vertex -37.933 -55.783 25
    endloop
  endfacet
  facet normal 0 0 1
    outer loop
      vertex -43.9615 -56.7841 25
      vertex -37.933 -55.783 25
      vertex -37.9563 -55.6902 25
    endloop
  endfacet
  facet normal 0 0 1
    outer loop
      vertex -44 -56 25
      vertex -37.9563 -55.6902 25
      vertex -37.9703 -55.5956 25
    endloop
  endfacet
  facet normal 0 0 1
    outer loop
      vertex -37 -56.475 25
      vertex -38.3223 -63.6555 25
      vertex -37.5607 -63.8463 25
    endloop
  endfacet
  facet normal 0 0 1
    outer loop
      vertex -44 -56 25
      vertex -37.9703 -55.5956 25
      vertex -37.975 -55.5 25
    endloop
  endfacet
  facet normal 0 0 1
    outer loop
      vertex -37.9563 -55.3098 25
      vertex -44 -56 25
      vertex -37.9703 -55.4044 25
    endloop
  endfacet
  facet normal 0 0 1
    outer loop
      vertex -44 56 25
      vertex -38.3223 63.6555 25
      vertex -39.0615 63.391 25
    endloop
  endfacet
  facet normal 0 0 1
    outer loop
      vertex -37.9703 -55.4044 25
      vertex -44 -56 25
      vertex -37.975 -55.5 25
    endloop
  endfacet
  facet normal 0 0 1
    outer loop
      vertex -44 56 25
      vertex -39.0615 63.391 25
      vertex -39.7712 63.0554 25
    endloop
  endfacet
  facet normal 0 0 1
    outer loop
      vertex -37.9563 -55.6902 25
      vertex -44 -56 25
      vertex -43.9615 -56.7841 25
    endloop
  endfacet
  facet normal 0 0 1
    outer loop
      vertex -44 56 25
      vertex -39.7712 63.0554 25
      vertex -40.4445 62.6517 25
    endloop
  endfacet
  facet normal 0 0 1
    outer loop
      vertex -37.0956 -56.4703 25
      vertex -39.0615 -63.391 25
      vertex -38.3223 -63.6555 25
    endloop
  endfacet
  facet normal 0 0 1
    outer loop
      vertex -44 56 25
      vertex -40.4445 62.6517 25
      vertex -41.0751 62.1841 25
    endloop
  endfacet
  facet normal 0 0 1
    outer loop
      vertex -37.1902 -56.4563 25
      vertex -39.7712 -63.0554 25
      vertex -39.0615 -63.391 25
    endloop
  endfacet
  facet normal 0 0 1
    outer loop
      vertex -44 56 25
      vertex -41.0751 62.1841 25
      vertex -41.6568 61.6568 25
    endloop
  endfacet
  facet normal 0 0 1
    outer loop
      vertex -37.283 -56.433 25
      vertex -40.4445 -62.6517 25
      vertex -39.7712 -63.0554 25
    endloop
  endfacet
  facet normal 0 0 1
    outer loop
      vertex -44 56 25
      vertex -41.6568 61.6568 25
      vertex -42.1841 61.0751 25
    endloop
  endfacet
  facet normal 0 0 1
    outer loop
      vertex -37.3731 -56.4008 25
      vertex -41.0751 -62.1841 25
      vertex -40.4445 -62.6517 25
    endloop
  endfacet
  facet normal 0 0 1
    outer loop
      vertex -44 56 25
      vertex -42.1841 61.0751 25
      vertex -42.6517 60.4445 25
    endloop
  endfacet
  facet normal 0 0 1
    outer loop
      vertex -37.4596 -56.3599 25
      vertex -41.6568 -61.6568 25
      vertex -41.0751 -62.1841 25
    endloop
  endfacet
  facet normal 0 0 1
    outer loop
      vertex -44 56 25
      vertex -42.6517 60.4445 25
      vertex -43.0554 59.7712 25
    endloop
  endfacet
  facet normal 0 0 1
    outer loop
      vertex -37.5417 -56.3107 25
      vertex -42.1841 -61.0751 25
      vertex -41.6568 -61.6568 25
    endloop
  endfacet
  facet normal 0 0 1
    outer loop
      vertex -44 56 25
      vertex -43.0554 59.7712 25
      vertex -43.391 59.0615 25
    endloop
  endfacet
  facet normal 0 0 1
    outer loop
      vertex -37.6185 -56.2537 25
      vertex -42.6517 -60.4445 25
      vertex -42.1841 -61.0751 25
    endloop
  endfacet
  facet normal 0 0 1
    outer loop
      vertex -44 56 25
      vertex -43.391 59.0615 25
      vertex -43.6555 58.3223 25
    endloop
  endfacet
  facet normal 0 0 1
    outer loop
      vertex -37.6894 -56.1894 25
      vertex -43.0554 -59.7712 25
      vertex -42.6517 -60.4445 25
    endloop
  endfacet
  facet normal 0 0 1
    outer loop
      vertex -44 56 25
      vertex -43.6555 58.3223 25
      vertex -43.8463 57.5607 25
    endloop
  endfacet
  facet normal 0 0 1
    outer loop
      vertex -37.7537 -56.1185 25
      vertex -43.391 -59.0615 25
      vertex -43.0554 -59.7712 25
    endloop
  endfacet
  facet normal 0 0 1
    outer loop
      vertex -44 56 25
      vertex -43.8463 57.5607 25
      vertex -43.9615 56.7841 25
    endloop
  endfacet
  facet normal 0 0 1
    outer loop
      vertex -37.8599 -55.9596 25
      vertex -43.6555 -58.3223 25
      vertex -43.391 -59.0615 25
    endloop
  endfacet
  facet normal 0 0 1
    outer loop
      vertex -37.9008 -55.8731 25
      vertex -43.8463 -57.5607 25
      vertex -43.6555 -58.3223 25
    endloop
  endfacet
  facet normal 0 0 1
    outer loop
      vertex -37.933 -55.783 25
      vertex -43.9615 -56.7841 25
      vertex -43.8463 -57.5607 25
    endloop
  endfacet
  facet normal 0 0 1
    outer loop
      vertex 37.933 55.217 25
      vertex 44 56 25
      vertex 37.9563 55.3098 25
    endloop
  endfacet
  facet normal 0 0 1
    outer loop
      vertex 44 -56 25
      vertex 37.9703 -55.4044 25
      vertex 37.975 -55.5 25
    endloop
  endfacet
  facet normal 0 0 1
    outer loop
      vertex 37.9008 55.1269 25
      vertex 44 56 25
      vertex 37.933 55.217 25
    endloop
  endfacet
  facet normal 0 0 1
    outer loop
      vertex 44 -56 25
      vertex 37.9563 -55.3098 25
      vertex 37.9703 -55.4044 25
    endloop
  endfacet
  facet normal 0 0 1
    outer loop
      vertex 37.8599 55.0404 25
      vertex 44 56 25
      vertex 37.9008 55.1269 25
    endloop
  endfacet
  facet normal 0 0 1
    outer loop
      vertex 44 -56 25
      vertex 37.933 -55.217 25
      vertex 37.9563 -55.3098 25
    endloop
  endfacet
  facet normal 0 0 1
    outer loop
      vertex 37.8107 54.9583 25
      vertex 44 56 25
      vertex 37.8599 55.0404 25
    endloop
  endfacet
  facet normal 0 0 1
    outer loop
      vertex 44 -56 25
      vertex 37.9008 -55.1269 25
      vertex 37.933 -55.217 25
    endloop
  endfacet
  facet normal 0 0 1
    outer loop
      vertex 37.7537 54.8815 25
      vertex 44 56 25
      vertex 37.8107 54.9583 25
    endloop
  endfacet
  facet normal 0 0 1
    outer loop
      vertex 44 -56 25
      vertex 37.8599 -55.0404 25
      vertex 37.9008 -55.1269 25
    endloop
  endfacet
  facet normal 0 0 1
    outer loop
      vertex 37.6894 54.8106 25
      vertex 44 56 25
      vertex 37.7537 54.8815 25
    endloop
  endfacet
  facet normal 0 0 1
    outer loop
      vertex 44 -56 25
      vertex 37.8107 -54.9583 25
      vertex 37.8599 -55.0404 25
    endloop
  endfacet
  facet normal 0 0 1
    outer loop
      vertex 37.6185 54.7463 25
      vertex 44 56 25
      vertex 37.6894 54.8106 25
    endloop
  endfacet
  facet normal 0 0 1
    outer loop
      vertex 44 -56 25
      vertex 37.7537 -54.8815 25
      vertex 37.8107 -54.9583 25
    endloop
  endfacet
  facet normal 0 0 1
    outer loop
      vertex 37.5417 54.6893 25
      vertex 44 56 25
      vertex 37.6185 54.7463 25
    endloop
  endfacet
  facet normal 0 0 1
    outer loop
      vertex 44 -56 25
      vertex 37.6894 -54.8106 25
      vertex 37.7537 -54.8815 25
    endloop
  endfacet
  facet normal 0 0 1
    outer loop
      vertex 37.4596 54.6401 25
      vertex 44 56 25
      vertex 37.5417 54.6893 25
    endloop
  endfacet
  facet normal 0 0 1
    outer loop
      vertex 44 -56 25
      vertex 37.6185 -54.7463 25
      vertex 37.6894 -54.8106 25
    endloop
  endfacet
  facet normal 0 0 1
    outer loop
      vertex 37.3731 54.5992 25
      vertex 44 56 25
      vertex 37.4596 54.6401 25
    endloop
  endfacet
  facet normal 0 0 1
    outer loop
      vertex 44 -56 25
      vertex 37.5417 -54.6893 25
      vertex 37.6185 -54.7463 25
    endloop
  endfacet
  facet normal 0 0 1
    outer loop
      vertex 37.283 54.567 25
      vertex 44 56 25
      vertex 37.3731 54.5992 25
    endloop
  endfacet
  facet normal 0 0 1
    outer loop
      vertex 44 -56 25
      vertex 37.4596 -54.6401 25
      vertex 37.5417 -54.6893 25
    endloop
  endfacet
  facet normal 0 0 1
    outer loop
      vertex 44 56 25
      vertex 37.283 54.567 25
      vertex 44 -56 25
    endloop
  endfacet
  facet normal 0 0 1
    outer loop
      vertex 44 -56 25
      vertex 37.3731 -54.5992 25
      vertex 37.4596 -54.6401 25
    endloop
  endfacet
  facet normal -0 0 1
    outer loop
      vertex 37.283 -54.567 25
      vertex 44 -56 25
      vertex 37.283 54.567 25
    endloop
  endfacet
  facet normal 0 0 1
    outer loop
      vertex 44 -56 25
      vertex 37.283 -54.567 25
      vertex 37.3731 -54.5992 25
    endloop
  endfacet
  facet normal -0 0 1
    outer loop
      vertex 37.1902 54.5437 25
      vertex 37.283 -54.567 25
      vertex 37.283 54.567 25
    endloop
  endfacet
  facet normal 0 0 1
    outer loop
      vertex 37.1902 54.5437 25
      vertex 37.1902 -54.5437 25
      vertex 37.283 -54.567 25
    endloop
  endfacet
  facet normal -0 0 1
    outer loop
      vertex 37.0956 54.5297 25
      vertex 37.1902 -54.5437 25
      vertex 37.1902 54.5437 25
    endloop
  endfacet
  facet normal 0 0 1
    outer loop
      vertex 37.0956 54.5297 25
      vertex 37.0956 -54.5297 25
      vertex 37.1902 -54.5437 25
    endloop
  endfacet
  facet normal -0 0 1
    outer loop
      vertex 37 54.525 25
      vertex 37.0956 -54.5297 25
      vertex 37.0956 54.5297 25
    endloop
  endfacet
  facet normal 0 0 1
    outer loop
      vertex 37 54.525 25
      vertex 37 -54.525 25
      vertex 37.0956 -54.5297 25
    endloop
  endfacet
  facet normal 0 0 1
    outer loop
      vertex 36.9044 54.5297 25
      vertex 37 -54.525 25
      vertex 37 54.525 25
    endloop
  endfacet
  facet normal 0 0 1
    outer loop
      vertex 36.9044 54.5297 25
      vertex 36.9044 -54.5297 25
      vertex 37 -54.525 25
    endloop
  endfacet
  facet normal 0 0 1
    outer loop
      vertex 36.8098 54.5437 25
      vertex 36.9044 -54.5297 25
      vertex 36.9044 54.5297 25
    endloop
  endfacet
  facet normal 0 0 1
    outer loop
      vertex 36.8098 54.5437 25
      vertex 36.8098 -54.5437 25
      vertex 36.9044 -54.5297 25
    endloop
  endfacet
  facet normal 0 0 1
    outer loop
      vertex 36.717 54.567 25
      vertex 36.8098 -54.5437 25
      vertex 36.8098 54.5437 25
    endloop
  endfacet
  facet normal 0 0 1
    outer loop
      vertex 36.717 54.567 25
      vertex 36.717 -54.567 25
      vertex 36.8098 -54.5437 25
    endloop
  endfacet
  facet normal 0 0 1
    outer loop
      vertex 36.6269 54.5992 25
      vertex 36.717 -54.567 25
      vertex 36.717 54.567 25
    endloop
  endfacet
  facet normal 0 0 1
    outer loop
      vertex 36.6269 54.5992 25
      vertex 36.6269 -54.5992 25
      vertex 36.717 -54.567 25
    endloop
  endfacet
  facet normal 0 0 1
    outer loop
      vertex 36.5404 54.6401 25
      vertex 36.6269 -54.5992 25
      vertex 36.6269 54.5992 25
    endloop
  endfacet
  facet normal 0 0 1
    outer loop
      vertex 36.5404 54.6401 25
      vertex 36.5404 -54.6401 25
      vertex 36.6269 -54.5992 25
    endloop
  endfacet
  facet normal 0 0 1
    outer loop
      vertex 36.4583 54.6893 25
      vertex 36.5404 -54.6401 25
      vertex 36.5404 54.6401 25
    endloop
  endfacet
  facet normal 0 0 1
    outer loop
      vertex 36.4583 54.6893 25
      vertex 36.4583 -54.6893 25
      vertex 36.5404 -54.6401 25
    endloop
  endfacet
  facet normal 0 0 1
    outer loop
      vertex -36.1401 55.0404 25
      vertex 36.1401 55.0404 25
      vertex -36.0992 55.1269 25
    endloop
  endfacet
  facet normal 0 0 1
    outer loop
      vertex 36.1401 55.0404 25
      vertex -36.1401 55.0404 25
      vertex 36.1893 54.9583 25
    endloop
  endfacet
  facet normal 0 0 1
    outer loop
      vertex 36.0992 55.1269 25
      vertex -36.0992 55.1269 25
      vertex 36.1401 55.0404 25
    endloop
  endfacet
  facet normal 0 0 1
    outer loop
      vertex -36.1893 54.9583 25
      vertex 36.1893 54.9583 25
      vertex -36.1401 55.0404 25
    endloop
  endfacet
  facet normal 0 0 1
    outer loop
      vertex -36.0992 55.1269 25
      vertex 36.0992 55.1269 25
      vertex -36.067 55.217 25
    endloop
  endfacet
  facet normal 0 0 1
    outer loop
      vertex 36.4583 -54.6893 25
      vertex -36.025 -55.5 25
      vertex 36.3815 -54.7463 25
    endloop
  endfacet
  facet normal 0 0 1
    outer loop
      vertex 36.067 55.217 25
      vertex -36.067 55.217 25
      vertex 36.0992 55.1269 25
    endloop
  endfacet
  facet normal 0 0 1
    outer loop
      vertex -36.025 -55.5 25
      vertex 36.3106 -54.8106 25
      vertex 36.3815 -54.7463 25
    endloop
  endfacet
  facet normal 0 0 1
    outer loop
      vertex -36.067 55.217 25
      vertex 36.067 55.217 25
      vertex -36.0437 55.3098 25
    endloop
  endfacet
  facet normal 0 0 1
    outer loop
      vertex -36.025 -55.5 25
      vertex 36.2463 -54.8815 25
      vertex 36.3106 -54.8106 25
    endloop
  endfacet
  facet normal 0 0 1
    outer loop
      vertex 36.0437 55.3098 25
      vertex -36.0437 55.3098 25
      vertex 36.067 55.217 25
    endloop
  endfacet
  facet normal 0 0 1
    outer loop
      vertex -36.025 -55.5 25
      vertex 36.1893 -54.9583 25
      vertex 36.2463 -54.8815 25
    endloop
  endfacet
  facet normal 0 0 1
    outer loop
      vertex -36.0437 55.3098 25
      vertex 36.0437 55.3098 25
      vertex -36.0297 55.4044 25
    endloop
  endfacet
  facet normal 0 0 1
    outer loop
      vertex -36.025 -55.5 25
      vertex 36.1401 -55.0404 25
      vertex 36.1893 -54.9583 25
    endloop
  endfacet
  facet normal 0 0 1
    outer loop
      vertex 36.0297 55.4044 25
      vertex -36.0297 55.4044 25
      vertex 36.0437 55.3098 25
    endloop
  endfacet
  facet normal 0 0 1
    outer loop
      vertex -36.025 -55.5 25
      vertex 36.0992 -55.1269 25
      vertex 36.1401 -55.0404 25
    endloop
  endfacet
  facet normal 0 0 1
    outer loop
      vertex -36.0297 55.4044 25
      vertex 36.0297 55.4044 25
      vertex -36.025 55.5 25
    endloop
  endfacet
  facet normal 0 0 1
    outer loop
      vertex -36.025 -55.5 25
      vertex 36.067 -55.217 25
      vertex 36.0992 -55.1269 25
    endloop
  endfacet
  facet normal -0 0 1
    outer loop
      vertex -36.025 55.5 25
      vertex 36.0297 55.4044 25
      vertex 36.025 55.5 25
    endloop
  endfacet
  facet normal 0 0 1
    outer loop
      vertex -36.025 -55.5 25
      vertex 36.0437 -55.3098 25
      vertex 36.067 -55.217 25
    endloop
  endfacet
  facet normal 0 0 1
    outer loop
      vertex 37.9563 55.6902 25
      vertex 44 56 25
      vertex 43.9615 56.7841 25
    endloop
  endfacet
  facet normal 0 0 1
    outer loop
      vertex 37.9703 55.4044 25
      vertex 44 56 25
      vertex 37.975 55.5 25
    endloop
  endfacet
  facet normal 0 0 1
    outer loop
      vertex 37.933 55.783 25
      vertex 43.9615 56.7841 25
      vertex 43.8463 57.5607 25
    endloop
  endfacet
  facet normal 0 0 1
    outer loop
      vertex 37.9563 55.3098 25
      vertex 44 56 25
      vertex 37.9703 55.4044 25
    endloop
  endfacet
  facet normal 0 0 1
    outer loop
      vertex 37.9008 55.8731 25
      vertex 43.8463 57.5607 25
      vertex 43.6555 58.3223 25
    endloop
  endfacet
  facet normal -0 0 1
    outer loop
      vertex 37.9703 -55.5956 25
      vertex 44 -56 25
      vertex 37.975 -55.5 25
    endloop
  endfacet
  facet normal 0 0 1
    outer loop
      vertex 37.8599 55.9596 25
      vertex 43.6555 58.3223 25
      vertex 43.391 59.0615 25
    endloop
  endfacet
  facet normal -0 0 1
    outer loop
      vertex 37.9563 -55.6902 25
      vertex 44 -56 25
      vertex 37.9703 -55.5956 25
    endloop
  endfacet
  facet normal 0 0 1
    outer loop
      vertex 37.7537 56.1185 25
      vertex 43.391 59.0615 25
      vertex 43.0554 59.7712 25
    endloop
  endfacet
  facet normal 0 0 1
    outer loop
      vertex 44 -56 25
      vertex 37.9563 -55.6902 25
      vertex 43.9615 -56.7841 25
    endloop
  endfacet
  facet normal 0 0 1
    outer loop
      vertex 37.6894 56.1894 25
      vertex 43.0554 59.7712 25
      vertex 42.6517 60.4445 25
    endloop
  endfacet
  facet normal -0 0 1
    outer loop
      vertex 37.933 -55.783 25
      vertex 43.9615 -56.7841 25
      vertex 37.9563 -55.6902 25
    endloop
  endfacet
  facet normal 0 0 1
    outer loop
      vertex 37.6185 56.2537 25
      vertex 42.6517 60.4445 25
      vertex 42.1841 61.0751 25
    endloop
  endfacet
  facet normal 0 0 1
    outer loop
      vertex 43.9615 -56.7841 25
      vertex 37.933 -55.783 25
      vertex 43.8463 -57.5607 25
    endloop
  endfacet
  facet normal 0 0 1
    outer loop
      vertex 37.5417 56.3107 25
      vertex 42.1841 61.0751 25
      vertex 41.6568 61.6568 25
    endloop
  endfacet
  facet normal -0 0 1
    outer loop
      vertex 37.9008 -55.8731 25
      vertex 43.8463 -57.5607 25
      vertex 37.933 -55.783 25
    endloop
  endfacet
  facet normal 0 0 1
    outer loop
      vertex 37.4596 56.3599 25
      vertex 41.6568 61.6568 25
      vertex 41.0751 62.1841 25
    endloop
  endfacet
  facet normal 0 0 1
    outer loop
      vertex 43.8463 -57.5607 25
      vertex 37.9008 -55.8731 25
      vertex 43.6555 -58.3223 25
    endloop
  endfacet
  facet normal 0 0 1
    outer loop
      vertex 37.3731 56.4008 25
      vertex 41.0751 62.1841 25
      vertex 40.4445 62.6517 25
    endloop
  endfacet
  facet normal -0 0 1
    outer loop
      vertex 37.8599 -55.9596 25
      vertex 43.6555 -58.3223 25
      vertex 37.9008 -55.8731 25
    endloop
  endfacet
  facet normal 0 0 1
    outer loop
      vertex 37.283 56.433 25
      vertex 40.4445 62.6517 25
      vertex 39.7712 63.0554 25
    endloop
  endfacet
  facet normal 0 0 1
    outer loop
      vertex 43.6555 -58.3223 25
      vertex 37.8599 -55.9596 25
      vertex 43.391 -59.0615 25
    endloop
  endfacet
  facet normal 0 0 1
    outer loop
      vertex 37.1902 56.4563 25
      vertex 39.7712 63.0554 25
      vertex 39.0615 63.391 25
    endloop
  endfacet
  facet normal -0 0 1
    outer loop
      vertex 37.8107 -56.0417 25
      vertex 43.391 -59.0615 25
      vertex 37.8599 -55.9596 25
    endloop
  endfacet
  facet normal 0 0 1
    outer loop
      vertex 37.0956 56.4703 25
      vertex 39.0615 63.391 25
      vertex 38.3223 63.6555 25
    endloop
  endfacet
  facet normal -0 0 1
    outer loop
      vertex 37.7537 -56.1185 25
      vertex 43.391 -59.0615 25
      vertex 37.8107 -56.0417 25
    endloop
  endfacet
  facet normal 0 0 1
    outer loop
      vertex 43.391 -59.0615 25
      vertex 37.7537 -56.1185 25
      vertex 43.0554 -59.7712 25
    endloop
  endfacet
  facet normal 0 0 1
    outer loop
      vertex 44 56 25
      vertex 37.9703 55.5956 25
      vertex 37.975 55.5 25
    endloop
  endfacet
  facet normal 0 0 1
    outer loop
      vertex 44 56 25
      vertex 37.9563 55.6902 25
      vertex 37.9703 55.5956 25
    endloop
  endfacet
  facet normal 0 0 1
    outer loop
      vertex 43.9615 56.7841 25
      vertex 37.933 55.783 25
      vertex 37.9563 55.6902 25
    endloop
  endfacet
  facet normal 0 0 1
    outer loop
      vertex 43.8463 57.5607 25
      vertex 37.9008 55.8731 25
      vertex 37.933 55.783 25
    endloop
  endfacet
  facet normal 0 0 1
    outer loop
      vertex 43.6555 58.3223 25
      vertex 37.8599 55.9596 25
      vertex 37.9008 55.8731 25
    endloop
  endfacet
  facet normal 0 0 1
    outer loop
      vertex 43.391 59.0615 25
      vertex 37.8107 56.0417 25
      vertex 37.8599 55.9596 25
    endloop
  endfacet
  facet normal 0 0 1
    outer loop
      vertex 43.391 59.0615 25
      vertex 37.7537 56.1185 25
      vertex 37.8107 56.0417 25
    endloop
  endfacet
  facet normal 0 0 1
    outer loop
      vertex 43.0554 59.7712 25
      vertex 37.6894 56.1894 25
      vertex 37.7537 56.1185 25
    endloop
  endfacet
  facet normal 0 0 1
    outer loop
      vertex 42.6517 60.4445 25
      vertex 37.6185 56.2537 25
      vertex 37.6894 56.1894 25
    endloop
  endfacet
  facet normal 0 0 1
    outer loop
      vertex 37 56.475 25
      vertex 38.3223 63.6555 25
      vertex 37.5607 63.8463 25
    endloop
  endfacet
  facet normal 0 0 1
    outer loop
      vertex 42.1841 61.0751 25
      vertex 37.5417 56.3107 25
      vertex 37.6185 56.2537 25
    endloop
  endfacet
  facet normal 0 0 1
    outer loop
      vertex 41.6568 61.6568 25
      vertex 37.4596 56.3599 25
      vertex 37.5417 56.3107 25
    endloop
  endfacet
  facet normal 0 0 1
    outer loop
      vertex 41.0751 62.1841 25
      vertex 37.3731 56.4008 25
      vertex 37.4596 56.3599 25
    endloop
  endfacet
  facet normal 0 0 1
    outer loop
      vertex 40.4445 62.6517 25
      vertex 37.283 56.433 25
      vertex 37.3731 56.4008 25
    endloop
  endfacet
  facet normal 0 0 1
    outer loop
      vertex 39.7712 63.0554 25
      vertex 37.1902 56.4563 25
      vertex 37.283 56.433 25
    endloop
  endfacet
  facet normal 0 0 1
    outer loop
      vertex 39.0615 63.391 25
      vertex 37.0956 56.4703 25
      vertex 37.1902 56.4563 25
    endloop
  endfacet
  facet normal 0 0 1
    outer loop
      vertex 38.3223 63.6555 25
      vertex 37 56.475 25
      vertex 37.0956 56.4703 25
    endloop
  endfacet
  facet normal 0 0 1
    outer loop
      vertex 37.5607 63.8463 25
      vertex 36.9044 56.4703 25
      vertex 37 56.475 25
    endloop
  endfacet
  facet normal 0 0 1
    outer loop
      vertex 36.7841 63.9615 25
      vertex 36.9044 56.4703 25
      vertex 37.5607 63.8463 25
    endloop
  endfacet
  facet normal 0 0 1
    outer loop
      vertex 36.9044 56.4703 25
      vertex 36.7841 63.9615 25
      vertex 36.8098 56.4563 25
    endloop
  endfacet
  facet normal 0 0 1
    outer loop
      vertex 36 64 25
      vertex 36.8098 56.4563 25
      vertex 36.7841 63.9615 25
    endloop
  endfacet
  facet normal 0 0 1
    outer loop
      vertex 36.8098 56.4563 25
      vertex 36 64 25
      vertex 36.717 56.433 25
    endloop
  endfacet
  facet normal 0 0 1
    outer loop
      vertex 36.717 56.433 25
      vertex 36 64 25
      vertex 36.6269 56.4008 25
    endloop
  endfacet
  facet normal 0 0 1
    outer loop
      vertex 36.6269 56.4008 25
      vertex 36 64 25
      vertex 36.5404 56.3599 25
    endloop
  endfacet
  facet normal 0 0 1
    outer loop
      vertex 36.5404 56.3599 25
      vertex 36 64 25
      vertex 36.4583 56.3107 25
    endloop
  endfacet
  facet normal 0 0 1
    outer loop
      vertex 36.4583 56.3107 25
      vertex 36 64 25
      vertex 36.3815 56.2537 25
    endloop
  endfacet
  facet normal 0 0 1
    outer loop
      vertex 36.3815 56.2537 25
      vertex 36 64 25
      vertex 36.3106 56.1894 25
    endloop
  endfacet
  facet normal 0 0 1
    outer loop
      vertex 36.3106 56.1894 25
      vertex 36 64 25
      vertex 36.2463 56.1185 25
    endloop
  endfacet
  facet normal 0 0 1
    outer loop
      vertex 36.2463 56.1185 25
      vertex 36 64 25
      vertex 36.1893 56.0417 25
    endloop
  endfacet
  facet normal 0 0 1
    outer loop
      vertex 36.1893 56.0417 25
      vertex 36 64 25
      vertex 36.1401 55.9596 25
    endloop
  endfacet
  facet normal 0 0 1
    outer loop
      vertex 36.1401 55.9596 25
      vertex 36 64 25
      vertex 36.0992 55.8731 25
    endloop
  endfacet
  facet normal 0 0 1
    outer loop
      vertex 36.0992 55.8731 25
      vertex 36 64 25
      vertex 36.067 55.783 25
    endloop
  endfacet
  facet normal 0 0 1
    outer loop
      vertex 36.067 55.783 25
      vertex 36 64 25
      vertex 36.0437 55.6902 25
    endloop
  endfacet
  facet normal 0 0 1
    outer loop
      vertex 36.0297 55.5956 25
      vertex -36.0297 55.5956 25
      vertex 36.025 55.5 25
    endloop
  endfacet
  facet normal 0 0 1
    outer loop
      vertex -36.0297 55.5956 25
      vertex 36.0297 55.5956 25
      vertex 36 64 25
    endloop
  endfacet
  facet normal 0 0 1
    outer loop
      vertex 36.0437 55.6902 25
      vertex 36 64 25
      vertex 36.0297 55.5956 25
    endloop
  endfacet
  facet normal -0 0 1
    outer loop
      vertex 37.6894 -56.1894 25
      vertex 43.0554 -59.7712 25
      vertex 37.7537 -56.1185 25
    endloop
  endfacet
  facet normal 0 0 1
    outer loop
      vertex 43.0554 -59.7712 25
      vertex 37.6894 -56.1894 25
      vertex 42.6517 -60.4445 25
    endloop
  endfacet
  facet normal -0 0 1
    outer loop
      vertex 37.6185 -56.2537 25
      vertex 42.6517 -60.4445 25
      vertex 37.6894 -56.1894 25
    endloop
  endfacet
  facet normal 0 0 1
    outer loop
      vertex 42.6517 -60.4445 25
      vertex 37.6185 -56.2537 25
      vertex 42.1841 -61.0751 25
    endloop
  endfacet
  facet normal -0 0 1
    outer loop
      vertex 37.5417 -56.3107 25
      vertex 42.1841 -61.0751 25
      vertex 37.6185 -56.2537 25
    endloop
  endfacet
  facet normal 0 0 1
    outer loop
      vertex 42.1841 -61.0751 25
      vertex 37.5417 -56.3107 25
      vertex 41.6568 -61.6568 25
    endloop
  endfacet
  facet normal -0 0 1
    outer loop
      vertex 37.4596 -56.3599 25
      vertex 41.6568 -61.6568 25
      vertex 37.5417 -56.3107 25
    endloop
  endfacet
  facet normal 0 0 1
    outer loop
      vertex 41.6568 -61.6568 25
      vertex 37.4596 -56.3599 25
      vertex 41.0751 -62.1841 25
    endloop
  endfacet
  facet normal -0 0 1
    outer loop
      vertex 37.3731 -56.4008 25
      vertex 41.0751 -62.1841 25
      vertex 37.4596 -56.3599 25
    endloop
  endfacet
  facet normal 0 0 1
    outer loop
      vertex 41.0751 -62.1841 25
      vertex 37.3731 -56.4008 25
      vertex 40.4445 -62.6517 25
    endloop
  endfacet
  facet normal -0 0 1
    outer loop
      vertex 37.283 -56.433 25
      vertex 40.4445 -62.6517 25
      vertex 37.3731 -56.4008 25
    endloop
  endfacet
  facet normal 0 0 1
    outer loop
      vertex 40.4445 -62.6517 25
      vertex 37.283 -56.433 25
      vertex 39.7712 -63.0554 25
    endloop
  endfacet
  facet normal -0 0 1
    outer loop
      vertex 37.1902 -56.4563 25
      vertex 39.7712 -63.0554 25
      vertex 37.283 -56.433 25
    endloop
  endfacet
  facet normal 0 0 1
    outer loop
      vertex 39.7712 -63.0554 25
      vertex 37.1902 -56.4563 25
      vertex 39.0615 -63.391 25
    endloop
  endfacet
  facet normal -0 0 1
    outer loop
      vertex 37.0956 -56.4703 25
      vertex 39.0615 -63.391 25
      vertex 37.1902 -56.4563 25
    endloop
  endfacet
  facet normal 0 0 1
    outer loop
      vertex 39.0615 -63.391 25
      vertex 37.0956 -56.4703 25
      vertex 38.3223 -63.6555 25
    endloop
  endfacet
  facet normal -0 0 1
    outer loop
      vertex 37 -56.475 25
      vertex 38.3223 -63.6555 25
      vertex 37.0956 -56.4703 25
    endloop
  endfacet
  facet normal 0 0 1
    outer loop
      vertex 38.3223 -63.6555 25
      vertex 37 -56.475 25
      vertex 37.5607 -63.8463 25
    endloop
  endfacet
  facet normal 0 0 1
    outer loop
      vertex 36.9044 -56.4703 25
      vertex 37.5607 -63.8463 25
      vertex 37 -56.475 25
    endloop
  endfacet
  facet normal 0 0 1
    outer loop
      vertex 36.7841 -63.9615 25
      vertex 36.9044 -56.4703 25
      vertex 36.8098 -56.4563 25
    endloop
  endfacet
  facet normal 0 0 1
    outer loop
      vertex 36.9044 -56.4703 25
      vertex 36.7841 -63.9615 25
      vertex 37.5607 -63.8463 25
    endloop
  endfacet
  facet normal 0 0 1
    outer loop
      vertex 36 -64 25
      vertex 36.8098 -56.4563 25
      vertex 36.717 -56.433 25
    endloop
  endfacet
  facet normal 0 0 1
    outer loop
      vertex 36 -64 25
      vertex 36.717 -56.433 25
      vertex 36.6269 -56.4008 25
    endloop
  endfacet
  facet normal 0 0 1
    outer loop
      vertex 36 -64 25
      vertex 36.6269 -56.4008 25
      vertex 36.5404 -56.3599 25
    endloop
  endfacet
  facet normal 0 0 1
    outer loop
      vertex 36 -64 25
      vertex 36.5404 -56.3599 25
      vertex 36.4583 -56.3107 25
    endloop
  endfacet
  facet normal 0 0 1
    outer loop
      vertex 36 -64 25
      vertex 36.4583 -56.3107 25
      vertex 36.3815 -56.2537 25
    endloop
  endfacet
  facet normal 0 0 1
    outer loop
      vertex 36 -64 25
      vertex 36.3815 -56.2537 25
      vertex 36.3106 -56.1894 25
    endloop
  endfacet
  facet normal 0 0 1
    outer loop
      vertex 36 -64 25
      vertex 36.3106 -56.1894 25
      vertex 36.2463 -56.1185 25
    endloop
  endfacet
  facet normal 0 0 1
    outer loop
      vertex 36 -64 25
      vertex 36.2463 -56.1185 25
      vertex 36.1893 -56.0417 25
    endloop
  endfacet
  facet normal 0 0 1
    outer loop
      vertex 36 -64 25
      vertex 36.1893 -56.0417 25
      vertex 36.1401 -55.9596 25
    endloop
  endfacet
  facet normal 0 0 1
    outer loop
      vertex 36 -64 25
      vertex 36.1401 -55.9596 25
      vertex 36.0992 -55.8731 25
    endloop
  endfacet
  facet normal 0 0 1
    outer loop
      vertex 36 -64 25
      vertex 36.0992 -55.8731 25
      vertex 36.067 -55.783 25
    endloop
  endfacet
  facet normal 0 0 1
    outer loop
      vertex 36 -64 25
      vertex 36.067 -55.783 25
      vertex 36.0437 -55.6902 25
    endloop
  endfacet
  facet normal 0 0 1
    outer loop
      vertex 36 -64 25
      vertex 36.0437 -55.6902 25
      vertex 36.0297 -55.5956 25
    endloop
  endfacet
  facet normal 0 0 1
    outer loop
      vertex 36.8098 -56.4563 25
      vertex 36 -64 25
      vertex 36.7841 -63.9615 25
    endloop
  endfacet
  facet normal -0 0 1
    outer loop
      vertex -36.025 -55.5 25
      vertex 36.0297 -55.5956 25
      vertex 36.025 -55.5 25
    endloop
  endfacet
  facet normal 0 0 1
    outer loop
      vertex -36.025 -55.5 25
      vertex 36.0297 -55.4044 25
      vertex 36.0437 -55.3098 25
    endloop
  endfacet
  facet normal 0 0 1
    outer loop
      vertex -36.0297 55.5956 25
      vertex 36 64 25
      vertex -36 64 25
    endloop
  endfacet
  facet normal 0 0 1
    outer loop
      vertex -36.025 -55.5 25
      vertex 36.025 -55.5 25
      vertex 36.0297 -55.4044 25
    endloop
  endfacet
  facet normal 0 0 1
    outer loop
      vertex 36.0297 -55.5956 25
      vertex -36 -64 25
      vertex 36 -64 25
    endloop
  endfacet
  facet normal 0 0 1
    outer loop
      vertex 36.025 55.5 25
      vertex -36.0297 55.5956 25
      vertex -36.025 55.5 25
    endloop
  endfacet
  facet normal 0 0 1
    outer loop
      vertex -36 64 25
      vertex -36.0437 55.6902 25
      vertex -36.0297 55.5956 25
    endloop
  endfacet
  facet normal 0 0 1
    outer loop
      vertex -36 64 25
      vertex -36.067 55.783 25
      vertex -36.0437 55.6902 25
    endloop
  endfacet
  facet normal 0 0 1
    outer loop
      vertex -36 64 25
      vertex -36.0992 55.8731 25
      vertex -36.067 55.783 25
    endloop
  endfacet
  facet normal 0 0 1
    outer loop
      vertex -36 64 25
      vertex -36.1401 55.9596 25
      vertex -36.0992 55.8731 25
    endloop
  endfacet
  facet normal 0 0 1
    outer loop
      vertex -36 64 25
      vertex -36.1893 56.0417 25
      vertex -36.1401 55.9596 25
    endloop
  endfacet
  facet normal 0 0 1
    outer loop
      vertex -36 64 25
      vertex -36.2463 56.1185 25
      vertex -36.1893 56.0417 25
    endloop
  endfacet
  facet normal 0 0 1
    outer loop
      vertex -36 64 25
      vertex -36.3106 56.1894 25
      vertex -36.2463 56.1185 25
    endloop
  endfacet
  facet normal 0 0 1
    outer loop
      vertex -36 64 25
      vertex -36.3815 56.2537 25
      vertex -36.3106 56.1894 25
    endloop
  endfacet
  facet normal 0 0 1
    outer loop
      vertex -36 64 25
      vertex -36.4583 56.3107 25
      vertex -36.3815 56.2537 25
    endloop
  endfacet
  facet normal 0 0 1
    outer loop
      vertex -36 64 25
      vertex -36.5404 56.3599 25
      vertex -36.4583 56.3107 25
    endloop
  endfacet
  facet normal 0 0 1
    outer loop
      vertex -36 64 25
      vertex -36.6269 56.4008 25
      vertex -36.5404 56.3599 25
    endloop
  endfacet
  facet normal 0 0 1
    outer loop
      vertex -36 64 25
      vertex -36.717 56.433 25
      vertex -36.6269 56.4008 25
    endloop
  endfacet
  facet normal 0 0 1
    outer loop
      vertex -36.8098 56.4563 25
      vertex -36 64 25
      vertex -36.7841 63.9615 25
    endloop
  endfacet
  facet normal 0 0 1
    outer loop
      vertex -36 64 25
      vertex -36.8098 56.4563 25
      vertex -36.717 56.433 25
    endloop
  endfacet
  facet normal 0 0 1
    outer loop
      vertex -36.7841 63.9615 25
      vertex -36.9044 56.4703 25
      vertex -36.8098 56.4563 25
    endloop
  endfacet
  facet normal -0 0 1
    outer loop
      vertex -37.5607 63.8463 25
      vertex -36.9044 56.4703 25
      vertex -36.7841 63.9615 25
    endloop
  endfacet
  facet normal 0 0 1
    outer loop
      vertex -36.9044 56.4703 25
      vertex -37.5607 63.8463 25
      vertex -37 56.475 25
    endloop
  endfacet
  facet normal -0 0 1
    outer loop
      vertex -38.3223 63.6555 25
      vertex -37 56.475 25
      vertex -37.5607 63.8463 25
    endloop
  endfacet
  facet normal 0 0 1
    outer loop
      vertex -37 56.475 25
      vertex -38.3223 63.6555 25
      vertex -37.0956 56.4703 25
    endloop
  endfacet
  facet normal 0 0 1
    outer loop
      vertex -37.0956 56.4703 25
      vertex -38.3223 63.6555 25
      vertex -37.1902 56.4563 25
    endloop
  endfacet
  facet normal 0 0 1
    outer loop
      vertex -37.1902 56.4563 25
      vertex -38.3223 63.6555 25
      vertex -37.283 56.433 25
    endloop
  endfacet
  facet normal 0 0 1
    outer loop
      vertex -37.283 56.433 25
      vertex -38.3223 63.6555 25
      vertex -37.3731 56.4008 25
    endloop
  endfacet
  facet normal 0 0 1
    outer loop
      vertex -37.3731 56.4008 25
      vertex -38.3223 63.6555 25
      vertex -37.4596 56.3599 25
    endloop
  endfacet
  facet normal 0 0 1
    outer loop
      vertex -37.4596 56.3599 25
      vertex -38.3223 63.6555 25
      vertex -37.5417 56.3107 25
    endloop
  endfacet
  facet normal 0 0 1
    outer loop
      vertex -37.5417 56.3107 25
      vertex -38.3223 63.6555 25
      vertex -37.6185 56.2537 25
    endloop
  endfacet
  facet normal 0 0 1
    outer loop
      vertex -37.6185 56.2537 25
      vertex -38.3223 63.6555 25
      vertex -37.6894 56.1894 25
    endloop
  endfacet
  facet normal 0 0 1
    outer loop
      vertex -44 56 25
      vertex -37.6894 56.1894 25
      vertex -38.3223 63.6555 25
    endloop
  endfacet
  facet normal 0 0 1
    outer loop
      vertex -37.6894 56.1894 25
      vertex -44 56 25
      vertex -37.7537 56.1185 25
    endloop
  endfacet
  facet normal 0 0 1
    outer loop
      vertex -37.7537 56.1185 25
      vertex -44 56 25
      vertex -37.8107 56.0417 25
    endloop
  endfacet
  facet normal 0 0 1
    outer loop
      vertex -37.8107 56.0417 25
      vertex -44 56 25
      vertex -37.8599 55.9596 25
    endloop
  endfacet
  facet normal 0 0 1
    outer loop
      vertex -37.8599 55.9596 25
      vertex -44 56 25
      vertex -37.9008 55.8731 25
    endloop
  endfacet
  facet normal 0 0 1
    outer loop
      vertex -37.9008 55.8731 25
      vertex -44 56 25
      vertex -37.933 55.783 25
    endloop
  endfacet
  facet normal 0 0 1
    outer loop
      vertex -37.9703 55.5956 25
      vertex -44 56 25
      vertex -37.975 55.5 25
    endloop
  endfacet
  facet normal 0 0 1
    outer loop
      vertex -37.9563 55.6902 25
      vertex -44 56 25
      vertex -37.9703 55.5956 25
    endloop
  endfacet
  facet normal 0 0 1
    outer loop
      vertex -37.933 55.783 25
      vertex -44 56 25
      vertex -37.9563 55.6902 25
    endloop
  endfacet
  facet normal 0.803259 -0.59563 0
    outer loop
      vertex 42.1841 -61.0751 25
      vertex 42.6517 -60.4445 3
      vertex 42.6517 -60.4445 25
    endloop
  endfacet
  facet normal 0.803259 -0.59563 0
    outer loop
      vertex 42.6517 -60.4445 3
      vertex 42.1841 -61.0751 25
      vertex 42.1841 -61.0751 3
    endloop
  endfacet
  facet normal 0.90402 -0.427489 0
    outer loop
      vertex 43.0554 -59.7712 25
      vertex 43.391 -59.0615 3
      vertex 43.391 -59.0615 25
    endloop
  endfacet
  facet normal 0.90402 -0.427489 0
    outer loop
      vertex 43.391 -59.0615 3
      vertex 43.0554 -59.7712 25
      vertex 43.0554 -59.7712 3
    endloop
  endfacet
  facet normal 0.94154 -0.336901 0
    outer loop
      vertex 43.391 -59.0615 25
      vertex 43.6555 -58.3223 3
      vertex 43.6555 -58.3223 25
    endloop
  endfacet
  facet normal 0.94154 -0.336901 0
    outer loop
      vertex 43.6555 -58.3223 3
      vertex 43.391 -59.0615 25
      vertex 43.391 -59.0615 3
    endloop
  endfacet
  facet normal 0.94154 0.336901 0
    outer loop
      vertex 43.6555 58.3223 25
      vertex 43.391 59.0615 3
      vertex 43.391 59.0615 25
    endloop
  endfacet
  facet normal 0.94154 0.336901 0
    outer loop
      vertex 43.391 59.0615 3
      vertex 43.6555 58.3223 25
      vertex 43.6555 58.3223 3
    endloop
  endfacet
  facet normal 0.970023 0.243015 0
    outer loop
      vertex 43.8463 57.5607 25
      vertex 43.6555 58.3223 3
      vertex 43.6555 58.3223 25
    endloop
  endfacet
  facet normal 0.970023 0.243015 0
    outer loop
      vertex 43.6555 58.3223 3
      vertex 43.8463 57.5607 25
      vertex 43.8463 57.5607 3
    endloop
  endfacet
  facet normal 0.59563 -0.803259 0
    outer loop
      vertex 40.4445 -62.6517 3
      vertex 41.0751 -62.1841 25
      vertex 40.4445 -62.6517 25
    endloop
  endfacet
  facet normal 0.59563 -0.803259 0
    outer loop
      vertex 41.0751 -62.1841 25
      vertex 40.4445 -62.6517 3
      vertex 41.0751 -62.1841 3
    endloop
  endfacet
  facet normal 0.90402 0.427489 0
    outer loop
      vertex 43.391 59.0615 25
      vertex 43.0554 59.7712 3
      vertex 43.0554 59.7712 25
    endloop
  endfacet
  facet normal 0.90402 0.427489 0
    outer loop
      vertex 43.0554 59.7712 3
      vertex 43.391 59.0615 25
      vertex 43.391 59.0615 3
    endloop
  endfacet
  facet normal -0.989226 -0.146397 0
    outer loop
      vertex -36.0297 -55.4044 22.45
      vertex -36.0437 -55.3098 22.45
      vertex -36.0437 -55.3098 7
    endloop
  endfacet
  facet normal -0.989226 -0.146397 -0
    outer loop
      vertex -36.0297 -55.4044 22.45
      vertex -36.0437 -55.3098 7
      vertex -36.0297 -55.4044 7
    endloop
  endfacet
  facet normal -0.989226 -0.146397 0
    outer loop
      vertex -36.0437 -55.3098 22.45
      vertex -36.0297 -55.4044 22.45
      vertex -36.0437 -55.3098 25
    endloop
  endfacet
  facet normal -0.989226 -0.146397 0
    outer loop
      vertex -36.0437 -55.3098 25
      vertex -36.0297 -55.4044 22.45
      vertex -36.0297 -55.4044 25
    endloop
  endfacet
  facet normal -0.998794 -0.0491039 0
    outer loop
      vertex -36.025 -55.5 22.45
      vertex -36.0297 -55.4044 22.45
      vertex -36.0297 -55.4044 7
    endloop
  endfacet
  facet normal -0.998794 -0.0491039 -0
    outer loop
      vertex -36.025 -55.5 22.45
      vertex -36.0297 -55.4044 7
      vertex -36.025 -55.5 7
    endloop
  endfacet
  facet normal -0.998794 -0.0491039 0
    outer loop
      vertex -36.0297 -55.4044 22.45
      vertex -36.025 -55.5 22.45
      vertex -36.0297 -55.4044 25
    endloop
  endfacet
  facet normal -0.998794 -0.0491039 0
    outer loop
      vertex -36.0297 -55.4044 25
      vertex -36.025 -55.5 22.45
      vertex -36.025 -55.5 25
    endloop
  endfacet
  facet normal -0.969896 -0.243519 0
    outer loop
      vertex -36.0437 -55.3098 22.45
      vertex -36.067 -55.217 22.45
      vertex -36.067 -55.217 7
    endloop
  endfacet
  facet normal -0.969896 -0.243519 -0
    outer loop
      vertex -36.0437 -55.3098 22.45
      vertex -36.067 -55.217 7
      vertex -36.0437 -55.3098 7
    endloop
  endfacet
  facet normal -0.969896 -0.243519 0
    outer loop
      vertex -36.067 -55.217 22.45
      vertex -36.0437 -55.3098 22.45
      vertex -36.067 -55.217 25
    endloop
  endfacet
  facet normal -0.969896 -0.243519 0
    outer loop
      vertex -36.067 -55.217 25
      vertex -36.0437 -55.3098 22.45
      vertex -36.0437 -55.3098 25
    endloop
  endfacet
  facet normal -0.336535 -0.941671 0
    outer loop
      vertex -36.717 -54.567 22.45
      vertex -36.6269 -54.5992 25
      vertex -36.717 -54.567 25
    endloop
  endfacet
  facet normal -0.336535 -0.941671 0
    outer loop
      vertex -36.717 -54.567 22.45
      vertex -36.6269 -54.5992 22.45
      vertex -36.6269 -54.5992 25
    endloop
  endfacet
  facet normal -0.336535 -0.941671 0
    outer loop
      vertex -36.717 -54.567 7
      vertex -36.6269 -54.5992 22.45
      vertex -36.717 -54.567 22.45
    endloop
  endfacet
  facet normal -0.336535 -0.941671 -0
    outer loop
      vertex -36.6269 -54.5992 22.45
      vertex -36.717 -54.567 7
      vertex -36.6269 -54.5992 7
    endloop
  endfacet
  facet normal -0.146397 0.989226 0
    outer loop
      vertex -36.8098 -56.4563 22.45
      vertex -36.9044 -56.4703 25
      vertex -36.8098 -56.4563 25
    endloop
  endfacet
  facet normal -0.146397 0.989226 0
    outer loop
      vertex -36.8098 -56.4563 22.45
      vertex -36.9044 -56.4703 22.45
      vertex -36.9044 -56.4703 25
    endloop
  endfacet
  facet normal -0.146397 0.989226 0
    outer loop
      vertex -36.8098 -56.4563 7
      vertex -36.9044 -56.4703 22.45
      vertex -36.8098 -56.4563 22.45
    endloop
  endfacet
  facet normal -0.146397 0.989226 0
    outer loop
      vertex -36.9044 -56.4703 22.45
      vertex -36.8098 -56.4563 7
      vertex -36.9044 -56.4703 7
    endloop
  endfacet
  facet normal 0.803001 0.595977 0
    outer loop
      vertex -37.7537 -56.1185 22.45
      vertex -37.8107 -56.0417 22.45
      vertex -37.8107 -56.0417 25
    endloop
  endfacet
  facet normal 0.803001 0.595977 -0
    outer loop
      vertex -37.7537 -56.1185 22.45
      vertex -37.8107 -56.0417 25
      vertex -37.7537 -56.1185 25
    endloop
  endfacet
  facet normal 0.803001 0.595977 0
    outer loop
      vertex -37.8107 -56.0417 22.45
      vertex -37.7537 -56.1185 22.45
      vertex -37.8107 -56.0417 7
    endloop
  endfacet
  facet normal 0.803001 0.595977 0
    outer loop
      vertex -37.8107 -56.0417 7
      vertex -37.7537 -56.1185 22.45
      vertex -37.7537 -56.1185 7
    endloop
  endfacet
  facet normal 0.514035 -0.857769 0
    outer loop
      vertex -37.5417 -54.6893 22.45
      vertex -37.4596 -54.6401 25
      vertex -37.5417 -54.6893 25
    endloop
  endfacet
  facet normal 0.514035 -0.857769 0
    outer loop
      vertex -37.5417 -54.6893 22.45
      vertex -37.4596 -54.6401 22.45
      vertex -37.4596 -54.6401 25
    endloop
  endfacet
  facet normal 0.514035 -0.857769 0
    outer loop
      vertex -37.5417 -54.6893 7
      vertex -37.4596 -54.6401 22.45
      vertex -37.5417 -54.6893 22.45
    endloop
  endfacet
  facet normal 0.514035 -0.857769 0
    outer loop
      vertex -37.4596 -54.6401 22.45
      vertex -37.5417 -54.6893 7
      vertex -37.4596 -54.6401 7
    endloop
  endfacet
  facet normal -0.146397 -0.989226 0
    outer loop
      vertex -36.9044 -54.5297 22.45
      vertex -36.8098 -54.5437 25
      vertex -36.9044 -54.5297 25
    endloop
  endfacet
  facet normal -0.146397 -0.989226 0
    outer loop
      vertex -36.9044 -54.5297 22.45
      vertex -36.8098 -54.5437 22.45
      vertex -36.8098 -54.5437 25
    endloop
  endfacet
  facet normal -0.146397 -0.989226 0
    outer loop
      vertex -36.9044 -54.5297 7
      vertex -36.8098 -54.5437 22.45
      vertex -36.9044 -54.5297 22.45
    endloop
  endfacet
  facet normal -0.146397 -0.989226 -0
    outer loop
      vertex -36.8098 -54.5437 22.45
      vertex -36.9044 -54.5297 7
      vertex -36.8098 -54.5437 7
    endloop
  endfacet
  facet normal 0.941671 -0.336535 0
    outer loop
      vertex -37.933 -55.217 22.45
      vertex -37.9008 -55.1269 22.45
      vertex -37.9008 -55.1269 25
    endloop
  endfacet
  facet normal 0.941671 -0.336535 0
    outer loop
      vertex -37.933 -55.217 22.45
      vertex -37.9008 -55.1269 25
      vertex -37.933 -55.217 25
    endloop
  endfacet
  facet normal 0.941671 -0.336535 0
    outer loop
      vertex -37.9008 -55.1269 22.45
      vertex -37.933 -55.217 22.45
      vertex -37.9008 -55.1269 7
    endloop
  endfacet
  facet normal 0.941671 -0.336535 0
    outer loop
      vertex -37.9008 -55.1269 7
      vertex -37.933 -55.217 22.45
      vertex -37.933 -55.217 7
    endloop
  endfacet
  facet normal 0.941671 0.336535 0
    outer loop
      vertex -37.9008 -55.8731 22.45
      vertex -37.933 -55.783 22.45
      vertex -37.933 -55.783 25
    endloop
  endfacet
  facet normal 0.941671 0.336535 -0
    outer loop
      vertex -37.9008 -55.8731 22.45
      vertex -37.933 -55.783 25
      vertex -37.9008 -55.8731 25
    endloop
  endfacet
  facet normal 0.941671 0.336535 0
    outer loop
      vertex -37.933 -55.783 22.45
      vertex -37.9008 -55.8731 22.45
      vertex -37.933 -55.783 7
    endloop
  endfacet
  facet normal 0.941671 0.336535 0
    outer loop
      vertex -37.933 -55.783 7
      vertex -37.9008 -55.8731 22.45
      vertex -37.9008 -55.8731 7
    endloop
  endfacet
  facet normal -0.514035 -0.857769 0
    outer loop
      vertex -36.5404 -54.6401 22.45
      vertex -36.4583 -54.6893 25
      vertex -36.5404 -54.6401 25
    endloop
  endfacet
  facet normal -0.514035 -0.857769 0
    outer loop
      vertex -36.5404 -54.6401 22.45
      vertex -36.4583 -54.6893 22.45
      vertex -36.4583 -54.6893 25
    endloop
  endfacet
  facet normal -0.514035 -0.857769 0
    outer loop
      vertex -36.5404 -54.6401 7
      vertex -36.4583 -54.6893 22.45
      vertex -36.5404 -54.6401 22.45
    endloop
  endfacet
  facet normal -0.514035 -0.857769 -0
    outer loop
      vertex -36.4583 -54.6893 22.45
      vertex -36.5404 -54.6401 7
      vertex -36.4583 -54.6893 7
    endloop
  endfacet
  facet normal -0.514035 0.857769 0
    outer loop
      vertex -36.4583 -56.3107 22.45
      vertex -36.5404 -56.3599 25
      vertex -36.4583 -56.3107 25
    endloop
  endfacet
  facet normal -0.514035 0.857769 0
    outer loop
      vertex -36.4583 -56.3107 22.45
      vertex -36.5404 -56.3599 22.45
      vertex -36.5404 -56.3599 25
    endloop
  endfacet
  facet normal -0.514035 0.857769 0
    outer loop
      vertex -36.4583 -56.3107 7
      vertex -36.5404 -56.3599 22.45
      vertex -36.4583 -56.3107 22.45
    endloop
  endfacet
  facet normal -0.514035 0.857769 0
    outer loop
      vertex -36.5404 -56.3599 22.45
      vertex -36.4583 -56.3107 7
      vertex -36.5404 -56.3599 7
    endloop
  endfacet
  facet normal -0.595977 0.803001 0
    outer loop
      vertex -36.3815 -56.2537 22.45
      vertex -36.4583 -56.3107 25
      vertex -36.3815 -56.2537 25
    endloop
  endfacet
  facet normal -0.595977 0.803001 0
    outer loop
      vertex -36.3815 -56.2537 22.45
      vertex -36.4583 -56.3107 22.45
      vertex -36.4583 -56.3107 25
    endloop
  endfacet
  facet normal -0.595977 0.803001 0
    outer loop
      vertex -36.3815 -56.2537 7
      vertex -36.4583 -56.3107 22.45
      vertex -36.3815 -56.2537 22.45
    endloop
  endfacet
  facet normal -0.595977 0.803001 0
    outer loop
      vertex -36.4583 -56.3107 22.45
      vertex -36.3815 -56.2537 7
      vertex -36.4583 -56.3107 7
    endloop
  endfacet
  facet normal 0.243519 -0.969896 0
    outer loop
      vertex -37.283 -54.567 22.45
      vertex -37.1902 -54.5437 25
      vertex -37.283 -54.567 25
    endloop
  endfacet
  facet normal 0.243519 -0.969896 0
    outer loop
      vertex -37.283 -54.567 22.45
      vertex -37.1902 -54.5437 22.45
      vertex -37.1902 -54.5437 25
    endloop
  endfacet
  facet normal 0.243519 -0.969896 0
    outer loop
      vertex -37.283 -54.567 7
      vertex -37.1902 -54.5437 22.45
      vertex -37.283 -54.567 22.45
    endloop
  endfacet
  facet normal 0.243519 -0.969896 0
    outer loop
      vertex -37.1902 -54.5437 22.45
      vertex -37.283 -54.567 7
      vertex -37.1902 -54.5437 7
    endloop
  endfacet
  facet normal 0.146397 0.989226 -0
    outer loop
      vertex -37.0956 -56.4703 22.45
      vertex -37.1902 -56.4563 25
      vertex -37.0956 -56.4703 25
    endloop
  endfacet
  facet normal 0.146397 0.989226 0
    outer loop
      vertex -37.0956 -56.4703 22.45
      vertex -37.1902 -56.4563 22.45
      vertex -37.1902 -56.4563 25
    endloop
  endfacet
  facet normal 0.146397 0.989226 -0
    outer loop
      vertex -37.0956 -56.4703 7
      vertex -37.1902 -56.4563 22.45
      vertex -37.0956 -56.4703 22.45
    endloop
  endfacet
  facet normal 0.146397 0.989226 0
    outer loop
      vertex -37.1902 -56.4563 22.45
      vertex -37.0956 -56.4703 7
      vertex -37.1902 -56.4563 7
    endloop
  endfacet
  facet normal 0.146397 -0.989226 0
    outer loop
      vertex -37.1902 -54.5437 22.45
      vertex -37.0956 -54.5297 25
      vertex -37.1902 -54.5437 25
    endloop
  endfacet
  facet normal 0.146397 -0.989226 0
    outer loop
      vertex -37.1902 -54.5437 22.45
      vertex -37.0956 -54.5297 22.45
      vertex -37.0956 -54.5297 25
    endloop
  endfacet
  facet normal 0.146397 -0.989226 0
    outer loop
      vertex -37.1902 -54.5437 7
      vertex -37.0956 -54.5297 22.45
      vertex -37.1902 -54.5437 22.45
    endloop
  endfacet
  facet normal 0.146397 -0.989226 0
    outer loop
      vertex -37.0956 -54.5297 22.45
      vertex -37.1902 -54.5437 7
      vertex -37.0956 -54.5297 7
    endloop
  endfacet
  facet normal 0.514035 0.857769 -0
    outer loop
      vertex -37.4596 -56.3599 22.45
      vertex -37.5417 -56.3107 25
      vertex -37.4596 -56.3599 25
    endloop
  endfacet
  facet normal 0.514035 0.857769 0
    outer loop
      vertex -37.4596 -56.3599 22.45
      vertex -37.5417 -56.3107 22.45
      vertex -37.5417 -56.3107 25
    endloop
  endfacet
  facet normal 0.514035 0.857769 -0
    outer loop
      vertex -37.4596 -56.3599 7
      vertex -37.5417 -56.3107 22.45
      vertex -37.4596 -56.3599 22.45
    endloop
  endfacet
  facet normal 0.514035 0.857769 0
    outer loop
      vertex -37.5417 -56.3107 22.45
      vertex -37.4596 -56.3599 7
      vertex -37.5417 -56.3107 7
    endloop
  endfacet
  facet normal 0.904036 0.427457 0
    outer loop
      vertex -37.8599 -55.9596 22.45
      vertex -37.9008 -55.8731 22.45
      vertex -37.9008 -55.8731 25
    endloop
  endfacet
  facet normal 0.904036 0.427457 -0
    outer loop
      vertex -37.8599 -55.9596 22.45
      vertex -37.9008 -55.8731 25
      vertex -37.8599 -55.9596 25
    endloop
  endfacet
  facet normal 0.904036 0.427457 0
    outer loop
      vertex -37.9008 -55.8731 22.45
      vertex -37.8599 -55.9596 22.45
      vertex -37.9008 -55.8731 7
    endloop
  endfacet
  facet normal 0.904036 0.427457 0
    outer loop
      vertex -37.9008 -55.8731 7
      vertex -37.8599 -55.9596 22.45
      vertex -37.8599 -55.9596 7
    endloop
  endfacet
  facet normal -0.427457 -0.904036 0
    outer loop
      vertex -36.6269 -54.5992 22.45
      vertex -36.5404 -54.6401 25
      vertex -36.6269 -54.5992 25
    endloop
  endfacet
  facet normal -0.427457 -0.904036 0
    outer loop
      vertex -36.6269 -54.5992 22.45
      vertex -36.5404 -54.6401 22.45
      vertex -36.5404 -54.6401 25
    endloop
  endfacet
  facet normal -0.427457 -0.904036 0
    outer loop
      vertex -36.6269 -54.5992 7
      vertex -36.5404 -54.6401 22.45
      vertex -36.6269 -54.5992 22.45
    endloop
  endfacet
  facet normal -0.427457 -0.904036 -0
    outer loop
      vertex -36.5404 -54.6401 22.45
      vertex -36.6269 -54.5992 7
      vertex -36.5404 -54.6401 7
    endloop
  endfacet
  facet normal -0.0491039 -0.998794 0
    outer loop
      vertex -37 -54.525 22.45
      vertex -36.9044 -54.5297 25
      vertex -37 -54.525 25
    endloop
  endfacet
  facet normal -0.0491039 -0.998794 0
    outer loop
      vertex -37 -54.525 22.45
      vertex -36.9044 -54.5297 22.45
      vertex -36.9044 -54.5297 25
    endloop
  endfacet
  facet normal -0.0491039 -0.998794 0
    outer loop
      vertex -37 -54.525 7
      vertex -36.9044 -54.5297 22.45
      vertex -37 -54.525 22.45
    endloop
  endfacet
  facet normal -0.0491039 -0.998794 -0
    outer loop
      vertex -36.9044 -54.5297 22.45
      vertex -37 -54.525 7
      vertex -36.9044 -54.5297 7
    endloop
  endfacet
  facet normal -0.803001 0.595977 0
    outer loop
      vertex -36.2463 -56.1185 22.45
      vertex -36.1893 -56.0417 22.45
      vertex -36.1893 -56.0417 7
    endloop
  endfacet
  facet normal -0.803001 0.595977 0
    outer loop
      vertex -36.2463 -56.1185 22.45
      vertex -36.1893 -56.0417 7
      vertex -36.2463 -56.1185 7
    endloop
  endfacet
  facet normal -0.803001 0.595977 0
    outer loop
      vertex -36.1893 -56.0417 22.45
      vertex -36.2463 -56.1185 22.45
      vertex -36.1893 -56.0417 25
    endloop
  endfacet
  facet normal -0.803001 0.595977 0
    outer loop
      vertex -36.1893 -56.0417 25
      vertex -36.2463 -56.1185 22.45
      vertex -36.2463 -56.1185 25
    endloop
  endfacet
  facet normal 0.427457 0.904036 -0
    outer loop
      vertex -37.3731 -56.4008 22.45
      vertex -37.4596 -56.3599 25
      vertex -37.3731 -56.4008 25
    endloop
  endfacet
  facet normal 0.427457 0.904036 0
    outer loop
      vertex -37.3731 -56.4008 22.45
      vertex -37.4596 -56.3599 22.45
      vertex -37.4596 -56.3599 25
    endloop
  endfacet
  facet normal 0.427457 0.904036 -0
    outer loop
      vertex -37.3731 -56.4008 7
      vertex -37.4596 -56.3599 22.45
      vertex -37.3731 -56.4008 22.45
    endloop
  endfacet
  facet normal 0.427457 0.904036 0
    outer loop
      vertex -37.4596 -56.3599 22.45
      vertex -37.3731 -56.4008 7
      vertex -37.4596 -56.3599 7
    endloop
  endfacet
  facet normal -0.0491039 0.998794 0
    outer loop
      vertex -36.9044 -56.4703 22.45
      vertex -37 -56.475 25
      vertex -36.9044 -56.4703 25
    endloop
  endfacet
  facet normal -0.0491039 0.998794 0
    outer loop
      vertex -36.9044 -56.4703 22.45
      vertex -37 -56.475 22.45
      vertex -37 -56.475 25
    endloop
  endfacet
  facet normal -0.0491039 0.998794 0
    outer loop
      vertex -36.9044 -56.4703 7
      vertex -37 -56.475 22.45
      vertex -36.9044 -56.4703 22.45
    endloop
  endfacet
  facet normal -0.0491039 0.998794 0
    outer loop
      vertex -37 -56.475 22.45
      vertex -36.9044 -56.4703 7
      vertex -37 -56.475 7
    endloop
  endfacet
  facet normal 0.243519 0.969896 -0
    outer loop
      vertex -37.1902 -56.4563 22.45
      vertex -37.283 -56.433 25
      vertex -37.1902 -56.4563 25
    endloop
  endfacet
  facet normal 0.243519 0.969896 0
    outer loop
      vertex -37.1902 -56.4563 22.45
      vertex -37.283 -56.433 22.45
      vertex -37.283 -56.433 25
    endloop
  endfacet
  facet normal 0.243519 0.969896 -0
    outer loop
      vertex -37.1902 -56.4563 7
      vertex -37.283 -56.433 22.45
      vertex -37.1902 -56.4563 22.45
    endloop
  endfacet
  facet normal 0.243519 0.969896 0
    outer loop
      vertex -37.283 -56.433 22.45
      vertex -37.1902 -56.4563 7
      vertex -37.283 -56.433 7
    endloop
  endfacet
  facet normal 0.595977 0.803001 -0
    outer loop
      vertex -37.5417 -56.3107 22.45
      vertex -37.6185 -56.2537 25
      vertex -37.5417 -56.3107 25
    endloop
  endfacet
  facet normal 0.595977 0.803001 0
    outer loop
      vertex -37.5417 -56.3107 22.45
      vertex -37.6185 -56.2537 22.45
      vertex -37.6185 -56.2537 25
    endloop
  endfacet
  facet normal 0.595977 0.803001 -0
    outer loop
      vertex -37.5417 -56.3107 7
      vertex -37.6185 -56.2537 22.45
      vertex -37.5417 -56.3107 22.45
    endloop
  endfacet
  facet normal 0.595977 0.803001 0
    outer loop
      vertex -37.6185 -56.2537 22.45
      vertex -37.5417 -56.3107 7
      vertex -37.6185 -56.2537 7
    endloop
  endfacet
  facet normal 0.969896 0.243519 0
    outer loop
      vertex -37.933 -55.783 22.45
      vertex -37.9563 -55.6902 22.45
      vertex -37.9563 -55.6902 25
    endloop
  endfacet
  facet normal 0.969896 0.243519 -0
    outer loop
      vertex -37.933 -55.783 22.45
      vertex -37.9563 -55.6902 25
      vertex -37.933 -55.783 25
    endloop
  endfacet
  facet normal 0.969896 0.243519 0
    outer loop
      vertex -37.9563 -55.6902 22.45
      vertex -37.933 -55.783 22.45
      vertex -37.9563 -55.6902 7
    endloop
  endfacet
  facet normal 0.969896 0.243519 0
    outer loop
      vertex -37.9563 -55.6902 7
      vertex -37.933 -55.783 22.45
      vertex -37.933 -55.783 7
    endloop
  endfacet
  facet normal 0.595977 -0.803001 0
    outer loop
      vertex -37.6185 -54.7463 22.45
      vertex -37.5417 -54.6893 25
      vertex -37.6185 -54.7463 25
    endloop
  endfacet
  facet normal 0.595977 -0.803001 0
    outer loop
      vertex -37.6185 -54.7463 22.45
      vertex -37.5417 -54.6893 22.45
      vertex -37.5417 -54.6893 25
    endloop
  endfacet
  facet normal 0.595977 -0.803001 0
    outer loop
      vertex -37.6185 -54.7463 7
      vertex -37.5417 -54.6893 22.45
      vertex -37.6185 -54.7463 22.45
    endloop
  endfacet
  facet normal 0.595977 -0.803001 0
    outer loop
      vertex -37.5417 -54.6893 22.45
      vertex -37.6185 -54.7463 7
      vertex -37.5417 -54.6893 7
    endloop
  endfacet
  facet normal -0.336535 0.941671 0
    outer loop
      vertex -36.6269 -56.4008 22.45
      vertex -36.717 -56.433 25
      vertex -36.6269 -56.4008 25
    endloop
  endfacet
  facet normal -0.336535 0.941671 0
    outer loop
      vertex -36.6269 -56.4008 22.45
      vertex -36.717 -56.433 22.45
      vertex -36.717 -56.433 25
    endloop
  endfacet
  facet normal -0.336535 0.941671 0
    outer loop
      vertex -36.6269 -56.4008 7
      vertex -36.717 -56.433 22.45
      vertex -36.6269 -56.4008 22.45
    endloop
  endfacet
  facet normal -0.336535 0.941671 0
    outer loop
      vertex -36.717 -56.433 22.45
      vertex -36.6269 -56.4008 7
      vertex -36.717 -56.433 7
    endloop
  endfacet
  facet normal -0.803001 -0.595977 0
    outer loop
      vertex -36.1893 -54.9583 22.45
      vertex -36.2463 -54.8815 22.45
      vertex -36.2463 -54.8815 7
    endloop
  endfacet
  facet normal -0.803001 -0.595977 -0
    outer loop
      vertex -36.1893 -54.9583 22.45
      vertex -36.2463 -54.8815 7
      vertex -36.1893 -54.9583 7
    endloop
  endfacet
  facet normal -0.803001 -0.595977 0
    outer loop
      vertex -36.2463 -54.8815 22.45
      vertex -36.1893 -54.9583 22.45
      vertex -36.2463 -54.8815 25
    endloop
  endfacet
  facet normal -0.803001 -0.595977 0
    outer loop
      vertex -36.2463 -54.8815 25
      vertex -36.1893 -54.9583 22.45
      vertex -36.1893 -54.9583 25
    endloop
  endfacet
  facet normal -0.243519 0.969896 0
    outer loop
      vertex -36.717 -56.433 22.45
      vertex -36.8098 -56.4563 25
      vertex -36.717 -56.433 25
    endloop
  endfacet
  facet normal -0.243519 0.969896 0
    outer loop
      vertex -36.717 -56.433 22.45
      vertex -36.8098 -56.4563 22.45
      vertex -36.8098 -56.4563 25
    endloop
  endfacet
  facet normal -0.243519 0.969896 0
    outer loop
      vertex -36.717 -56.433 7
      vertex -36.8098 -56.4563 22.45
      vertex -36.717 -56.433 22.45
    endloop
  endfacet
  facet normal -0.243519 0.969896 0
    outer loop
      vertex -36.8098 -56.4563 22.45
      vertex -36.717 -56.433 7
      vertex -36.8098 -56.4563 7
    endloop
  endfacet
  facet normal -0.941671 -0.336535 0
    outer loop
      vertex -36.067 -55.217 22.45
      vertex -36.0992 -55.1269 22.45
      vertex -36.0992 -55.1269 7
    endloop
  endfacet
  facet normal -0.941671 -0.336535 -0
    outer loop
      vertex -36.067 -55.217 22.45
      vertex -36.0992 -55.1269 7
      vertex -36.067 -55.217 7
    endloop
  endfacet
  facet normal -0.941671 -0.336535 0
    outer loop
      vertex -36.0992 -55.1269 22.45
      vertex -36.067 -55.217 22.45
      vertex -36.0992 -55.1269 25
    endloop
  endfacet
  facet normal -0.941671 -0.336535 0
    outer loop
      vertex -36.0992 -55.1269 25
      vertex -36.067 -55.217 22.45
      vertex -36.067 -55.217 25
    endloop
  endfacet
  facet normal -0.671788 -0.740743 0
    outer loop
      vertex -36.3815 -54.7463 22.45
      vertex -36.3106 -54.8106 25
      vertex -36.3815 -54.7463 25
    endloop
  endfacet
  facet normal -0.671788 -0.740743 0
    outer loop
      vertex -36.3815 -54.7463 22.45
      vertex -36.3106 -54.8106 22.45
      vertex -36.3106 -54.8106 25
    endloop
  endfacet
  facet normal -0.671788 -0.740743 0
    outer loop
      vertex -36.3815 -54.7463 7
      vertex -36.3106 -54.8106 22.45
      vertex -36.3815 -54.7463 22.45
    endloop
  endfacet
  facet normal -0.671788 -0.740743 -0
    outer loop
      vertex -36.3106 -54.8106 22.45
      vertex -36.3815 -54.7463 7
      vertex -36.3106 -54.8106 7
    endloop
  endfacet
  facet normal -0.969896 0.243519 0
    outer loop
      vertex -36.067 -55.783 22.45
      vertex -36.0437 -55.6902 22.45
      vertex -36.0437 -55.6902 7
    endloop
  endfacet
  facet normal -0.969896 0.243519 0
    outer loop
      vertex -36.067 -55.783 22.45
      vertex -36.0437 -55.6902 7
      vertex -36.067 -55.783 7
    endloop
  endfacet
  facet normal -0.969896 0.243519 0
    outer loop
      vertex -36.0437 -55.6902 22.45
      vertex -36.067 -55.783 22.45
      vertex -36.0437 -55.6902 25
    endloop
  endfacet
  facet normal -0.969896 0.243519 0
    outer loop
      vertex -36.0437 -55.6902 25
      vertex -36.067 -55.783 22.45
      vertex -36.067 -55.783 25
    endloop
  endfacet
  facet normal -0.904036 0.427457 0
    outer loop
      vertex -36.1401 -55.9596 22.45
      vertex -36.0992 -55.8731 22.45
      vertex -36.0992 -55.8731 7
    endloop
  endfacet
  facet normal -0.904036 0.427457 0
    outer loop
      vertex -36.1401 -55.9596 22.45
      vertex -36.0992 -55.8731 7
      vertex -36.1401 -55.9596 7
    endloop
  endfacet
  facet normal -0.904036 0.427457 0
    outer loop
      vertex -36.0992 -55.8731 22.45
      vertex -36.1401 -55.9596 22.45
      vertex -36.0992 -55.8731 25
    endloop
  endfacet
  facet normal -0.904036 0.427457 0
    outer loop
      vertex -36.0992 -55.8731 25
      vertex -36.1401 -55.9596 22.45
      vertex -36.1401 -55.9596 25
    endloop
  endfacet
  facet normal -0.595977 -0.803001 0
    outer loop
      vertex -36.4583 -54.6893 22.45
      vertex -36.3815 -54.7463 25
      vertex -36.4583 -54.6893 25
    endloop
  endfacet
  facet normal -0.595977 -0.803001 0
    outer loop
      vertex -36.4583 -54.6893 22.45
      vertex -36.3815 -54.7463 22.45
      vertex -36.3815 -54.7463 25
    endloop
  endfacet
  facet normal -0.595977 -0.803001 0
    outer loop
      vertex -36.4583 -54.6893 7
      vertex -36.3815 -54.7463 22.45
      vertex -36.4583 -54.6893 22.45
    endloop
  endfacet
  facet normal -0.595977 -0.803001 -0
    outer loop
      vertex -36.3815 -54.7463 22.45
      vertex -36.4583 -54.6893 7
      vertex -36.3815 -54.7463 7
    endloop
  endfacet
  facet normal 0.740743 -0.671788 0
    outer loop
      vertex -37.7537 -54.8815 22.45
      vertex -37.6894 -54.8106 22.45
      vertex -37.6894 -54.8106 25
    endloop
  endfacet
  facet normal 0.740743 -0.671788 0
    outer loop
      vertex -37.7537 -54.8815 22.45
      vertex -37.6894 -54.8106 25
      vertex -37.7537 -54.8815 25
    endloop
  endfacet
  facet normal 0.740743 -0.671788 0
    outer loop
      vertex -37.6894 -54.8106 22.45
      vertex -37.7537 -54.8815 22.45
      vertex -37.6894 -54.8106 7
    endloop
  endfacet
  facet normal 0.740743 -0.671788 0
    outer loop
      vertex -37.6894 -54.8106 7
      vertex -37.7537 -54.8815 22.45
      vertex -37.7537 -54.8815 7
    endloop
  endfacet
  facet normal -0.857769 0.514035 0
    outer loop
      vertex -36.1893 -56.0417 22.45
      vertex -36.1401 -55.9596 22.45
      vertex -36.1401 -55.9596 7
    endloop
  endfacet
  facet normal -0.857769 0.514035 0
    outer loop
      vertex -36.1893 -56.0417 22.45
      vertex -36.1401 -55.9596 7
      vertex -36.1893 -56.0417 7
    endloop
  endfacet
  facet normal -0.857769 0.514035 0
    outer loop
      vertex -36.1401 -55.9596 22.45
      vertex -36.1893 -56.0417 22.45
      vertex -36.1401 -55.9596 25
    endloop
  endfacet
  facet normal -0.857769 0.514035 0
    outer loop
      vertex -36.1401 -55.9596 25
      vertex -36.1893 -56.0417 22.45
      vertex -36.1893 -56.0417 25
    endloop
  endfacet
  facet normal 0.857769 0.514035 0
    outer loop
      vertex -37.8107 -56.0417 22.45
      vertex -37.8599 -55.9596 22.45
      vertex -37.8599 -55.9596 25
    endloop
  endfacet
  facet normal 0.857769 0.514035 -0
    outer loop
      vertex -37.8107 -56.0417 22.45
      vertex -37.8599 -55.9596 25
      vertex -37.8107 -56.0417 25
    endloop
  endfacet
  facet normal 0.857769 0.514035 0
    outer loop
      vertex -37.8599 -55.9596 22.45
      vertex -37.8107 -56.0417 22.45
      vertex -37.8599 -55.9596 7
    endloop
  endfacet
  facet normal 0.857769 0.514035 0
    outer loop
      vertex -37.8599 -55.9596 7
      vertex -37.8107 -56.0417 22.45
      vertex -37.8107 -56.0417 7
    endloop
  endfacet
  facet normal -0.904036 -0.427457 0
    outer loop
      vertex -36.0992 -55.1269 22.45
      vertex -36.1401 -55.0404 22.45
      vertex -36.1401 -55.0404 7
    endloop
  endfacet
  facet normal -0.904036 -0.427457 -0
    outer loop
      vertex -36.0992 -55.1269 22.45
      vertex -36.1401 -55.0404 7
      vertex -36.0992 -55.1269 7
    endloop
  endfacet
  facet normal -0.904036 -0.427457 0
    outer loop
      vertex -36.1401 -55.0404 22.45
      vertex -36.0992 -55.1269 22.45
      vertex -36.1401 -55.0404 25
    endloop
  endfacet
  facet normal -0.904036 -0.427457 0
    outer loop
      vertex -36.1401 -55.0404 25
      vertex -36.0992 -55.1269 22.45
      vertex -36.0992 -55.1269 25
    endloop
  endfacet
  facet normal -0.243519 -0.969896 0
    outer loop
      vertex -36.8098 -54.5437 22.45
      vertex -36.717 -54.567 25
      vertex -36.8098 -54.5437 25
    endloop
  endfacet
  facet normal -0.243519 -0.969896 0
    outer loop
      vertex -36.8098 -54.5437 22.45
      vertex -36.717 -54.567 22.45
      vertex -36.717 -54.567 25
    endloop
  endfacet
  facet normal -0.243519 -0.969896 0
    outer loop
      vertex -36.8098 -54.5437 7
      vertex -36.717 -54.567 22.45
      vertex -36.8098 -54.5437 22.45
    endloop
  endfacet
  facet normal -0.243519 -0.969896 -0
    outer loop
      vertex -36.717 -54.567 22.45
      vertex -36.8098 -54.5437 7
      vertex -36.717 -54.567 7
    endloop
  endfacet
  facet normal -0.427457 0.904036 0
    outer loop
      vertex -36.5404 -56.3599 22.45
      vertex -36.6269 -56.4008 25
      vertex -36.5404 -56.3599 25
    endloop
  endfacet
  facet normal -0.427457 0.904036 0
    outer loop
      vertex -36.5404 -56.3599 22.45
      vertex -36.6269 -56.4008 22.45
      vertex -36.6269 -56.4008 25
    endloop
  endfacet
  facet normal -0.427457 0.904036 0
    outer loop
      vertex -36.5404 -56.3599 7
      vertex -36.6269 -56.4008 22.45
      vertex -36.5404 -56.3599 22.45
    endloop
  endfacet
  facet normal -0.427457 0.904036 0
    outer loop
      vertex -36.6269 -56.4008 22.45
      vertex -36.5404 -56.3599 7
      vertex -36.6269 -56.4008 7
    endloop
  endfacet
  facet normal -0.857769 -0.514035 0
    outer loop
      vertex -36.1401 -55.0404 22.45
      vertex -36.1893 -54.9583 22.45
      vertex -36.1893 -54.9583 7
    endloop
  endfacet
  facet normal -0.857769 -0.514035 -0
    outer loop
      vertex -36.1401 -55.0404 22.45
      vertex -36.1893 -54.9583 7
      vertex -36.1401 -55.0404 7
    endloop
  endfacet
  facet normal -0.857769 -0.514035 0
    outer loop
      vertex -36.1893 -54.9583 22.45
      vertex -36.1401 -55.0404 22.45
      vertex -36.1893 -54.9583 25
    endloop
  endfacet
  facet normal -0.857769 -0.514035 0
    outer loop
      vertex -36.1893 -54.9583 25
      vertex -36.1401 -55.0404 22.45
      vertex -36.1401 -55.0404 25
    endloop
  endfacet
  facet normal 0.969896 -0.243519 0
    outer loop
      vertex -37.9563 -55.3098 22.45
      vertex -37.933 -55.217 22.45
      vertex -37.933 -55.217 25
    endloop
  endfacet
  facet normal 0.969896 -0.243519 0
    outer loop
      vertex -37.9563 -55.3098 22.45
      vertex -37.933 -55.217 25
      vertex -37.9563 -55.3098 25
    endloop
  endfacet
  facet normal 0.969896 -0.243519 0
    outer loop
      vertex -37.933 -55.217 22.45
      vertex -37.9563 -55.3098 22.45
      vertex -37.933 -55.217 7
    endloop
  endfacet
  facet normal 0.969896 -0.243519 0
    outer loop
      vertex -37.933 -55.217 7
      vertex -37.9563 -55.3098 22.45
      vertex -37.9563 -55.3098 7
    endloop
  endfacet
  facet normal 0.671788 -0.740743 0
    outer loop
      vertex -37.6894 -54.8106 22.45
      vertex -37.6185 -54.7463 25
      vertex -37.6894 -54.8106 25
    endloop
  endfacet
  facet normal 0.671788 -0.740743 0
    outer loop
      vertex -37.6894 -54.8106 22.45
      vertex -37.6185 -54.7463 22.45
      vertex -37.6185 -54.7463 25
    endloop
  endfacet
  facet normal 0.671788 -0.740743 0
    outer loop
      vertex -37.6894 -54.8106 7
      vertex -37.6185 -54.7463 22.45
      vertex -37.6894 -54.8106 22.45
    endloop
  endfacet
  facet normal 0.671788 -0.740743 0
    outer loop
      vertex -37.6185 -54.7463 22.45
      vertex -37.6894 -54.8106 7
      vertex -37.6185 -54.7463 7
    endloop
  endfacet
  facet normal 0.989226 -0.146397 0
    outer loop
      vertex -37.9703 -55.4044 22.45
      vertex -37.9563 -55.3098 22.45
      vertex -37.9563 -55.3098 25
    endloop
  endfacet
  facet normal 0.989226 -0.146397 0
    outer loop
      vertex -37.9703 -55.4044 22.45
      vertex -37.9563 -55.3098 25
      vertex -37.9703 -55.4044 25
    endloop
  endfacet
  facet normal 0.989226 -0.146397 0
    outer loop
      vertex -37.9563 -55.3098 22.45
      vertex -37.9703 -55.4044 22.45
      vertex -37.9563 -55.3098 7
    endloop
  endfacet
  facet normal 0.989226 -0.146397 0
    outer loop
      vertex -37.9563 -55.3098 7
      vertex -37.9703 -55.4044 22.45
      vertex -37.9703 -55.4044 7
    endloop
  endfacet
  facet normal 0.427457 -0.904036 0
    outer loop
      vertex -37.4596 -54.6401 22.45
      vertex -37.3731 -54.5992 25
      vertex -37.4596 -54.6401 25
    endloop
  endfacet
  facet normal 0.427457 -0.904036 0
    outer loop
      vertex -37.4596 -54.6401 22.45
      vertex -37.3731 -54.5992 22.45
      vertex -37.3731 -54.5992 25
    endloop
  endfacet
  facet normal 0.427457 -0.904036 0
    outer loop
      vertex -37.4596 -54.6401 7
      vertex -37.3731 -54.5992 22.45
      vertex -37.4596 -54.6401 22.45
    endloop
  endfacet
  facet normal 0.427457 -0.904036 0
    outer loop
      vertex -37.3731 -54.5992 22.45
      vertex -37.4596 -54.6401 7
      vertex -37.3731 -54.5992 7
    endloop
  endfacet
  facet normal 0.336535 -0.941671 0
    outer loop
      vertex -37.3731 -54.5992 22.45
      vertex -37.283 -54.567 25
      vertex -37.3731 -54.5992 25
    endloop
  endfacet
  facet normal 0.336535 -0.941671 0
    outer loop
      vertex -37.3731 -54.5992 22.45
      vertex -37.283 -54.567 22.45
      vertex -37.283 -54.567 25
    endloop
  endfacet
  facet normal 0.336535 -0.941671 0
    outer loop
      vertex -37.3731 -54.5992 7
      vertex -37.283 -54.567 22.45
      vertex -37.3731 -54.5992 22.45
    endloop
  endfacet
  facet normal 0.336535 -0.941671 0
    outer loop
      vertex -37.283 -54.567 22.45
      vertex -37.3731 -54.5992 7
      vertex -37.283 -54.567 7
    endloop
  endfacet
  facet normal 0.998794 0.0491039 0
    outer loop
      vertex -37.9703 -55.5956 22.45
      vertex -37.975 -55.5 22.45
      vertex -37.975 -55.5 25
    endloop
  endfacet
  facet normal 0.998794 0.0491039 -0
    outer loop
      vertex -37.9703 -55.5956 22.45
      vertex -37.975 -55.5 25
      vertex -37.9703 -55.5956 25
    endloop
  endfacet
  facet normal 0.998794 0.0491039 0
    outer loop
      vertex -37.975 -55.5 22.45
      vertex -37.9703 -55.5956 22.45
      vertex -37.975 -55.5 7
    endloop
  endfacet
  facet normal 0.998794 0.0491039 0
    outer loop
      vertex -37.975 -55.5 7
      vertex -37.9703 -55.5956 22.45
      vertex -37.9703 -55.5956 7
    endloop
  endfacet
  facet normal 0.0491039 -0.998794 0
    outer loop
      vertex -37.0956 -54.5297 22.45
      vertex -37 -54.525 25
      vertex -37.0956 -54.5297 25
    endloop
  endfacet
  facet normal 0.0491039 -0.998794 0
    outer loop
      vertex -37.0956 -54.5297 22.45
      vertex -37 -54.525 22.45
      vertex -37 -54.525 25
    endloop
  endfacet
  facet normal 0.0491039 -0.998794 0
    outer loop
      vertex -37.0956 -54.5297 7
      vertex -37 -54.525 22.45
      vertex -37.0956 -54.5297 22.45
    endloop
  endfacet
  facet normal 0.0491039 -0.998794 0
    outer loop
      vertex -37 -54.525 22.45
      vertex -37.0956 -54.5297 7
      vertex -37 -54.525 7
    endloop
  endfacet
  facet normal 0.803001 -0.595977 0
    outer loop
      vertex -37.8107 -54.9583 22.45
      vertex -37.7537 -54.8815 22.45
      vertex -37.7537 -54.8815 25
    endloop
  endfacet
  facet normal 0.803001 -0.595977 0
    outer loop
      vertex -37.8107 -54.9583 22.45
      vertex -37.7537 -54.8815 25
      vertex -37.8107 -54.9583 25
    endloop
  endfacet
  facet normal 0.803001 -0.595977 0
    outer loop
      vertex -37.7537 -54.8815 22.45
      vertex -37.8107 -54.9583 22.45
      vertex -37.7537 -54.8815 7
    endloop
  endfacet
  facet normal 0.803001 -0.595977 0
    outer loop
      vertex -37.7537 -54.8815 7
      vertex -37.8107 -54.9583 22.45
      vertex -37.8107 -54.9583 7
    endloop
  endfacet
  facet normal 0.857769 -0.514035 0
    outer loop
      vertex -37.8599 -55.0404 22.45
      vertex -37.8107 -54.9583 22.45
      vertex -37.8107 -54.9583 25
    endloop
  endfacet
  facet normal 0.857769 -0.514035 0
    outer loop
      vertex -37.8599 -55.0404 22.45
      vertex -37.8107 -54.9583 25
      vertex -37.8599 -55.0404 25
    endloop
  endfacet
  facet normal 0.857769 -0.514035 0
    outer loop
      vertex -37.8107 -54.9583 22.45
      vertex -37.8599 -55.0404 22.45
      vertex -37.8107 -54.9583 7
    endloop
  endfacet
  facet normal 0.857769 -0.514035 0
    outer loop
      vertex -37.8107 -54.9583 7
      vertex -37.8599 -55.0404 22.45
      vertex -37.8599 -55.0404 7
    endloop
  endfacet
  facet normal 0.740743 0.671788 0
    outer loop
      vertex -37.6894 -56.1894 22.45
      vertex -37.7537 -56.1185 22.45
      vertex -37.7537 -56.1185 25
    endloop
  endfacet
  facet normal 0.740743 0.671788 -0
    outer loop
      vertex -37.6894 -56.1894 22.45
      vertex -37.7537 -56.1185 25
      vertex -37.6894 -56.1894 25
    endloop
  endfacet
  facet normal 0.740743 0.671788 0
    outer loop
      vertex -37.7537 -56.1185 22.45
      vertex -37.6894 -56.1894 22.45
      vertex -37.7537 -56.1185 7
    endloop
  endfacet
  facet normal 0.740743 0.671788 0
    outer loop
      vertex -37.7537 -56.1185 7
      vertex -37.6894 -56.1894 22.45
      vertex -37.6894 -56.1894 7
    endloop
  endfacet
  facet normal -0.989226 0.146397 0
    outer loop
      vertex -36.0437 -55.6902 22.45
      vertex -36.0297 -55.5956 22.45
      vertex -36.0297 -55.5956 7
    endloop
  endfacet
  facet normal -0.989226 0.146397 0
    outer loop
      vertex -36.0437 -55.6902 22.45
      vertex -36.0297 -55.5956 7
      vertex -36.0437 -55.6902 7
    endloop
  endfacet
  facet normal -0.989226 0.146397 0
    outer loop
      vertex -36.0297 -55.5956 22.45
      vertex -36.0437 -55.6902 22.45
      vertex -36.0297 -55.5956 25
    endloop
  endfacet
  facet normal -0.989226 0.146397 0
    outer loop
      vertex -36.0297 -55.5956 25
      vertex -36.0437 -55.6902 22.45
      vertex -36.0437 -55.6902 25
    endloop
  endfacet
  facet normal -0.998794 0.0491039 0
    outer loop
      vertex -36.0297 -55.5956 22.45
      vertex -36.025 -55.5 22.45
      vertex -36.025 -55.5 7
    endloop
  endfacet
  facet normal -0.998794 0.0491039 0
    outer loop
      vertex -36.0297 -55.5956 22.45
      vertex -36.025 -55.5 7
      vertex -36.0297 -55.5956 7
    endloop
  endfacet
  facet normal -0.998794 0.0491039 0
    outer loop
      vertex -36.025 -55.5 22.45
      vertex -36.0297 -55.5956 22.45
      vertex -36.025 -55.5 25
    endloop
  endfacet
  facet normal -0.998794 0.0491039 0
    outer loop
      vertex -36.025 -55.5 25
      vertex -36.0297 -55.5956 22.45
      vertex -36.0297 -55.5956 25
    endloop
  endfacet
  facet normal 0.989226 0.146397 0
    outer loop
      vertex -37.9563 -55.6902 22.45
      vertex -37.9703 -55.5956 22.45
      vertex -37.9703 -55.5956 25
    endloop
  endfacet
  facet normal 0.989226 0.146397 -0
    outer loop
      vertex -37.9563 -55.6902 22.45
      vertex -37.9703 -55.5956 25
      vertex -37.9563 -55.6902 25
    endloop
  endfacet
  facet normal 0.989226 0.146397 0
    outer loop
      vertex -37.9703 -55.5956 22.45
      vertex -37.9563 -55.6902 22.45
      vertex -37.9703 -55.5956 7
    endloop
  endfacet
  facet normal 0.989226 0.146397 0
    outer loop
      vertex -37.9703 -55.5956 7
      vertex -37.9563 -55.6902 22.45
      vertex -37.9563 -55.6902 7
    endloop
  endfacet
  facet normal -0.740743 -0.671788 0
    outer loop
      vertex -36.2463 -54.8815 22.45
      vertex -36.3106 -54.8106 22.45
      vertex -36.3106 -54.8106 7
    endloop
  endfacet
  facet normal -0.740743 -0.671788 -0
    outer loop
      vertex -36.2463 -54.8815 22.45
      vertex -36.3106 -54.8106 7
      vertex -36.2463 -54.8815 7
    endloop
  endfacet
  facet normal -0.740743 -0.671788 0
    outer loop
      vertex -36.3106 -54.8106 22.45
      vertex -36.2463 -54.8815 22.45
      vertex -36.3106 -54.8106 25
    endloop
  endfacet
  facet normal -0.740743 -0.671788 0
    outer loop
      vertex -36.3106 -54.8106 25
      vertex -36.2463 -54.8815 22.45
      vertex -36.2463 -54.8815 25
    endloop
  endfacet
  facet normal -0.941671 0.336535 0
    outer loop
      vertex -36.0992 -55.8731 22.45
      vertex -36.067 -55.783 22.45
      vertex -36.067 -55.783 7
    endloop
  endfacet
  facet normal -0.941671 0.336535 0
    outer loop
      vertex -36.0992 -55.8731 22.45
      vertex -36.067 -55.783 7
      vertex -36.0992 -55.8731 7
    endloop
  endfacet
  facet normal -0.941671 0.336535 0
    outer loop
      vertex -36.067 -55.783 22.45
      vertex -36.0992 -55.8731 22.45
      vertex -36.067 -55.783 25
    endloop
  endfacet
  facet normal -0.941671 0.336535 0
    outer loop
      vertex -36.067 -55.783 25
      vertex -36.0992 -55.8731 22.45
      vertex -36.0992 -55.8731 25
    endloop
  endfacet
  facet normal 0.671788 0.740743 -0
    outer loop
      vertex -37.6185 -56.2537 22.45
      vertex -37.6894 -56.1894 25
      vertex -37.6185 -56.2537 25
    endloop
  endfacet
  facet normal 0.671788 0.740743 0
    outer loop
      vertex -37.6185 -56.2537 22.45
      vertex -37.6894 -56.1894 22.45
      vertex -37.6894 -56.1894 25
    endloop
  endfacet
  facet normal 0.671788 0.740743 -0
    outer loop
      vertex -37.6185 -56.2537 7
      vertex -37.6894 -56.1894 22.45
      vertex -37.6185 -56.2537 22.45
    endloop
  endfacet
  facet normal 0.671788 0.740743 0
    outer loop
      vertex -37.6894 -56.1894 22.45
      vertex -37.6185 -56.2537 7
      vertex -37.6894 -56.1894 7
    endloop
  endfacet
  facet normal 0.904036 -0.427457 0
    outer loop
      vertex -37.9008 -55.1269 22.45
      vertex -37.8599 -55.0404 22.45
      vertex -37.8599 -55.0404 25
    endloop
  endfacet
  facet normal 0.904036 -0.427457 0
    outer loop
      vertex -37.9008 -55.1269 22.45
      vertex -37.8599 -55.0404 25
      vertex -37.9008 -55.1269 25
    endloop
  endfacet
  facet normal 0.904036 -0.427457 0
    outer loop
      vertex -37.8599 -55.0404 22.45
      vertex -37.9008 -55.1269 22.45
      vertex -37.8599 -55.0404 7
    endloop
  endfacet
  facet normal 0.904036 -0.427457 0
    outer loop
      vertex -37.8599 -55.0404 7
      vertex -37.9008 -55.1269 22.45
      vertex -37.9008 -55.1269 7
    endloop
  endfacet
  facet normal 0.336535 0.941671 -0
    outer loop
      vertex -37.283 -56.433 22.45
      vertex -37.3731 -56.4008 25
      vertex -37.283 -56.433 25
    endloop
  endfacet
  facet normal 0.336535 0.941671 0
    outer loop
      vertex -37.283 -56.433 22.45
      vertex -37.3731 -56.4008 22.45
      vertex -37.3731 -56.4008 25
    endloop
  endfacet
  facet normal 0.336535 0.941671 -0
    outer loop
      vertex -37.283 -56.433 7
      vertex -37.3731 -56.4008 22.45
      vertex -37.283 -56.433 22.45
    endloop
  endfacet
  facet normal 0.336535 0.941671 0
    outer loop
      vertex -37.3731 -56.4008 22.45
      vertex -37.283 -56.433 7
      vertex -37.3731 -56.4008 7
    endloop
  endfacet
  facet normal 0.0491039 0.998794 -0
    outer loop
      vertex -37 -56.475 22.45
      vertex -37.0956 -56.4703 25
      vertex -37 -56.475 25
    endloop
  endfacet
  facet normal 0.0491039 0.998794 0
    outer loop
      vertex -37 -56.475 22.45
      vertex -37.0956 -56.4703 22.45
      vertex -37.0956 -56.4703 25
    endloop
  endfacet
  facet normal 0.0491039 0.998794 -0
    outer loop
      vertex -37 -56.475 7
      vertex -37.0956 -56.4703 22.45
      vertex -37 -56.475 22.45
    endloop
  endfacet
  facet normal 0.0491039 0.998794 0
    outer loop
      vertex -37.0956 -56.4703 22.45
      vertex -37 -56.475 7
      vertex -37.0956 -56.4703 7
    endloop
  endfacet
  facet normal 0.998794 -0.0491039 0
    outer loop
      vertex -37.975 -55.5 22.45
      vertex -37.9703 -55.4044 22.45
      vertex -37.9703 -55.4044 25
    endloop
  endfacet
  facet normal 0.998794 -0.0491039 0
    outer loop
      vertex -37.975 -55.5 22.45
      vertex -37.9703 -55.4044 25
      vertex -37.975 -55.5 25
    endloop
  endfacet
  facet normal 0.998794 -0.0491039 0
    outer loop
      vertex -37.9703 -55.4044 22.45
      vertex -37.975 -55.5 22.45
      vertex -37.9703 -55.4044 7
    endloop
  endfacet
  facet normal 0.998794 -0.0491039 0
    outer loop
      vertex -37.9703 -55.4044 7
      vertex -37.975 -55.5 22.45
      vertex -37.975 -55.5 7
    endloop
  endfacet
  facet normal -0.740743 0.671788 0
    outer loop
      vertex -36.3106 -56.1894 22.45
      vertex -36.2463 -56.1185 22.45
      vertex -36.2463 -56.1185 7
    endloop
  endfacet
  facet normal -0.740743 0.671788 0
    outer loop
      vertex -36.3106 -56.1894 22.45
      vertex -36.2463 -56.1185 7
      vertex -36.3106 -56.1894 7
    endloop
  endfacet
  facet normal -0.740743 0.671788 0
    outer loop
      vertex -36.2463 -56.1185 22.45
      vertex -36.3106 -56.1894 22.45
      vertex -36.2463 -56.1185 25
    endloop
  endfacet
  facet normal -0.740743 0.671788 0
    outer loop
      vertex -36.2463 -56.1185 25
      vertex -36.3106 -56.1894 22.45
      vertex -36.3106 -56.1894 25
    endloop
  endfacet
  facet normal -0.671788 0.740743 0
    outer loop
      vertex -36.3106 -56.1894 22.45
      vertex -36.3815 -56.2537 25
      vertex -36.3106 -56.1894 25
    endloop
  endfacet
  facet normal -0.671788 0.740743 0
    outer loop
      vertex -36.3106 -56.1894 22.45
      vertex -36.3815 -56.2537 22.45
      vertex -36.3815 -56.2537 25
    endloop
  endfacet
  facet normal -0.671788 0.740743 0
    outer loop
      vertex -36.3106 -56.1894 7
      vertex -36.3815 -56.2537 22.45
      vertex -36.3106 -56.1894 22.45
    endloop
  endfacet
  facet normal -0.671788 0.740743 0
    outer loop
      vertex -36.3815 -56.2537 22.45
      vertex -36.3106 -56.1894 7
      vertex -36.3815 -56.2537 7
    endloop
  endfacet
  facet normal -0.989226 -0.146397 0
    outer loop
      vertex -36.0297 55.5956 22.45
      vertex -36.0437 55.6902 22.45
      vertex -36.0437 55.6902 7
    endloop
  endfacet
  facet normal -0.989226 -0.146397 -0
    outer loop
      vertex -36.0297 55.5956 22.45
      vertex -36.0437 55.6902 7
      vertex -36.0297 55.5956 7
    endloop
  endfacet
  facet normal -0.989226 -0.146397 0
    outer loop
      vertex -36.0437 55.6902 22.45
      vertex -36.0297 55.5956 22.45
      vertex -36.0437 55.6902 25
    endloop
  endfacet
  facet normal -0.989226 -0.146397 0
    outer loop
      vertex -36.0437 55.6902 25
      vertex -36.0297 55.5956 22.45
      vertex -36.0297 55.5956 25
    endloop
  endfacet
  facet normal -0.998794 -0.0491039 0
    outer loop
      vertex -36.025 55.5 22.45
      vertex -36.0297 55.5956 22.45
      vertex -36.0297 55.5956 7
    endloop
  endfacet
  facet normal -0.998794 -0.0491039 -0
    outer loop
      vertex -36.025 55.5 22.45
      vertex -36.0297 55.5956 7
      vertex -36.025 55.5 7
    endloop
  endfacet
  facet normal -0.998794 -0.0491039 0
    outer loop
      vertex -36.0297 55.5956 22.45
      vertex -36.025 55.5 22.45
      vertex -36.0297 55.5956 25
    endloop
  endfacet
  facet normal -0.998794 -0.0491039 0
    outer loop
      vertex -36.0297 55.5956 25
      vertex -36.025 55.5 22.45
      vertex -36.025 55.5 25
    endloop
  endfacet
  facet normal -0.969896 -0.243519 0
    outer loop
      vertex -36.0437 55.6902 22.45
      vertex -36.067 55.783 22.45
      vertex -36.067 55.783 7
    endloop
  endfacet
  facet normal -0.969896 -0.243519 -0
    outer loop
      vertex -36.0437 55.6902 22.45
      vertex -36.067 55.783 7
      vertex -36.0437 55.6902 7
    endloop
  endfacet
  facet normal -0.969896 -0.243519 0
    outer loop
      vertex -36.067 55.783 22.45
      vertex -36.0437 55.6902 22.45
      vertex -36.067 55.783 25
    endloop
  endfacet
  facet normal -0.969896 -0.243519 0
    outer loop
      vertex -36.067 55.783 25
      vertex -36.0437 55.6902 22.45
      vertex -36.0437 55.6902 25
    endloop
  endfacet
  facet normal -0.857769 0.514035 0
    outer loop
      vertex -36.1893 54.9583 22.45
      vertex -36.1401 55.0404 22.45
      vertex -36.1401 55.0404 7
    endloop
  endfacet
  facet normal -0.857769 0.514035 0
    outer loop
      vertex -36.1893 54.9583 22.45
      vertex -36.1401 55.0404 7
      vertex -36.1893 54.9583 7
    endloop
  endfacet
  facet normal -0.857769 0.514035 0
    outer loop
      vertex -36.1401 55.0404 22.45
      vertex -36.1893 54.9583 22.45
      vertex -36.1401 55.0404 25
    endloop
  endfacet
  facet normal -0.857769 0.514035 0
    outer loop
      vertex -36.1401 55.0404 25
      vertex -36.1893 54.9583 22.45
      vertex -36.1893 54.9583 25
    endloop
  endfacet
  facet normal -0.671788 -0.740743 0
    outer loop
      vertex -36.3815 56.2537 22.45
      vertex -36.3106 56.1894 25
      vertex -36.3815 56.2537 25
    endloop
  endfacet
  facet normal -0.671788 -0.740743 0
    outer loop
      vertex -36.3815 56.2537 22.45
      vertex -36.3106 56.1894 22.45
      vertex -36.3106 56.1894 25
    endloop
  endfacet
  facet normal -0.671788 -0.740743 0
    outer loop
      vertex -36.3815 56.2537 7
      vertex -36.3106 56.1894 22.45
      vertex -36.3815 56.2537 22.45
    endloop
  endfacet
  facet normal -0.671788 -0.740743 -0
    outer loop
      vertex -36.3106 56.1894 22.45
      vertex -36.3815 56.2537 7
      vertex -36.3106 56.1894 7
    endloop
  endfacet
  facet normal -0.595977 -0.803001 0
    outer loop
      vertex -36.4583 56.3107 22.45
      vertex -36.3815 56.2537 25
      vertex -36.4583 56.3107 25
    endloop
  endfacet
  facet normal -0.595977 -0.803001 0
    outer loop
      vertex -36.4583 56.3107 22.45
      vertex -36.3815 56.2537 22.45
      vertex -36.3815 56.2537 25
    endloop
  endfacet
  facet normal -0.595977 -0.803001 0
    outer loop
      vertex -36.4583 56.3107 7
      vertex -36.3815 56.2537 22.45
      vertex -36.4583 56.3107 22.45
    endloop
  endfacet
  facet normal -0.595977 -0.803001 -0
    outer loop
      vertex -36.3815 56.2537 22.45
      vertex -36.4583 56.3107 7
      vertex -36.3815 56.2537 7
    endloop
  endfacet
  facet normal -0.336535 0.941671 0
    outer loop
      vertex -36.6269 54.5992 22.45
      vertex -36.717 54.567 25
      vertex -36.6269 54.5992 25
    endloop
  endfacet
  facet normal -0.336535 0.941671 0
    outer loop
      vertex -36.6269 54.5992 22.45
      vertex -36.717 54.567 22.45
      vertex -36.717 54.567 25
    endloop
  endfacet
  facet normal -0.336535 0.941671 0
    outer loop
      vertex -36.6269 54.5992 7
      vertex -36.717 54.567 22.45
      vertex -36.6269 54.5992 22.45
    endloop
  endfacet
  facet normal -0.336535 0.941671 0
    outer loop
      vertex -36.717 54.567 22.45
      vertex -36.6269 54.5992 7
      vertex -36.717 54.567 7
    endloop
  endfacet
  facet normal 0.0491039 0.998794 -0
    outer loop
      vertex -37 54.525 22.45
      vertex -37.0956 54.5297 25
      vertex -37 54.525 25
    endloop
  endfacet
  facet normal 0.0491039 0.998794 0
    outer loop
      vertex -37 54.525 22.45
      vertex -37.0956 54.5297 22.45
      vertex -37.0956 54.5297 25
    endloop
  endfacet
  facet normal 0.0491039 0.998794 -0
    outer loop
      vertex -37 54.525 7
      vertex -37.0956 54.5297 22.45
      vertex -37 54.525 22.45
    endloop
  endfacet
  facet normal 0.0491039 0.998794 0
    outer loop
      vertex -37.0956 54.5297 22.45
      vertex -37 54.525 7
      vertex -37.0956 54.5297 7
    endloop
  endfacet
  facet normal 0.989226 -0.146397 0
    outer loop
      vertex -37.9703 55.5956 22.45
      vertex -37.9563 55.6902 22.45
      vertex -37.9563 55.6902 25
    endloop
  endfacet
  facet normal 0.989226 -0.146397 0
    outer loop
      vertex -37.9703 55.5956 22.45
      vertex -37.9563 55.6902 25
      vertex -37.9703 55.5956 25
    endloop
  endfacet
  facet normal 0.989226 -0.146397 0
    outer loop
      vertex -37.9563 55.6902 22.45
      vertex -37.9703 55.5956 22.45
      vertex -37.9563 55.6902 7
    endloop
  endfacet
  facet normal 0.989226 -0.146397 0
    outer loop
      vertex -37.9563 55.6902 7
      vertex -37.9703 55.5956 22.45
      vertex -37.9703 55.5956 7
    endloop
  endfacet
  facet normal -0.740743 0.671788 0
    outer loop
      vertex -36.3106 54.8106 22.45
      vertex -36.2463 54.8815 22.45
      vertex -36.2463 54.8815 7
    endloop
  endfacet
  facet normal -0.740743 0.671788 0
    outer loop
      vertex -36.3106 54.8106 22.45
      vertex -36.2463 54.8815 7
      vertex -36.3106 54.8106 7
    endloop
  endfacet
  facet normal -0.740743 0.671788 0
    outer loop
      vertex -36.2463 54.8815 22.45
      vertex -36.3106 54.8106 22.45
      vertex -36.2463 54.8815 25
    endloop
  endfacet
  facet normal -0.740743 0.671788 0
    outer loop
      vertex -36.2463 54.8815 25
      vertex -36.3106 54.8106 22.45
      vertex -36.3106 54.8106 25
    endloop
  endfacet
  facet normal -0.243519 -0.969896 0
    outer loop
      vertex -36.8098 56.4563 22.45
      vertex -36.717 56.433 25
      vertex -36.8098 56.4563 25
    endloop
  endfacet
  facet normal -0.243519 -0.969896 0
    outer loop
      vertex -36.8098 56.4563 22.45
      vertex -36.717 56.433 22.45
      vertex -36.717 56.433 25
    endloop
  endfacet
  facet normal -0.243519 -0.969896 0
    outer loop
      vertex -36.8098 56.4563 7
      vertex -36.717 56.433 22.45
      vertex -36.8098 56.4563 22.45
    endloop
  endfacet
  facet normal -0.243519 -0.969896 -0
    outer loop
      vertex -36.717 56.433 22.45
      vertex -36.8098 56.4563 7
      vertex -36.717 56.433 7
    endloop
  endfacet
  facet normal 0.941671 -0.336535 0
    outer loop
      vertex -37.933 55.783 22.45
      vertex -37.9008 55.8731 22.45
      vertex -37.9008 55.8731 25
    endloop
  endfacet
  facet normal 0.941671 -0.336535 0
    outer loop
      vertex -37.933 55.783 22.45
      vertex -37.9008 55.8731 25
      vertex -37.933 55.783 25
    endloop
  endfacet
  facet normal 0.941671 -0.336535 0
    outer loop
      vertex -37.9008 55.8731 22.45
      vertex -37.933 55.783 22.45
      vertex -37.9008 55.8731 7
    endloop
  endfacet
  facet normal 0.941671 -0.336535 0
    outer loop
      vertex -37.9008 55.8731 7
      vertex -37.933 55.783 22.45
      vertex -37.933 55.783 7
    endloop
  endfacet
  facet normal -0.803001 0.595977 0
    outer loop
      vertex -36.2463 54.8815 22.45
      vertex -36.1893 54.9583 22.45
      vertex -36.1893 54.9583 7
    endloop
  endfacet
  facet normal -0.803001 0.595977 0
    outer loop
      vertex -36.2463 54.8815 22.45
      vertex -36.1893 54.9583 7
      vertex -36.2463 54.8815 7
    endloop
  endfacet
  facet normal -0.803001 0.595977 0
    outer loop
      vertex -36.1893 54.9583 22.45
      vertex -36.2463 54.8815 22.45
      vertex -36.1893 54.9583 25
    endloop
  endfacet
  facet normal -0.803001 0.595977 0
    outer loop
      vertex -36.1893 54.9583 25
      vertex -36.2463 54.8815 22.45
      vertex -36.2463 54.8815 25
    endloop
  endfacet
  facet normal 0.243519 -0.969896 0
    outer loop
      vertex -37.283 56.433 22.45
      vertex -37.1902 56.4563 25
      vertex -37.283 56.433 25
    endloop
  endfacet
  facet normal 0.243519 -0.969896 0
    outer loop
      vertex -37.283 56.433 22.45
      vertex -37.1902 56.4563 22.45
      vertex -37.1902 56.4563 25
    endloop
  endfacet
  facet normal 0.243519 -0.969896 0
    outer loop
      vertex -37.283 56.433 7
      vertex -37.1902 56.4563 22.45
      vertex -37.283 56.433 22.45
    endloop
  endfacet
  facet normal 0.243519 -0.969896 0
    outer loop
      vertex -37.1902 56.4563 22.45
      vertex -37.283 56.433 7
      vertex -37.1902 56.4563 7
    endloop
  endfacet
  facet normal 0.595977 -0.803001 0
    outer loop
      vertex -37.6185 56.2537 22.45
      vertex -37.5417 56.3107 25
      vertex -37.6185 56.2537 25
    endloop
  endfacet
  facet normal 0.595977 -0.803001 0
    outer loop
      vertex -37.6185 56.2537 22.45
      vertex -37.5417 56.3107 22.45
      vertex -37.5417 56.3107 25
    endloop
  endfacet
  facet normal 0.595977 -0.803001 0
    outer loop
      vertex -37.6185 56.2537 7
      vertex -37.5417 56.3107 22.45
      vertex -37.6185 56.2537 22.45
    endloop
  endfacet
  facet normal 0.595977 -0.803001 0
    outer loop
      vertex -37.5417 56.3107 22.45
      vertex -37.6185 56.2537 7
      vertex -37.5417 56.3107 7
    endloop
  endfacet
  facet normal 0.336535 0.941671 -0
    outer loop
      vertex -37.283 54.567 22.45
      vertex -37.3731 54.5992 25
      vertex -37.283 54.567 25
    endloop
  endfacet
  facet normal 0.336535 0.941671 0
    outer loop
      vertex -37.283 54.567 22.45
      vertex -37.3731 54.5992 22.45
      vertex -37.3731 54.5992 25
    endloop
  endfacet
  facet normal 0.336535 0.941671 -0
    outer loop
      vertex -37.283 54.567 7
      vertex -37.3731 54.5992 22.45
      vertex -37.283 54.567 22.45
    endloop
  endfacet
  facet normal 0.336535 0.941671 0
    outer loop
      vertex -37.3731 54.5992 22.45
      vertex -37.283 54.567 7
      vertex -37.3731 54.5992 7
    endloop
  endfacet
  facet normal -0.514035 -0.857769 0
    outer loop
      vertex -36.5404 56.3599 22.45
      vertex -36.4583 56.3107 25
      vertex -36.5404 56.3599 25
    endloop
  endfacet
  facet normal -0.514035 -0.857769 0
    outer loop
      vertex -36.5404 56.3599 22.45
      vertex -36.4583 56.3107 22.45
      vertex -36.4583 56.3107 25
    endloop
  endfacet
  facet normal -0.514035 -0.857769 0
    outer loop
      vertex -36.5404 56.3599 7
      vertex -36.4583 56.3107 22.45
      vertex -36.5404 56.3599 22.45
    endloop
  endfacet
  facet normal -0.514035 -0.857769 -0
    outer loop
      vertex -36.4583 56.3107 22.45
      vertex -36.5404 56.3599 7
      vertex -36.4583 56.3107 7
    endloop
  endfacet
  facet normal 0.969896 0.243519 0
    outer loop
      vertex -37.933 55.217 22.45
      vertex -37.9563 55.3098 22.45
      vertex -37.9563 55.3098 25
    endloop
  endfacet
  facet normal 0.969896 0.243519 -0
    outer loop
      vertex -37.933 55.217 22.45
      vertex -37.9563 55.3098 25
      vertex -37.933 55.217 25
    endloop
  endfacet
  facet normal 0.969896 0.243519 0
    outer loop
      vertex -37.9563 55.3098 22.45
      vertex -37.933 55.217 22.45
      vertex -37.9563 55.3098 7
    endloop
  endfacet
  facet normal 0.969896 0.243519 0
    outer loop
      vertex -37.9563 55.3098 7
      vertex -37.933 55.217 22.45
      vertex -37.933 55.217 7
    endloop
  endfacet
  facet normal -0.0491039 0.998794 0
    outer loop
      vertex -36.9044 54.5297 22.45
      vertex -37 54.525 25
      vertex -36.9044 54.5297 25
    endloop
  endfacet
  facet normal -0.0491039 0.998794 0
    outer loop
      vertex -36.9044 54.5297 22.45
      vertex -37 54.525 22.45
      vertex -37 54.525 25
    endloop
  endfacet
  facet normal -0.0491039 0.998794 0
    outer loop
      vertex -36.9044 54.5297 7
      vertex -37 54.525 22.45
      vertex -36.9044 54.5297 22.45
    endloop
  endfacet
  facet normal -0.0491039 0.998794 0
    outer loop
      vertex -37 54.525 22.45
      vertex -36.9044 54.5297 7
      vertex -37 54.525 7
    endloop
  endfacet
  facet normal 0.336535 -0.941671 0
    outer loop
      vertex -37.3731 56.4008 22.45
      vertex -37.283 56.433 25
      vertex -37.3731 56.4008 25
    endloop
  endfacet
  facet normal 0.336535 -0.941671 0
    outer loop
      vertex -37.3731 56.4008 22.45
      vertex -37.283 56.433 22.45
      vertex -37.283 56.433 25
    endloop
  endfacet
  facet normal 0.336535 -0.941671 0
    outer loop
      vertex -37.3731 56.4008 7
      vertex -37.283 56.433 22.45
      vertex -37.3731 56.4008 22.45
    endloop
  endfacet
  facet normal 0.336535 -0.941671 0
    outer loop
      vertex -37.283 56.433 22.45
      vertex -37.3731 56.4008 7
      vertex -37.283 56.433 7
    endloop
  endfacet
  facet normal -0.740743 -0.671788 0
    outer loop
      vertex -36.2463 56.1185 22.45
      vertex -36.3106 56.1894 22.45
      vertex -36.3106 56.1894 7
    endloop
  endfacet
  facet normal -0.740743 -0.671788 -0
    outer loop
      vertex -36.2463 56.1185 22.45
      vertex -36.3106 56.1894 7
      vertex -36.2463 56.1185 7
    endloop
  endfacet
  facet normal -0.740743 -0.671788 0
    outer loop
      vertex -36.3106 56.1894 22.45
      vertex -36.2463 56.1185 22.45
      vertex -36.3106 56.1894 25
    endloop
  endfacet
  facet normal -0.740743 -0.671788 0
    outer loop
      vertex -36.3106 56.1894 25
      vertex -36.2463 56.1185 22.45
      vertex -36.2463 56.1185 25
    endloop
  endfacet
  facet normal -0.803001 -0.595977 0
    outer loop
      vertex -36.1893 56.0417 22.45
      vertex -36.2463 56.1185 22.45
      vertex -36.2463 56.1185 7
    endloop
  endfacet
  facet normal -0.803001 -0.595977 -0
    outer loop
      vertex -36.1893 56.0417 22.45
      vertex -36.2463 56.1185 7
      vertex -36.1893 56.0417 7
    endloop
  endfacet
  facet normal -0.803001 -0.595977 0
    outer loop
      vertex -36.2463 56.1185 22.45
      vertex -36.1893 56.0417 22.45
      vertex -36.2463 56.1185 25
    endloop
  endfacet
  facet normal -0.803001 -0.595977 0
    outer loop
      vertex -36.2463 56.1185 25
      vertex -36.1893 56.0417 22.45
      vertex -36.1893 56.0417 25
    endloop
  endfacet
  facet normal 0.671788 -0.740743 0
    outer loop
      vertex -37.6894 56.1894 22.45
      vertex -37.6185 56.2537 25
      vertex -37.6894 56.1894 25
    endloop
  endfacet
  facet normal 0.671788 -0.740743 0
    outer loop
      vertex -37.6894 56.1894 22.45
      vertex -37.6185 56.2537 22.45
      vertex -37.6185 56.2537 25
    endloop
  endfacet
  facet normal 0.671788 -0.740743 0
    outer loop
      vertex -37.6894 56.1894 7
      vertex -37.6185 56.2537 22.45
      vertex -37.6894 56.1894 22.45
    endloop
  endfacet
  facet normal 0.671788 -0.740743 0
    outer loop
      vertex -37.6185 56.2537 22.45
      vertex -37.6894 56.1894 7
      vertex -37.6185 56.2537 7
    endloop
  endfacet
  facet normal -0.969896 0.243519 0
    outer loop
      vertex -36.067 55.217 22.45
      vertex -36.0437 55.3098 22.45
      vertex -36.0437 55.3098 7
    endloop
  endfacet
  facet normal -0.969896 0.243519 0
    outer loop
      vertex -36.067 55.217 22.45
      vertex -36.0437 55.3098 7
      vertex -36.067 55.217 7
    endloop
  endfacet
  facet normal -0.969896 0.243519 0
    outer loop
      vertex -36.0437 55.3098 22.45
      vertex -36.067 55.217 22.45
      vertex -36.0437 55.3098 25
    endloop
  endfacet
  facet normal -0.969896 0.243519 0
    outer loop
      vertex -36.0437 55.3098 25
      vertex -36.067 55.217 22.45
      vertex -36.067 55.217 25
    endloop
  endfacet
  facet normal -0.427457 0.904036 0
    outer loop
      vertex -36.5404 54.6401 22.45
      vertex -36.6269 54.5992 25
      vertex -36.5404 54.6401 25
    endloop
  endfacet
  facet normal -0.427457 0.904036 0
    outer loop
      vertex -36.5404 54.6401 22.45
      vertex -36.6269 54.5992 22.45
      vertex -36.6269 54.5992 25
    endloop
  endfacet
  facet normal -0.427457 0.904036 0
    outer loop
      vertex -36.5404 54.6401 7
      vertex -36.6269 54.5992 22.45
      vertex -36.5404 54.6401 22.45
    endloop
  endfacet
  facet normal -0.427457 0.904036 0
    outer loop
      vertex -36.6269 54.5992 22.45
      vertex -36.5404 54.6401 7
      vertex -36.6269 54.5992 7
    endloop
  endfacet
  facet normal -0.336535 -0.941671 0
    outer loop
      vertex -36.717 56.433 22.45
      vertex -36.6269 56.4008 25
      vertex -36.717 56.433 25
    endloop
  endfacet
  facet normal -0.336535 -0.941671 0
    outer loop
      vertex -36.717 56.433 22.45
      vertex -36.6269 56.4008 22.45
      vertex -36.6269 56.4008 25
    endloop
  endfacet
  facet normal -0.336535 -0.941671 0
    outer loop
      vertex -36.717 56.433 7
      vertex -36.6269 56.4008 22.45
      vertex -36.717 56.433 22.45
    endloop
  endfacet
  facet normal -0.336535 -0.941671 -0
    outer loop
      vertex -36.6269 56.4008 22.45
      vertex -36.717 56.433 7
      vertex -36.6269 56.4008 7
    endloop
  endfacet
  facet normal 0.989226 0.146397 0
    outer loop
      vertex -37.9563 55.3098 22.45
      vertex -37.9703 55.4044 22.45
      vertex -37.9703 55.4044 25
    endloop
  endfacet
  facet normal 0.989226 0.146397 -0
    outer loop
      vertex -37.9563 55.3098 22.45
      vertex -37.9703 55.4044 25
      vertex -37.9563 55.3098 25
    endloop
  endfacet
  facet normal 0.989226 0.146397 0
    outer loop
      vertex -37.9703 55.4044 22.45
      vertex -37.9563 55.3098 22.45
      vertex -37.9703 55.4044 7
    endloop
  endfacet
  facet normal 0.989226 0.146397 0
    outer loop
      vertex -37.9703 55.4044 7
      vertex -37.9563 55.3098 22.45
      vertex -37.9563 55.3098 7
    endloop
  endfacet
  facet normal 0.514035 -0.857769 0
    outer loop
      vertex -37.5417 56.3107 22.45
      vertex -37.4596 56.3599 25
      vertex -37.5417 56.3107 25
    endloop
  endfacet
  facet normal 0.514035 -0.857769 0
    outer loop
      vertex -37.5417 56.3107 22.45
      vertex -37.4596 56.3599 22.45
      vertex -37.4596 56.3599 25
    endloop
  endfacet
  facet normal 0.514035 -0.857769 0
    outer loop
      vertex -37.5417 56.3107 7
      vertex -37.4596 56.3599 22.45
      vertex -37.5417 56.3107 22.45
    endloop
  endfacet
  facet normal 0.514035 -0.857769 0
    outer loop
      vertex -37.4596 56.3599 22.45
      vertex -37.5417 56.3107 7
      vertex -37.4596 56.3599 7
    endloop
  endfacet
  facet normal 0.904036 -0.427457 0
    outer loop
      vertex -37.9008 55.8731 22.45
      vertex -37.8599 55.9596 22.45
      vertex -37.8599 55.9596 25
    endloop
  endfacet
  facet normal 0.904036 -0.427457 0
    outer loop
      vertex -37.9008 55.8731 22.45
      vertex -37.8599 55.9596 25
      vertex -37.9008 55.8731 25
    endloop
  endfacet
  facet normal 0.904036 -0.427457 0
    outer loop
      vertex -37.8599 55.9596 22.45
      vertex -37.9008 55.8731 22.45
      vertex -37.8599 55.9596 7
    endloop
  endfacet
  facet normal 0.904036 -0.427457 0
    outer loop
      vertex -37.8599 55.9596 7
      vertex -37.9008 55.8731 22.45
      vertex -37.9008 55.8731 7
    endloop
  endfacet
  facet normal 0.243519 0.969896 -0
    outer loop
      vertex -37.1902 54.5437 22.45
      vertex -37.283 54.567 25
      vertex -37.1902 54.5437 25
    endloop
  endfacet
  facet normal 0.243519 0.969896 0
    outer loop
      vertex -37.1902 54.5437 22.45
      vertex -37.283 54.567 22.45
      vertex -37.283 54.567 25
    endloop
  endfacet
  facet normal 0.243519 0.969896 -0
    outer loop
      vertex -37.1902 54.5437 7
      vertex -37.283 54.567 22.45
      vertex -37.1902 54.5437 22.45
    endloop
  endfacet
  facet normal 0.243519 0.969896 0
    outer loop
      vertex -37.283 54.567 22.45
      vertex -37.1902 54.5437 7
      vertex -37.283 54.567 7
    endloop
  endfacet
  facet normal 0.803001 -0.595977 0
    outer loop
      vertex -37.8107 56.0417 22.45
      vertex -37.7537 56.1185 22.45
      vertex -37.7537 56.1185 25
    endloop
  endfacet
  facet normal 0.803001 -0.595977 0
    outer loop
      vertex -37.8107 56.0417 22.45
      vertex -37.7537 56.1185 25
      vertex -37.8107 56.0417 25
    endloop
  endfacet
  facet normal 0.803001 -0.595977 0
    outer loop
      vertex -37.7537 56.1185 22.45
      vertex -37.8107 56.0417 22.45
      vertex -37.7537 56.1185 7
    endloop
  endfacet
  facet normal 0.803001 -0.595977 0
    outer loop
      vertex -37.7537 56.1185 7
      vertex -37.8107 56.0417 22.45
      vertex -37.8107 56.0417 7
    endloop
  endfacet
  facet normal -0.427457 -0.904036 0
    outer loop
      vertex -36.6269 56.4008 22.45
      vertex -36.5404 56.3599 25
      vertex -36.6269 56.4008 25
    endloop
  endfacet
  facet normal -0.427457 -0.904036 0
    outer loop
      vertex -36.6269 56.4008 22.45
      vertex -36.5404 56.3599 22.45
      vertex -36.5404 56.3599 25
    endloop
  endfacet
  facet normal -0.427457 -0.904036 0
    outer loop
      vertex -36.6269 56.4008 7
      vertex -36.5404 56.3599 22.45
      vertex -36.6269 56.4008 22.45
    endloop
  endfacet
  facet normal -0.427457 -0.904036 -0
    outer loop
      vertex -36.5404 56.3599 22.45
      vertex -36.6269 56.4008 7
      vertex -36.5404 56.3599 7
    endloop
  endfacet
  facet normal -0.941671 0.336535 0
    outer loop
      vertex -36.0992 55.1269 22.45
      vertex -36.067 55.217 22.45
      vertex -36.067 55.217 7
    endloop
  endfacet
  facet normal -0.941671 0.336535 0
    outer loop
      vertex -36.0992 55.1269 22.45
      vertex -36.067 55.217 7
      vertex -36.0992 55.1269 7
    endloop
  endfacet
  facet normal -0.941671 0.336535 0
    outer loop
      vertex -36.067 55.217 22.45
      vertex -36.0992 55.1269 22.45
      vertex -36.067 55.217 25
    endloop
  endfacet
  facet normal -0.941671 0.336535 0
    outer loop
      vertex -36.067 55.217 25
      vertex -36.0992 55.1269 22.45
      vertex -36.0992 55.1269 25
    endloop
  endfacet
  facet normal -0.941671 -0.336535 0
    outer loop
      vertex -36.067 55.783 22.45
      vertex -36.0992 55.8731 22.45
      vertex -36.0992 55.8731 7
    endloop
  endfacet
  facet normal -0.941671 -0.336535 -0
    outer loop
      vertex -36.067 55.783 22.45
      vertex -36.0992 55.8731 7
      vertex -36.067 55.783 7
    endloop
  endfacet
  facet normal -0.941671 -0.336535 0
    outer loop
      vertex -36.0992 55.8731 22.45
      vertex -36.067 55.783 22.45
      vertex -36.0992 55.8731 25
    endloop
  endfacet
  facet normal -0.941671 -0.336535 0
    outer loop
      vertex -36.0992 55.8731 25
      vertex -36.067 55.783 22.45
      vertex -36.067 55.783 25
    endloop
  endfacet
  facet normal -0.0491039 -0.998794 0
    outer loop
      vertex -37 56.475 22.45
      vertex -36.9044 56.4703 25
      vertex -37 56.475 25
    endloop
  endfacet
  facet normal -0.0491039 -0.998794 0
    outer loop
      vertex -37 56.475 22.45
      vertex -36.9044 56.4703 22.45
      vertex -36.9044 56.4703 25
    endloop
  endfacet
  facet normal -0.0491039 -0.998794 0
    outer loop
      vertex -37 56.475 7
      vertex -36.9044 56.4703 22.45
      vertex -37 56.475 22.45
    endloop
  endfacet
  facet normal -0.0491039 -0.998794 -0
    outer loop
      vertex -36.9044 56.4703 22.45
      vertex -37 56.475 7
      vertex -36.9044 56.4703 7
    endloop
  endfacet
  facet normal -0.989226 0.146397 0
    outer loop
      vertex -36.0437 55.3098 22.45
      vertex -36.0297 55.4044 22.45
      vertex -36.0297 55.4044 7
    endloop
  endfacet
  facet normal -0.989226 0.146397 0
    outer loop
      vertex -36.0437 55.3098 22.45
      vertex -36.0297 55.4044 7
      vertex -36.0437 55.3098 7
    endloop
  endfacet
  facet normal -0.989226 0.146397 0
    outer loop
      vertex -36.0297 55.4044 22.45
      vertex -36.0437 55.3098 22.45
      vertex -36.0297 55.4044 25
    endloop
  endfacet
  facet normal -0.989226 0.146397 0
    outer loop
      vertex -36.0297 55.4044 25
      vertex -36.0437 55.3098 22.45
      vertex -36.0437 55.3098 25
    endloop
  endfacet
  facet normal -0.998794 0.0491039 0
    outer loop
      vertex -36.0297 55.4044 22.45
      vertex -36.025 55.5 22.45
      vertex -36.025 55.5 7
    endloop
  endfacet
  facet normal -0.998794 0.0491039 0
    outer loop
      vertex -36.0297 55.4044 22.45
      vertex -36.025 55.5 7
      vertex -36.0297 55.4044 7
    endloop
  endfacet
  facet normal -0.998794 0.0491039 0
    outer loop
      vertex -36.025 55.5 22.45
      vertex -36.0297 55.4044 22.45
      vertex -36.025 55.5 25
    endloop
  endfacet
  facet normal -0.998794 0.0491039 0
    outer loop
      vertex -36.025 55.5 25
      vertex -36.0297 55.4044 22.45
      vertex -36.0297 55.4044 25
    endloop
  endfacet
  facet normal 0.740743 0.671788 0
    outer loop
      vertex -37.6894 54.8106 22.45
      vertex -37.7537 54.8815 22.45
      vertex -37.7537 54.8815 25
    endloop
  endfacet
  facet normal 0.740743 0.671788 -0
    outer loop
      vertex -37.6894 54.8106 22.45
      vertex -37.7537 54.8815 25
      vertex -37.6894 54.8106 25
    endloop
  endfacet
  facet normal 0.740743 0.671788 0
    outer loop
      vertex -37.7537 54.8815 22.45
      vertex -37.6894 54.8106 22.45
      vertex -37.7537 54.8815 7
    endloop
  endfacet
  facet normal 0.740743 0.671788 0
    outer loop
      vertex -37.7537 54.8815 7
      vertex -37.6894 54.8106 22.45
      vertex -37.6894 54.8106 7
    endloop
  endfacet
  facet normal 0.969896 -0.243519 0
    outer loop
      vertex -37.9563 55.6902 22.45
      vertex -37.933 55.783 22.45
      vertex -37.933 55.783 25
    endloop
  endfacet
  facet normal 0.969896 -0.243519 0
    outer loop
      vertex -37.9563 55.6902 22.45
      vertex -37.933 55.783 25
      vertex -37.9563 55.6902 25
    endloop
  endfacet
  facet normal 0.969896 -0.243519 0
    outer loop
      vertex -37.933 55.783 22.45
      vertex -37.9563 55.6902 22.45
      vertex -37.933 55.783 7
    endloop
  endfacet
  facet normal 0.969896 -0.243519 0
    outer loop
      vertex -37.933 55.783 7
      vertex -37.9563 55.6902 22.45
      vertex -37.9563 55.6902 7
    endloop
  endfacet
  facet normal -0.904036 -0.427457 0
    outer loop
      vertex -36.0992 55.8731 22.45
      vertex -36.1401 55.9596 22.45
      vertex -36.1401 55.9596 7
    endloop
  endfacet
  facet normal -0.904036 -0.427457 -0
    outer loop
      vertex -36.0992 55.8731 22.45
      vertex -36.1401 55.9596 7
      vertex -36.0992 55.8731 7
    endloop
  endfacet
  facet normal -0.904036 -0.427457 0
    outer loop
      vertex -36.1401 55.9596 22.45
      vertex -36.0992 55.8731 22.45
      vertex -36.1401 55.9596 25
    endloop
  endfacet
  facet normal -0.904036 -0.427457 0
    outer loop
      vertex -36.1401 55.9596 25
      vertex -36.0992 55.8731 22.45
      vertex -36.0992 55.8731 25
    endloop
  endfacet
  facet normal -0.146397 0.989226 0
    outer loop
      vertex -36.8098 54.5437 22.45
      vertex -36.9044 54.5297 25
      vertex -36.8098 54.5437 25
    endloop
  endfacet
  facet normal -0.146397 0.989226 0
    outer loop
      vertex -36.8098 54.5437 22.45
      vertex -36.9044 54.5297 22.45
      vertex -36.9044 54.5297 25
    endloop
  endfacet
  facet normal -0.146397 0.989226 0
    outer loop
      vertex -36.8098 54.5437 7
      vertex -36.9044 54.5297 22.45
      vertex -36.8098 54.5437 22.45
    endloop
  endfacet
  facet normal -0.146397 0.989226 0
    outer loop
      vertex -36.9044 54.5297 22.45
      vertex -36.8098 54.5437 7
      vertex -36.9044 54.5297 7
    endloop
  endfacet
  facet normal 0.0491039 -0.998794 0
    outer loop
      vertex -37.0956 56.4703 22.45
      vertex -37 56.475 25
      vertex -37.0956 56.4703 25
    endloop
  endfacet
  facet normal 0.0491039 -0.998794 0
    outer loop
      vertex -37.0956 56.4703 22.45
      vertex -37 56.475 22.45
      vertex -37 56.475 25
    endloop
  endfacet
  facet normal 0.0491039 -0.998794 0
    outer loop
      vertex -37.0956 56.4703 7
      vertex -37 56.475 22.45
      vertex -37.0956 56.4703 22.45
    endloop
  endfacet
  facet normal 0.0491039 -0.998794 0
    outer loop
      vertex -37 56.475 22.45
      vertex -37.0956 56.4703 7
      vertex -37 56.475 7
    endloop
  endfacet
  facet normal 0.595977 0.803001 -0
    outer loop
      vertex -37.5417 54.6893 22.45
      vertex -37.6185 54.7463 25
      vertex -37.5417 54.6893 25
    endloop
  endfacet
  facet normal 0.595977 0.803001 0
    outer loop
      vertex -37.5417 54.6893 22.45
      vertex -37.6185 54.7463 22.45
      vertex -37.6185 54.7463 25
    endloop
  endfacet
  facet normal 0.595977 0.803001 -0
    outer loop
      vertex -37.5417 54.6893 7
      vertex -37.6185 54.7463 22.45
      vertex -37.5417 54.6893 22.45
    endloop
  endfacet
  facet normal 0.595977 0.803001 0
    outer loop
      vertex -37.6185 54.7463 22.45
      vertex -37.5417 54.6893 7
      vertex -37.6185 54.7463 7
    endloop
  endfacet
  facet normal 0.671788 0.740743 -0
    outer loop
      vertex -37.6185 54.7463 22.45
      vertex -37.6894 54.8106 25
      vertex -37.6185 54.7463 25
    endloop
  endfacet
  facet normal 0.671788 0.740743 0
    outer loop
      vertex -37.6185 54.7463 22.45
      vertex -37.6894 54.8106 22.45
      vertex -37.6894 54.8106 25
    endloop
  endfacet
  facet normal 0.671788 0.740743 -0
    outer loop
      vertex -37.6185 54.7463 7
      vertex -37.6894 54.8106 22.45
      vertex -37.6185 54.7463 22.45
    endloop
  endfacet
  facet normal 0.671788 0.740743 0
    outer loop
      vertex -37.6894 54.8106 22.45
      vertex -37.6185 54.7463 7
      vertex -37.6894 54.8106 7
    endloop
  endfacet
  facet normal 0.146397 -0.989226 0
    outer loop
      vertex -37.1902 56.4563 22.45
      vertex -37.0956 56.4703 25
      vertex -37.1902 56.4563 25
    endloop
  endfacet
  facet normal 0.146397 -0.989226 0
    outer loop
      vertex -37.1902 56.4563 22.45
      vertex -37.0956 56.4703 22.45
      vertex -37.0956 56.4703 25
    endloop
  endfacet
  facet normal 0.146397 -0.989226 0
    outer loop
      vertex -37.1902 56.4563 7
      vertex -37.0956 56.4703 22.45
      vertex -37.1902 56.4563 22.45
    endloop
  endfacet
  facet normal 0.146397 -0.989226 0
    outer loop
      vertex -37.0956 56.4703 22.45
      vertex -37.1902 56.4563 7
      vertex -37.0956 56.4703 7
    endloop
  endfacet
  facet normal 0.427457 -0.904036 0
    outer loop
      vertex -37.4596 56.3599 22.45
      vertex -37.3731 56.4008 25
      vertex -37.4596 56.3599 25
    endloop
  endfacet
  facet normal 0.427457 -0.904036 0
    outer loop
      vertex -37.4596 56.3599 22.45
      vertex -37.3731 56.4008 22.45
      vertex -37.3731 56.4008 25
    endloop
  endfacet
  facet normal 0.427457 -0.904036 0
    outer loop
      vertex -37.4596 56.3599 7
      vertex -37.3731 56.4008 22.45
      vertex -37.4596 56.3599 22.45
    endloop
  endfacet
  facet normal 0.427457 -0.904036 0
    outer loop
      vertex -37.3731 56.4008 22.45
      vertex -37.4596 56.3599 7
      vertex -37.3731 56.4008 7
    endloop
  endfacet
  facet normal -0.857769 -0.514035 0
    outer loop
      vertex -36.1401 55.9596 22.45
      vertex -36.1893 56.0417 22.45
      vertex -36.1893 56.0417 7
    endloop
  endfacet
  facet normal -0.857769 -0.514035 -0
    outer loop
      vertex -36.1401 55.9596 22.45
      vertex -36.1893 56.0417 7
      vertex -36.1401 55.9596 7
    endloop
  endfacet
  facet normal -0.857769 -0.514035 0
    outer loop
      vertex -36.1893 56.0417 22.45
      vertex -36.1401 55.9596 22.45
      vertex -36.1893 56.0417 25
    endloop
  endfacet
  facet normal -0.857769 -0.514035 0
    outer loop
      vertex -36.1893 56.0417 25
      vertex -36.1401 55.9596 22.45
      vertex -36.1401 55.9596 25
    endloop
  endfacet
  facet normal 0.146397 0.989226 -0
    outer loop
      vertex -37.0956 54.5297 22.45
      vertex -37.1902 54.5437 25
      vertex -37.0956 54.5297 25
    endloop
  endfacet
  facet normal 0.146397 0.989226 0
    outer loop
      vertex -37.0956 54.5297 22.45
      vertex -37.1902 54.5437 22.45
      vertex -37.1902 54.5437 25
    endloop
  endfacet
  facet normal 0.146397 0.989226 -0
    outer loop
      vertex -37.0956 54.5297 7
      vertex -37.1902 54.5437 22.45
      vertex -37.0956 54.5297 22.45
    endloop
  endfacet
  facet normal 0.146397 0.989226 0
    outer loop
      vertex -37.1902 54.5437 22.45
      vertex -37.0956 54.5297 7
      vertex -37.1902 54.5437 7
    endloop
  endfacet
  facet normal 0.904036 0.427457 0
    outer loop
      vertex -37.8599 55.0404 22.45
      vertex -37.9008 55.1269 22.45
      vertex -37.9008 55.1269 25
    endloop
  endfacet
  facet normal 0.904036 0.427457 -0
    outer loop
      vertex -37.8599 55.0404 22.45
      vertex -37.9008 55.1269 25
      vertex -37.8599 55.0404 25
    endloop
  endfacet
  facet normal 0.904036 0.427457 0
    outer loop
      vertex -37.9008 55.1269 22.45
      vertex -37.8599 55.0404 22.45
      vertex -37.9008 55.1269 7
    endloop
  endfacet
  facet normal 0.904036 0.427457 0
    outer loop
      vertex -37.9008 55.1269 7
      vertex -37.8599 55.0404 22.45
      vertex -37.8599 55.0404 7
    endloop
  endfacet
  facet normal 0.941671 0.336535 0
    outer loop
      vertex -37.9008 55.1269 22.45
      vertex -37.933 55.217 22.45
      vertex -37.933 55.217 25
    endloop
  endfacet
  facet normal 0.941671 0.336535 -0
    outer loop
      vertex -37.9008 55.1269 22.45
      vertex -37.933 55.217 25
      vertex -37.9008 55.1269 25
    endloop
  endfacet
  facet normal 0.941671 0.336535 0
    outer loop
      vertex -37.933 55.217 22.45
      vertex -37.9008 55.1269 22.45
      vertex -37.933 55.217 7
    endloop
  endfacet
  facet normal 0.941671 0.336535 0
    outer loop
      vertex -37.933 55.217 7
      vertex -37.9008 55.1269 22.45
      vertex -37.9008 55.1269 7
    endloop
  endfacet
  facet normal -0.243519 0.969896 0
    outer loop
      vertex -36.717 54.567 22.45
      vertex -36.8098 54.5437 25
      vertex -36.717 54.567 25
    endloop
  endfacet
  facet normal -0.243519 0.969896 0
    outer loop
      vertex -36.717 54.567 22.45
      vertex -36.8098 54.5437 22.45
      vertex -36.8098 54.5437 25
    endloop
  endfacet
  facet normal -0.243519 0.969896 0
    outer loop
      vertex -36.717 54.567 7
      vertex -36.8098 54.5437 22.45
      vertex -36.717 54.567 22.45
    endloop
  endfacet
  facet normal -0.243519 0.969896 0
    outer loop
      vertex -36.8098 54.5437 22.45
      vertex -36.717 54.567 7
      vertex -36.8098 54.5437 7
    endloop
  endfacet
  facet normal -0.146397 -0.989226 0
    outer loop
      vertex -36.9044 56.4703 22.45
      vertex -36.8098 56.4563 25
      vertex -36.9044 56.4703 25
    endloop
  endfacet
  facet normal -0.146397 -0.989226 0
    outer loop
      vertex -36.9044 56.4703 22.45
      vertex -36.8098 56.4563 22.45
      vertex -36.8098 56.4563 25
    endloop
  endfacet
  facet normal -0.146397 -0.989226 0
    outer loop
      vertex -36.9044 56.4703 7
      vertex -36.8098 56.4563 22.45
      vertex -36.9044 56.4703 22.45
    endloop
  endfacet
  facet normal -0.146397 -0.989226 -0
    outer loop
      vertex -36.8098 56.4563 22.45
      vertex -36.9044 56.4703 7
      vertex -36.8098 56.4563 7
    endloop
  endfacet
  facet normal 0.740743 -0.671788 0
    outer loop
      vertex -37.7537 56.1185 22.45
      vertex -37.6894 56.1894 22.45
      vertex -37.6894 56.1894 25
    endloop
  endfacet
  facet normal 0.740743 -0.671788 0
    outer loop
      vertex -37.7537 56.1185 22.45
      vertex -37.6894 56.1894 25
      vertex -37.7537 56.1185 25
    endloop
  endfacet
  facet normal 0.740743 -0.671788 0
    outer loop
      vertex -37.6894 56.1894 22.45
      vertex -37.7537 56.1185 22.45
      vertex -37.6894 56.1894 7
    endloop
  endfacet
  facet normal 0.740743 -0.671788 0
    outer loop
      vertex -37.6894 56.1894 7
      vertex -37.7537 56.1185 22.45
      vertex -37.7537 56.1185 7
    endloop
  endfacet
  facet normal 0.857769 -0.514035 0
    outer loop
      vertex -37.8599 55.9596 22.45
      vertex -37.8107 56.0417 22.45
      vertex -37.8107 56.0417 25
    endloop
  endfacet
  facet normal 0.857769 -0.514035 0
    outer loop
      vertex -37.8599 55.9596 22.45
      vertex -37.8107 56.0417 25
      vertex -37.8599 55.9596 25
    endloop
  endfacet
  facet normal 0.857769 -0.514035 0
    outer loop
      vertex -37.8107 56.0417 22.45
      vertex -37.8599 55.9596 22.45
      vertex -37.8107 56.0417 7
    endloop
  endfacet
  facet normal 0.857769 -0.514035 0
    outer loop
      vertex -37.8107 56.0417 7
      vertex -37.8599 55.9596 22.45
      vertex -37.8599 55.9596 7
    endloop
  endfacet
  facet normal 0.857769 0.514035 0
    outer loop
      vertex -37.8107 54.9583 22.45
      vertex -37.8599 55.0404 22.45
      vertex -37.8599 55.0404 25
    endloop
  endfacet
  facet normal 0.857769 0.514035 -0
    outer loop
      vertex -37.8107 54.9583 22.45
      vertex -37.8599 55.0404 25
      vertex -37.8107 54.9583 25
    endloop
  endfacet
  facet normal 0.857769 0.514035 0
    outer loop
      vertex -37.8599 55.0404 22.45
      vertex -37.8107 54.9583 22.45
      vertex -37.8599 55.0404 7
    endloop
  endfacet
  facet normal 0.857769 0.514035 0
    outer loop
      vertex -37.8599 55.0404 7
      vertex -37.8107 54.9583 22.45
      vertex -37.8107 54.9583 7
    endloop
  endfacet
  facet normal -0.595977 0.803001 0
    outer loop
      vertex -36.3815 54.7463 22.45
      vertex -36.4583 54.6893 25
      vertex -36.3815 54.7463 25
    endloop
  endfacet
  facet normal -0.595977 0.803001 0
    outer loop
      vertex -36.3815 54.7463 22.45
      vertex -36.4583 54.6893 22.45
      vertex -36.4583 54.6893 25
    endloop
  endfacet
  facet normal -0.595977 0.803001 0
    outer loop
      vertex -36.3815 54.7463 7
      vertex -36.4583 54.6893 22.45
      vertex -36.3815 54.7463 22.45
    endloop
  endfacet
  facet normal -0.595977 0.803001 0
    outer loop
      vertex -36.4583 54.6893 22.45
      vertex -36.3815 54.7463 7
      vertex -36.4583 54.6893 7
    endloop
  endfacet
  facet normal -0.514035 0.857769 0
    outer loop
      vertex -36.4583 54.6893 22.45
      vertex -36.5404 54.6401 25
      vertex -36.4583 54.6893 25
    endloop
  endfacet
  facet normal -0.514035 0.857769 0
    outer loop
      vertex -36.4583 54.6893 22.45
      vertex -36.5404 54.6401 22.45
      vertex -36.5404 54.6401 25
    endloop
  endfacet
  facet normal -0.514035 0.857769 0
    outer loop
      vertex -36.4583 54.6893 7
      vertex -36.5404 54.6401 22.45
      vertex -36.4583 54.6893 22.45
    endloop
  endfacet
  facet normal -0.514035 0.857769 0
    outer loop
      vertex -36.5404 54.6401 22.45
      vertex -36.4583 54.6893 7
      vertex -36.5404 54.6401 7
    endloop
  endfacet
  facet normal 0.514035 0.857769 -0
    outer loop
      vertex -37.4596 54.6401 22.45
      vertex -37.5417 54.6893 25
      vertex -37.4596 54.6401 25
    endloop
  endfacet
  facet normal 0.514035 0.857769 0
    outer loop
      vertex -37.4596 54.6401 22.45
      vertex -37.5417 54.6893 22.45
      vertex -37.5417 54.6893 25
    endloop
  endfacet
  facet normal 0.514035 0.857769 -0
    outer loop
      vertex -37.4596 54.6401 7
      vertex -37.5417 54.6893 22.45
      vertex -37.4596 54.6401 22.45
    endloop
  endfacet
  facet normal 0.514035 0.857769 0
    outer loop
      vertex -37.5417 54.6893 22.45
      vertex -37.4596 54.6401 7
      vertex -37.5417 54.6893 7
    endloop
  endfacet
  facet normal 0.803001 0.595977 0
    outer loop
      vertex -37.7537 54.8815 22.45
      vertex -37.8107 54.9583 22.45
      vertex -37.8107 54.9583 25
    endloop
  endfacet
  facet normal 0.803001 0.595977 -0
    outer loop
      vertex -37.7537 54.8815 22.45
      vertex -37.8107 54.9583 25
      vertex -37.7537 54.8815 25
    endloop
  endfacet
  facet normal 0.803001 0.595977 0
    outer loop
      vertex -37.8107 54.9583 22.45
      vertex -37.7537 54.8815 22.45
      vertex -37.8107 54.9583 7
    endloop
  endfacet
  facet normal 0.803001 0.595977 0
    outer loop
      vertex -37.8107 54.9583 7
      vertex -37.7537 54.8815 22.45
      vertex -37.7537 54.8815 7
    endloop
  endfacet
  facet normal -0.904036 0.427457 0
    outer loop
      vertex -36.1401 55.0404 22.45
      vertex -36.0992 55.1269 22.45
      vertex -36.0992 55.1269 7
    endloop
  endfacet
  facet normal -0.904036 0.427457 0
    outer loop
      vertex -36.1401 55.0404 22.45
      vertex -36.0992 55.1269 7
      vertex -36.1401 55.0404 7
    endloop
  endfacet
  facet normal -0.904036 0.427457 0
    outer loop
      vertex -36.0992 55.1269 22.45
      vertex -36.1401 55.0404 22.45
      vertex -36.0992 55.1269 25
    endloop
  endfacet
  facet normal -0.904036 0.427457 0
    outer loop
      vertex -36.0992 55.1269 25
      vertex -36.1401 55.0404 22.45
      vertex -36.1401 55.0404 25
    endloop
  endfacet
  facet normal -0.671788 0.740743 0
    outer loop
      vertex -36.3106 54.8106 22.45
      vertex -36.3815 54.7463 25
      vertex -36.3106 54.8106 25
    endloop
  endfacet
  facet normal -0.671788 0.740743 0
    outer loop
      vertex -36.3106 54.8106 22.45
      vertex -36.3815 54.7463 22.45
      vertex -36.3815 54.7463 25
    endloop
  endfacet
  facet normal -0.671788 0.740743 0
    outer loop
      vertex -36.3106 54.8106 7
      vertex -36.3815 54.7463 22.45
      vertex -36.3106 54.8106 22.45
    endloop
  endfacet
  facet normal -0.671788 0.740743 0
    outer loop
      vertex -36.3815 54.7463 22.45
      vertex -36.3106 54.8106 7
      vertex -36.3815 54.7463 7
    endloop
  endfacet
  facet normal 0.998794 -0.0491039 0
    outer loop
      vertex -37.975 55.5 22.45
      vertex -37.9703 55.5956 22.45
      vertex -37.9703 55.5956 25
    endloop
  endfacet
  facet normal 0.998794 -0.0491039 0
    outer loop
      vertex -37.975 55.5 22.45
      vertex -37.9703 55.5956 25
      vertex -37.975 55.5 25
    endloop
  endfacet
  facet normal 0.998794 -0.0491039 0
    outer loop
      vertex -37.9703 55.5956 22.45
      vertex -37.975 55.5 22.45
      vertex -37.9703 55.5956 7
    endloop
  endfacet
  facet normal 0.998794 -0.0491039 0
    outer loop
      vertex -37.9703 55.5956 7
      vertex -37.975 55.5 22.45
      vertex -37.975 55.5 7
    endloop
  endfacet
  facet normal 0.998794 0.0491039 0
    outer loop
      vertex -37.9703 55.4044 22.45
      vertex -37.975 55.5 22.45
      vertex -37.975 55.5 25
    endloop
  endfacet
  facet normal 0.998794 0.0491039 -0
    outer loop
      vertex -37.9703 55.4044 22.45
      vertex -37.975 55.5 25
      vertex -37.9703 55.4044 25
    endloop
  endfacet
  facet normal 0.998794 0.0491039 0
    outer loop
      vertex -37.975 55.5 22.45
      vertex -37.9703 55.4044 22.45
      vertex -37.975 55.5 7
    endloop
  endfacet
  facet normal 0.998794 0.0491039 0
    outer loop
      vertex -37.975 55.5 7
      vertex -37.9703 55.4044 22.45
      vertex -37.9703 55.4044 7
    endloop
  endfacet
  facet normal 0.427457 0.904036 -0
    outer loop
      vertex -37.3731 54.5992 22.45
      vertex -37.4596 54.6401 25
      vertex -37.3731 54.5992 25
    endloop
  endfacet
  facet normal 0.427457 0.904036 0
    outer loop
      vertex -37.3731 54.5992 22.45
      vertex -37.4596 54.6401 22.45
      vertex -37.4596 54.6401 25
    endloop
  endfacet
  facet normal 0.427457 0.904036 -0
    outer loop
      vertex -37.3731 54.5992 7
      vertex -37.4596 54.6401 22.45
      vertex -37.3731 54.5992 22.45
    endloop
  endfacet
  facet normal 0.427457 0.904036 0
    outer loop
      vertex -37.4596 54.6401 22.45
      vertex -37.3731 54.5992 7
      vertex -37.4596 54.6401 7
    endloop
  endfacet
  facet normal -0.989226 -0.146397 0
    outer loop
      vertex 37.9703 -55.4044 22.45
      vertex 37.9563 -55.3098 22.45
      vertex 37.9563 -55.3098 7
    endloop
  endfacet
  facet normal -0.989226 -0.146397 -0
    outer loop
      vertex 37.9703 -55.4044 22.45
      vertex 37.9563 -55.3098 7
      vertex 37.9703 -55.4044 7
    endloop
  endfacet
  facet normal -0.989226 -0.146397 0
    outer loop
      vertex 37.9563 -55.3098 22.45
      vertex 37.9703 -55.4044 22.45
      vertex 37.9563 -55.3098 25
    endloop
  endfacet
  facet normal -0.989226 -0.146397 0
    outer loop
      vertex 37.9563 -55.3098 25
      vertex 37.9703 -55.4044 22.45
      vertex 37.9703 -55.4044 25
    endloop
  endfacet
  facet normal -0.998794 -0.0491039 0
    outer loop
      vertex 37.975 -55.5 22.45
      vertex 37.9703 -55.4044 22.45
      vertex 37.9703 -55.4044 7
    endloop
  endfacet
  facet normal -0.998794 -0.0491039 -0
    outer loop
      vertex 37.975 -55.5 22.45
      vertex 37.9703 -55.4044 7
      vertex 37.975 -55.5 7
    endloop
  endfacet
  facet normal -0.998794 -0.0491039 0
    outer loop
      vertex 37.9703 -55.4044 22.45
      vertex 37.975 -55.5 22.45
      vertex 37.9703 -55.4044 25
    endloop
  endfacet
  facet normal -0.998794 -0.0491039 0
    outer loop
      vertex 37.9703 -55.4044 25
      vertex 37.975 -55.5 22.45
      vertex 37.975 -55.5 25
    endloop
  endfacet
  facet normal -0.969896 -0.243519 0
    outer loop
      vertex 37.9563 -55.3098 22.45
      vertex 37.933 -55.217 22.45
      vertex 37.933 -55.217 7
    endloop
  endfacet
  facet normal -0.969896 -0.243519 -0
    outer loop
      vertex 37.9563 -55.3098 22.45
      vertex 37.933 -55.217 7
      vertex 37.9563 -55.3098 7
    endloop
  endfacet
  facet normal -0.969896 -0.243519 0
    outer loop
      vertex 37.933 -55.217 22.45
      vertex 37.9563 -55.3098 22.45
      vertex 37.933 -55.217 25
    endloop
  endfacet
  facet normal -0.969896 -0.243519 0
    outer loop
      vertex 37.933 -55.217 25
      vertex 37.9563 -55.3098 22.45
      vertex 37.9563 -55.3098 25
    endloop
  endfacet
  facet normal -0.336535 -0.941671 0
    outer loop
      vertex 37.283 -54.567 22.45
      vertex 37.3731 -54.5992 25
      vertex 37.283 -54.567 25
    endloop
  endfacet
  facet normal -0.336535 -0.941671 0
    outer loop
      vertex 37.283 -54.567 22.45
      vertex 37.3731 -54.5992 22.45
      vertex 37.3731 -54.5992 25
    endloop
  endfacet
  facet normal -0.336535 -0.941671 0
    outer loop
      vertex 37.283 -54.567 7
      vertex 37.3731 -54.5992 22.45
      vertex 37.283 -54.567 22.45
    endloop
  endfacet
  facet normal -0.336535 -0.941671 -0
    outer loop
      vertex 37.3731 -54.5992 22.45
      vertex 37.283 -54.567 7
      vertex 37.3731 -54.5992 7
    endloop
  endfacet
  facet normal -0.146397 0.989226 0
    outer loop
      vertex 37.1902 -56.4563 22.45
      vertex 37.0956 -56.4703 25
      vertex 37.1902 -56.4563 25
    endloop
  endfacet
  facet normal -0.146397 0.989226 0
    outer loop
      vertex 37.1902 -56.4563 22.45
      vertex 37.0956 -56.4703 22.45
      vertex 37.0956 -56.4703 25
    endloop
  endfacet
  facet normal -0.146397 0.989226 0
    outer loop
      vertex 37.1902 -56.4563 7
      vertex 37.0956 -56.4703 22.45
      vertex 37.1902 -56.4563 22.45
    endloop
  endfacet
  facet normal -0.146397 0.989226 0
    outer loop
      vertex 37.0956 -56.4703 22.45
      vertex 37.1902 -56.4563 7
      vertex 37.0956 -56.4703 7
    endloop
  endfacet
  facet normal 0.803001 0.595977 0
    outer loop
      vertex 36.2463 -56.1185 22.45
      vertex 36.1893 -56.0417 22.45
      vertex 36.1893 -56.0417 25
    endloop
  endfacet
  facet normal 0.803001 0.595977 -0
    outer loop
      vertex 36.2463 -56.1185 22.45
      vertex 36.1893 -56.0417 25
      vertex 36.2463 -56.1185 25
    endloop
  endfacet
  facet normal 0.803001 0.595977 0
    outer loop
      vertex 36.1893 -56.0417 22.45
      vertex 36.2463 -56.1185 22.45
      vertex 36.1893 -56.0417 7
    endloop
  endfacet
  facet normal 0.803001 0.595977 0
    outer loop
      vertex 36.1893 -56.0417 7
      vertex 36.2463 -56.1185 22.45
      vertex 36.2463 -56.1185 7
    endloop
  endfacet
  facet normal 0.514035 -0.857769 0
    outer loop
      vertex 36.4583 -54.6893 22.45
      vertex 36.5404 -54.6401 25
      vertex 36.4583 -54.6893 25
    endloop
  endfacet
  facet normal 0.514035 -0.857769 0
    outer loop
      vertex 36.4583 -54.6893 22.45
      vertex 36.5404 -54.6401 22.45
      vertex 36.5404 -54.6401 25
    endloop
  endfacet
  facet normal 0.514035 -0.857769 0
    outer loop
      vertex 36.4583 -54.6893 7
      vertex 36.5404 -54.6401 22.45
      vertex 36.4583 -54.6893 22.45
    endloop
  endfacet
  facet normal 0.514035 -0.857769 0
    outer loop
      vertex 36.5404 -54.6401 22.45
      vertex 36.4583 -54.6893 7
      vertex 36.5404 -54.6401 7
    endloop
  endfacet
  facet normal -0.146397 -0.989226 0
    outer loop
      vertex 37.0956 -54.5297 22.45
      vertex 37.1902 -54.5437 25
      vertex 37.0956 -54.5297 25
    endloop
  endfacet
  facet normal -0.146397 -0.989226 0
    outer loop
      vertex 37.0956 -54.5297 22.45
      vertex 37.1902 -54.5437 22.45
      vertex 37.1902 -54.5437 25
    endloop
  endfacet
  facet normal -0.146397 -0.989226 0
    outer loop
      vertex 37.0956 -54.5297 7
      vertex 37.1902 -54.5437 22.45
      vertex 37.0956 -54.5297 22.45
    endloop
  endfacet
  facet normal -0.146397 -0.989226 -0
    outer loop
      vertex 37.1902 -54.5437 22.45
      vertex 37.0956 -54.5297 7
      vertex 37.1902 -54.5437 7
    endloop
  endfacet
  facet normal 0.941671 -0.336535 0
    outer loop
      vertex 36.067 -55.217 22.45
      vertex 36.0992 -55.1269 22.45
      vertex 36.0992 -55.1269 25
    endloop
  endfacet
  facet normal 0.941671 -0.336535 0
    outer loop
      vertex 36.067 -55.217 22.45
      vertex 36.0992 -55.1269 25
      vertex 36.067 -55.217 25
    endloop
  endfacet
  facet normal 0.941671 -0.336535 0
    outer loop
      vertex 36.0992 -55.1269 22.45
      vertex 36.067 -55.217 22.45
      vertex 36.0992 -55.1269 7
    endloop
  endfacet
  facet normal 0.941671 -0.336535 0
    outer loop
      vertex 36.0992 -55.1269 7
      vertex 36.067 -55.217 22.45
      vertex 36.067 -55.217 7
    endloop
  endfacet
  facet normal 0.941671 0.336535 0
    outer loop
      vertex 36.0992 -55.8731 22.45
      vertex 36.067 -55.783 22.45
      vertex 36.067 -55.783 25
    endloop
  endfacet
  facet normal 0.941671 0.336535 -0
    outer loop
      vertex 36.0992 -55.8731 22.45
      vertex 36.067 -55.783 25
      vertex 36.0992 -55.8731 25
    endloop
  endfacet
  facet normal 0.941671 0.336535 0
    outer loop
      vertex 36.067 -55.783 22.45
      vertex 36.0992 -55.8731 22.45
      vertex 36.067 -55.783 7
    endloop
  endfacet
  facet normal 0.941671 0.336535 0
    outer loop
      vertex 36.067 -55.783 7
      vertex 36.0992 -55.8731 22.45
      vertex 36.0992 -55.8731 7
    endloop
  endfacet
  facet normal -0.514035 -0.857769 0
    outer loop
      vertex 37.4596 -54.6401 22.45
      vertex 37.5417 -54.6893 25
      vertex 37.4596 -54.6401 25
    endloop
  endfacet
  facet normal -0.514035 -0.857769 0
    outer loop
      vertex 37.4596 -54.6401 22.45
      vertex 37.5417 -54.6893 22.45
      vertex 37.5417 -54.6893 25
    endloop
  endfacet
  facet normal -0.514035 -0.857769 0
    outer loop
      vertex 37.4596 -54.6401 7
      vertex 37.5417 -54.6893 22.45
      vertex 37.4596 -54.6401 22.45
    endloop
  endfacet
  facet normal -0.514035 -0.857769 -0
    outer loop
      vertex 37.5417 -54.6893 22.45
      vertex 37.4596 -54.6401 7
      vertex 37.5417 -54.6893 7
    endloop
  endfacet
  facet normal -0.514035 0.857769 0
    outer loop
      vertex 37.5417 -56.3107 22.45
      vertex 37.4596 -56.3599 25
      vertex 37.5417 -56.3107 25
    endloop
  endfacet
  facet normal -0.514035 0.857769 0
    outer loop
      vertex 37.5417 -56.3107 22.45
      vertex 37.4596 -56.3599 22.45
      vertex 37.4596 -56.3599 25
    endloop
  endfacet
  facet normal -0.514035 0.857769 0
    outer loop
      vertex 37.5417 -56.3107 7
      vertex 37.4596 -56.3599 22.45
      vertex 37.5417 -56.3107 22.45
    endloop
  endfacet
  facet normal -0.514035 0.857769 0
    outer loop
      vertex 37.4596 -56.3599 22.45
      vertex 37.5417 -56.3107 7
      vertex 37.4596 -56.3599 7
    endloop
  endfacet
  facet normal -0.595977 0.803001 0
    outer loop
      vertex 37.6185 -56.2537 22.45
      vertex 37.5417 -56.3107 25
      vertex 37.6185 -56.2537 25
    endloop
  endfacet
  facet normal -0.595977 0.803001 0
    outer loop
      vertex 37.6185 -56.2537 22.45
      vertex 37.5417 -56.3107 22.45
      vertex 37.5417 -56.3107 25
    endloop
  endfacet
  facet normal -0.595977 0.803001 0
    outer loop
      vertex 37.6185 -56.2537 7
      vertex 37.5417 -56.3107 22.45
      vertex 37.6185 -56.2537 22.45
    endloop
  endfacet
  facet normal -0.595977 0.803001 0
    outer loop
      vertex 37.5417 -56.3107 22.45
      vertex 37.6185 -56.2537 7
      vertex 37.5417 -56.3107 7
    endloop
  endfacet
  facet normal 0.243519 -0.969896 0
    outer loop
      vertex 36.717 -54.567 22.45
      vertex 36.8098 -54.5437 25
      vertex 36.717 -54.567 25
    endloop
  endfacet
  facet normal 0.243519 -0.969896 0
    outer loop
      vertex 36.717 -54.567 22.45
      vertex 36.8098 -54.5437 22.45
      vertex 36.8098 -54.5437 25
    endloop
  endfacet
  facet normal 0.243519 -0.969896 0
    outer loop
      vertex 36.717 -54.567 7
      vertex 36.8098 -54.5437 22.45
      vertex 36.717 -54.567 22.45
    endloop
  endfacet
  facet normal 0.243519 -0.969896 0
    outer loop
      vertex 36.8098 -54.5437 22.45
      vertex 36.717 -54.567 7
      vertex 36.8098 -54.5437 7
    endloop
  endfacet
  facet normal 0.146397 0.989226 -0
    outer loop
      vertex 36.9044 -56.4703 22.45
      vertex 36.8098 -56.4563 25
      vertex 36.9044 -56.4703 25
    endloop
  endfacet
  facet normal 0.146397 0.989226 0
    outer loop
      vertex 36.9044 -56.4703 22.45
      vertex 36.8098 -56.4563 22.45
      vertex 36.8098 -56.4563 25
    endloop
  endfacet
  facet normal 0.146397 0.989226 -0
    outer loop
      vertex 36.9044 -56.4703 7
      vertex 36.8098 -56.4563 22.45
      vertex 36.9044 -56.4703 22.45
    endloop
  endfacet
  facet normal 0.146397 0.989226 0
    outer loop
      vertex 36.8098 -56.4563 22.45
      vertex 36.9044 -56.4703 7
      vertex 36.8098 -56.4563 7
    endloop
  endfacet
  facet normal 0.146397 -0.989226 0
    outer loop
      vertex 36.8098 -54.5437 22.45
      vertex 36.9044 -54.5297 25
      vertex 36.8098 -54.5437 25
    endloop
  endfacet
  facet normal 0.146397 -0.989226 0
    outer loop
      vertex 36.8098 -54.5437 22.45
      vertex 36.9044 -54.5297 22.45
      vertex 36.9044 -54.5297 25
    endloop
  endfacet
  facet normal 0.146397 -0.989226 0
    outer loop
      vertex 36.8098 -54.5437 7
      vertex 36.9044 -54.5297 22.45
      vertex 36.8098 -54.5437 22.45
    endloop
  endfacet
  facet normal 0.146397 -0.989226 0
    outer loop
      vertex 36.9044 -54.5297 22.45
      vertex 36.8098 -54.5437 7
      vertex 36.9044 -54.5297 7
    endloop
  endfacet
  facet normal 0.514035 0.857769 -0
    outer loop
      vertex 36.5404 -56.3599 22.45
      vertex 36.4583 -56.3107 25
      vertex 36.5404 -56.3599 25
    endloop
  endfacet
  facet normal 0.514035 0.857769 0
    outer loop
      vertex 36.5404 -56.3599 22.45
      vertex 36.4583 -56.3107 22.45
      vertex 36.4583 -56.3107 25
    endloop
  endfacet
  facet normal 0.514035 0.857769 -0
    outer loop
      vertex 36.5404 -56.3599 7
      vertex 36.4583 -56.3107 22.45
      vertex 36.5404 -56.3599 22.45
    endloop
  endfacet
  facet normal 0.514035 0.857769 0
    outer loop
      vertex 36.4583 -56.3107 22.45
      vertex 36.5404 -56.3599 7
      vertex 36.4583 -56.3107 7
    endloop
  endfacet
  facet normal 0.904036 0.427457 0
    outer loop
      vertex 36.1401 -55.9596 22.45
      vertex 36.0992 -55.8731 22.45
      vertex 36.0992 -55.8731 25
    endloop
  endfacet
  facet normal 0.904036 0.427457 -0
    outer loop
      vertex 36.1401 -55.9596 22.45
      vertex 36.0992 -55.8731 25
      vertex 36.1401 -55.9596 25
    endloop
  endfacet
  facet normal 0.904036 0.427457 0
    outer loop
      vertex 36.0992 -55.8731 22.45
      vertex 36.1401 -55.9596 22.45
      vertex 36.0992 -55.8731 7
    endloop
  endfacet
  facet normal 0.904036 0.427457 0
    outer loop
      vertex 36.0992 -55.8731 7
      vertex 36.1401 -55.9596 22.45
      vertex 36.1401 -55.9596 7
    endloop
  endfacet
  facet normal -0.427457 -0.904036 0
    outer loop
      vertex 37.3731 -54.5992 22.45
      vertex 37.4596 -54.6401 25
      vertex 37.3731 -54.5992 25
    endloop
  endfacet
  facet normal -0.427457 -0.904036 0
    outer loop
      vertex 37.3731 -54.5992 22.45
      vertex 37.4596 -54.6401 22.45
      vertex 37.4596 -54.6401 25
    endloop
  endfacet
  facet normal -0.427457 -0.904036 0
    outer loop
      vertex 37.3731 -54.5992 7
      vertex 37.4596 -54.6401 22.45
      vertex 37.3731 -54.5992 22.45
    endloop
  endfacet
  facet normal -0.427457 -0.904036 -0
    outer loop
      vertex 37.4596 -54.6401 22.45
      vertex 37.3731 -54.5992 7
      vertex 37.4596 -54.6401 7
    endloop
  endfacet
  facet normal -0.0491039 -0.998794 0
    outer loop
      vertex 37 -54.525 22.45
      vertex 37.0956 -54.5297 25
      vertex 37 -54.525 25
    endloop
  endfacet
  facet normal -0.0491039 -0.998794 0
    outer loop
      vertex 37 -54.525 22.45
      vertex 37.0956 -54.5297 22.45
      vertex 37.0956 -54.5297 25
    endloop
  endfacet
  facet normal -0.0491039 -0.998794 0
    outer loop
      vertex 37 -54.525 7
      vertex 37.0956 -54.5297 22.45
      vertex 37 -54.525 22.45
    endloop
  endfacet
  facet normal -0.0491039 -0.998794 -0
    outer loop
      vertex 37.0956 -54.5297 22.45
      vertex 37 -54.525 7
      vertex 37.0956 -54.5297 7
    endloop
  endfacet
  facet normal -0.803001 0.595977 0
    outer loop
      vertex 37.7537 -56.1185 22.45
      vertex 37.8107 -56.0417 22.45
      vertex 37.8107 -56.0417 7
    endloop
  endfacet
  facet normal -0.803001 0.595977 0
    outer loop
      vertex 37.7537 -56.1185 22.45
      vertex 37.8107 -56.0417 7
      vertex 37.7537 -56.1185 7
    endloop
  endfacet
  facet normal -0.803001 0.595977 0
    outer loop
      vertex 37.8107 -56.0417 22.45
      vertex 37.7537 -56.1185 22.45
      vertex 37.8107 -56.0417 25
    endloop
  endfacet
  facet normal -0.803001 0.595977 0
    outer loop
      vertex 37.8107 -56.0417 25
      vertex 37.7537 -56.1185 22.45
      vertex 37.7537 -56.1185 25
    endloop
  endfacet
  facet normal 0.427457 0.904036 -0
    outer loop
      vertex 36.6269 -56.4008 22.45
      vertex 36.5404 -56.3599 25
      vertex 36.6269 -56.4008 25
    endloop
  endfacet
  facet normal 0.427457 0.904036 0
    outer loop
      vertex 36.6269 -56.4008 22.45
      vertex 36.5404 -56.3599 22.45
      vertex 36.5404 -56.3599 25
    endloop
  endfacet
  facet normal 0.427457 0.904036 -0
    outer loop
      vertex 36.6269 -56.4008 7
      vertex 36.5404 -56.3599 22.45
      vertex 36.6269 -56.4008 22.45
    endloop
  endfacet
  facet normal 0.427457 0.904036 0
    outer loop
      vertex 36.5404 -56.3599 22.45
      vertex 36.6269 -56.4008 7
      vertex 36.5404 -56.3599 7
    endloop
  endfacet
  facet normal -0.0491039 0.998794 0
    outer loop
      vertex 37.0956 -56.4703 22.45
      vertex 37 -56.475 25
      vertex 37.0956 -56.4703 25
    endloop
  endfacet
  facet normal -0.0491039 0.998794 0
    outer loop
      vertex 37.0956 -56.4703 22.45
      vertex 37 -56.475 22.45
      vertex 37 -56.475 25
    endloop
  endfacet
  facet normal -0.0491039 0.998794 0
    outer loop
      vertex 37.0956 -56.4703 7
      vertex 37 -56.475 22.45
      vertex 37.0956 -56.4703 22.45
    endloop
  endfacet
  facet normal -0.0491039 0.998794 0
    outer loop
      vertex 37 -56.475 22.45
      vertex 37.0956 -56.4703 7
      vertex 37 -56.475 7
    endloop
  endfacet
  facet normal 0.243519 0.969896 -0
    outer loop
      vertex 36.8098 -56.4563 22.45
      vertex 36.717 -56.433 25
      vertex 36.8098 -56.4563 25
    endloop
  endfacet
  facet normal 0.243519 0.969896 0
    outer loop
      vertex 36.8098 -56.4563 22.45
      vertex 36.717 -56.433 22.45
      vertex 36.717 -56.433 25
    endloop
  endfacet
  facet normal 0.243519 0.969896 -0
    outer loop
      vertex 36.8098 -56.4563 7
      vertex 36.717 -56.433 22.45
      vertex 36.8098 -56.4563 22.45
    endloop
  endfacet
  facet normal 0.243519 0.969896 0
    outer loop
      vertex 36.717 -56.433 22.45
      vertex 36.8098 -56.4563 7
      vertex 36.717 -56.433 7
    endloop
  endfacet
  facet normal 0.595977 0.803001 -0
    outer loop
      vertex 36.4583 -56.3107 22.45
      vertex 36.3815 -56.2537 25
      vertex 36.4583 -56.3107 25
    endloop
  endfacet
  facet normal 0.595977 0.803001 0
    outer loop
      vertex 36.4583 -56.3107 22.45
      vertex 36.3815 -56.2537 22.45
      vertex 36.3815 -56.2537 25
    endloop
  endfacet
  facet normal 0.595977 0.803001 -0
    outer loop
      vertex 36.4583 -56.3107 7
      vertex 36.3815 -56.2537 22.45
      vertex 36.4583 -56.3107 22.45
    endloop
  endfacet
  facet normal 0.595977 0.803001 0
    outer loop
      vertex 36.3815 -56.2537 22.45
      vertex 36.4583 -56.3107 7
      vertex 36.3815 -56.2537 7
    endloop
  endfacet
  facet normal 0.969896 0.243519 0
    outer loop
      vertex 36.067 -55.783 22.45
      vertex 36.0437 -55.6902 22.45
      vertex 36.0437 -55.6902 25
    endloop
  endfacet
  facet normal 0.969896 0.243519 -0
    outer loop
      vertex 36.067 -55.783 22.45
      vertex 36.0437 -55.6902 25
      vertex 36.067 -55.783 25
    endloop
  endfacet
  facet normal 0.969896 0.243519 0
    outer loop
      vertex 36.0437 -55.6902 22.45
      vertex 36.067 -55.783 22.45
      vertex 36.0437 -55.6902 7
    endloop
  endfacet
  facet normal 0.969896 0.243519 0
    outer loop
      vertex 36.0437 -55.6902 7
      vertex 36.067 -55.783 22.45
      vertex 36.067 -55.783 7
    endloop
  endfacet
  facet normal 0.595977 -0.803001 0
    outer loop
      vertex 36.3815 -54.7463 22.45
      vertex 36.4583 -54.6893 25
      vertex 36.3815 -54.7463 25
    endloop
  endfacet
  facet normal 0.595977 -0.803001 0
    outer loop
      vertex 36.3815 -54.7463 22.45
      vertex 36.4583 -54.6893 22.45
      vertex 36.4583 -54.6893 25
    endloop
  endfacet
  facet normal 0.595977 -0.803001 0
    outer loop
      vertex 36.3815 -54.7463 7
      vertex 36.4583 -54.6893 22.45
      vertex 36.3815 -54.7463 22.45
    endloop
  endfacet
  facet normal 0.595977 -0.803001 0
    outer loop
      vertex 36.4583 -54.6893 22.45
      vertex 36.3815 -54.7463 7
      vertex 36.4583 -54.6893 7
    endloop
  endfacet
  facet normal -0.595977 -0.803001 0
    outer loop
      vertex 37.5417 -54.6893 22.45
      vertex 37.6185 -54.7463 25
      vertex 37.5417 -54.6893 25
    endloop
  endfacet
  facet normal -0.595977 -0.803001 0
    outer loop
      vertex 37.5417 -54.6893 22.45
      vertex 37.6185 -54.7463 22.45
      vertex 37.6185 -54.7463 25
    endloop
  endfacet
  facet normal -0.595977 -0.803001 0
    outer loop
      vertex 37.5417 -54.6893 7
      vertex 37.6185 -54.7463 22.45
      vertex 37.5417 -54.6893 22.45
    endloop
  endfacet
  facet normal -0.595977 -0.803001 -0
    outer loop
      vertex 37.6185 -54.7463 22.45
      vertex 37.5417 -54.6893 7
      vertex 37.6185 -54.7463 7
    endloop
  endfacet
  facet normal -0.336535 0.941671 0
    outer loop
      vertex 37.3731 -56.4008 22.45
      vertex 37.283 -56.433 25
      vertex 37.3731 -56.4008 25
    endloop
  endfacet
  facet normal -0.336535 0.941671 0
    outer loop
      vertex 37.3731 -56.4008 22.45
      vertex 37.283 -56.433 22.45
      vertex 37.283 -56.433 25
    endloop
  endfacet
  facet normal -0.336535 0.941671 0
    outer loop
      vertex 37.3731 -56.4008 7
      vertex 37.283 -56.433 22.45
      vertex 37.3731 -56.4008 22.45
    endloop
  endfacet
  facet normal -0.336535 0.941671 0
    outer loop
      vertex 37.283 -56.433 22.45
      vertex 37.3731 -56.4008 7
      vertex 37.283 -56.433 7
    endloop
  endfacet
  facet normal -0.803001 -0.595977 0
    outer loop
      vertex 37.8107 -54.9583 22.45
      vertex 37.7537 -54.8815 22.45
      vertex 37.7537 -54.8815 7
    endloop
  endfacet
  facet normal -0.803001 -0.595977 -0
    outer loop
      vertex 37.8107 -54.9583 22.45
      vertex 37.7537 -54.8815 7
      vertex 37.8107 -54.9583 7
    endloop
  endfacet
  facet normal -0.803001 -0.595977 0
    outer loop
      vertex 37.7537 -54.8815 22.45
      vertex 37.8107 -54.9583 22.45
      vertex 37.7537 -54.8815 25
    endloop
  endfacet
  facet normal -0.803001 -0.595977 0
    outer loop
      vertex 37.7537 -54.8815 25
      vertex 37.8107 -54.9583 22.45
      vertex 37.8107 -54.9583 25
    endloop
  endfacet
  facet normal -0.941671 0.336535 0
    outer loop
      vertex 37.9008 -55.8731 22.45
      vertex 37.933 -55.783 22.45
      vertex 37.933 -55.783 7
    endloop
  endfacet
  facet normal -0.941671 0.336535 0
    outer loop
      vertex 37.9008 -55.8731 22.45
      vertex 37.933 -55.783 7
      vertex 37.9008 -55.8731 7
    endloop
  endfacet
  facet normal -0.941671 0.336535 0
    outer loop
      vertex 37.933 -55.783 22.45
      vertex 37.9008 -55.8731 22.45
      vertex 37.933 -55.783 25
    endloop
  endfacet
  facet normal -0.941671 0.336535 0
    outer loop
      vertex 37.933 -55.783 25
      vertex 37.9008 -55.8731 22.45
      vertex 37.9008 -55.8731 25
    endloop
  endfacet
  facet normal -0.243519 0.969896 0
    outer loop
      vertex 37.283 -56.433 22.45
      vertex 37.1902 -56.4563 25
      vertex 37.283 -56.433 25
    endloop
  endfacet
  facet normal -0.243519 0.969896 0
    outer loop
      vertex 37.283 -56.433 22.45
      vertex 37.1902 -56.4563 22.45
      vertex 37.1902 -56.4563 25
    endloop
  endfacet
  facet normal -0.243519 0.969896 0
    outer loop
      vertex 37.283 -56.433 7
      vertex 37.1902 -56.4563 22.45
      vertex 37.283 -56.433 22.45
    endloop
  endfacet
  facet normal -0.243519 0.969896 0
    outer loop
      vertex 37.1902 -56.4563 22.45
      vertex 37.283 -56.433 7
      vertex 37.1902 -56.4563 7
    endloop
  endfacet
  facet normal -0.941671 -0.336535 0
    outer loop
      vertex 37.933 -55.217 22.45
      vertex 37.9008 -55.1269 22.45
      vertex 37.9008 -55.1269 7
    endloop
  endfacet
  facet normal -0.941671 -0.336535 -0
    outer loop
      vertex 37.933 -55.217 22.45
      vertex 37.9008 -55.1269 7
      vertex 37.933 -55.217 7
    endloop
  endfacet
  facet normal -0.941671 -0.336535 0
    outer loop
      vertex 37.9008 -55.1269 22.45
      vertex 37.933 -55.217 22.45
      vertex 37.9008 -55.1269 25
    endloop
  endfacet
  facet normal -0.941671 -0.336535 0
    outer loop
      vertex 37.9008 -55.1269 25
      vertex 37.933 -55.217 22.45
      vertex 37.933 -55.217 25
    endloop
  endfacet
  facet normal -0.671788 -0.740743 0
    outer loop
      vertex 37.6185 -54.7463 22.45
      vertex 37.6894 -54.8106 25
      vertex 37.6185 -54.7463 25
    endloop
  endfacet
  facet normal -0.671788 -0.740743 0
    outer loop
      vertex 37.6185 -54.7463 22.45
      vertex 37.6894 -54.8106 22.45
      vertex 37.6894 -54.8106 25
    endloop
  endfacet
  facet normal -0.671788 -0.740743 0
    outer loop
      vertex 37.6185 -54.7463 7
      vertex 37.6894 -54.8106 22.45
      vertex 37.6185 -54.7463 22.45
    endloop
  endfacet
  facet normal -0.671788 -0.740743 -0
    outer loop
      vertex 37.6894 -54.8106 22.45
      vertex 37.6185 -54.7463 7
      vertex 37.6894 -54.8106 7
    endloop
  endfacet
  facet normal -0.969896 0.243519 0
    outer loop
      vertex 37.933 -55.783 22.45
      vertex 37.9563 -55.6902 22.45
      vertex 37.9563 -55.6902 7
    endloop
  endfacet
  facet normal -0.969896 0.243519 0
    outer loop
      vertex 37.933 -55.783 22.45
      vertex 37.9563 -55.6902 7
      vertex 37.933 -55.783 7
    endloop
  endfacet
  facet normal -0.969896 0.243519 0
    outer loop
      vertex 37.9563 -55.6902 22.45
      vertex 37.933 -55.783 22.45
      vertex 37.9563 -55.6902 25
    endloop
  endfacet
  facet normal -0.969896 0.243519 0
    outer loop
      vertex 37.9563 -55.6902 25
      vertex 37.933 -55.783 22.45
      vertex 37.933 -55.783 25
    endloop
  endfacet
  facet normal -0.904036 0.427457 0
    outer loop
      vertex 37.8599 -55.9596 22.45
      vertex 37.9008 -55.8731 22.45
      vertex 37.9008 -55.8731 7
    endloop
  endfacet
  facet normal -0.904036 0.427457 0
    outer loop
      vertex 37.8599 -55.9596 22.45
      vertex 37.9008 -55.8731 7
      vertex 37.8599 -55.9596 7
    endloop
  endfacet
  facet normal -0.904036 0.427457 0
    outer loop
      vertex 37.9008 -55.8731 22.45
      vertex 37.8599 -55.9596 22.45
      vertex 37.9008 -55.8731 25
    endloop
  endfacet
  facet normal -0.904036 0.427457 0
    outer loop
      vertex 37.9008 -55.8731 25
      vertex 37.8599 -55.9596 22.45
      vertex 37.8599 -55.9596 25
    endloop
  endfacet
  facet normal 0.740743 -0.671788 0
    outer loop
      vertex 36.2463 -54.8815 22.45
      vertex 36.3106 -54.8106 22.45
      vertex 36.3106 -54.8106 25
    endloop
  endfacet
  facet normal 0.740743 -0.671788 0
    outer loop
      vertex 36.2463 -54.8815 22.45
      vertex 36.3106 -54.8106 25
      vertex 36.2463 -54.8815 25
    endloop
  endfacet
  facet normal 0.740743 -0.671788 0
    outer loop
      vertex 36.3106 -54.8106 22.45
      vertex 36.2463 -54.8815 22.45
      vertex 36.3106 -54.8106 7
    endloop
  endfacet
  facet normal 0.740743 -0.671788 0
    outer loop
      vertex 36.3106 -54.8106 7
      vertex 36.2463 -54.8815 22.45
      vertex 36.2463 -54.8815 7
    endloop
  endfacet
  facet normal -0.857769 0.514035 0
    outer loop
      vertex 37.8107 -56.0417 22.45
      vertex 37.8599 -55.9596 22.45
      vertex 37.8599 -55.9596 7
    endloop
  endfacet
  facet normal -0.857769 0.514035 0
    outer loop
      vertex 37.8107 -56.0417 22.45
      vertex 37.8599 -55.9596 7
      vertex 37.8107 -56.0417 7
    endloop
  endfacet
  facet normal -0.857769 0.514035 0
    outer loop
      vertex 37.8599 -55.9596 22.45
      vertex 37.8107 -56.0417 22.45
      vertex 37.8599 -55.9596 25
    endloop
  endfacet
  facet normal -0.857769 0.514035 0
    outer loop
      vertex 37.8599 -55.9596 25
      vertex 37.8107 -56.0417 22.45
      vertex 37.8107 -56.0417 25
    endloop
  endfacet
  facet normal 0.857769 0.514035 0
    outer loop
      vertex 36.1893 -56.0417 22.45
      vertex 36.1401 -55.9596 22.45
      vertex 36.1401 -55.9596 25
    endloop
  endfacet
  facet normal 0.857769 0.514035 -0
    outer loop
      vertex 36.1893 -56.0417 22.45
      vertex 36.1401 -55.9596 25
      vertex 36.1893 -56.0417 25
    endloop
  endfacet
  facet normal 0.857769 0.514035 0
    outer loop
      vertex 36.1401 -55.9596 22.45
      vertex 36.1893 -56.0417 22.45
      vertex 36.1401 -55.9596 7
    endloop
  endfacet
  facet normal 0.857769 0.514035 0
    outer loop
      vertex 36.1401 -55.9596 7
      vertex 36.1893 -56.0417 22.45
      vertex 36.1893 -56.0417 7
    endloop
  endfacet
  facet normal -0.904036 -0.427457 0
    outer loop
      vertex 37.9008 -55.1269 22.45
      vertex 37.8599 -55.0404 22.45
      vertex 37.8599 -55.0404 7
    endloop
  endfacet
  facet normal -0.904036 -0.427457 -0
    outer loop
      vertex 37.9008 -55.1269 22.45
      vertex 37.8599 -55.0404 7
      vertex 37.9008 -55.1269 7
    endloop
  endfacet
  facet normal -0.904036 -0.427457 0
    outer loop
      vertex 37.8599 -55.0404 22.45
      vertex 37.9008 -55.1269 22.45
      vertex 37.8599 -55.0404 25
    endloop
  endfacet
  facet normal -0.904036 -0.427457 0
    outer loop
      vertex 37.8599 -55.0404 25
      vertex 37.9008 -55.1269 22.45
      vertex 37.9008 -55.1269 25
    endloop
  endfacet
  facet normal -0.671788 0.740743 0
    outer loop
      vertex 37.6894 -56.1894 22.45
      vertex 37.6185 -56.2537 25
      vertex 37.6894 -56.1894 25
    endloop
  endfacet
  facet normal -0.671788 0.740743 0
    outer loop
      vertex 37.6894 -56.1894 22.45
      vertex 37.6185 -56.2537 22.45
      vertex 37.6185 -56.2537 25
    endloop
  endfacet
  facet normal -0.671788 0.740743 0
    outer loop
      vertex 37.6894 -56.1894 7
      vertex 37.6185 -56.2537 22.45
      vertex 37.6894 -56.1894 22.45
    endloop
  endfacet
  facet normal -0.671788 0.740743 0
    outer loop
      vertex 37.6185 -56.2537 22.45
      vertex 37.6894 -56.1894 7
      vertex 37.6185 -56.2537 7
    endloop
  endfacet
  facet normal -0.243519 -0.969896 0
    outer loop
      vertex 37.1902 -54.5437 22.45
      vertex 37.283 -54.567 25
      vertex 37.1902 -54.5437 25
    endloop
  endfacet
  facet normal -0.243519 -0.969896 0
    outer loop
      vertex 37.1902 -54.5437 22.45
      vertex 37.283 -54.567 22.45
      vertex 37.283 -54.567 25
    endloop
  endfacet
  facet normal -0.243519 -0.969896 0
    outer loop
      vertex 37.1902 -54.5437 7
      vertex 37.283 -54.567 22.45
      vertex 37.1902 -54.5437 22.45
    endloop
  endfacet
  facet normal -0.243519 -0.969896 -0
    outer loop
      vertex 37.283 -54.567 22.45
      vertex 37.1902 -54.5437 7
      vertex 37.283 -54.567 7
    endloop
  endfacet
  facet normal -0.427457 0.904036 0
    outer loop
      vertex 37.4596 -56.3599 22.45
      vertex 37.3731 -56.4008 25
      vertex 37.4596 -56.3599 25
    endloop
  endfacet
  facet normal -0.427457 0.904036 0
    outer loop
      vertex 37.4596 -56.3599 22.45
      vertex 37.3731 -56.4008 22.45
      vertex 37.3731 -56.4008 25
    endloop
  endfacet
  facet normal -0.427457 0.904036 0
    outer loop
      vertex 37.4596 -56.3599 7
      vertex 37.3731 -56.4008 22.45
      vertex 37.4596 -56.3599 22.45
    endloop
  endfacet
  facet normal -0.427457 0.904036 0
    outer loop
      vertex 37.3731 -56.4008 22.45
      vertex 37.4596 -56.3599 7
      vertex 37.3731 -56.4008 7
    endloop
  endfacet
  facet normal -0.857769 -0.514035 0
    outer loop
      vertex 37.8599 -55.0404 22.45
      vertex 37.8107 -54.9583 22.45
      vertex 37.8107 -54.9583 7
    endloop
  endfacet
  facet normal -0.857769 -0.514035 -0
    outer loop
      vertex 37.8599 -55.0404 22.45
      vertex 37.8107 -54.9583 7
      vertex 37.8599 -55.0404 7
    endloop
  endfacet
  facet normal -0.857769 -0.514035 0
    outer loop
      vertex 37.8107 -54.9583 22.45
      vertex 37.8599 -55.0404 22.45
      vertex 37.8107 -54.9583 25
    endloop
  endfacet
  facet normal -0.857769 -0.514035 0
    outer loop
      vertex 37.8107 -54.9583 25
      vertex 37.8599 -55.0404 22.45
      vertex 37.8599 -55.0404 25
    endloop
  endfacet
  facet normal 0.969896 -0.243519 0
    outer loop
      vertex 36.0437 -55.3098 22.45
      vertex 36.067 -55.217 22.45
      vertex 36.067 -55.217 25
    endloop
  endfacet
  facet normal 0.969896 -0.243519 0
    outer loop
      vertex 36.0437 -55.3098 22.45
      vertex 36.067 -55.217 25
      vertex 36.0437 -55.3098 25
    endloop
  endfacet
  facet normal 0.969896 -0.243519 0
    outer loop
      vertex 36.067 -55.217 22.45
      vertex 36.0437 -55.3098 22.45
      vertex 36.067 -55.217 7
    endloop
  endfacet
  facet normal 0.969896 -0.243519 0
    outer loop
      vertex 36.067 -55.217 7
      vertex 36.0437 -55.3098 22.45
      vertex 36.0437 -55.3098 7
    endloop
  endfacet
  facet normal 0.671788 -0.740743 0
    outer loop
      vertex 36.3106 -54.8106 22.45
      vertex 36.3815 -54.7463 25
      vertex 36.3106 -54.8106 25
    endloop
  endfacet
  facet normal 0.671788 -0.740743 0
    outer loop
      vertex 36.3106 -54.8106 22.45
      vertex 36.3815 -54.7463 22.45
      vertex 36.3815 -54.7463 25
    endloop
  endfacet
  facet normal 0.671788 -0.740743 0
    outer loop
      vertex 36.3106 -54.8106 7
      vertex 36.3815 -54.7463 22.45
      vertex 36.3106 -54.8106 22.45
    endloop
  endfacet
  facet normal 0.671788 -0.740743 0
    outer loop
      vertex 36.3815 -54.7463 22.45
      vertex 36.3106 -54.8106 7
      vertex 36.3815 -54.7463 7
    endloop
  endfacet
  facet normal 0.989226 -0.146397 0
    outer loop
      vertex 36.0297 -55.4044 22.45
      vertex 36.0437 -55.3098 22.45
      vertex 36.0437 -55.3098 25
    endloop
  endfacet
  facet normal 0.989226 -0.146397 0
    outer loop
      vertex 36.0297 -55.4044 22.45
      vertex 36.0437 -55.3098 25
      vertex 36.0297 -55.4044 25
    endloop
  endfacet
  facet normal 0.989226 -0.146397 0
    outer loop
      vertex 36.0437 -55.3098 22.45
      vertex 36.0297 -55.4044 22.45
      vertex 36.0437 -55.3098 7
    endloop
  endfacet
  facet normal 0.989226 -0.146397 0
    outer loop
      vertex 36.0437 -55.3098 7
      vertex 36.0297 -55.4044 22.45
      vertex 36.0297 -55.4044 7
    endloop
  endfacet
  facet normal 0.427457 -0.904036 0
    outer loop
      vertex 36.5404 -54.6401 22.45
      vertex 36.6269 -54.5992 25
      vertex 36.5404 -54.6401 25
    endloop
  endfacet
  facet normal 0.427457 -0.904036 0
    outer loop
      vertex 36.5404 -54.6401 22.45
      vertex 36.6269 -54.5992 22.45
      vertex 36.6269 -54.5992 25
    endloop
  endfacet
  facet normal 0.427457 -0.904036 0
    outer loop
      vertex 36.5404 -54.6401 7
      vertex 36.6269 -54.5992 22.45
      vertex 36.5404 -54.6401 22.45
    endloop
  endfacet
  facet normal 0.427457 -0.904036 0
    outer loop
      vertex 36.6269 -54.5992 22.45
      vertex 36.5404 -54.6401 7
      vertex 36.6269 -54.5992 7
    endloop
  endfacet
  facet normal 0.336535 -0.941671 0
    outer loop
      vertex 36.6269 -54.5992 22.45
      vertex 36.717 -54.567 25
      vertex 36.6269 -54.5992 25
    endloop
  endfacet
  facet normal 0.336535 -0.941671 0
    outer loop
      vertex 36.6269 -54.5992 22.45
      vertex 36.717 -54.567 22.45
      vertex 36.717 -54.567 25
    endloop
  endfacet
  facet normal 0.336535 -0.941671 0
    outer loop
      vertex 36.6269 -54.5992 7
      vertex 36.717 -54.567 22.45
      vertex 36.6269 -54.5992 22.45
    endloop
  endfacet
  facet normal 0.336535 -0.941671 0
    outer loop
      vertex 36.717 -54.567 22.45
      vertex 36.6269 -54.5992 7
      vertex 36.717 -54.567 7
    endloop
  endfacet
  facet normal 0.998794 0.0491039 0
    outer loop
      vertex 36.0297 -55.5956 22.45
      vertex 36.025 -55.5 22.45
      vertex 36.025 -55.5 25
    endloop
  endfacet
  facet normal 0.998794 0.0491039 -0
    outer loop
      vertex 36.0297 -55.5956 22.45
      vertex 36.025 -55.5 25
      vertex 36.0297 -55.5956 25
    endloop
  endfacet
  facet normal 0.998794 0.0491039 0
    outer loop
      vertex 36.025 -55.5 22.45
      vertex 36.0297 -55.5956 22.45
      vertex 36.025 -55.5 7
    endloop
  endfacet
  facet normal 0.998794 0.0491039 0
    outer loop
      vertex 36.025 -55.5 7
      vertex 36.0297 -55.5956 22.45
      vertex 36.0297 -55.5956 7
    endloop
  endfacet
  facet normal 0.0491039 -0.998794 0
    outer loop
      vertex 36.9044 -54.5297 22.45
      vertex 37 -54.525 25
      vertex 36.9044 -54.5297 25
    endloop
  endfacet
  facet normal 0.0491039 -0.998794 0
    outer loop
      vertex 36.9044 -54.5297 22.45
      vertex 37 -54.525 22.45
      vertex 37 -54.525 25
    endloop
  endfacet
  facet normal 0.0491039 -0.998794 0
    outer loop
      vertex 36.9044 -54.5297 7
      vertex 37 -54.525 22.45
      vertex 36.9044 -54.5297 22.45
    endloop
  endfacet
  facet normal 0.0491039 -0.998794 0
    outer loop
      vertex 37 -54.525 22.45
      vertex 36.9044 -54.5297 7
      vertex 37 -54.525 7
    endloop
  endfacet
  facet normal 0.803001 -0.595977 0
    outer loop
      vertex 36.1893 -54.9583 22.45
      vertex 36.2463 -54.8815 22.45
      vertex 36.2463 -54.8815 25
    endloop
  endfacet
  facet normal 0.803001 -0.595977 0
    outer loop
      vertex 36.1893 -54.9583 22.45
      vertex 36.2463 -54.8815 25
      vertex 36.1893 -54.9583 25
    endloop
  endfacet
  facet normal 0.803001 -0.595977 0
    outer loop
      vertex 36.2463 -54.8815 22.45
      vertex 36.1893 -54.9583 22.45
      vertex 36.2463 -54.8815 7
    endloop
  endfacet
  facet normal 0.803001 -0.595977 0
    outer loop
      vertex 36.2463 -54.8815 7
      vertex 36.1893 -54.9583 22.45
      vertex 36.1893 -54.9583 7
    endloop
  endfacet
  facet normal 0.857769 -0.514035 0
    outer loop
      vertex 36.1401 -55.0404 22.45
      vertex 36.1893 -54.9583 22.45
      vertex 36.1893 -54.9583 25
    endloop
  endfacet
  facet normal 0.857769 -0.514035 0
    outer loop
      vertex 36.1401 -55.0404 22.45
      vertex 36.1893 -54.9583 25
      vertex 36.1401 -55.0404 25
    endloop
  endfacet
  facet normal 0.857769 -0.514035 0
    outer loop
      vertex 36.1893 -54.9583 22.45
      vertex 36.1401 -55.0404 22.45
      vertex 36.1893 -54.9583 7
    endloop
  endfacet
  facet normal 0.857769 -0.514035 0
    outer loop
      vertex 36.1893 -54.9583 7
      vertex 36.1401 -55.0404 22.45
      vertex 36.1401 -55.0404 7
    endloop
  endfacet
  facet normal 0.740743 0.671788 0
    outer loop
      vertex 36.3106 -56.1894 22.45
      vertex 36.2463 -56.1185 22.45
      vertex 36.2463 -56.1185 25
    endloop
  endfacet
  facet normal 0.740743 0.671788 -0
    outer loop
      vertex 36.3106 -56.1894 22.45
      vertex 36.2463 -56.1185 25
      vertex 36.3106 -56.1894 25
    endloop
  endfacet
  facet normal 0.740743 0.671788 0
    outer loop
      vertex 36.2463 -56.1185 22.45
      vertex 36.3106 -56.1894 22.45
      vertex 36.2463 -56.1185 7
    endloop
  endfacet
  facet normal 0.740743 0.671788 0
    outer loop
      vertex 36.2463 -56.1185 7
      vertex 36.3106 -56.1894 22.45
      vertex 36.3106 -56.1894 7
    endloop
  endfacet
  facet normal -0.989226 0.146397 0
    outer loop
      vertex 37.9563 -55.6902 22.45
      vertex 37.9703 -55.5956 22.45
      vertex 37.9703 -55.5956 7
    endloop
  endfacet
  facet normal -0.989226 0.146397 0
    outer loop
      vertex 37.9563 -55.6902 22.45
      vertex 37.9703 -55.5956 7
      vertex 37.9563 -55.6902 7
    endloop
  endfacet
  facet normal -0.989226 0.146397 0
    outer loop
      vertex 37.9703 -55.5956 22.45
      vertex 37.9563 -55.6902 22.45
      vertex 37.9703 -55.5956 25
    endloop
  endfacet
  facet normal -0.989226 0.146397 0
    outer loop
      vertex 37.9703 -55.5956 25
      vertex 37.9563 -55.6902 22.45
      vertex 37.9563 -55.6902 25
    endloop
  endfacet
  facet normal -0.998794 0.0491039 0
    outer loop
      vertex 37.9703 -55.5956 22.45
      vertex 37.975 -55.5 22.45
      vertex 37.975 -55.5 7
    endloop
  endfacet
  facet normal -0.998794 0.0491039 0
    outer loop
      vertex 37.9703 -55.5956 22.45
      vertex 37.975 -55.5 7
      vertex 37.9703 -55.5956 7
    endloop
  endfacet
  facet normal -0.998794 0.0491039 0
    outer loop
      vertex 37.975 -55.5 22.45
      vertex 37.9703 -55.5956 22.45
      vertex 37.975 -55.5 25
    endloop
  endfacet
  facet normal -0.998794 0.0491039 0
    outer loop
      vertex 37.975 -55.5 25
      vertex 37.9703 -55.5956 22.45
      vertex 37.9703 -55.5956 25
    endloop
  endfacet
  facet normal 0.989226 0.146397 0
    outer loop
      vertex 36.0437 -55.6902 22.45
      vertex 36.0297 -55.5956 22.45
      vertex 36.0297 -55.5956 25
    endloop
  endfacet
  facet normal 0.989226 0.146397 -0
    outer loop
      vertex 36.0437 -55.6902 22.45
      vertex 36.0297 -55.5956 25
      vertex 36.0437 -55.6902 25
    endloop
  endfacet
  facet normal 0.989226 0.146397 0
    outer loop
      vertex 36.0297 -55.5956 22.45
      vertex 36.0437 -55.6902 22.45
      vertex 36.0297 -55.5956 7
    endloop
  endfacet
  facet normal 0.989226 0.146397 0
    outer loop
      vertex 36.0297 -55.5956 7
      vertex 36.0437 -55.6902 22.45
      vertex 36.0437 -55.6902 7
    endloop
  endfacet
  facet normal -0.740743 -0.671788 0
    outer loop
      vertex 37.7537 -54.8815 22.45
      vertex 37.6894 -54.8106 22.45
      vertex 37.6894 -54.8106 7
    endloop
  endfacet
  facet normal -0.740743 -0.671788 -0
    outer loop
      vertex 37.7537 -54.8815 22.45
      vertex 37.6894 -54.8106 7
      vertex 37.7537 -54.8815 7
    endloop
  endfacet
  facet normal -0.740743 -0.671788 0
    outer loop
      vertex 37.6894 -54.8106 22.45
      vertex 37.7537 -54.8815 22.45
      vertex 37.6894 -54.8106 25
    endloop
  endfacet
  facet normal -0.740743 -0.671788 0
    outer loop
      vertex 37.6894 -54.8106 25
      vertex 37.7537 -54.8815 22.45
      vertex 37.7537 -54.8815 25
    endloop
  endfacet
  facet normal 0.671788 0.740743 -0
    outer loop
      vertex 36.3815 -56.2537 22.45
      vertex 36.3106 -56.1894 25
      vertex 36.3815 -56.2537 25
    endloop
  endfacet
  facet normal 0.671788 0.740743 0
    outer loop
      vertex 36.3815 -56.2537 22.45
      vertex 36.3106 -56.1894 22.45
      vertex 36.3106 -56.1894 25
    endloop
  endfacet
  facet normal 0.671788 0.740743 -0
    outer loop
      vertex 36.3815 -56.2537 7
      vertex 36.3106 -56.1894 22.45
      vertex 36.3815 -56.2537 22.45
    endloop
  endfacet
  facet normal 0.671788 0.740743 0
    outer loop
      vertex 36.3106 -56.1894 22.45
      vertex 36.3815 -56.2537 7
      vertex 36.3106 -56.1894 7
    endloop
  endfacet
  facet normal 0.904036 -0.427457 0
    outer loop
      vertex 36.0992 -55.1269 22.45
      vertex 36.1401 -55.0404 22.45
      vertex 36.1401 -55.0404 25
    endloop
  endfacet
  facet normal 0.904036 -0.427457 0
    outer loop
      vertex 36.0992 -55.1269 22.45
      vertex 36.1401 -55.0404 25
      vertex 36.0992 -55.1269 25
    endloop
  endfacet
  facet normal 0.904036 -0.427457 0
    outer loop
      vertex 36.1401 -55.0404 22.45
      vertex 36.0992 -55.1269 22.45
      vertex 36.1401 -55.0404 7
    endloop
  endfacet
  facet normal 0.904036 -0.427457 0
    outer loop
      vertex 36.1401 -55.0404 7
      vertex 36.0992 -55.1269 22.45
      vertex 36.0992 -55.1269 7
    endloop
  endfacet
  facet normal 0.336535 0.941671 -0
    outer loop
      vertex 36.717 -56.433 22.45
      vertex 36.6269 -56.4008 25
      vertex 36.717 -56.433 25
    endloop
  endfacet
  facet normal 0.336535 0.941671 0
    outer loop
      vertex 36.717 -56.433 22.45
      vertex 36.6269 -56.4008 22.45
      vertex 36.6269 -56.4008 25
    endloop
  endfacet
  facet normal 0.336535 0.941671 -0
    outer loop
      vertex 36.717 -56.433 7
      vertex 36.6269 -56.4008 22.45
      vertex 36.717 -56.433 22.45
    endloop
  endfacet
  facet normal 0.336535 0.941671 0
    outer loop
      vertex 36.6269 -56.4008 22.45
      vertex 36.717 -56.433 7
      vertex 36.6269 -56.4008 7
    endloop
  endfacet
  facet normal 0.0491039 0.998794 -0
    outer loop
      vertex 37 -56.475 22.45
      vertex 36.9044 -56.4703 25
      vertex 37 -56.475 25
    endloop
  endfacet
  facet normal 0.0491039 0.998794 0
    outer loop
      vertex 37 -56.475 22.45
      vertex 36.9044 -56.4703 22.45
      vertex 36.9044 -56.4703 25
    endloop
  endfacet
  facet normal 0.0491039 0.998794 -0
    outer loop
      vertex 37 -56.475 7
      vertex 36.9044 -56.4703 22.45
      vertex 37 -56.475 22.45
    endloop
  endfacet
  facet normal 0.0491039 0.998794 0
    outer loop
      vertex 36.9044 -56.4703 22.45
      vertex 37 -56.475 7
      vertex 36.9044 -56.4703 7
    endloop
  endfacet
  facet normal 0.998794 -0.0491039 0
    outer loop
      vertex 36.025 -55.5 22.45
      vertex 36.0297 -55.4044 22.45
      vertex 36.0297 -55.4044 25
    endloop
  endfacet
  facet normal 0.998794 -0.0491039 0
    outer loop
      vertex 36.025 -55.5 22.45
      vertex 36.0297 -55.4044 25
      vertex 36.025 -55.5 25
    endloop
  endfacet
  facet normal 0.998794 -0.0491039 0
    outer loop
      vertex 36.0297 -55.4044 22.45
      vertex 36.025 -55.5 22.45
      vertex 36.0297 -55.4044 7
    endloop
  endfacet
  facet normal 0.998794 -0.0491039 0
    outer loop
      vertex 36.0297 -55.4044 7
      vertex 36.025 -55.5 22.45
      vertex 36.025 -55.5 7
    endloop
  endfacet
  facet normal -0.740743 0.671788 0
    outer loop
      vertex 37.6894 -56.1894 22.45
      vertex 37.7537 -56.1185 22.45
      vertex 37.7537 -56.1185 7
    endloop
  endfacet
  facet normal -0.740743 0.671788 0
    outer loop
      vertex 37.6894 -56.1894 22.45
      vertex 37.7537 -56.1185 7
      vertex 37.6894 -56.1894 7
    endloop
  endfacet
  facet normal -0.740743 0.671788 0
    outer loop
      vertex 37.7537 -56.1185 22.45
      vertex 37.6894 -56.1894 22.45
      vertex 37.7537 -56.1185 25
    endloop
  endfacet
  facet normal -0.740743 0.671788 0
    outer loop
      vertex 37.7537 -56.1185 25
      vertex 37.6894 -56.1894 22.45
      vertex 37.6894 -56.1894 25
    endloop
  endfacet
  facet normal -0.989226 -0.146397 0
    outer loop
      vertex 37.9703 55.5956 22.45
      vertex 37.9563 55.6902 22.45
      vertex 37.9563 55.6902 7
    endloop
  endfacet
  facet normal -0.989226 -0.146397 -0
    outer loop
      vertex 37.9703 55.5956 22.45
      vertex 37.9563 55.6902 7
      vertex 37.9703 55.5956 7
    endloop
  endfacet
  facet normal -0.989226 -0.146397 0
    outer loop
      vertex 37.9563 55.6902 22.45
      vertex 37.9703 55.5956 22.45
      vertex 37.9563 55.6902 25
    endloop
  endfacet
  facet normal -0.989226 -0.146397 0
    outer loop
      vertex 37.9563 55.6902 25
      vertex 37.9703 55.5956 22.45
      vertex 37.9703 55.5956 25
    endloop
  endfacet
  facet normal -0.998794 -0.0491039 0
    outer loop
      vertex 37.975 55.5 22.45
      vertex 37.9703 55.5956 22.45
      vertex 37.9703 55.5956 7
    endloop
  endfacet
  facet normal -0.998794 -0.0491039 -0
    outer loop
      vertex 37.975 55.5 22.45
      vertex 37.9703 55.5956 7
      vertex 37.975 55.5 7
    endloop
  endfacet
  facet normal -0.998794 -0.0491039 0
    outer loop
      vertex 37.9703 55.5956 22.45
      vertex 37.975 55.5 22.45
      vertex 37.9703 55.5956 25
    endloop
  endfacet
  facet normal -0.998794 -0.0491039 0
    outer loop
      vertex 37.9703 55.5956 25
      vertex 37.975 55.5 22.45
      vertex 37.975 55.5 25
    endloop
  endfacet
  facet normal -0.969896 -0.243519 0
    outer loop
      vertex 37.9563 55.6902 22.45
      vertex 37.933 55.783 22.45
      vertex 37.933 55.783 7
    endloop
  endfacet
  facet normal -0.969896 -0.243519 -0
    outer loop
      vertex 37.9563 55.6902 22.45
      vertex 37.933 55.783 7
      vertex 37.9563 55.6902 7
    endloop
  endfacet
  facet normal -0.969896 -0.243519 0
    outer loop
      vertex 37.933 55.783 22.45
      vertex 37.9563 55.6902 22.45
      vertex 37.933 55.783 25
    endloop
  endfacet
  facet normal -0.969896 -0.243519 0
    outer loop
      vertex 37.933 55.783 25
      vertex 37.9563 55.6902 22.45
      vertex 37.9563 55.6902 25
    endloop
  endfacet
  facet normal -0.671788 -0.740743 0
    outer loop
      vertex 37.6185 56.2537 22.45
      vertex 37.6894 56.1894 25
      vertex 37.6185 56.2537 25
    endloop
  endfacet
  facet normal -0.671788 -0.740743 0
    outer loop
      vertex 37.6185 56.2537 22.45
      vertex 37.6894 56.1894 22.45
      vertex 37.6894 56.1894 25
    endloop
  endfacet
  facet normal -0.671788 -0.740743 0
    outer loop
      vertex 37.6185 56.2537 7
      vertex 37.6894 56.1894 22.45
      vertex 37.6185 56.2537 22.45
    endloop
  endfacet
  facet normal -0.671788 -0.740743 -0
    outer loop
      vertex 37.6894 56.1894 22.45
      vertex 37.6185 56.2537 7
      vertex 37.6894 56.1894 7
    endloop
  endfacet
  facet normal -0.595977 -0.803001 0
    outer loop
      vertex 37.5417 56.3107 22.45
      vertex 37.6185 56.2537 25
      vertex 37.5417 56.3107 25
    endloop
  endfacet
  facet normal -0.595977 -0.803001 0
    outer loop
      vertex 37.5417 56.3107 22.45
      vertex 37.6185 56.2537 22.45
      vertex 37.6185 56.2537 25
    endloop
  endfacet
  facet normal -0.595977 -0.803001 0
    outer loop
      vertex 37.5417 56.3107 7
      vertex 37.6185 56.2537 22.45
      vertex 37.5417 56.3107 22.45
    endloop
  endfacet
  facet normal -0.595977 -0.803001 -0
    outer loop
      vertex 37.6185 56.2537 22.45
      vertex 37.5417 56.3107 7
      vertex 37.6185 56.2537 7
    endloop
  endfacet
  facet normal -0.336535 0.941671 0
    outer loop
      vertex 37.3731 54.5992 22.45
      vertex 37.283 54.567 25
      vertex 37.3731 54.5992 25
    endloop
  endfacet
  facet normal -0.336535 0.941671 0
    outer loop
      vertex 37.3731 54.5992 22.45
      vertex 37.283 54.567 22.45
      vertex 37.283 54.567 25
    endloop
  endfacet
  facet normal -0.336535 0.941671 0
    outer loop
      vertex 37.3731 54.5992 7
      vertex 37.283 54.567 22.45
      vertex 37.3731 54.5992 22.45
    endloop
  endfacet
  facet normal -0.336535 0.941671 0
    outer loop
      vertex 37.283 54.567 22.45
      vertex 37.3731 54.5992 7
      vertex 37.283 54.567 7
    endloop
  endfacet
  facet normal 0.0491039 0.998794 -0
    outer loop
      vertex 37 54.525 22.45
      vertex 36.9044 54.5297 25
      vertex 37 54.525 25
    endloop
  endfacet
  facet normal 0.0491039 0.998794 0
    outer loop
      vertex 37 54.525 22.45
      vertex 36.9044 54.5297 22.45
      vertex 36.9044 54.5297 25
    endloop
  endfacet
  facet normal 0.0491039 0.998794 -0
    outer loop
      vertex 37 54.525 7
      vertex 36.9044 54.5297 22.45
      vertex 37 54.525 22.45
    endloop
  endfacet
  facet normal 0.0491039 0.998794 0
    outer loop
      vertex 36.9044 54.5297 22.45
      vertex 37 54.525 7
      vertex 36.9044 54.5297 7
    endloop
  endfacet
  facet normal 0.989226 -0.146397 0
    outer loop
      vertex 36.0297 55.5956 22.45
      vertex 36.0437 55.6902 22.45
      vertex 36.0437 55.6902 25
    endloop
  endfacet
  facet normal 0.989226 -0.146397 0
    outer loop
      vertex 36.0297 55.5956 22.45
      vertex 36.0437 55.6902 25
      vertex 36.0297 55.5956 25
    endloop
  endfacet
  facet normal 0.989226 -0.146397 0
    outer loop
      vertex 36.0437 55.6902 22.45
      vertex 36.0297 55.5956 22.45
      vertex 36.0437 55.6902 7
    endloop
  endfacet
  facet normal 0.989226 -0.146397 0
    outer loop
      vertex 36.0437 55.6902 7
      vertex 36.0297 55.5956 22.45
      vertex 36.0297 55.5956 7
    endloop
  endfacet
  facet normal -0.740743 0.671788 0
    outer loop
      vertex 37.6894 54.8106 22.45
      vertex 37.7537 54.8815 22.45
      vertex 37.7537 54.8815 7
    endloop
  endfacet
  facet normal -0.740743 0.671788 0
    outer loop
      vertex 37.6894 54.8106 22.45
      vertex 37.7537 54.8815 7
      vertex 37.6894 54.8106 7
    endloop
  endfacet
  facet normal -0.740743 0.671788 0
    outer loop
      vertex 37.7537 54.8815 22.45
      vertex 37.6894 54.8106 22.45
      vertex 37.7537 54.8815 25
    endloop
  endfacet
  facet normal -0.740743 0.671788 0
    outer loop
      vertex 37.7537 54.8815 25
      vertex 37.6894 54.8106 22.45
      vertex 37.6894 54.8106 25
    endloop
  endfacet
  facet normal -0.243519 -0.969896 0
    outer loop
      vertex 37.1902 56.4563 22.45
      vertex 37.283 56.433 25
      vertex 37.1902 56.4563 25
    endloop
  endfacet
  facet normal -0.243519 -0.969896 0
    outer loop
      vertex 37.1902 56.4563 22.45
      vertex 37.283 56.433 22.45
      vertex 37.283 56.433 25
    endloop
  endfacet
  facet normal -0.243519 -0.969896 0
    outer loop
      vertex 37.1902 56.4563 7
      vertex 37.283 56.433 22.45
      vertex 37.1902 56.4563 22.45
    endloop
  endfacet
  facet normal -0.243519 -0.969896 -0
    outer loop
      vertex 37.283 56.433 22.45
      vertex 37.1902 56.4563 7
      vertex 37.283 56.433 7
    endloop
  endfacet
  facet normal 0.941671 -0.336535 0
    outer loop
      vertex 36.067 55.783 22.45
      vertex 36.0992 55.8731 22.45
      vertex 36.0992 55.8731 25
    endloop
  endfacet
  facet normal 0.941671 -0.336535 0
    outer loop
      vertex 36.067 55.783 22.45
      vertex 36.0992 55.8731 25
      vertex 36.067 55.783 25
    endloop
  endfacet
  facet normal 0.941671 -0.336535 0
    outer loop
      vertex 36.0992 55.8731 22.45
      vertex 36.067 55.783 22.45
      vertex 36.0992 55.8731 7
    endloop
  endfacet
  facet normal 0.941671 -0.336535 0
    outer loop
      vertex 36.0992 55.8731 7
      vertex 36.067 55.783 22.45
      vertex 36.067 55.783 7
    endloop
  endfacet
  facet normal -0.803001 0.595977 0
    outer loop
      vertex 37.7537 54.8815 22.45
      vertex 37.8107 54.9583 22.45
      vertex 37.8107 54.9583 7
    endloop
  endfacet
  facet normal -0.803001 0.595977 0
    outer loop
      vertex 37.7537 54.8815 22.45
      vertex 37.8107 54.9583 7
      vertex 37.7537 54.8815 7
    endloop
  endfacet
  facet normal -0.803001 0.595977 0
    outer loop
      vertex 37.8107 54.9583 22.45
      vertex 37.7537 54.8815 22.45
      vertex 37.8107 54.9583 25
    endloop
  endfacet
  facet normal -0.803001 0.595977 0
    outer loop
      vertex 37.8107 54.9583 25
      vertex 37.7537 54.8815 22.45
      vertex 37.7537 54.8815 25
    endloop
  endfacet
  facet normal 0.243519 -0.969896 0
    outer loop
      vertex 36.717 56.433 22.45
      vertex 36.8098 56.4563 25
      vertex 36.717 56.433 25
    endloop
  endfacet
  facet normal 0.243519 -0.969896 0
    outer loop
      vertex 36.717 56.433 22.45
      vertex 36.8098 56.4563 22.45
      vertex 36.8098 56.4563 25
    endloop
  endfacet
  facet normal 0.243519 -0.969896 0
    outer loop
      vertex 36.717 56.433 7
      vertex 36.8098 56.4563 22.45
      vertex 36.717 56.433 22.45
    endloop
  endfacet
  facet normal 0.243519 -0.969896 0
    outer loop
      vertex 36.8098 56.4563 22.45
      vertex 36.717 56.433 7
      vertex 36.8098 56.4563 7
    endloop
  endfacet
  facet normal 0.595977 -0.803001 0
    outer loop
      vertex 36.3815 56.2537 22.45
      vertex 36.4583 56.3107 25
      vertex 36.3815 56.2537 25
    endloop
  endfacet
  facet normal 0.595977 -0.803001 0
    outer loop
      vertex 36.3815 56.2537 22.45
      vertex 36.4583 56.3107 22.45
      vertex 36.4583 56.3107 25
    endloop
  endfacet
  facet normal 0.595977 -0.803001 0
    outer loop
      vertex 36.3815 56.2537 7
      vertex 36.4583 56.3107 22.45
      vertex 36.3815 56.2537 22.45
    endloop
  endfacet
  facet normal 0.595977 -0.803001 0
    outer loop
      vertex 36.4583 56.3107 22.45
      vertex 36.3815 56.2537 7
      vertex 36.4583 56.3107 7
    endloop
  endfacet
  facet normal 0.336535 0.941671 -0
    outer loop
      vertex 36.717 54.567 22.45
      vertex 36.6269 54.5992 25
      vertex 36.717 54.567 25
    endloop
  endfacet
  facet normal 0.336535 0.941671 0
    outer loop
      vertex 36.717 54.567 22.45
      vertex 36.6269 54.5992 22.45
      vertex 36.6269 54.5992 25
    endloop
  endfacet
  facet normal 0.336535 0.941671 -0
    outer loop
      vertex 36.717 54.567 7
      vertex 36.6269 54.5992 22.45
      vertex 36.717 54.567 22.45
    endloop
  endfacet
  facet normal 0.336535 0.941671 0
    outer loop
      vertex 36.6269 54.5992 22.45
      vertex 36.717 54.567 7
      vertex 36.6269 54.5992 7
    endloop
  endfacet
  facet normal -0.514035 -0.857769 0
    outer loop
      vertex 37.4596 56.3599 22.45
      vertex 37.5417 56.3107 25
      vertex 37.4596 56.3599 25
    endloop
  endfacet
  facet normal -0.514035 -0.857769 0
    outer loop
      vertex 37.4596 56.3599 22.45
      vertex 37.5417 56.3107 22.45
      vertex 37.5417 56.3107 25
    endloop
  endfacet
  facet normal -0.514035 -0.857769 0
    outer loop
      vertex 37.4596 56.3599 7
      vertex 37.5417 56.3107 22.45
      vertex 37.4596 56.3599 22.45
    endloop
  endfacet
  facet normal -0.514035 -0.857769 -0
    outer loop
      vertex 37.5417 56.3107 22.45
      vertex 37.4596 56.3599 7
      vertex 37.5417 56.3107 7
    endloop
  endfacet
  facet normal 0.969896 0.243519 0
    outer loop
      vertex 36.067 55.217 22.45
      vertex 36.0437 55.3098 22.45
      vertex 36.0437 55.3098 25
    endloop
  endfacet
  facet normal 0.969896 0.243519 -0
    outer loop
      vertex 36.067 55.217 22.45
      vertex 36.0437 55.3098 25
      vertex 36.067 55.217 25
    endloop
  endfacet
  facet normal 0.969896 0.243519 0
    outer loop
      vertex 36.0437 55.3098 22.45
      vertex 36.067 55.217 22.45
      vertex 36.0437 55.3098 7
    endloop
  endfacet
  facet normal 0.969896 0.243519 0
    outer loop
      vertex 36.0437 55.3098 7
      vertex 36.067 55.217 22.45
      vertex 36.067 55.217 7
    endloop
  endfacet
  facet normal -0.0491039 0.998794 0
    outer loop
      vertex 37.0956 54.5297 22.45
      vertex 37 54.525 25
      vertex 37.0956 54.5297 25
    endloop
  endfacet
  facet normal -0.0491039 0.998794 0
    outer loop
      vertex 37.0956 54.5297 22.45
      vertex 37 54.525 22.45
      vertex 37 54.525 25
    endloop
  endfacet
  facet normal -0.0491039 0.998794 0
    outer loop
      vertex 37.0956 54.5297 7
      vertex 37 54.525 22.45
      vertex 37.0956 54.5297 22.45
    endloop
  endfacet
  facet normal -0.0491039 0.998794 0
    outer loop
      vertex 37 54.525 22.45
      vertex 37.0956 54.5297 7
      vertex 37 54.525 7
    endloop
  endfacet
  facet normal 0.336535 -0.941671 0
    outer loop
      vertex 36.6269 56.4008 22.45
      vertex 36.717 56.433 25
      vertex 36.6269 56.4008 25
    endloop
  endfacet
  facet normal 0.336535 -0.941671 0
    outer loop
      vertex 36.6269 56.4008 22.45
      vertex 36.717 56.433 22.45
      vertex 36.717 56.433 25
    endloop
  endfacet
  facet normal 0.336535 -0.941671 0
    outer loop
      vertex 36.6269 56.4008 7
      vertex 36.717 56.433 22.45
      vertex 36.6269 56.4008 22.45
    endloop
  endfacet
  facet normal 0.336535 -0.941671 0
    outer loop
      vertex 36.717 56.433 22.45
      vertex 36.6269 56.4008 7
      vertex 36.717 56.433 7
    endloop
  endfacet
  facet normal -0.740743 -0.671788 0
    outer loop
      vertex 37.7537 56.1185 22.45
      vertex 37.6894 56.1894 22.45
      vertex 37.6894 56.1894 7
    endloop
  endfacet
  facet normal -0.740743 -0.671788 -0
    outer loop
      vertex 37.7537 56.1185 22.45
      vertex 37.6894 56.1894 7
      vertex 37.7537 56.1185 7
    endloop
  endfacet
  facet normal -0.740743 -0.671788 0
    outer loop
      vertex 37.6894 56.1894 22.45
      vertex 37.7537 56.1185 22.45
      vertex 37.6894 56.1894 25
    endloop
  endfacet
  facet normal -0.740743 -0.671788 0
    outer loop
      vertex 37.6894 56.1894 25
      vertex 37.7537 56.1185 22.45
      vertex 37.7537 56.1185 25
    endloop
  endfacet
  facet normal -0.803001 -0.595977 0
    outer loop
      vertex 37.8107 56.0417 22.45
      vertex 37.7537 56.1185 22.45
      vertex 37.7537 56.1185 7
    endloop
  endfacet
  facet normal -0.803001 -0.595977 -0
    outer loop
      vertex 37.8107 56.0417 22.45
      vertex 37.7537 56.1185 7
      vertex 37.8107 56.0417 7
    endloop
  endfacet
  facet normal -0.803001 -0.595977 0
    outer loop
      vertex 37.7537 56.1185 22.45
      vertex 37.8107 56.0417 22.45
      vertex 37.7537 56.1185 25
    endloop
  endfacet
  facet normal -0.803001 -0.595977 0
    outer loop
      vertex 37.7537 56.1185 25
      vertex 37.8107 56.0417 22.45
      vertex 37.8107 56.0417 25
    endloop
  endfacet
  facet normal 0.671788 -0.740743 0
    outer loop
      vertex 36.3106 56.1894 22.45
      vertex 36.3815 56.2537 25
      vertex 36.3106 56.1894 25
    endloop
  endfacet
  facet normal 0.671788 -0.740743 0
    outer loop
      vertex 36.3106 56.1894 22.45
      vertex 36.3815 56.2537 22.45
      vertex 36.3815 56.2537 25
    endloop
  endfacet
  facet normal 0.671788 -0.740743 0
    outer loop
      vertex 36.3106 56.1894 7
      vertex 36.3815 56.2537 22.45
      vertex 36.3106 56.1894 22.45
    endloop
  endfacet
  facet normal 0.671788 -0.740743 0
    outer loop
      vertex 36.3815 56.2537 22.45
      vertex 36.3106 56.1894 7
      vertex 36.3815 56.2537 7
    endloop
  endfacet
  facet normal -0.969896 0.243519 0
    outer loop
      vertex 37.933 55.217 22.45
      vertex 37.9563 55.3098 22.45
      vertex 37.9563 55.3098 7
    endloop
  endfacet
  facet normal -0.969896 0.243519 0
    outer loop
      vertex 37.933 55.217 22.45
      vertex 37.9563 55.3098 7
      vertex 37.933 55.217 7
    endloop
  endfacet
  facet normal -0.969896 0.243519 0
    outer loop
      vertex 37.9563 55.3098 22.45
      vertex 37.933 55.217 22.45
      vertex 37.9563 55.3098 25
    endloop
  endfacet
  facet normal -0.969896 0.243519 0
    outer loop
      vertex 37.9563 55.3098 25
      vertex 37.933 55.217 22.45
      vertex 37.933 55.217 25
    endloop
  endfacet
  facet normal -0.427457 0.904036 0
    outer loop
      vertex 37.4596 54.6401 22.45
      vertex 37.3731 54.5992 25
      vertex 37.4596 54.6401 25
    endloop
  endfacet
  facet normal -0.427457 0.904036 0
    outer loop
      vertex 37.4596 54.6401 22.45
      vertex 37.3731 54.5992 22.45
      vertex 37.3731 54.5992 25
    endloop
  endfacet
  facet normal -0.427457 0.904036 0
    outer loop
      vertex 37.4596 54.6401 7
      vertex 37.3731 54.5992 22.45
      vertex 37.4596 54.6401 22.45
    endloop
  endfacet
  facet normal -0.427457 0.904036 0
    outer loop
      vertex 37.3731 54.5992 22.45
      vertex 37.4596 54.6401 7
      vertex 37.3731 54.5992 7
    endloop
  endfacet
  facet normal -0.336535 -0.941671 0
    outer loop
      vertex 37.283 56.433 22.45
      vertex 37.3731 56.4008 25
      vertex 37.283 56.433 25
    endloop
  endfacet
  facet normal -0.336535 -0.941671 0
    outer loop
      vertex 37.283 56.433 22.45
      vertex 37.3731 56.4008 22.45
      vertex 37.3731 56.4008 25
    endloop
  endfacet
  facet normal -0.336535 -0.941671 0
    outer loop
      vertex 37.283 56.433 7
      vertex 37.3731 56.4008 22.45
      vertex 37.283 56.433 22.45
    endloop
  endfacet
  facet normal -0.336535 -0.941671 -0
    outer loop
      vertex 37.3731 56.4008 22.45
      vertex 37.283 56.433 7
      vertex 37.3731 56.4008 7
    endloop
  endfacet
  facet normal 0.989226 0.146397 0
    outer loop
      vertex 36.0437 55.3098 22.45
      vertex 36.0297 55.4044 22.45
      vertex 36.0297 55.4044 25
    endloop
  endfacet
  facet normal 0.989226 0.146397 -0
    outer loop
      vertex 36.0437 55.3098 22.45
      vertex 36.0297 55.4044 25
      vertex 36.0437 55.3098 25
    endloop
  endfacet
  facet normal 0.989226 0.146397 0
    outer loop
      vertex 36.0297 55.4044 22.45
      vertex 36.0437 55.3098 22.45
      vertex 36.0297 55.4044 7
    endloop
  endfacet
  facet normal 0.989226 0.146397 0
    outer loop
      vertex 36.0297 55.4044 7
      vertex 36.0437 55.3098 22.45
      vertex 36.0437 55.3098 7
    endloop
  endfacet
  facet normal 0.514035 -0.857769 0
    outer loop
      vertex 36.4583 56.3107 22.45
      vertex 36.5404 56.3599 25
      vertex 36.4583 56.3107 25
    endloop
  endfacet
  facet normal 0.514035 -0.857769 0
    outer loop
      vertex 36.4583 56.3107 22.45
      vertex 36.5404 56.3599 22.45
      vertex 36.5404 56.3599 25
    endloop
  endfacet
  facet normal 0.514035 -0.857769 0
    outer loop
      vertex 36.4583 56.3107 7
      vertex 36.5404 56.3599 22.45
      vertex 36.4583 56.3107 22.45
    endloop
  endfacet
  facet normal 0.514035 -0.857769 0
    outer loop
      vertex 36.5404 56.3599 22.45
      vertex 36.4583 56.3107 7
      vertex 36.5404 56.3599 7
    endloop
  endfacet
  facet normal 0.427457 0.904036 -0
    outer loop
      vertex 36.6269 54.5992 22.45
      vertex 36.5404 54.6401 25
      vertex 36.6269 54.5992 25
    endloop
  endfacet
  facet normal 0.427457 0.904036 0
    outer loop
      vertex 36.6269 54.5992 22.45
      vertex 36.5404 54.6401 22.45
      vertex 36.5404 54.6401 25
    endloop
  endfacet
  facet normal 0.427457 0.904036 -0
    outer loop
      vertex 36.6269 54.5992 7
      vertex 36.5404 54.6401 22.45
      vertex 36.6269 54.5992 22.45
    endloop
  endfacet
  facet normal 0.427457 0.904036 0
    outer loop
      vertex 36.5404 54.6401 22.45
      vertex 36.6269 54.5992 7
      vertex 36.5404 54.6401 7
    endloop
  endfacet
  facet normal 0.904036 -0.427457 0
    outer loop
      vertex 36.0992 55.8731 22.45
      vertex 36.1401 55.9596 22.45
      vertex 36.1401 55.9596 25
    endloop
  endfacet
  facet normal 0.904036 -0.427457 0
    outer loop
      vertex 36.0992 55.8731 22.45
      vertex 36.1401 55.9596 25
      vertex 36.0992 55.8731 25
    endloop
  endfacet
  facet normal 0.904036 -0.427457 0
    outer loop
      vertex 36.1401 55.9596 22.45
      vertex 36.0992 55.8731 22.45
      vertex 36.1401 55.9596 7
    endloop
  endfacet
  facet normal 0.904036 -0.427457 0
    outer loop
      vertex 36.1401 55.9596 7
      vertex 36.0992 55.8731 22.45
      vertex 36.0992 55.8731 7
    endloop
  endfacet
  facet normal 0.803001 -0.595977 0
    outer loop
      vertex 36.1893 56.0417 22.45
      vertex 36.2463 56.1185 22.45
      vertex 36.2463 56.1185 25
    endloop
  endfacet
  facet normal 0.803001 -0.595977 0
    outer loop
      vertex 36.1893 56.0417 22.45
      vertex 36.2463 56.1185 25
      vertex 36.1893 56.0417 25
    endloop
  endfacet
  facet normal 0.803001 -0.595977 0
    outer loop
      vertex 36.2463 56.1185 22.45
      vertex 36.1893 56.0417 22.45
      vertex 36.2463 56.1185 7
    endloop
  endfacet
  facet normal 0.803001 -0.595977 0
    outer loop
      vertex 36.2463 56.1185 7
      vertex 36.1893 56.0417 22.45
      vertex 36.1893 56.0417 7
    endloop
  endfacet
  facet normal -0.427457 -0.904036 0
    outer loop
      vertex 37.3731 56.4008 22.45
      vertex 37.4596 56.3599 25
      vertex 37.3731 56.4008 25
    endloop
  endfacet
  facet normal -0.427457 -0.904036 0
    outer loop
      vertex 37.3731 56.4008 22.45
      vertex 37.4596 56.3599 22.45
      vertex 37.4596 56.3599 25
    endloop
  endfacet
  facet normal -0.427457 -0.904036 0
    outer loop
      vertex 37.3731 56.4008 7
      vertex 37.4596 56.3599 22.45
      vertex 37.3731 56.4008 22.45
    endloop
  endfacet
  facet normal -0.427457 -0.904036 -0
    outer loop
      vertex 37.4596 56.3599 22.45
      vertex 37.3731 56.4008 7
      vertex 37.4596 56.3599 7
    endloop
  endfacet
  facet normal -0.941671 0.336535 0
    outer loop
      vertex 37.9008 55.1269 22.45
      vertex 37.933 55.217 22.45
      vertex 37.933 55.217 7
    endloop
  endfacet
  facet normal -0.941671 0.336535 0
    outer loop
      vertex 37.9008 55.1269 22.45
      vertex 37.933 55.217 7
      vertex 37.9008 55.1269 7
    endloop
  endfacet
  facet normal -0.941671 0.336535 0
    outer loop
      vertex 37.933 55.217 22.45
      vertex 37.9008 55.1269 22.45
      vertex 37.933 55.217 25
    endloop
  endfacet
  facet normal -0.941671 0.336535 0
    outer loop
      vertex 37.933 55.217 25
      vertex 37.9008 55.1269 22.45
      vertex 37.9008 55.1269 25
    endloop
  endfacet
  facet normal -0.941671 -0.336535 0
    outer loop
      vertex 37.933 55.783 22.45
      vertex 37.9008 55.8731 22.45
      vertex 37.9008 55.8731 7
    endloop
  endfacet
  facet normal -0.941671 -0.336535 -0
    outer loop
      vertex 37.933 55.783 22.45
      vertex 37.9008 55.8731 7
      vertex 37.933 55.783 7
    endloop
  endfacet
  facet normal -0.941671 -0.336535 0
    outer loop
      vertex 37.9008 55.8731 22.45
      vertex 37.933 55.783 22.45
      vertex 37.9008 55.8731 25
    endloop
  endfacet
  facet normal -0.941671 -0.336535 0
    outer loop
      vertex 37.9008 55.8731 25
      vertex 37.933 55.783 22.45
      vertex 37.933 55.783 25
    endloop
  endfacet
  facet normal -0.0491039 -0.998794 0
    outer loop
      vertex 37 56.475 22.45
      vertex 37.0956 56.4703 25
      vertex 37 56.475 25
    endloop
  endfacet
  facet normal -0.0491039 -0.998794 0
    outer loop
      vertex 37 56.475 22.45
      vertex 37.0956 56.4703 22.45
      vertex 37.0956 56.4703 25
    endloop
  endfacet
  facet normal -0.0491039 -0.998794 0
    outer loop
      vertex 37 56.475 7
      vertex 37.0956 56.4703 22.45
      vertex 37 56.475 22.45
    endloop
  endfacet
  facet normal -0.0491039 -0.998794 -0
    outer loop
      vertex 37.0956 56.4703 22.45
      vertex 37 56.475 7
      vertex 37.0956 56.4703 7
    endloop
  endfacet
  facet normal -0.989226 0.146397 0
    outer loop
      vertex 37.9563 55.3098 22.45
      vertex 37.9703 55.4044 22.45
      vertex 37.9703 55.4044 7
    endloop
  endfacet
  facet normal -0.989226 0.146397 0
    outer loop
      vertex 37.9563 55.3098 22.45
      vertex 37.9703 55.4044 7
      vertex 37.9563 55.3098 7
    endloop
  endfacet
  facet normal -0.989226 0.146397 0
    outer loop
      vertex 37.9703 55.4044 22.45
      vertex 37.9563 55.3098 22.45
      vertex 37.9703 55.4044 25
    endloop
  endfacet
  facet normal -0.989226 0.146397 0
    outer loop
      vertex 37.9703 55.4044 25
      vertex 37.9563 55.3098 22.45
      vertex 37.9563 55.3098 25
    endloop
  endfacet
  facet normal -0.998794 0.0491039 0
    outer loop
      vertex 37.9703 55.4044 22.45
      vertex 37.975 55.5 22.45
      vertex 37.975 55.5 7
    endloop
  endfacet
  facet normal -0.998794 0.0491039 0
    outer loop
      vertex 37.9703 55.4044 22.45
      vertex 37.975 55.5 7
      vertex 37.9703 55.4044 7
    endloop
  endfacet
  facet normal -0.998794 0.0491039 0
    outer loop
      vertex 37.975 55.5 22.45
      vertex 37.9703 55.4044 22.45
      vertex 37.975 55.5 25
    endloop
  endfacet
  facet normal -0.998794 0.0491039 0
    outer loop
      vertex 37.975 55.5 25
      vertex 37.9703 55.4044 22.45
      vertex 37.9703 55.4044 25
    endloop
  endfacet
  facet normal 0.740743 0.671788 0
    outer loop
      vertex 36.3106 54.8106 22.45
      vertex 36.2463 54.8815 22.45
      vertex 36.2463 54.8815 25
    endloop
  endfacet
  facet normal 0.740743 0.671788 -0
    outer loop
      vertex 36.3106 54.8106 22.45
      vertex 36.2463 54.8815 25
      vertex 36.3106 54.8106 25
    endloop
  endfacet
  facet normal 0.740743 0.671788 0
    outer loop
      vertex 36.2463 54.8815 22.45
      vertex 36.3106 54.8106 22.45
      vertex 36.2463 54.8815 7
    endloop
  endfacet
  facet normal 0.740743 0.671788 0
    outer loop
      vertex 36.2463 54.8815 7
      vertex 36.3106 54.8106 22.45
      vertex 36.3106 54.8106 7
    endloop
  endfacet
  facet normal 0.969896 -0.243519 0
    outer loop
      vertex 36.0437 55.6902 22.45
      vertex 36.067 55.783 22.45
      vertex 36.067 55.783 25
    endloop
  endfacet
  facet normal 0.969896 -0.243519 0
    outer loop
      vertex 36.0437 55.6902 22.45
      vertex 36.067 55.783 25
      vertex 36.0437 55.6902 25
    endloop
  endfacet
  facet normal 0.969896 -0.243519 0
    outer loop
      vertex 36.067 55.783 22.45
      vertex 36.0437 55.6902 22.45
      vertex 36.067 55.783 7
    endloop
  endfacet
  facet normal 0.969896 -0.243519 0
    outer loop
      vertex 36.067 55.783 7
      vertex 36.0437 55.6902 22.45
      vertex 36.0437 55.6902 7
    endloop
  endfacet
  facet normal -0.904036 -0.427457 0
    outer loop
      vertex 37.9008 55.8731 22.45
      vertex 37.8599 55.9596 22.45
      vertex 37.8599 55.9596 7
    endloop
  endfacet
  facet normal -0.904036 -0.427457 -0
    outer loop
      vertex 37.9008 55.8731 22.45
      vertex 37.8599 55.9596 7
      vertex 37.9008 55.8731 7
    endloop
  endfacet
  facet normal -0.904036 -0.427457 0
    outer loop
      vertex 37.8599 55.9596 22.45
      vertex 37.9008 55.8731 22.45
      vertex 37.8599 55.9596 25
    endloop
  endfacet
  facet normal -0.904036 -0.427457 0
    outer loop
      vertex 37.8599 55.9596 25
      vertex 37.9008 55.8731 22.45
      vertex 37.9008 55.8731 25
    endloop
  endfacet
  facet normal -0.146397 0.989226 0
    outer loop
      vertex 37.1902 54.5437 22.45
      vertex 37.0956 54.5297 25
      vertex 37.1902 54.5437 25
    endloop
  endfacet
  facet normal -0.146397 0.989226 0
    outer loop
      vertex 37.1902 54.5437 22.45
      vertex 37.0956 54.5297 22.45
      vertex 37.0956 54.5297 25
    endloop
  endfacet
  facet normal -0.146397 0.989226 0
    outer loop
      vertex 37.1902 54.5437 7
      vertex 37.0956 54.5297 22.45
      vertex 37.1902 54.5437 22.45
    endloop
  endfacet
  facet normal -0.146397 0.989226 0
    outer loop
      vertex 37.0956 54.5297 22.45
      vertex 37.1902 54.5437 7
      vertex 37.0956 54.5297 7
    endloop
  endfacet
  facet normal 0.0491039 -0.998794 0
    outer loop
      vertex 36.9044 56.4703 22.45
      vertex 37 56.475 25
      vertex 36.9044 56.4703 25
    endloop
  endfacet
  facet normal 0.0491039 -0.998794 0
    outer loop
      vertex 36.9044 56.4703 22.45
      vertex 37 56.475 22.45
      vertex 37 56.475 25
    endloop
  endfacet
  facet normal 0.0491039 -0.998794 0
    outer loop
      vertex 36.9044 56.4703 7
      vertex 37 56.475 22.45
      vertex 36.9044 56.4703 22.45
    endloop
  endfacet
  facet normal 0.0491039 -0.998794 0
    outer loop
      vertex 37 56.475 22.45
      vertex 36.9044 56.4703 7
      vertex 37 56.475 7
    endloop
  endfacet
  facet normal 0.595977 0.803001 -0
    outer loop
      vertex 36.4583 54.6893 22.45
      vertex 36.3815 54.7463 25
      vertex 36.4583 54.6893 25
    endloop
  endfacet
  facet normal 0.595977 0.803001 0
    outer loop
      vertex 36.4583 54.6893 22.45
      vertex 36.3815 54.7463 22.45
      vertex 36.3815 54.7463 25
    endloop
  endfacet
  facet normal 0.595977 0.803001 -0
    outer loop
      vertex 36.4583 54.6893 7
      vertex 36.3815 54.7463 22.45
      vertex 36.4583 54.6893 22.45
    endloop
  endfacet
  facet normal 0.595977 0.803001 0
    outer loop
      vertex 36.3815 54.7463 22.45
      vertex 36.4583 54.6893 7
      vertex 36.3815 54.7463 7
    endloop
  endfacet
  facet normal 0.671788 0.740743 -0
    outer loop
      vertex 36.3815 54.7463 22.45
      vertex 36.3106 54.8106 25
      vertex 36.3815 54.7463 25
    endloop
  endfacet
  facet normal 0.671788 0.740743 0
    outer loop
      vertex 36.3815 54.7463 22.45
      vertex 36.3106 54.8106 22.45
      vertex 36.3106 54.8106 25
    endloop
  endfacet
  facet normal 0.671788 0.740743 -0
    outer loop
      vertex 36.3815 54.7463 7
      vertex 36.3106 54.8106 22.45
      vertex 36.3815 54.7463 22.45
    endloop
  endfacet
  facet normal 0.671788 0.740743 0
    outer loop
      vertex 36.3106 54.8106 22.45
      vertex 36.3815 54.7463 7
      vertex 36.3106 54.8106 7
    endloop
  endfacet
  facet normal 0.146397 -0.989226 0
    outer loop
      vertex 36.8098 56.4563 22.45
      vertex 36.9044 56.4703 25
      vertex 36.8098 56.4563 25
    endloop
  endfacet
  facet normal 0.146397 -0.989226 0
    outer loop
      vertex 36.8098 56.4563 22.45
      vertex 36.9044 56.4703 22.45
      vertex 36.9044 56.4703 25
    endloop
  endfacet
  facet normal 0.146397 -0.989226 0
    outer loop
      vertex 36.8098 56.4563 7
      vertex 36.9044 56.4703 22.45
      vertex 36.8098 56.4563 22.45
    endloop
  endfacet
  facet normal 0.146397 -0.989226 0
    outer loop
      vertex 36.9044 56.4703 22.45
      vertex 36.8098 56.4563 7
      vertex 36.9044 56.4703 7
    endloop
  endfacet
  facet normal 0.427457 -0.904036 0
    outer loop
      vertex 36.5404 56.3599 22.45
      vertex 36.6269 56.4008 25
      vertex 36.5404 56.3599 25
    endloop
  endfacet
  facet normal 0.427457 -0.904036 0
    outer loop
      vertex 36.5404 56.3599 22.45
      vertex 36.6269 56.4008 22.45
      vertex 36.6269 56.4008 25
    endloop
  endfacet
  facet normal 0.427457 -0.904036 0
    outer loop
      vertex 36.5404 56.3599 7
      vertex 36.6269 56.4008 22.45
      vertex 36.5404 56.3599 22.45
    endloop
  endfacet
  facet normal 0.427457 -0.904036 0
    outer loop
      vertex 36.6269 56.4008 22.45
      vertex 36.5404 56.3599 7
      vertex 36.6269 56.4008 7
    endloop
  endfacet
  facet normal -0.857769 -0.514035 0
    outer loop
      vertex 37.8599 55.9596 22.45
      vertex 37.8107 56.0417 22.45
      vertex 37.8107 56.0417 7
    endloop
  endfacet
  facet normal -0.857769 -0.514035 -0
    outer loop
      vertex 37.8599 55.9596 22.45
      vertex 37.8107 56.0417 7
      vertex 37.8599 55.9596 7
    endloop
  endfacet
  facet normal -0.857769 -0.514035 0
    outer loop
      vertex 37.8107 56.0417 22.45
      vertex 37.8599 55.9596 22.45
      vertex 37.8107 56.0417 25
    endloop
  endfacet
  facet normal -0.857769 -0.514035 0
    outer loop
      vertex 37.8107 56.0417 25
      vertex 37.8599 55.9596 22.45
      vertex 37.8599 55.9596 25
    endloop
  endfacet
  facet normal 0.146397 0.989226 -0
    outer loop
      vertex 36.9044 54.5297 22.45
      vertex 36.8098 54.5437 25
      vertex 36.9044 54.5297 25
    endloop
  endfacet
  facet normal 0.146397 0.989226 0
    outer loop
      vertex 36.9044 54.5297 22.45
      vertex 36.8098 54.5437 22.45
      vertex 36.8098 54.5437 25
    endloop
  endfacet
  facet normal 0.146397 0.989226 -0
    outer loop
      vertex 36.9044 54.5297 7
      vertex 36.8098 54.5437 22.45
      vertex 36.9044 54.5297 22.45
    endloop
  endfacet
  facet normal 0.146397 0.989226 0
    outer loop
      vertex 36.8098 54.5437 22.45
      vertex 36.9044 54.5297 7
      vertex 36.8098 54.5437 7
    endloop
  endfacet
  facet normal 0.904036 0.427457 0
    outer loop
      vertex 36.1401 55.0404 22.45
      vertex 36.0992 55.1269 22.45
      vertex 36.0992 55.1269 25
    endloop
  endfacet
  facet normal 0.904036 0.427457 -0
    outer loop
      vertex 36.1401 55.0404 22.45
      vertex 36.0992 55.1269 25
      vertex 36.1401 55.0404 25
    endloop
  endfacet
  facet normal 0.904036 0.427457 0
    outer loop
      vertex 36.0992 55.1269 22.45
      vertex 36.1401 55.0404 22.45
      vertex 36.0992 55.1269 7
    endloop
  endfacet
  facet normal 0.904036 0.427457 0
    outer loop
      vertex 36.0992 55.1269 7
      vertex 36.1401 55.0404 22.45
      vertex 36.1401 55.0404 7
    endloop
  endfacet
  facet normal 0.941671 0.336535 0
    outer loop
      vertex 36.0992 55.1269 22.45
      vertex 36.067 55.217 22.45
      vertex 36.067 55.217 25
    endloop
  endfacet
  facet normal 0.941671 0.336535 -0
    outer loop
      vertex 36.0992 55.1269 22.45
      vertex 36.067 55.217 25
      vertex 36.0992 55.1269 25
    endloop
  endfacet
  facet normal 0.941671 0.336535 0
    outer loop
      vertex 36.067 55.217 22.45
      vertex 36.0992 55.1269 22.45
      vertex 36.067 55.217 7
    endloop
  endfacet
  facet normal 0.941671 0.336535 0
    outer loop
      vertex 36.067 55.217 7
      vertex 36.0992 55.1269 22.45
      vertex 36.0992 55.1269 7
    endloop
  endfacet
  facet normal -0.243519 0.969896 0
    outer loop
      vertex 37.283 54.567 22.45
      vertex 37.1902 54.5437 25
      vertex 37.283 54.567 25
    endloop
  endfacet
  facet normal -0.243519 0.969896 0
    outer loop
      vertex 37.283 54.567 22.45
      vertex 37.1902 54.5437 22.45
      vertex 37.1902 54.5437 25
    endloop
  endfacet
  facet normal -0.243519 0.969896 0
    outer loop
      vertex 37.283 54.567 7
      vertex 37.1902 54.5437 22.45
      vertex 37.283 54.567 22.45
    endloop
  endfacet
  facet normal -0.243519 0.969896 0
    outer loop
      vertex 37.1902 54.5437 22.45
      vertex 37.283 54.567 7
      vertex 37.1902 54.5437 7
    endloop
  endfacet
  facet normal -0.146397 -0.989226 0
    outer loop
      vertex 37.0956 56.4703 22.45
      vertex 37.1902 56.4563 25
      vertex 37.0956 56.4703 25
    endloop
  endfacet
  facet normal -0.146397 -0.989226 0
    outer loop
      vertex 37.0956 56.4703 22.45
      vertex 37.1902 56.4563 22.45
      vertex 37.1902 56.4563 25
    endloop
  endfacet
  facet normal -0.146397 -0.989226 0
    outer loop
      vertex 37.0956 56.4703 7
      vertex 37.1902 56.4563 22.45
      vertex 37.0956 56.4703 22.45
    endloop
  endfacet
  facet normal -0.146397 -0.989226 -0
    outer loop
      vertex 37.1902 56.4563 22.45
      vertex 37.0956 56.4703 7
      vertex 37.1902 56.4563 7
    endloop
  endfacet
  facet normal 0.740743 -0.671788 0
    outer loop
      vertex 36.2463 56.1185 22.45
      vertex 36.3106 56.1894 22.45
      vertex 36.3106 56.1894 25
    endloop
  endfacet
  facet normal 0.740743 -0.671788 0
    outer loop
      vertex 36.2463 56.1185 22.45
      vertex 36.3106 56.1894 25
      vertex 36.2463 56.1185 25
    endloop
  endfacet
  facet normal 0.740743 -0.671788 0
    outer loop
      vertex 36.3106 56.1894 22.45
      vertex 36.2463 56.1185 22.45
      vertex 36.3106 56.1894 7
    endloop
  endfacet
  facet normal 0.740743 -0.671788 0
    outer loop
      vertex 36.3106 56.1894 7
      vertex 36.2463 56.1185 22.45
      vertex 36.2463 56.1185 7
    endloop
  endfacet
  facet normal 0.857769 -0.514035 0
    outer loop
      vertex 36.1401 55.9596 22.45
      vertex 36.1893 56.0417 22.45
      vertex 36.1893 56.0417 25
    endloop
  endfacet
  facet normal 0.857769 -0.514035 0
    outer loop
      vertex 36.1401 55.9596 22.45
      vertex 36.1893 56.0417 25
      vertex 36.1401 55.9596 25
    endloop
  endfacet
  facet normal 0.857769 -0.514035 0
    outer loop
      vertex 36.1893 56.0417 22.45
      vertex 36.1401 55.9596 22.45
      vertex 36.1893 56.0417 7
    endloop
  endfacet
  facet normal 0.857769 -0.514035 0
    outer loop
      vertex 36.1893 56.0417 7
      vertex 36.1401 55.9596 22.45
      vertex 36.1401 55.9596 7
    endloop
  endfacet
  facet normal 0.857769 0.514035 0
    outer loop
      vertex 36.1893 54.9583 22.45
      vertex 36.1401 55.0404 22.45
      vertex 36.1401 55.0404 25
    endloop
  endfacet
  facet normal 0.857769 0.514035 -0
    outer loop
      vertex 36.1893 54.9583 22.45
      vertex 36.1401 55.0404 25
      vertex 36.1893 54.9583 25
    endloop
  endfacet
  facet normal 0.857769 0.514035 0
    outer loop
      vertex 36.1401 55.0404 22.45
      vertex 36.1893 54.9583 22.45
      vertex 36.1401 55.0404 7
    endloop
  endfacet
  facet normal 0.857769 0.514035 0
    outer loop
      vertex 36.1401 55.0404 7
      vertex 36.1893 54.9583 22.45
      vertex 36.1893 54.9583 7
    endloop
  endfacet
  facet normal -0.595977 0.803001 0
    outer loop
      vertex 37.6185 54.7463 22.45
      vertex 37.5417 54.6893 25
      vertex 37.6185 54.7463 25
    endloop
  endfacet
  facet normal -0.595977 0.803001 0
    outer loop
      vertex 37.6185 54.7463 22.45
      vertex 37.5417 54.6893 22.45
      vertex 37.5417 54.6893 25
    endloop
  endfacet
  facet normal -0.595977 0.803001 0
    outer loop
      vertex 37.6185 54.7463 7
      vertex 37.5417 54.6893 22.45
      vertex 37.6185 54.7463 22.45
    endloop
  endfacet
  facet normal -0.595977 0.803001 0
    outer loop
      vertex 37.5417 54.6893 22.45
      vertex 37.6185 54.7463 7
      vertex 37.5417 54.6893 7
    endloop
  endfacet
  facet normal -0.514035 0.857769 0
    outer loop
      vertex 37.5417 54.6893 22.45
      vertex 37.4596 54.6401 25
      vertex 37.5417 54.6893 25
    endloop
  endfacet
  facet normal -0.514035 0.857769 0
    outer loop
      vertex 37.5417 54.6893 22.45
      vertex 37.4596 54.6401 22.45
      vertex 37.4596 54.6401 25
    endloop
  endfacet
  facet normal -0.514035 0.857769 0
    outer loop
      vertex 37.5417 54.6893 7
      vertex 37.4596 54.6401 22.45
      vertex 37.5417 54.6893 22.45
    endloop
  endfacet
  facet normal -0.514035 0.857769 0
    outer loop
      vertex 37.4596 54.6401 22.45
      vertex 37.5417 54.6893 7
      vertex 37.4596 54.6401 7
    endloop
  endfacet
  facet normal -0.857769 0.514035 0
    outer loop
      vertex 37.8107 54.9583 22.45
      vertex 37.8599 55.0404 22.45
      vertex 37.8599 55.0404 7
    endloop
  endfacet
  facet normal -0.857769 0.514035 0
    outer loop
      vertex 37.8107 54.9583 22.45
      vertex 37.8599 55.0404 7
      vertex 37.8107 54.9583 7
    endloop
  endfacet
  facet normal -0.857769 0.514035 0
    outer loop
      vertex 37.8599 55.0404 22.45
      vertex 37.8107 54.9583 22.45
      vertex 37.8599 55.0404 25
    endloop
  endfacet
  facet normal -0.857769 0.514035 0
    outer loop
      vertex 37.8599 55.0404 25
      vertex 37.8107 54.9583 22.45
      vertex 37.8107 54.9583 25
    endloop
  endfacet
  facet normal 0.514035 0.857769 -0
    outer loop
      vertex 36.5404 54.6401 22.45
      vertex 36.4583 54.6893 25
      vertex 36.5404 54.6401 25
    endloop
  endfacet
  facet normal 0.514035 0.857769 0
    outer loop
      vertex 36.5404 54.6401 22.45
      vertex 36.4583 54.6893 22.45
      vertex 36.4583 54.6893 25
    endloop
  endfacet
  facet normal 0.514035 0.857769 -0
    outer loop
      vertex 36.5404 54.6401 7
      vertex 36.4583 54.6893 22.45
      vertex 36.5404 54.6401 22.45
    endloop
  endfacet
  facet normal 0.514035 0.857769 0
    outer loop
      vertex 36.4583 54.6893 22.45
      vertex 36.5404 54.6401 7
      vertex 36.4583 54.6893 7
    endloop
  endfacet
  facet normal 0.803001 0.595977 0
    outer loop
      vertex 36.2463 54.8815 22.45
      vertex 36.1893 54.9583 22.45
      vertex 36.1893 54.9583 25
    endloop
  endfacet
  facet normal 0.803001 0.595977 -0
    outer loop
      vertex 36.2463 54.8815 22.45
      vertex 36.1893 54.9583 25
      vertex 36.2463 54.8815 25
    endloop
  endfacet
  facet normal 0.803001 0.595977 0
    outer loop
      vertex 36.1893 54.9583 22.45
      vertex 36.2463 54.8815 22.45
      vertex 36.1893 54.9583 7
    endloop
  endfacet
  facet normal 0.803001 0.595977 0
    outer loop
      vertex 36.1893 54.9583 7
      vertex 36.2463 54.8815 22.45
      vertex 36.2463 54.8815 7
    endloop
  endfacet
  facet normal -0.904036 0.427457 0
    outer loop
      vertex 37.8599 55.0404 22.45
      vertex 37.9008 55.1269 22.45
      vertex 37.9008 55.1269 7
    endloop
  endfacet
  facet normal -0.904036 0.427457 0
    outer loop
      vertex 37.8599 55.0404 22.45
      vertex 37.9008 55.1269 7
      vertex 37.8599 55.0404 7
    endloop
  endfacet
  facet normal -0.904036 0.427457 0
    outer loop
      vertex 37.9008 55.1269 22.45
      vertex 37.8599 55.0404 22.45
      vertex 37.9008 55.1269 25
    endloop
  endfacet
  facet normal -0.904036 0.427457 0
    outer loop
      vertex 37.9008 55.1269 25
      vertex 37.8599 55.0404 22.45
      vertex 37.8599 55.0404 25
    endloop
  endfacet
  facet normal -0.671788 0.740743 0
    outer loop
      vertex 37.6894 54.8106 22.45
      vertex 37.6185 54.7463 25
      vertex 37.6894 54.8106 25
    endloop
  endfacet
  facet normal -0.671788 0.740743 0
    outer loop
      vertex 37.6894 54.8106 22.45
      vertex 37.6185 54.7463 22.45
      vertex 37.6185 54.7463 25
    endloop
  endfacet
  facet normal -0.671788 0.740743 0
    outer loop
      vertex 37.6894 54.8106 7
      vertex 37.6185 54.7463 22.45
      vertex 37.6894 54.8106 22.45
    endloop
  endfacet
  facet normal -0.671788 0.740743 0
    outer loop
      vertex 37.6185 54.7463 22.45
      vertex 37.6894 54.8106 7
      vertex 37.6185 54.7463 7
    endloop
  endfacet
  facet normal 0.998794 -0.0491039 0
    outer loop
      vertex 36.025 55.5 22.45
      vertex 36.0297 55.5956 22.45
      vertex 36.0297 55.5956 25
    endloop
  endfacet
  facet normal 0.998794 -0.0491039 0
    outer loop
      vertex 36.025 55.5 22.45
      vertex 36.0297 55.5956 25
      vertex 36.025 55.5 25
    endloop
  endfacet
  facet normal 0.998794 -0.0491039 0
    outer loop
      vertex 36.0297 55.5956 22.45
      vertex 36.025 55.5 22.45
      vertex 36.0297 55.5956 7
    endloop
  endfacet
  facet normal 0.998794 -0.0491039 0
    outer loop
      vertex 36.0297 55.5956 7
      vertex 36.025 55.5 22.45
      vertex 36.025 55.5 7
    endloop
  endfacet
  facet normal 0.998794 0.0491039 0
    outer loop
      vertex 36.0297 55.4044 22.45
      vertex 36.025 55.5 22.45
      vertex 36.025 55.5 25
    endloop
  endfacet
  facet normal 0.998794 0.0491039 -0
    outer loop
      vertex 36.0297 55.4044 22.45
      vertex 36.025 55.5 25
      vertex 36.0297 55.4044 25
    endloop
  endfacet
  facet normal 0.998794 0.0491039 0
    outer loop
      vertex 36.025 55.5 22.45
      vertex 36.0297 55.4044 22.45
      vertex 36.025 55.5 7
    endloop
  endfacet
  facet normal 0.998794 0.0491039 0
    outer loop
      vertex 36.025 55.5 7
      vertex 36.0297 55.4044 22.45
      vertex 36.0297 55.4044 7
    endloop
  endfacet
  facet normal 0.243519 0.969896 -0
    outer loop
      vertex 36.8098 54.5437 22.45
      vertex 36.717 54.567 25
      vertex 36.8098 54.5437 25
    endloop
  endfacet
  facet normal 0.243519 0.969896 0
    outer loop
      vertex 36.8098 54.5437 22.45
      vertex 36.717 54.567 22.45
      vertex 36.717 54.567 25
    endloop
  endfacet
  facet normal 0.243519 0.969896 -0
    outer loop
      vertex 36.8098 54.5437 7
      vertex 36.717 54.567 22.45
      vertex 36.8098 54.5437 22.45
    endloop
  endfacet
  facet normal 0.243519 0.969896 0
    outer loop
      vertex 36.717 54.567 22.45
      vertex 36.8098 54.5437 7
      vertex 36.717 54.567 7
    endloop
  endfacet
  facet normal -0.671576 0.740936 0
    outer loop
      vertex 39.9577 -59.9577 3
      vertex 39.5507 -60.3266 22.45
      vertex 39.9577 -59.9577 22.45
    endloop
  endfacet
  facet normal -0.671576 0.740936 0
    outer loop
      vertex 39.5507 -60.3266 22.45
      vertex 39.9577 -59.9577 3
      vertex 39.5507 -60.3266 3
    endloop
  endfacet
  facet normal -0.514148 0.857702 0
    outer loop
      vertex 39.1095 -60.6538 3
      vertex 38.6384 -60.9362 22.45
      vertex 39.1095 -60.6538 22.45
    endloop
  endfacet
  facet normal -0.514148 0.857702 0
    outer loop
      vertex 38.6384 -60.9362 22.45
      vertex 39.1095 -60.6538 3
      vertex 38.6384 -60.9362 3
    endloop
  endfacet
  facet normal -0.59568 0.803222 0
    outer loop
      vertex 39.5507 -60.3266 3
      vertex 39.1095 -60.6538 22.45
      vertex 39.5507 -60.3266 22.45
    endloop
  endfacet
  facet normal -0.59568 0.803222 0
    outer loop
      vertex 39.1095 -60.6538 22.45
      vertex 39.5507 -60.3266 3
      vertex 39.1095 -60.6538 3
    endloop
  endfacet
  facet normal 1 -0 0
    outer loop
      vertex -41.6 -55.9409 22.45
      vertex -41.6 55.9409 3
      vertex -41.6 55.9409 22.45
    endloop
  endfacet
  facet normal 1 0 0
    outer loop
      vertex -41.6 55.9409 3
      vertex -41.6 -55.9409 22.45
      vertex -41.6 -55.9409 3
    endloop
  endfacet
  facet normal -0.803222 -0.59568 0
    outer loop
      vertex 40.6538 59.1095 3
      vertex 40.3266 59.5507 22.45
      vertex 40.3266 59.5507 3
    endloop
  endfacet
  facet normal -0.803222 -0.59568 0
    outer loop
      vertex 40.3266 59.5507 22.45
      vertex 40.6538 59.1095 3
      vertex 40.6538 59.1095 22.45
    endloop
  endfacet
  facet normal 0 1 0
    outer loop
      vertex 35.9409 -61.6 22.45
      vertex 7 -61.6 18
      vertex -35.9409 -61.6 22.45
    endloop
  endfacet
  facet normal 0 1 0
    outer loop
      vertex 35.9409 -61.6 22.45
      vertex 7 -61.6 10
      vertex 7 -61.6 18
    endloop
  endfacet
  facet normal 0 1 0
    outer loop
      vertex 7 -61.6 10
      vertex 35.9409 -61.6 3
      vertex -7 -61.6 10
    endloop
  endfacet
  facet normal 0 1 -0
    outer loop
      vertex 35.9409 -61.6 3
      vertex 7 -61.6 10
      vertex 35.9409 -61.6 22.45
    endloop
  endfacet
  facet normal 0 1 -0
    outer loop
      vertex -7 -61.6 18
      vertex -35.9409 -61.6 22.45
      vertex 7 -61.6 18
    endloop
  endfacet
  facet normal 0 1 -0
    outer loop
      vertex -7 -61.6 10
      vertex -35.9409 -61.6 22.45
      vertex -7 -61.6 18
    endloop
  endfacet
  facet normal 0 1 0
    outer loop
      vertex -7 -61.6 10
      vertex -35.9409 -61.6 3
      vertex -35.9409 -61.6 22.45
    endloop
  endfacet
  facet normal 0 1 0
    outer loop
      vertex -35.9409 -61.6 3
      vertex -7 -61.6 10
      vertex 35.9409 -61.6 3
    endloop
  endfacet
  facet normal 0.671576 0.740936 -0
    outer loop
      vertex -39.5507 -60.3266 3
      vertex -39.9577 -59.9577 22.45
      vertex -39.5507 -60.3266 22.45
    endloop
  endfacet
  facet normal 0.671576 0.740936 0
    outer loop
      vertex -39.9577 -59.9577 22.45
      vertex -39.5507 -60.3266 3
      vertex -39.9577 -59.9577 3
    endloop
  endfacet
  facet normal -0.242921 -0.970046 0
    outer loop
      vertex 37.092 61.4895 3
      vertex 37.6247 61.3561 22.45
      vertex 37.092 61.4895 22.45
    endloop
  endfacet
  facet normal -0.242921 -0.970046 -0
    outer loop
      vertex 37.6247 61.3561 22.45
      vertex 37.092 61.4895 3
      vertex 37.6247 61.3561 3
    endloop
  endfacet
  facet normal -0.989178 -0.14672 0
    outer loop
      vertex 41.5701 56.5486 3
      vertex 41.4895 57.092 22.45
      vertex 41.4895 57.092 3
    endloop
  endfacet
  facet normal -0.989178 -0.14672 0
    outer loop
      vertex 41.4895 57.092 22.45
      vertex 41.5701 56.5486 3
      vertex 41.5701 56.5486 22.45
    endloop
  endfacet
  facet normal -0.336901 0.94154 0
    outer loop
      vertex 38.142 -61.171 3
      vertex 37.6247 -61.3561 22.45
      vertex 38.142 -61.171 22.45
    endloop
  endfacet
  facet normal -0.336901 0.94154 0
    outer loop
      vertex 37.6247 -61.3561 22.45
      vertex 38.142 -61.171 3
      vertex 37.6247 -61.3561 3
    endloop
  endfacet
  facet normal -0.970046 0.242921 0
    outer loop
      vertex 41.3561 -57.6247 3
      vertex 41.4895 -57.092 22.45
      vertex 41.4895 -57.092 3
    endloop
  endfacet
  facet normal -0.970046 0.242921 0
    outer loop
      vertex 41.4895 -57.092 22.45
      vertex 41.3561 -57.6247 3
      vertex 41.3561 -57.6247 22.45
    endloop
  endfacet
  facet normal -1 0 0
    outer loop
      vertex 41.6 25 15
      vertex 41.6 55.9409 3
      vertex 41.6 25 7
    endloop
  endfacet
  facet normal -1 0 0
    outer loop
      vertex 41.6 55.9409 3
      vertex 41.6 1 7
      vertex 41.6 25 7
    endloop
  endfacet
  facet normal -1 -0 0
    outer loop
      vertex 41.6 1 7
      vertex 41.6 -55.9409 3
      vertex 41.6 1 15
    endloop
  endfacet
  facet normal -1 0 0
    outer loop
      vertex 41.6 -55.9409 3
      vertex 41.6 1 7
      vertex 41.6 55.9409 3
    endloop
  endfacet
  facet normal -1 0 0
    outer loop
      vertex 41.6 55.9409 3
      vertex 41.6 25 15
      vertex 41.6 55.9409 22.45
    endloop
  endfacet
  facet normal -1 0 0
    outer loop
      vertex 41.6 1 15
      vertex 41.6 55.9409 22.45
      vertex 41.6 25 15
    endloop
  endfacet
  facet normal -1 0 0
    outer loop
      vertex 41.6 1 15
      vertex 41.6 -55.9409 22.45
      vertex 41.6 55.9409 22.45
    endloop
  endfacet
  facet normal -1 0 0
    outer loop
      vertex 41.6 -55.9409 22.45
      vertex 41.6 1 15
      vertex 41.6 -55.9409 3
    endloop
  endfacet
  facet normal 0.59568 0.803222 -0
    outer loop
      vertex -39.1095 -60.6538 3
      vertex -39.5507 -60.3266 22.45
      vertex -39.1095 -60.6538 22.45
    endloop
  endfacet
  facet normal 0.59568 0.803222 0
    outer loop
      vertex -39.5507 -60.3266 22.45
      vertex -39.1095 -60.6538 3
      vertex -39.5507 -60.3266 3
    endloop
  endfacet
  facet normal 0.427585 -0.903975 0
    outer loop
      vertex -38.6384 60.9362 3
      vertex -38.142 61.171 22.45
      vertex -38.6384 60.9362 22.45
    endloop
  endfacet
  facet normal 0.427585 -0.903975 0
    outer loop
      vertex -38.142 61.171 22.45
      vertex -38.6384 60.9362 3
      vertex -38.142 61.171 3
    endloop
  endfacet
  facet normal -0.427585 -0.903975 0
    outer loop
      vertex 38.142 61.171 3
      vertex 38.6384 60.9362 22.45
      vertex 38.142 61.171 22.45
    endloop
  endfacet
  facet normal -0.427585 -0.903975 -0
    outer loop
      vertex 38.6384 60.9362 22.45
      vertex 38.142 61.171 3
      vertex 38.6384 60.9362 3
    endloop
  endfacet
  facet normal 0.803222 0.59568 0
    outer loop
      vertex -40.3266 -59.5507 22.45
      vertex -40.6538 -59.1095 3
      vertex -40.6538 -59.1095 22.45
    endloop
  endfacet
  facet normal 0.803222 0.59568 0
    outer loop
      vertex -40.6538 -59.1095 3
      vertex -40.3266 -59.5507 22.45
      vertex -40.3266 -59.5507 3
    endloop
  endfacet
  facet normal -0.857702 -0.514148 0
    outer loop
      vertex 40.9362 58.6384 3
      vertex 40.6538 59.1095 22.45
      vertex 40.6538 59.1095 3
    endloop
  endfacet
  facet normal -0.857702 -0.514148 0
    outer loop
      vertex 40.6538 59.1095 22.45
      vertex 40.9362 58.6384 3
      vertex 40.9362 58.6384 22.45
    endloop
  endfacet
  facet normal -0.514148 -0.857702 0
    outer loop
      vertex 38.6384 60.9362 3
      vertex 39.1095 60.6538 22.45
      vertex 38.6384 60.9362 22.45
    endloop
  endfacet
  facet normal -0.514148 -0.857702 -0
    outer loop
      vertex 39.1095 60.6538 22.45
      vertex 38.6384 60.9362 3
      vertex 39.1095 60.6538 3
    endloop
  endfacet
  facet normal 0.514148 -0.857702 0
    outer loop
      vertex -39.1095 60.6538 3
      vertex -38.6384 60.9362 22.45
      vertex -39.1095 60.6538 22.45
    endloop
  endfacet
  facet normal 0.514148 -0.857702 0
    outer loop
      vertex -38.6384 60.9362 22.45
      vertex -39.1095 60.6538 3
      vertex -38.6384 60.9362 3
    endloop
  endfacet
  facet normal 0.803222 -0.59568 0
    outer loop
      vertex -40.6538 59.1095 22.45
      vertex -40.3266 59.5507 3
      vertex -40.3266 59.5507 22.45
    endloop
  endfacet
  facet normal 0.803222 -0.59568 0
    outer loop
      vertex -40.3266 59.5507 3
      vertex -40.6538 59.1095 22.45
      vertex -40.6538 59.1095 3
    endloop
  endfacet
  facet normal -0.998792 -0.0491425 0
    outer loop
      vertex 41.6 55.9409 3
      vertex 41.5701 56.5486 22.45
      vertex 41.5701 56.5486 3
    endloop
  endfacet
  facet normal -0.998792 -0.0491425 0
    outer loop
      vertex 41.5701 56.5486 22.45
      vertex 41.6 55.9409 3
      vertex 41.6 55.9409 22.45
    endloop
  endfacet
  facet normal -0.427585 0.903975 0
    outer loop
      vertex 38.6384 -60.9362 3
      vertex 38.142 -61.171 22.45
      vertex 38.6384 -60.9362 22.45
    endloop
  endfacet
  facet normal -0.427585 0.903975 0
    outer loop
      vertex 38.142 -61.171 22.45
      vertex 38.6384 -60.9362 3
      vertex 38.142 -61.171 3
    endloop
  endfacet
  facet normal 0.740936 -0.671576 0
    outer loop
      vertex -40.3266 59.5507 22.45
      vertex -39.9577 59.9577 3
      vertex -39.9577 59.9577 22.45
    endloop
  endfacet
  facet normal 0.740936 -0.671576 0
    outer loop
      vertex -39.9577 59.9577 3
      vertex -40.3266 59.5507 22.45
      vertex -40.3266 59.5507 3
    endloop
  endfacet
  facet normal 0 -1 0
    outer loop
      vertex -35.9409 61.6 3
      vertex 35.9409 61.6 22.45
      vertex -35.9409 61.6 22.45
    endloop
  endfacet
  facet normal 0 -1 -0
    outer loop
      vertex 35.9409 61.6 22.45
      vertex -35.9409 61.6 3
      vertex 35.9409 61.6 3
    endloop
  endfacet
  facet normal 0.998792 0.0491425 0
    outer loop
      vertex -41.5701 -56.5486 22.45
      vertex -41.6 -55.9409 3
      vertex -41.6 -55.9409 22.45
    endloop
  endfacet
  facet normal 0.998792 0.0491425 0
    outer loop
      vertex -41.6 -55.9409 3
      vertex -41.5701 -56.5486 22.45
      vertex -41.5701 -56.5486 3
    endloop
  endfacet
  facet normal 0.514148 0.857702 -0
    outer loop
      vertex -38.6384 -60.9362 3
      vertex -39.1095 -60.6538 22.45
      vertex -38.6384 -60.9362 22.45
    endloop
  endfacet
  facet normal 0.514148 0.857702 0
    outer loop
      vertex -39.1095 -60.6538 22.45
      vertex -38.6384 -60.9362 3
      vertex -39.1095 -60.6538 3
    endloop
  endfacet
  facet normal -0.0491425 0.998792 0
    outer loop
      vertex 36.5486 -61.5701 3
      vertex 35.9409 -61.6 22.45
      vertex 36.5486 -61.5701 22.45
    endloop
  endfacet
  facet normal -0.0491425 0.998792 0
    outer loop
      vertex 35.9409 -61.6 22.45
      vertex 36.5486 -61.5701 3
      vertex 35.9409 -61.6 3
    endloop
  endfacet
  facet normal 0.671576 -0.740936 0
    outer loop
      vertex -39.9577 59.9577 3
      vertex -39.5507 60.3266 22.45
      vertex -39.9577 59.9577 22.45
    endloop
  endfacet
  facet normal 0.671576 -0.740936 0
    outer loop
      vertex -39.5507 60.3266 22.45
      vertex -39.9577 59.9577 3
      vertex -39.5507 60.3266 3
    endloop
  endfacet
  facet normal 0.59568 -0.803222 0
    outer loop
      vertex -39.5507 60.3266 3
      vertex -39.1095 60.6538 22.45
      vertex -39.5507 60.3266 22.45
    endloop
  endfacet
  facet normal 0.59568 -0.803222 0
    outer loop
      vertex -39.1095 60.6538 22.45
      vertex -39.5507 60.3266 3
      vertex -39.1095 60.6538 3
    endloop
  endfacet
  facet normal -0.242921 0.970046 0
    outer loop
      vertex 37.6247 -61.3561 3
      vertex 37.092 -61.4895 22.45
      vertex 37.6247 -61.3561 22.45
    endloop
  endfacet
  facet normal -0.242921 0.970046 0
    outer loop
      vertex 37.092 -61.4895 22.45
      vertex 37.6247 -61.3561 3
      vertex 37.092 -61.4895 3
    endloop
  endfacet
  facet normal 0.857702 0.514148 0
    outer loop
      vertex -40.6538 -59.1095 22.45
      vertex -40.9362 -58.6384 3
      vertex -40.9362 -58.6384 22.45
    endloop
  endfacet
  facet normal 0.857702 0.514148 0
    outer loop
      vertex -40.9362 -58.6384 3
      vertex -40.6538 -59.1095 22.45
      vertex -40.6538 -59.1095 3
    endloop
  endfacet
  facet normal -0.94154 -0.336901 0
    outer loop
      vertex 41.3561 57.6247 3
      vertex 41.171 58.142 22.45
      vertex 41.171 58.142 3
    endloop
  endfacet
  facet normal -0.94154 -0.336901 0
    outer loop
      vertex 41.171 58.142 22.45
      vertex 41.3561 57.6247 3
      vertex 41.3561 57.6247 22.45
    endloop
  endfacet
  facet normal 0.0491425 -0.998792 0
    outer loop
      vertex -36.5486 61.5701 3
      vertex -35.9409 61.6 22.45
      vertex -36.5486 61.5701 22.45
    endloop
  endfacet
  facet normal 0.0491425 -0.998792 0
    outer loop
      vertex -35.9409 61.6 22.45
      vertex -36.5486 61.5701 3
      vertex -35.9409 61.6 3
    endloop
  endfacet
  facet normal -0.14672 0.989178 0
    outer loop
      vertex 37.092 -61.4895 3
      vertex 36.5486 -61.5701 22.45
      vertex 37.092 -61.4895 22.45
    endloop
  endfacet
  facet normal -0.14672 0.989178 0
    outer loop
      vertex 36.5486 -61.5701 22.45
      vertex 37.092 -61.4895 3
      vertex 36.5486 -61.5701 3
    endloop
  endfacet
  facet normal 0.94154 -0.336901 0
    outer loop
      vertex -41.3561 57.6247 22.45
      vertex -41.171 58.142 3
      vertex -41.171 58.142 22.45
    endloop
  endfacet
  facet normal 0.94154 -0.336901 0
    outer loop
      vertex -41.171 58.142 3
      vertex -41.3561 57.6247 22.45
      vertex -41.3561 57.6247 3
    endloop
  endfacet
  facet normal 0.989178 -0.14672 0
    outer loop
      vertex -41.5701 56.5486 22.45
      vertex -41.4895 57.092 3
      vertex -41.4895 57.092 22.45
    endloop
  endfacet
  facet normal 0.989178 -0.14672 0
    outer loop
      vertex -41.4895 57.092 3
      vertex -41.5701 56.5486 22.45
      vertex -41.5701 56.5486 3
    endloop
  endfacet
  facet normal -0.989178 0.14672 0
    outer loop
      vertex 41.4895 -57.092 3
      vertex 41.5701 -56.5486 22.45
      vertex 41.5701 -56.5486 3
    endloop
  endfacet
  facet normal -0.989178 0.14672 0
    outer loop
      vertex 41.5701 -56.5486 22.45
      vertex 41.4895 -57.092 3
      vertex 41.4895 -57.092 22.45
    endloop
  endfacet
  facet normal 0.94154 0.336901 0
    outer loop
      vertex -41.171 -58.142 22.45
      vertex -41.3561 -57.6247 3
      vertex -41.3561 -57.6247 22.45
    endloop
  endfacet
  facet normal 0.94154 0.336901 0
    outer loop
      vertex -41.3561 -57.6247 3
      vertex -41.171 -58.142 22.45
      vertex -41.171 -58.142 3
    endloop
  endfacet
  facet normal 0.14672 -0.989178 0
    outer loop
      vertex -37.092 61.4895 3
      vertex -36.5486 61.5701 22.45
      vertex -37.092 61.4895 22.45
    endloop
  endfacet
  facet normal 0.14672 -0.989178 0
    outer loop
      vertex -36.5486 61.5701 22.45
      vertex -37.092 61.4895 3
      vertex -36.5486 61.5701 3
    endloop
  endfacet
  facet normal 0.427585 0.903975 -0
    outer loop
      vertex -38.142 -61.171 3
      vertex -38.6384 -60.9362 22.45
      vertex -38.142 -61.171 22.45
    endloop
  endfacet
  facet normal 0.427585 0.903975 0
    outer loop
      vertex -38.6384 -60.9362 22.45
      vertex -38.142 -61.171 3
      vertex -38.6384 -60.9362 3
    endloop
  endfacet
  facet normal 0.903975 0.427585 0
    outer loop
      vertex -40.9362 -58.6384 22.45
      vertex -41.171 -58.142 3
      vertex -41.171 -58.142 22.45
    endloop
  endfacet
  facet normal 0.903975 0.427585 0
    outer loop
      vertex -41.171 -58.142 3
      vertex -40.9362 -58.6384 22.45
      vertex -40.9362 -58.6384 3
    endloop
  endfacet
  facet normal 0.998792 -0.0491425 0
    outer loop
      vertex -41.6 55.9409 22.45
      vertex -41.5701 56.5486 3
      vertex -41.5701 56.5486 22.45
    endloop
  endfacet
  facet normal 0.998792 -0.0491425 0
    outer loop
      vertex -41.5701 56.5486 3
      vertex -41.6 55.9409 22.45
      vertex -41.6 55.9409 3
    endloop
  endfacet
  facet normal 0.970046 -0.242921 0
    outer loop
      vertex -41.4895 57.092 22.45
      vertex -41.3561 57.6247 3
      vertex -41.3561 57.6247 22.45
    endloop
  endfacet
  facet normal 0.970046 -0.242921 0
    outer loop
      vertex -41.3561 57.6247 3
      vertex -41.4895 57.092 22.45
      vertex -41.4895 57.092 3
    endloop
  endfacet
  facet normal -0.803222 0.59568 0
    outer loop
      vertex 40.3266 -59.5507 3
      vertex 40.6538 -59.1095 22.45
      vertex 40.6538 -59.1095 3
    endloop
  endfacet
  facet normal -0.803222 0.59568 0
    outer loop
      vertex 40.6538 -59.1095 22.45
      vertex 40.3266 -59.5507 3
      vertex 40.3266 -59.5507 22.45
    endloop
  endfacet
  facet normal 0.242921 0.970046 -0
    outer loop
      vertex -37.092 -61.4895 3
      vertex -37.6247 -61.3561 22.45
      vertex -37.092 -61.4895 22.45
    endloop
  endfacet
  facet normal 0.242921 0.970046 0
    outer loop
      vertex -37.6247 -61.3561 22.45
      vertex -37.092 -61.4895 3
      vertex -37.6247 -61.3561 3
    endloop
  endfacet
  facet normal 0.740936 0.671576 0
    outer loop
      vertex -39.9577 -59.9577 22.45
      vertex -40.3266 -59.5507 3
      vertex -40.3266 -59.5507 22.45
    endloop
  endfacet
  facet normal 0.740936 0.671576 0
    outer loop
      vertex -40.3266 -59.5507 3
      vertex -39.9577 -59.9577 22.45
      vertex -39.9577 -59.9577 3
    endloop
  endfacet
  facet normal -0.671576 -0.740936 0
    outer loop
      vertex 39.5507 60.3266 3
      vertex 39.9577 59.9577 22.45
      vertex 39.5507 60.3266 22.45
    endloop
  endfacet
  facet normal -0.671576 -0.740936 -0
    outer loop
      vertex 39.9577 59.9577 22.45
      vertex 39.5507 60.3266 3
      vertex 39.9577 59.9577 3
    endloop
  endfacet
  facet normal -0.903975 0.427585 0
    outer loop
      vertex 40.9362 -58.6384 3
      vertex 41.171 -58.142 22.45
      vertex 41.171 -58.142 3
    endloop
  endfacet
  facet normal -0.903975 0.427585 0
    outer loop
      vertex 41.171 -58.142 22.45
      vertex 40.9362 -58.6384 3
      vertex 40.9362 -58.6384 22.45
    endloop
  endfacet
  facet normal -0.14672 -0.989178 0
    outer loop
      vertex 36.5486 61.5701 3
      vertex 37.092 61.4895 22.45
      vertex 36.5486 61.5701 22.45
    endloop
  endfacet
  facet normal -0.14672 -0.989178 -0
    outer loop
      vertex 37.092 61.4895 22.45
      vertex 36.5486 61.5701 3
      vertex 37.092 61.4895 3
    endloop
  endfacet
  facet normal 0.242921 -0.970046 0
    outer loop
      vertex -37.6247 61.3561 3
      vertex -37.092 61.4895 22.45
      vertex -37.6247 61.3561 22.45
    endloop
  endfacet
  facet normal 0.242921 -0.970046 0
    outer loop
      vertex -37.092 61.4895 22.45
      vertex -37.6247 61.3561 3
      vertex -37.092 61.4895 3
    endloop
  endfacet
  facet normal 0.0491425 0.998792 -0
    outer loop
      vertex -35.9409 -61.6 3
      vertex -36.5486 -61.5701 22.45
      vertex -35.9409 -61.6 22.45
    endloop
  endfacet
  facet normal 0.0491425 0.998792 0
    outer loop
      vertex -36.5486 -61.5701 22.45
      vertex -35.9409 -61.6 3
      vertex -36.5486 -61.5701 3
    endloop
  endfacet
  facet normal 0.14672 0.989178 -0
    outer loop
      vertex -36.5486 -61.5701 3
      vertex -37.092 -61.4895 22.45
      vertex -36.5486 -61.5701 22.45
    endloop
  endfacet
  facet normal 0.14672 0.989178 0
    outer loop
      vertex -37.092 -61.4895 22.45
      vertex -36.5486 -61.5701 3
      vertex -37.092 -61.4895 3
    endloop
  endfacet
  facet normal 0.336901 0.94154 -0
    outer loop
      vertex -37.6247 -61.3561 3
      vertex -38.142 -61.171 22.45
      vertex -37.6247 -61.3561 22.45
    endloop
  endfacet
  facet normal 0.336901 0.94154 0
    outer loop
      vertex -38.142 -61.171 22.45
      vertex -37.6247 -61.3561 3
      vertex -38.142 -61.171 3
    endloop
  endfacet
  facet normal -0.740936 -0.671576 0
    outer loop
      vertex 40.3266 59.5507 3
      vertex 39.9577 59.9577 22.45
      vertex 39.9577 59.9577 3
    endloop
  endfacet
  facet normal -0.740936 -0.671576 0
    outer loop
      vertex 39.9577 59.9577 22.45
      vertex 40.3266 59.5507 3
      vertex 40.3266 59.5507 22.45
    endloop
  endfacet
  facet normal -0.857702 0.514148 0
    outer loop
      vertex 40.6538 -59.1095 3
      vertex 40.9362 -58.6384 22.45
      vertex 40.9362 -58.6384 3
    endloop
  endfacet
  facet normal -0.857702 0.514148 0
    outer loop
      vertex 40.9362 -58.6384 22.45
      vertex 40.6538 -59.1095 3
      vertex 40.6538 -59.1095 22.45
    endloop
  endfacet
  facet normal -0.336901 -0.94154 0
    outer loop
      vertex 37.6247 61.3561 3
      vertex 38.142 61.171 22.45
      vertex 37.6247 61.3561 22.45
    endloop
  endfacet
  facet normal -0.336901 -0.94154 -0
    outer loop
      vertex 38.142 61.171 22.45
      vertex 37.6247 61.3561 3
      vertex 38.142 61.171 3
    endloop
  endfacet
  facet normal -0.970046 -0.242921 0
    outer loop
      vertex 41.4895 57.092 3
      vertex 41.3561 57.6247 22.45
      vertex 41.3561 57.6247 3
    endloop
  endfacet
  facet normal -0.970046 -0.242921 0
    outer loop
      vertex 41.3561 57.6247 22.45
      vertex 41.4895 57.092 3
      vertex 41.4895 57.092 22.45
    endloop
  endfacet
  facet normal 0.857702 -0.514148 0
    outer loop
      vertex -40.9362 58.6384 22.45
      vertex -40.6538 59.1095 3
      vertex -40.6538 59.1095 22.45
    endloop
  endfacet
  facet normal 0.857702 -0.514148 0
    outer loop
      vertex -40.6538 59.1095 3
      vertex -40.9362 58.6384 22.45
      vertex -40.9362 58.6384 3
    endloop
  endfacet
  facet normal 0.336901 -0.94154 0
    outer loop
      vertex -38.142 61.171 3
      vertex -37.6247 61.3561 22.45
      vertex -38.142 61.171 22.45
    endloop
  endfacet
  facet normal 0.336901 -0.94154 0
    outer loop
      vertex -37.6247 61.3561 22.45
      vertex -38.142 61.171 3
      vertex -37.6247 61.3561 3
    endloop
  endfacet
  facet normal -0.59568 -0.803222 0
    outer loop
      vertex 39.1095 60.6538 3
      vertex 39.5507 60.3266 22.45
      vertex 39.1095 60.6538 22.45
    endloop
  endfacet
  facet normal -0.59568 -0.803222 -0
    outer loop
      vertex 39.5507 60.3266 22.45
      vertex 39.1095 60.6538 3
      vertex 39.5507 60.3266 3
    endloop
  endfacet
  facet normal 0.970046 0.242921 0
    outer loop
      vertex -41.3561 -57.6247 22.45
      vertex -41.4895 -57.092 3
      vertex -41.4895 -57.092 22.45
    endloop
  endfacet
  facet normal 0.970046 0.242921 0
    outer loop
      vertex -41.4895 -57.092 3
      vertex -41.3561 -57.6247 22.45
      vertex -41.3561 -57.6247 3
    endloop
  endfacet
  facet normal -0.94154 0.336901 0
    outer loop
      vertex 41.171 -58.142 3
      vertex 41.3561 -57.6247 22.45
      vertex 41.3561 -57.6247 3
    endloop
  endfacet
  facet normal -0.94154 0.336901 0
    outer loop
      vertex 41.3561 -57.6247 22.45
      vertex 41.171 -58.142 3
      vertex 41.171 -58.142 22.45
    endloop
  endfacet
  facet normal -0.903975 -0.427585 0
    outer loop
      vertex 41.171 58.142 3
      vertex 40.9362 58.6384 22.45
      vertex 40.9362 58.6384 3
    endloop
  endfacet
  facet normal -0.903975 -0.427585 0
    outer loop
      vertex 40.9362 58.6384 22.45
      vertex 41.171 58.142 3
      vertex 41.171 58.142 22.45
    endloop
  endfacet
  facet normal 0.903975 -0.427585 0
    outer loop
      vertex -41.171 58.142 22.45
      vertex -40.9362 58.6384 3
      vertex -40.9362 58.6384 22.45
    endloop
  endfacet
  facet normal 0.903975 -0.427585 0
    outer loop
      vertex -40.9362 58.6384 3
      vertex -41.171 58.142 22.45
      vertex -41.171 58.142 3
    endloop
  endfacet
  facet normal -0.0491425 -0.998792 0
    outer loop
      vertex 35.9409 61.6 3
      vertex 36.5486 61.5701 22.45
      vertex 35.9409 61.6 22.45
    endloop
  endfacet
  facet normal -0.0491425 -0.998792 -0
    outer loop
      vertex 36.5486 61.5701 22.45
      vertex 35.9409 61.6 3
      vertex 36.5486 61.5701 3
    endloop
  endfacet
  facet normal -0.998792 0.0491425 0
    outer loop
      vertex 41.5701 -56.5486 3
      vertex 41.6 -55.9409 22.45
      vertex 41.6 -55.9409 3
    endloop
  endfacet
  facet normal -0.998792 0.0491425 0
    outer loop
      vertex 41.6 -55.9409 22.45
      vertex 41.5701 -56.5486 3
      vertex 41.5701 -56.5486 22.45
    endloop
  endfacet
  facet normal 0 0 -1
    outer loop
      vertex -34.1292 -54.6291 22.45
      vertex -31.5 -57.5 22.45
      vertex -34.0576 -54.9147 22.45
    endloop
  endfacet
  facet normal 0 0 -1
    outer loop
      vertex -31.5 -37.5 22.45
      vertex -34.0144 55.2059 22.45
      vertex -34 55.5 22.45
    endloop
  endfacet
  facet normal 0 0 -1
    outer loop
      vertex -34.2284 -54.352 22.45
      vertex -31.5 -57.5 22.45
      vertex -34.1292 -54.6291 22.45
    endloop
  endfacet
  facet normal 0 0 -1
    outer loop
      vertex -31.5 -37.5 22.45
      vertex -34.0576 54.9147 22.45
      vertex -34.0144 55.2059 22.45
    endloop
  endfacet
  facet normal 0 0 -1
    outer loop
      vertex -34.3542 -54.0858 22.45
      vertex -31.5 -57.5 22.45
      vertex -34.2284 -54.352 22.45
    endloop
  endfacet
  facet normal 0 0 -1
    outer loop
      vertex -31.5 -37.5 22.45
      vertex -34.1292 54.6291 22.45
      vertex -34.0576 54.9147 22.45
    endloop
  endfacet
  facet normal 0 0 -1
    outer loop
      vertex -31.5 -57.5 22.45
      vertex -34.3542 -54.0858 22.45
      vertex -31.5 -37.5 22.45
    endloop
  endfacet
  facet normal 0 0 -1
    outer loop
      vertex -31.5 -37.5 22.45
      vertex -34.2284 54.352 22.45
      vertex -34.1292 54.6291 22.45
    endloop
  endfacet
  facet normal 0 0 -1
    outer loop
      vertex -34.5056 -53.8333 22.45
      vertex -31.5 -37.5 22.45
      vertex -34.3542 -54.0858 22.45
    endloop
  endfacet
  facet normal 0 0 -1
    outer loop
      vertex -31.5 -37.5 22.45
      vertex -34.3542 54.0858 22.45
      vertex -34.2284 54.352 22.45
    endloop
  endfacet
  facet normal 0 0 -1
    outer loop
      vertex -34.681 -53.5968 22.45
      vertex -31.5 -37.5 22.45
      vertex -34.5056 -53.8333 22.45
    endloop
  endfacet
  facet normal 0 0 -1
    outer loop
      vertex -31.5 -37.5 22.45
      vertex -34.5056 53.8333 22.45
      vertex -34.3542 54.0858 22.45
    endloop
  endfacet
  facet normal 0 0 -1
    outer loop
      vertex -34.8787 -53.3787 22.45
      vertex -31.5 -37.5 22.45
      vertex -34.681 -53.5968 22.45
    endloop
  endfacet
  facet normal 0 0 -1
    outer loop
      vertex -31.5 -37.5 22.45
      vertex -34.681 53.5968 22.45
      vertex -34.5056 53.8333 22.45
    endloop
  endfacet
  facet normal 0 0 -1
    outer loop
      vertex -35.0968 -53.181 22.45
      vertex -31.5 -37.5 22.45
      vertex -34.8787 -53.3787 22.45
    endloop
  endfacet
  facet normal 0 0 -1
    outer loop
      vertex -31.5 -37.5 22.45
      vertex -34.8787 53.3787 22.45
      vertex -34.681 53.5968 22.45
    endloop
  endfacet
  facet normal 0 0 -1
    outer loop
      vertex -35.3333 -53.0056 22.45
      vertex -31.5 -37.5 22.45
      vertex -35.0968 -53.181 22.45
    endloop
  endfacet
  facet normal 0 0 -1
    outer loop
      vertex -31.5 -37.5 22.45
      vertex -35.0968 53.181 22.45
      vertex -34.8787 53.3787 22.45
    endloop
  endfacet
  facet normal 0 0 -1
    outer loop
      vertex -35.5858 -52.8542 22.45
      vertex -31.5 -37.5 22.45
      vertex -35.3333 -53.0056 22.45
    endloop
  endfacet
  facet normal 0 0 -1
    outer loop
      vertex -31.5 -37.5 22.45
      vertex -35.3333 53.0056 22.45
      vertex -35.0968 53.181 22.45
    endloop
  endfacet
  facet normal 0 0 -1
    outer loop
      vertex -35.852 -52.7284 22.45
      vertex -31.5 -37.5 22.45
      vertex -35.5858 -52.8542 22.45
    endloop
  endfacet
  facet normal 0 0 -1
    outer loop
      vertex -31.5 -37.5 22.45
      vertex -35.5858 52.8542 22.45
      vertex -35.3333 53.0056 22.45
    endloop
  endfacet
  facet normal 0 0 -1
    outer loop
      vertex -36.1291 -52.6292 22.45
      vertex -31.5 -37.5 22.45
      vertex -35.852 -52.7284 22.45
    endloop
  endfacet
  facet normal 0 0 -1
    outer loop
      vertex -31.5 -37.5 22.45
      vertex -35.852 52.7284 22.45
      vertex -35.5858 52.8542 22.45
    endloop
  endfacet
  facet normal 0 0 -1
    outer loop
      vertex -36.4147 -52.5576 22.45
      vertex -31.5 -37.5 22.45
      vertex -36.1291 -52.6292 22.45
    endloop
  endfacet
  facet normal 0 0 -1
    outer loop
      vertex -31.5 -37.5 22.45
      vertex -36.1291 52.6292 22.45
      vertex -35.852 52.7284 22.45
    endloop
  endfacet
  facet normal 0 0 -1
    outer loop
      vertex -36.7059 -52.5144 22.45
      vertex -31.5 -37.5 22.45
      vertex -36.4147 -52.5576 22.45
    endloop
  endfacet
  facet normal 0 0 -1
    outer loop
      vertex -31.5 -37.5 22.45
      vertex -36.4147 52.5576 22.45
      vertex -36.1291 52.6292 22.45
    endloop
  endfacet
  facet normal 0 0 -1
    outer loop
      vertex -37 -52.5 22.45
      vertex -31.5 -37.5 22.45
      vertex -36.7059 -52.5144 22.45
    endloop
  endfacet
  facet normal 0 0 -1
    outer loop
      vertex -31.5 -37.5 22.45
      vertex -36.7059 52.5144 22.45
      vertex -36.4147 52.5576 22.45
    endloop
  endfacet
  facet normal 0 0 -1
    outer loop
      vertex -37.2941 -52.5144 22.45
      vertex -31.5 -37.5 22.45
      vertex -37 -52.5 22.45
    endloop
  endfacet
  facet normal 0 0 -1
    outer loop
      vertex -31.5 -37.5 22.45
      vertex -37 52.5 22.45
      vertex -36.7059 52.5144 22.45
    endloop
  endfacet
  facet normal 0 0 -1
    outer loop
      vertex -37.5853 -52.5576 22.45
      vertex -31.5 -37.5 22.45
      vertex -37.2941 -52.5144 22.45
    endloop
  endfacet
  facet normal 0 0 -1
    outer loop
      vertex -31.5 -37.5 22.45
      vertex -37.2941 52.5144 22.45
      vertex -37 52.5 22.45
    endloop
  endfacet
  facet normal 0 0 -1
    outer loop
      vertex -37.8709 -52.6292 22.45
      vertex -31.5 -37.5 22.45
      vertex -37.5853 -52.5576 22.45
    endloop
  endfacet
  facet normal 0 0 -1
    outer loop
      vertex -31.5 -37.5 22.45
      vertex -37.5853 52.5576 22.45
      vertex -37.2941 52.5144 22.45
    endloop
  endfacet
  facet normal 0 0 -1
    outer loop
      vertex -38.148 -52.7284 22.45
      vertex -31.5 -37.5 22.45
      vertex -37.8709 -52.6292 22.45
    endloop
  endfacet
  facet normal 0 0 -1
    outer loop
      vertex -31.5 -37.5 22.45
      vertex -37.8709 52.6292 22.45
      vertex -37.5853 52.5576 22.45
    endloop
  endfacet
  facet normal 0 0 -1
    outer loop
      vertex -38.4142 -52.8542 22.45
      vertex -31.5 -37.5 22.45
      vertex -38.148 -52.7284 22.45
    endloop
  endfacet
  facet normal 0 0 -1
    outer loop
      vertex -31.5 -37.5 22.45
      vertex -38.148 52.7284 22.45
      vertex -37.8709 52.6292 22.45
    endloop
  endfacet
  facet normal 0 0 -1
    outer loop
      vertex -38.6667 -53.0056 22.45
      vertex -31.5 -37.5 22.45
      vertex -38.4142 -52.8542 22.45
    endloop
  endfacet
  facet normal 0 0 -1
    outer loop
      vertex -31.5 -37.5 22.45
      vertex -38.4142 52.8542 22.45
      vertex -38.148 52.7284 22.45
    endloop
  endfacet
  facet normal 0 0 -1
    outer loop
      vertex -38.9032 -53.181 22.45
      vertex -31.5 -37.5 22.45
      vertex -38.6667 -53.0056 22.45
    endloop
  endfacet
  facet normal 0 0 -1
    outer loop
      vertex -31.5 -37.5 22.45
      vertex -38.6667 53.0056 22.45
      vertex -38.4142 52.8542 22.45
    endloop
  endfacet
  facet normal 0 0 -1
    outer loop
      vertex -39.1213 -53.3787 22.45
      vertex -31.5 -37.5 22.45
      vertex -38.9032 -53.181 22.45
    endloop
  endfacet
  facet normal 0 0 -1
    outer loop
      vertex -31.5 -37.5 22.45
      vertex -38.9032 53.181 22.45
      vertex -38.6667 53.0056 22.45
    endloop
  endfacet
  facet normal 0 0 -1
    outer loop
      vertex -39.319 -53.5968 22.45
      vertex -31.5 -37.5 22.45
      vertex -39.1213 -53.3787 22.45
    endloop
  endfacet
  facet normal 0 0 -1
    outer loop
      vertex -31.5 -37.5 22.45
      vertex -39.1213 53.3787 22.45
      vertex -38.9032 53.181 22.45
    endloop
  endfacet
  facet normal 0 0 -1
    outer loop
      vertex -31.5 -37.5 22.45
      vertex -39.319 -53.5968 22.45
      vertex -41.6 -55.9409 22.45
    endloop
  endfacet
  facet normal 0 0 -1
    outer loop
      vertex -41.6 55.9409 22.45
      vertex -31.5 -37.5 22.45
      vertex -41.6 -55.9409 22.45
    endloop
  endfacet
  facet normal 0 0 -1
    outer loop
      vertex -41.6 -55.9409 22.45
      vertex -39.319 -53.5968 22.45
      vertex -39.4944 -53.8333 22.45
    endloop
  endfacet
  facet normal 0 0 -1
    outer loop
      vertex -31.5 -37.5 22.45
      vertex -41.6 55.9409 22.45
      vertex -39.1213 53.3787 22.45
    endloop
  endfacet
  facet normal 0 0 -1
    outer loop
      vertex -41.6 -55.9409 22.45
      vertex -39.4944 -53.8333 22.45
      vertex -39.6458 -54.0858 22.45
    endloop
  endfacet
  facet normal 0 0 -1
    outer loop
      vertex -39.1213 53.3787 22.45
      vertex -41.6 55.9409 22.45
      vertex -39.319 53.5968 22.45
    endloop
  endfacet
  facet normal 0 0 -1
    outer loop
      vertex -41.6 -55.9409 22.45
      vertex -39.6458 -54.0858 22.45
      vertex -39.7716 -54.352 22.45
    endloop
  endfacet
  facet normal 0 0 -1
    outer loop
      vertex -39.319 53.5968 22.45
      vertex -41.6 55.9409 22.45
      vertex -39.4944 53.8333 22.45
    endloop
  endfacet
  facet normal 0 0 -1
    outer loop
      vertex -41.6 -55.9409 22.45
      vertex -39.7716 -54.352 22.45
      vertex -39.8708 -54.6291 22.45
    endloop
  endfacet
  facet normal 0 0 -1
    outer loop
      vertex -39.4944 53.8333 22.45
      vertex -41.6 55.9409 22.45
      vertex -39.6458 54.0858 22.45
    endloop
  endfacet
  facet normal 0 0 -1
    outer loop
      vertex -41.6 -55.9409 22.45
      vertex -39.8708 -54.6291 22.45
      vertex -39.9424 -54.9147 22.45
    endloop
  endfacet
  facet normal 0 0 -1
    outer loop
      vertex -39.6458 54.0858 22.45
      vertex -41.6 55.9409 22.45
      vertex -39.7716 54.352 22.45
    endloop
  endfacet
  facet normal 0 0 -1
    outer loop
      vertex -41.6 -55.9409 22.45
      vertex -39.9424 -54.9147 22.45
      vertex -39.9856 -55.2059 22.45
    endloop
  endfacet
  facet normal 0 0 -1
    outer loop
      vertex -39.7716 54.352 22.45
      vertex -41.6 55.9409 22.45
      vertex -39.8708 54.6291 22.45
    endloop
  endfacet
  facet normal 0 0 -1
    outer loop
      vertex -41.6 -55.9409 22.45
      vertex -39.9856 -55.2059 22.45
      vertex -40 -55.5 22.45
    endloop
  endfacet
  facet normal 0 0 -1
    outer loop
      vertex -39.8708 54.6291 22.45
      vertex -41.6 55.9409 22.45
      vertex -39.9424 54.9147 22.45
    endloop
  endfacet
  facet normal 0 0 -1
    outer loop
      vertex -30 48.78 22.45
      vertex -19.4 40.5 22.45
      vertex -30 -21.22 22.45
    endloop
  endfacet
  facet normal 0 0 -1
    outer loop
      vertex -19.4 40.5 22.45
      vertex -30 48.78 22.45
      vertex -24 48.78 22.45
    endloop
  endfacet
  facet normal 0 0 -1
    outer loop
      vertex -24 -27.22 22.45
      vertex -18.4 -13.5 22.45
      vertex -11.5 -37.5 22.45
    endloop
  endfacet
  facet normal -0 0 -1
    outer loop
      vertex -18.4 -13.5 22.45
      vertex -24 -21.22 22.45
      vertex -19.4 -13.5 22.45
    endloop
  endfacet
  facet normal 0 0 -1
    outer loop
      vertex -18.4 -13.5 22.45
      vertex -24 -27.22 22.45
      vertex -24 -21.22 22.45
    endloop
  endfacet
  facet normal 0 0 -1
    outer loop
      vertex -31.5 -37.5 22.45
      vertex -24 -27.22 22.45
      vertex -11.5 -37.5 22.45
    endloop
  endfacet
  facet normal 0 0 -1
    outer loop
      vertex -31.5 -37.5 22.45
      vertex -30 -21.22 22.45
      vertex -30 -27.22 22.45
    endloop
  endfacet
  facet normal 0 0 -1
    outer loop
      vertex -30 -21.22 22.45
      vertex -34 55.5 22.45
      vertex -30 48.78 22.45
    endloop
  endfacet
  facet normal -0 0 -1
    outer loop
      vertex -30 -21.22 22.45
      vertex -31.5 -37.5 22.45
      vertex -34 55.5 22.45
    endloop
  endfacet
  facet normal -0 0 -1
    outer loop
      vertex -24 -27.22 22.45
      vertex -31.5 -37.5 22.45
      vertex -30 -27.22 22.45
    endloop
  endfacet
  facet normal 0 0 -1
    outer loop
      vertex 19.4 -13.5 22.45
      vertex 30 -21.22 22.45
      vertex 24 -21.22 22.45
    endloop
  endfacet
  facet normal 0 0 -1
    outer loop
      vertex 19.4 40.5 22.45
      vertex 30 -21.22 22.45
      vertex 19.4 -13.5 22.45
    endloop
  endfacet
  facet normal 0 0 -1
    outer loop
      vertex 31.5 -37.5 22.45
      vertex 24 -27.22 22.45
      vertex 30 -27.22 22.45
    endloop
  endfacet
  facet normal 0 0 -1
    outer loop
      vertex 18.4 -13.5 22.45
      vertex 24 -21.22 22.45
      vertex 24 -27.22 22.45
    endloop
  endfacet
  facet normal 0 0 -1
    outer loop
      vertex 30 -21.22 22.45
      vertex 19.4 40.5 22.45
      vertex 30 48.78 22.45
    endloop
  endfacet
  facet normal -0 0 -1
    outer loop
      vertex 30 48.78 22.45
      vertex 19.4 40.5 22.45
      vertex 24 48.78 22.45
    endloop
  endfacet
  facet normal 0 0 -1
    outer loop
      vertex 24 -21.22 22.45
      vertex 18.4 -13.5 22.45
      vertex 19.4 -13.5 22.45
    endloop
  endfacet
  facet normal 0 0 -1
    outer loop
      vertex -18.4 -13.5 22.45
      vertex 18.4 -13.5 22.45
      vertex 11.5 -37.5 22.45
    endloop
  endfacet
  facet normal -0 0 -1
    outer loop
      vertex 24 -27.22 22.45
      vertex 11.5 -37.5 22.45
      vertex 18.4 -13.5 22.45
    endloop
  endfacet
  facet normal 0 0 -1
    outer loop
      vertex 11.5 -37.5 22.45
      vertex 24 -27.22 22.45
      vertex 31.5 -37.5 22.45
    endloop
  endfacet
  facet normal 0 0 -1
    outer loop
      vertex 39.8708 -54.6291 22.45
      vertex 41.6 -55.9409 22.45
      vertex 39.9424 -54.9147 22.45
    endloop
  endfacet
  facet normal 0 0 -1
    outer loop
      vertex 41.6 55.9409 22.45
      vertex 39.9856 55.2059 22.45
      vertex 40 55.5 22.45
    endloop
  endfacet
  facet normal 0 0 -1
    outer loop
      vertex 39.7716 -54.352 22.45
      vertex 41.6 -55.9409 22.45
      vertex 39.8708 -54.6291 22.45
    endloop
  endfacet
  facet normal 0 0 -1
    outer loop
      vertex 41.6 55.9409 22.45
      vertex 39.9424 54.9147 22.45
      vertex 39.9856 55.2059 22.45
    endloop
  endfacet
  facet normal 0 0 -1
    outer loop
      vertex 39.6458 -54.0858 22.45
      vertex 41.6 -55.9409 22.45
      vertex 39.7716 -54.352 22.45
    endloop
  endfacet
  facet normal 0 0 -1
    outer loop
      vertex 41.6 55.9409 22.45
      vertex 39.8708 54.6291 22.45
      vertex 39.9424 54.9147 22.45
    endloop
  endfacet
  facet normal 0 0 -1
    outer loop
      vertex 41.6 -55.9409 22.45
      vertex 30 -21.22 22.45
      vertex 41.6 55.9409 22.45
    endloop
  endfacet
  facet normal 0 0 -1
    outer loop
      vertex 41.6 55.9409 22.45
      vertex 39.7716 54.352 22.45
      vertex 39.8708 54.6291 22.45
    endloop
  endfacet
  facet normal 0 0 -1
    outer loop
      vertex 39.4944 -53.8333 22.45
      vertex 41.6 -55.9409 22.45
      vertex 39.6458 -54.0858 22.45
    endloop
  endfacet
  facet normal 0 -0 -1
    outer loop
      vertex 39.319 53.5968 22.45
      vertex 41.6 55.9409 22.45
      vertex 30 -21.22 22.45
    endloop
  endfacet
  facet normal 0 0 -1
    outer loop
      vertex 39.319 -53.5968 22.45
      vertex 41.6 -55.9409 22.45
      vertex 39.4944 -53.8333 22.45
    endloop
  endfacet
  facet normal 0 0 -1
    outer loop
      vertex 41.6 55.9409 22.45
      vertex 39.6458 54.0858 22.45
      vertex 39.7716 54.352 22.45
    endloop
  endfacet
  facet normal 0 0 -1
    outer loop
      vertex 31.5 -37.5 22.45
      vertex 41.6 -55.9409 22.45
      vertex 39.319 -53.5968 22.45
    endloop
  endfacet
  facet normal 0 0 -1
    outer loop
      vertex 41.6 55.9409 22.45
      vertex 39.4944 53.8333 22.45
      vertex 39.6458 54.0858 22.45
    endloop
  endfacet
  facet normal 0 0 -1
    outer loop
      vertex 31.5 -37.5 22.45
      vertex 39.319 -53.5968 22.45
      vertex 39.1213 -53.3787 22.45
    endloop
  endfacet
  facet normal 0 0 -1
    outer loop
      vertex 41.6 55.9409 22.45
      vertex 39.319 53.5968 22.45
      vertex 39.4944 53.8333 22.45
    endloop
  endfacet
  facet normal 0 0 -1
    outer loop
      vertex 31.5 -37.5 22.45
      vertex 39.1213 -53.3787 22.45
      vertex 38.9032 -53.181 22.45
    endloop
  endfacet
  facet normal 0 0 -1
    outer loop
      vertex 39.319 53.5968 22.45
      vertex 30 -21.22 22.45
      vertex 39.1213 53.3787 22.45
    endloop
  endfacet
  facet normal 0 0 -1
    outer loop
      vertex 31.5 -37.5 22.45
      vertex 38.9032 -53.181 22.45
      vertex 38.6667 -53.0056 22.45
    endloop
  endfacet
  facet normal 0 0 -1
    outer loop
      vertex 39.1213 53.3787 22.45
      vertex 30 -21.22 22.45
      vertex 38.9032 53.181 22.45
    endloop
  endfacet
  facet normal 0 0 -1
    outer loop
      vertex 31.5 -37.5 22.45
      vertex 38.6667 -53.0056 22.45
      vertex 38.4142 -52.8542 22.45
    endloop
  endfacet
  facet normal 0 0 -1
    outer loop
      vertex 38.9032 53.181 22.45
      vertex 30 -21.22 22.45
      vertex 38.6667 53.0056 22.45
    endloop
  endfacet
  facet normal 0 0 -1
    outer loop
      vertex 31.5 -37.5 22.45
      vertex 38.4142 -52.8542 22.45
      vertex 38.148 -52.7284 22.45
    endloop
  endfacet
  facet normal 0 0 -1
    outer loop
      vertex 38.6667 53.0056 22.45
      vertex 30 -21.22 22.45
      vertex 38.4142 52.8542 22.45
    endloop
  endfacet
  facet normal 0 0 -1
    outer loop
      vertex 31.5 -37.5 22.45
      vertex 38.148 -52.7284 22.45
      vertex 37.8709 -52.6292 22.45
    endloop
  endfacet
  facet normal 0 0 -1
    outer loop
      vertex 38.4142 52.8542 22.45
      vertex 30 -21.22 22.45
      vertex 38.148 52.7284 22.45
    endloop
  endfacet
  facet normal 0 0 -1
    outer loop
      vertex 31.5 -37.5 22.45
      vertex 37.8709 -52.6292 22.45
      vertex 37.5853 -52.5576 22.45
    endloop
  endfacet
  facet normal 0 0 -1
    outer loop
      vertex 38.148 52.7284 22.45
      vertex 30 -21.22 22.45
      vertex 37.8709 52.6292 22.45
    endloop
  endfacet
  facet normal 0 0 -1
    outer loop
      vertex 31.5 -37.5 22.45
      vertex 37.5853 -52.5576 22.45
      vertex 37.2941 -52.5144 22.45
    endloop
  endfacet
  facet normal 0 0 -1
    outer loop
      vertex 30 48.78 22.45
      vertex 37.8709 52.6292 22.45
      vertex 30 -21.22 22.45
    endloop
  endfacet
  facet normal 0 0 -1
    outer loop
      vertex 31.5 -37.5 22.45
      vertex 37.2941 -52.5144 22.45
      vertex 37 -52.5 22.45
    endloop
  endfacet
  facet normal 0 0 -1
    outer loop
      vertex 37.8709 52.6292 22.45
      vertex 30 48.78 22.45
      vertex 37.5853 52.5576 22.45
    endloop
  endfacet
  facet normal 0 0 -1
    outer loop
      vertex 31.5 -37.5 22.45
      vertex 37 -52.5 22.45
      vertex 36.7059 -52.5144 22.45
    endloop
  endfacet
  facet normal 0 0 -1
    outer loop
      vertex 37.5853 52.5576 22.45
      vertex 30 48.78 22.45
      vertex 37.2941 52.5144 22.45
    endloop
  endfacet
  facet normal 0 0 -1
    outer loop
      vertex 31.5 -37.5 22.45
      vertex 36.7059 -52.5144 22.45
      vertex 36.4147 -52.5576 22.45
    endloop
  endfacet
  facet normal 0 0 -1
    outer loop
      vertex 37.2941 52.5144 22.45
      vertex 30 48.78 22.45
      vertex 37 52.5 22.45
    endloop
  endfacet
  facet normal 0 0 -1
    outer loop
      vertex 31.5 -37.5 22.45
      vertex 36.4147 -52.5576 22.45
      vertex 36.1291 -52.6292 22.45
    endloop
  endfacet
  facet normal -0 0 -1
    outer loop
      vertex 37 52.5 22.45
      vertex 30 48.78 22.45
      vertex 36.7059 52.5144 22.45
    endloop
  endfacet
  facet normal 0 0 -1
    outer loop
      vertex 31.5 -37.5 22.45
      vertex 36.1291 -52.6292 22.45
      vertex 35.852 -52.7284 22.45
    endloop
  endfacet
  facet normal -0 0 -1
    outer loop
      vertex 36.7059 52.5144 22.45
      vertex 30 48.78 22.45
      vertex 36.4147 52.5576 22.45
    endloop
  endfacet
  facet normal 0 0 -1
    outer loop
      vertex 31.5 -37.5 22.45
      vertex 35.852 -52.7284 22.45
      vertex 35.5858 -52.8542 22.45
    endloop
  endfacet
  facet normal -0 0 -1
    outer loop
      vertex 36.4147 52.5576 22.45
      vertex 30 48.78 22.45
      vertex 36.1291 52.6292 22.45
    endloop
  endfacet
  facet normal 0 0 -1
    outer loop
      vertex 31.5 -37.5 22.45
      vertex 35.5858 -52.8542 22.45
      vertex 35.3333 -53.0056 22.45
    endloop
  endfacet
  facet normal -0 0 -1
    outer loop
      vertex 36.1291 52.6292 22.45
      vertex 30 48.78 22.45
      vertex 35.852 52.7284 22.45
    endloop
  endfacet
  facet normal 0 0 -1
    outer loop
      vertex 31.5 -37.5 22.45
      vertex 35.3333 -53.0056 22.45
      vertex 35.0968 -53.181 22.45
    endloop
  endfacet
  facet normal -0 0 -1
    outer loop
      vertex 35.852 52.7284 22.45
      vertex 30 48.78 22.45
      vertex 35.5858 52.8542 22.45
    endloop
  endfacet
  facet normal 0 0 -1
    outer loop
      vertex 31.5 -37.5 22.45
      vertex 35.0968 -53.181 22.45
      vertex 34.8787 -53.3787 22.45
    endloop
  endfacet
  facet normal -0 0 -1
    outer loop
      vertex 35.5858 52.8542 22.45
      vertex 30 48.78 22.45
      vertex 35.3333 53.0056 22.45
    endloop
  endfacet
  facet normal 0 0 -1
    outer loop
      vertex 31.5 -37.5 22.45
      vertex 34.8787 -53.3787 22.45
      vertex 34.681 -53.5968 22.45
    endloop
  endfacet
  facet normal -0 0 -1
    outer loop
      vertex 35.3333 53.0056 22.45
      vertex 30 48.78 22.45
      vertex 35.0968 53.181 22.45
    endloop
  endfacet
  facet normal 0 0 -1
    outer loop
      vertex 31.5 -37.5 22.45
      vertex 34.681 -53.5968 22.45
      vertex 34.5056 -53.8333 22.45
    endloop
  endfacet
  facet normal -0 0 -1
    outer loop
      vertex 35.0968 53.181 22.45
      vertex 30 48.78 22.45
      vertex 34.8787 53.3787 22.45
    endloop
  endfacet
  facet normal 0 0 -1
    outer loop
      vertex 31.5 -37.5 22.45
      vertex 34.5056 -53.8333 22.45
      vertex 34.3542 -54.0858 22.45
    endloop
  endfacet
  facet normal -0 0 -1
    outer loop
      vertex 34.8787 53.3787 22.45
      vertex 30 48.78 22.45
      vertex 34.681 53.5968 22.45
    endloop
  endfacet
  facet normal 0 0 -1
    outer loop
      vertex 31.5 -57.5 22.45
      vertex 34.3542 -54.0858 22.45
      vertex 34.2284 -54.352 22.45
    endloop
  endfacet
  facet normal -0 0 -1
    outer loop
      vertex 34.681 53.5968 22.45
      vertex 30 48.78 22.45
      vertex 34.5056 53.8333 22.45
    endloop
  endfacet
  facet normal 0 0 -1
    outer loop
      vertex 31.5 -57.5 22.45
      vertex 34.2284 -54.352 22.45
      vertex 34.1292 -54.6291 22.45
    endloop
  endfacet
  facet normal 0 0 -1
    outer loop
      vertex 41.6 -55.9409 22.45
      vertex 31.5 -37.5 22.45
      vertex 30 -27.22 22.45
    endloop
  endfacet
  facet normal 0 0 -1
    outer loop
      vertex 31.5 -57.5 22.45
      vertex 34.1292 -54.6291 22.45
      vertex 34.0576 -54.9147 22.45
    endloop
  endfacet
  facet normal 0 0 -1
    outer loop
      vertex 30 54.78 22.45
      vertex 34.5056 53.8333 22.45
      vertex 30 48.78 22.45
    endloop
  endfacet
  facet normal 0 0 -1
    outer loop
      vertex 31.5 -57.5 22.45
      vertex 34.0576 -54.9147 22.45
      vertex 34.0144 -55.2059 22.45
    endloop
  endfacet
  facet normal 0 0 -1
    outer loop
      vertex 34.5056 53.8333 22.45
      vertex 30 54.78 22.45
      vertex 34.3542 54.0858 22.45
    endloop
  endfacet
  facet normal 0 0 -1
    outer loop
      vertex 31.5 -57.5 22.45
      vertex 34.0144 -55.2059 22.45
      vertex 34 -55.5 22.45
    endloop
  endfacet
  facet normal 0 0 -1
    outer loop
      vertex 34.3542 54.0858 22.45
      vertex 30 54.78 22.45
      vertex 34.2284 54.352 22.45
    endloop
  endfacet
  facet normal 0 0 -1
    outer loop
      vertex 39.9424 -56.0853 22.45
      vertex 41.6 -55.9409 22.45
      vertex 41.5701 -56.5486 22.45
    endloop
  endfacet
  facet normal 0 0 -1
    outer loop
      vertex 39.9856 -55.2059 22.45
      vertex 41.6 -55.9409 22.45
      vertex 40 -55.5 22.45
    endloop
  endfacet
  facet normal 0 0 -1
    outer loop
      vertex 39.8708 -56.3709 22.45
      vertex 41.5701 -56.5486 22.45
      vertex 41.4895 -57.092 22.45
    endloop
  endfacet
  facet normal 0 0 -1
    outer loop
      vertex 39.9424 -54.9147 22.45
      vertex 41.6 -55.9409 22.45
      vertex 39.9856 -55.2059 22.45
    endloop
  endfacet
  facet normal 0 0 -1
    outer loop
      vertex 39.7716 -56.648 22.45
      vertex 41.4895 -57.092 22.45
      vertex 41.3561 -57.6247 22.45
    endloop
  endfacet
  facet normal 0 0 -1
    outer loop
      vertex 39.9856 55.7941 22.45
      vertex 41.6 55.9409 22.45
      vertex 40 55.5 22.45
    endloop
  endfacet
  facet normal 0 0 -1
    outer loop
      vertex 39.4944 -57.1667 22.45
      vertex 41.3561 -57.6247 22.45
      vertex 41.171 -58.142 22.45
    endloop
  endfacet
  facet normal 0 0 -1
    outer loop
      vertex 39.9424 56.0853 22.45
      vertex 41.6 55.9409 22.45
      vertex 39.9856 55.7941 22.45
    endloop
  endfacet
  facet normal 0 0 -1
    outer loop
      vertex 39.319 -57.4032 22.45
      vertex 41.171 -58.142 22.45
      vertex 40.9362 -58.6384 22.45
    endloop
  endfacet
  facet normal 0 0 -1
    outer loop
      vertex 41.6 55.9409 22.45
      vertex 39.9424 56.0853 22.45
      vertex 41.5701 56.5486 22.45
    endloop
  endfacet
  facet normal 0 0 -1
    outer loop
      vertex 39.1213 -57.6213 22.45
      vertex 40.9362 -58.6384 22.45
      vertex 40.6538 -59.1095 22.45
    endloop
  endfacet
  facet normal 0 0 -1
    outer loop
      vertex 39.8708 56.3709 22.45
      vertex 41.5701 56.5486 22.45
      vertex 39.9424 56.0853 22.45
    endloop
  endfacet
  facet normal 0 0 -1
    outer loop
      vertex 38.9032 -57.819 22.45
      vertex 40.6538 -59.1095 22.45
      vertex 40.3266 -59.5507 22.45
    endloop
  endfacet
  facet normal -0 0 -1
    outer loop
      vertex 41.5701 56.5486 22.45
      vertex 39.8708 56.3709 22.45
      vertex 41.4895 57.092 22.45
    endloop
  endfacet
  facet normal 0 0 -1
    outer loop
      vertex 39.7716 56.648 22.45
      vertex 41.4895 57.092 22.45
      vertex 39.8708 56.3709 22.45
    endloop
  endfacet
  facet normal 0 0 -1
    outer loop
      vertex 41.6 -55.9409 22.45
      vertex 39.9856 -55.7941 22.45
      vertex 40 -55.5 22.45
    endloop
  endfacet
  facet normal 0 0 -1
    outer loop
      vertex 38.6667 -57.9944 22.45
      vertex 40.3266 -59.5507 22.45
      vertex 39.9577 -59.9577 22.45
    endloop
  endfacet
  facet normal -0 0 -1
    outer loop
      vertex 41.6 -55.9409 22.45
      vertex 39.9424 -56.0853 22.45
      vertex 39.9856 -55.7941 22.45
    endloop
  endfacet
  facet normal 0 0 -1
    outer loop
      vertex 41.5701 -56.5486 22.45
      vertex 39.8708 -56.3709 22.45
      vertex 39.9424 -56.0853 22.45
    endloop
  endfacet
  facet normal 0 0 -1
    outer loop
      vertex 41.4895 -57.092 22.45
      vertex 39.7716 -56.648 22.45
      vertex 39.8708 -56.3709 22.45
    endloop
  endfacet
  facet normal 0 0 -1
    outer loop
      vertex 41.3561 -57.6247 22.45
      vertex 39.6458 -56.9142 22.45
      vertex 39.7716 -56.648 22.45
    endloop
  endfacet
  facet normal 0 0 -1
    outer loop
      vertex 38.4142 -58.1458 22.45
      vertex 39.9577 -59.9577 22.45
      vertex 39.5507 -60.3266 22.45
    endloop
  endfacet
  facet normal 0 0 -1
    outer loop
      vertex 41.3561 -57.6247 22.45
      vertex 39.4944 -57.1667 22.45
      vertex 39.6458 -56.9142 22.45
    endloop
  endfacet
  facet normal 0 0 -1
    outer loop
      vertex 41.171 -58.142 22.45
      vertex 39.319 -57.4032 22.45
      vertex 39.4944 -57.1667 22.45
    endloop
  endfacet
  facet normal 0 0 -1
    outer loop
      vertex 40.9362 -58.6384 22.45
      vertex 39.1213 -57.6213 22.45
      vertex 39.319 -57.4032 22.45
    endloop
  endfacet
  facet normal 0 0 -1
    outer loop
      vertex 38.148 -58.2716 22.45
      vertex 39.5507 -60.3266 22.45
      vertex 39.1095 -60.6538 22.45
    endloop
  endfacet
  facet normal 0 0 -1
    outer loop
      vertex 40.6538 -59.1095 22.45
      vertex 38.9032 -57.819 22.45
      vertex 39.1213 -57.6213 22.45
    endloop
  endfacet
  facet normal 0 0 -1
    outer loop
      vertex 40.3266 -59.5507 22.45
      vertex 38.6667 -57.9944 22.45
      vertex 38.9032 -57.819 22.45
    endloop
  endfacet
  facet normal 0 0 -1
    outer loop
      vertex 37.8709 -58.3708 22.45
      vertex 39.1095 -60.6538 22.45
      vertex 38.6384 -60.9362 22.45
    endloop
  endfacet
  facet normal 0 0 -1
    outer loop
      vertex 39.9577 -59.9577 22.45
      vertex 38.4142 -58.1458 22.45
      vertex 38.6667 -57.9944 22.45
    endloop
  endfacet
  facet normal 0 0 -1
    outer loop
      vertex 39.5507 -60.3266 22.45
      vertex 38.148 -58.2716 22.45
      vertex 38.4142 -58.1458 22.45
    endloop
  endfacet
  facet normal 0 0 -1
    outer loop
      vertex 37.5853 -58.4424 22.45
      vertex 38.6384 -60.9362 22.45
      vertex 38.142 -61.171 22.45
    endloop
  endfacet
  facet normal 0 0 -1
    outer loop
      vertex 39.1095 -60.6538 22.45
      vertex 37.8709 -58.3708 22.45
      vertex 38.148 -58.2716 22.45
    endloop
  endfacet
  facet normal 0 0 -1
    outer loop
      vertex 37.2941 -58.4856 22.45
      vertex 38.142 -61.171 22.45
      vertex 37.6247 -61.3561 22.45
    endloop
  endfacet
  facet normal 0 0 -1
    outer loop
      vertex 38.6384 -60.9362 22.45
      vertex 37.5853 -58.4424 22.45
      vertex 37.8709 -58.3708 22.45
    endloop
  endfacet
  facet normal 0 0 -1
    outer loop
      vertex 38.142 -61.171 22.45
      vertex 37.2941 -58.4856 22.45
      vertex 37.5853 -58.4424 22.45
    endloop
  endfacet
  facet normal 0 0 -1
    outer loop
      vertex 37 -58.5 22.45
      vertex 37.6247 -61.3561 22.45
      vertex 37.092 -61.4895 22.45
    endloop
  endfacet
  facet normal 0 0 -1
    outer loop
      vertex 37.6247 -61.3561 22.45
      vertex 37 -58.5 22.45
      vertex 37.2941 -58.4856 22.45
    endloop
  endfacet
  facet normal 0 0 -1
    outer loop
      vertex 37.092 -61.4895 22.45
      vertex 36.7059 -58.4856 22.45
      vertex 37 -58.5 22.45
    endloop
  endfacet
  facet normal 0 0 -1
    outer loop
      vertex 36.5486 -61.5701 22.45
      vertex 36.7059 -58.4856 22.45
      vertex 37.092 -61.4895 22.45
    endloop
  endfacet
  facet normal 0 0 -1
    outer loop
      vertex 36.5486 -61.5701 22.45
      vertex 36.4147 -58.4424 22.45
      vertex 36.7059 -58.4856 22.45
    endloop
  endfacet
  facet normal 0 0 -1
    outer loop
      vertex 35.9409 -61.6 22.45
      vertex 36.4147 -58.4424 22.45
      vertex 36.5486 -61.5701 22.45
    endloop
  endfacet
  facet normal -0 0 -1
    outer loop
      vertex 36.4147 -58.4424 22.45
      vertex 35.9409 -61.6 22.45
      vertex 36.1291 -58.3708 22.45
    endloop
  endfacet
  facet normal 0 0 -1
    outer loop
      vertex 35.9409 -61.6 22.45
      vertex 35.852 -58.2716 22.45
      vertex 36.1291 -58.3708 22.45
    endloop
  endfacet
  facet normal 0 0 -1
    outer loop
      vertex 35.9409 -61.6 22.45
      vertex 35.5858 -58.1458 22.45
      vertex 35.852 -58.2716 22.45
    endloop
  endfacet
  facet normal 0 0 -1
    outer loop
      vertex 35.9409 -61.6 22.45
      vertex 35.3333 -57.9944 22.45
      vertex 35.5858 -58.1458 22.45
    endloop
  endfacet
  facet normal 0 0 -1
    outer loop
      vertex 35.9409 -61.6 22.45
      vertex 35.0968 -57.819 22.45
      vertex 35.3333 -57.9944 22.45
    endloop
  endfacet
  facet normal 0 0 -1
    outer loop
      vertex 31.5 -57.5 22.45
      vertex 35.0968 -57.819 22.45
      vertex 35.9409 -61.6 22.45
    endloop
  endfacet
  facet normal 0 0 -1
    outer loop
      vertex 35.0968 -57.819 22.45
      vertex 31.5 -57.5 22.45
      vertex 34.8787 -57.6213 22.45
    endloop
  endfacet
  facet normal 0 0 -1
    outer loop
      vertex 34.8787 -57.6213 22.45
      vertex 31.5 -57.5 22.45
      vertex 34.681 -57.4032 22.45
    endloop
  endfacet
  facet normal -0 0 -1
    outer loop
      vertex 34.681 -57.4032 22.45
      vertex 31.5 -57.5 22.45
      vertex 34.5056 -57.1667 22.45
    endloop
  endfacet
  facet normal -0 0 -1
    outer loop
      vertex 34.5056 -57.1667 22.45
      vertex 31.5 -57.5 22.45
      vertex 34.3542 -56.9142 22.45
    endloop
  endfacet
  facet normal -0 0 -1
    outer loop
      vertex 34.3542 -56.9142 22.45
      vertex 31.5 -57.5 22.45
      vertex 34.2284 -56.648 22.45
    endloop
  endfacet
  facet normal -0 0 -1
    outer loop
      vertex 34.3542 -54.0858 22.45
      vertex 31.5 -57.5 22.45
      vertex 31.5 -37.5 22.45
    endloop
  endfacet
  facet normal -0 0 -1
    outer loop
      vertex 34.0144 -55.7941 22.45
      vertex 31.5 -57.5 22.45
      vertex 34 -55.5 22.45
    endloop
  endfacet
  facet normal -0 0 -1
    outer loop
      vertex 34.0576 -56.0853 22.45
      vertex 31.5 -57.5 22.45
      vertex 34.0144 -55.7941 22.45
    endloop
  endfacet
  facet normal -0 0 -1
    outer loop
      vertex 34.1292 -56.3709 22.45
      vertex 31.5 -57.5 22.45
      vertex 34.0576 -56.0853 22.45
    endloop
  endfacet
  facet normal -0 0 -1
    outer loop
      vertex 34.2284 -56.648 22.45
      vertex 31.5 -57.5 22.45
      vertex 34.1292 -56.3709 22.45
    endloop
  endfacet
  facet normal 0 0 -1
    outer loop
      vertex 35.9409 -61.6 22.45
      vertex 11.5 -57.5 22.45
      vertex 31.5 -57.5 22.45
    endloop
  endfacet
  facet normal 0 0 -1
    outer loop
      vertex 11.5 -57.5 22.45
      vertex -11.5 -57.5 22.45
      vertex 11.5 -37.5 22.45
    endloop
  endfacet
  facet normal 0 0 -1
    outer loop
      vertex 35.9409 -61.6 22.45
      vertex -11.5 -57.5 22.45
      vertex 11.5 -57.5 22.45
    endloop
  endfacet
  facet normal 0 0 -1
    outer loop
      vertex -35.9409 -61.6 22.45
      vertex -11.5 -57.5 22.45
      vertex 35.9409 -61.6 22.45
    endloop
  endfacet
  facet normal 0 0 -1
    outer loop
      vertex -34.0144 -55.2059 22.45
      vertex -31.5 -57.5 22.45
      vertex -34 -55.5 22.45
    endloop
  endfacet
  facet normal 0 0 -1
    outer loop
      vertex -31.5 -57.5 22.45
      vertex -34.0144 -55.7941 22.45
      vertex -34 -55.5 22.45
    endloop
  endfacet
  facet normal 0 0 -1
    outer loop
      vertex -31.5 -57.5 22.45
      vertex -34.0576 -56.0853 22.45
      vertex -34.0144 -55.7941 22.45
    endloop
  endfacet
  facet normal 0 0 -1
    outer loop
      vertex -31.5 -57.5 22.45
      vertex -34.1292 -56.3709 22.45
      vertex -34.0576 -56.0853 22.45
    endloop
  endfacet
  facet normal 0 0 -1
    outer loop
      vertex -31.5 -57.5 22.45
      vertex -34.2284 -56.648 22.45
      vertex -34.1292 -56.3709 22.45
    endloop
  endfacet
  facet normal 0 0 -1
    outer loop
      vertex -31.5 -57.5 22.45
      vertex -34.3542 -56.9142 22.45
      vertex -34.2284 -56.648 22.45
    endloop
  endfacet
  facet normal 0 0 -1
    outer loop
      vertex -31.5 -57.5 22.45
      vertex -34.5056 -57.1667 22.45
      vertex -34.3542 -56.9142 22.45
    endloop
  endfacet
  facet normal 0 0 -1
    outer loop
      vertex -31.5 -57.5 22.45
      vertex -34.681 -57.4032 22.45
      vertex -34.5056 -57.1667 22.45
    endloop
  endfacet
  facet normal -0 0 -1
    outer loop
      vertex -11.5 -57.5 22.45
      vertex -35.9409 -61.6 22.45
      vertex -31.5 -57.5 22.45
    endloop
  endfacet
  facet normal 0 -0 -1
    outer loop
      vertex -35.0968 -57.819 22.45
      vertex -31.5 -57.5 22.45
      vertex -35.9409 -61.6 22.45
    endloop
  endfacet
  facet normal -0 0 -1
    outer loop
      vertex -31.5 -57.5 22.45
      vertex -34.8787 -57.6213 22.45
      vertex -34.681 -57.4032 22.45
    endloop
  endfacet
  facet normal 0 0 -1
    outer loop
      vertex -31.5 -57.5 22.45
      vertex -35.0968 -57.819 22.45
      vertex -34.8787 -57.6213 22.45
    endloop
  endfacet
  facet normal 0 0 -1
    outer loop
      vertex -35.0968 -57.819 22.45
      vertex -35.9409 -61.6 22.45
      vertex -35.3333 -57.9944 22.45
    endloop
  endfacet
  facet normal 0 0 -1
    outer loop
      vertex -35.3333 -57.9944 22.45
      vertex -35.9409 -61.6 22.45
      vertex -35.5858 -58.1458 22.45
    endloop
  endfacet
  facet normal 0 0 -1
    outer loop
      vertex -35.5858 -58.1458 22.45
      vertex -35.9409 -61.6 22.45
      vertex -35.852 -58.2716 22.45
    endloop
  endfacet
  facet normal 0 0 -1
    outer loop
      vertex -35.9409 -61.6 22.45
      vertex -36.1291 -58.3708 22.45
      vertex -35.852 -58.2716 22.45
    endloop
  endfacet
  facet normal 0 0 -1
    outer loop
      vertex -35.9409 -61.6 22.45
      vertex -36.4147 -58.4424 22.45
      vertex -36.1291 -58.3708 22.45
    endloop
  endfacet
  facet normal 0 0 -1
    outer loop
      vertex -36.5486 -61.5701 22.45
      vertex -36.4147 -58.4424 22.45
      vertex -35.9409 -61.6 22.45
    endloop
  endfacet
  facet normal 0 0 -1
    outer loop
      vertex -36.5486 -61.5701 22.45
      vertex -36.7059 -58.4856 22.45
      vertex -36.4147 -58.4424 22.45
    endloop
  endfacet
  facet normal 0 0 -1
    outer loop
      vertex -37.092 -61.4895 22.45
      vertex -36.7059 -58.4856 22.45
      vertex -36.5486 -61.5701 22.45
    endloop
  endfacet
  facet normal 0 0 -1
    outer loop
      vertex -36.7059 -58.4856 22.45
      vertex -37.092 -61.4895 22.45
      vertex -37 -58.5 22.45
    endloop
  endfacet
  facet normal 0 0 -1
    outer loop
      vertex -37.6247 -61.3561 22.45
      vertex -37 -58.5 22.45
      vertex -37.092 -61.4895 22.45
    endloop
  endfacet
  facet normal -0 0 -1
    outer loop
      vertex -37 -58.5 22.45
      vertex -37.6247 -61.3561 22.45
      vertex -37.2941 -58.4856 22.45
    endloop
  endfacet
  facet normal 0 0 -1
    outer loop
      vertex -38.142 -61.171 22.45
      vertex -37.2941 -58.4856 22.45
      vertex -37.6247 -61.3561 22.45
    endloop
  endfacet
  facet normal -0 0 -1
    outer loop
      vertex -37.2941 -58.4856 22.45
      vertex -38.142 -61.171 22.45
      vertex -37.5853 -58.4424 22.45
    endloop
  endfacet
  facet normal 0 0 -1
    outer loop
      vertex -38.6384 -60.9362 22.45
      vertex -37.5853 -58.4424 22.45
      vertex -38.142 -61.171 22.45
    endloop
  endfacet
  facet normal -0 0 -1
    outer loop
      vertex -37.5853 -58.4424 22.45
      vertex -38.6384 -60.9362 22.45
      vertex -37.8709 -58.3708 22.45
    endloop
  endfacet
  facet normal 0 0 -1
    outer loop
      vertex -39.1095 -60.6538 22.45
      vertex -37.8709 -58.3708 22.45
      vertex -38.6384 -60.9362 22.45
    endloop
  endfacet
  facet normal -0 0 -1
    outer loop
      vertex -37.8709 -58.3708 22.45
      vertex -39.1095 -60.6538 22.45
      vertex -38.148 -58.2716 22.45
    endloop
  endfacet
  facet normal 0 0 -1
    outer loop
      vertex -39.5507 -60.3266 22.45
      vertex -38.148 -58.2716 22.45
      vertex -39.1095 -60.6538 22.45
    endloop
  endfacet
  facet normal -0 0 -1
    outer loop
      vertex -38.148 -58.2716 22.45
      vertex -39.5507 -60.3266 22.45
      vertex -38.4142 -58.1458 22.45
    endloop
  endfacet
  facet normal 0 0 -1
    outer loop
      vertex -39.9577 -59.9577 22.45
      vertex -38.4142 -58.1458 22.45
      vertex -39.5507 -60.3266 22.45
    endloop
  endfacet
  facet normal -0 0 -1
    outer loop
      vertex -38.4142 -58.1458 22.45
      vertex -39.9577 -59.9577 22.45
      vertex -38.6667 -57.9944 22.45
    endloop
  endfacet
  facet normal 0 0 -1
    outer loop
      vertex -40.3266 -59.5507 22.45
      vertex -38.6667 -57.9944 22.45
      vertex -39.9577 -59.9577 22.45
    endloop
  endfacet
  facet normal -0 0 -1
    outer loop
      vertex -38.6667 -57.9944 22.45
      vertex -40.3266 -59.5507 22.45
      vertex -38.9032 -57.819 22.45
    endloop
  endfacet
  facet normal 0 0 -1
    outer loop
      vertex -40.6538 -59.1095 22.45
      vertex -38.9032 -57.819 22.45
      vertex -40.3266 -59.5507 22.45
    endloop
  endfacet
  facet normal -0 0 -1
    outer loop
      vertex -38.9032 -57.819 22.45
      vertex -40.6538 -59.1095 22.45
      vertex -39.1213 -57.6213 22.45
    endloop
  endfacet
  facet normal 0 0 -1
    outer loop
      vertex -40.9362 -58.6384 22.45
      vertex -39.1213 -57.6213 22.45
      vertex -40.6538 -59.1095 22.45
    endloop
  endfacet
  facet normal -0 0 -1
    outer loop
      vertex -39.1213 -57.6213 22.45
      vertex -40.9362 -58.6384 22.45
      vertex -39.319 -57.4032 22.45
    endloop
  endfacet
  facet normal 0 0 -1
    outer loop
      vertex -41.171 -58.142 22.45
      vertex -39.319 -57.4032 22.45
      vertex -40.9362 -58.6384 22.45
    endloop
  endfacet
  facet normal -0 0 -1
    outer loop
      vertex -39.319 -57.4032 22.45
      vertex -41.171 -58.142 22.45
      vertex -39.4944 -57.1667 22.45
    endloop
  endfacet
  facet normal 0 0 -1
    outer loop
      vertex -41.3561 -57.6247 22.45
      vertex -39.4944 -57.1667 22.45
      vertex -41.171 -58.142 22.45
    endloop
  endfacet
  facet normal -0 0 -1
    outer loop
      vertex -39.4944 -57.1667 22.45
      vertex -41.3561 -57.6247 22.45
      vertex -39.6458 -56.9142 22.45
    endloop
  endfacet
  facet normal 0 0 -1
    outer loop
      vertex -41.4895 -57.092 22.45
      vertex -39.7716 -56.648 22.45
      vertex -41.3561 -57.6247 22.45
    endloop
  endfacet
  facet normal -0 0 -1
    outer loop
      vertex -39.6458 -56.9142 22.45
      vertex -41.3561 -57.6247 22.45
      vertex -39.7716 -56.648 22.45
    endloop
  endfacet
  facet normal -0 0 -1
    outer loop
      vertex 41.4895 57.092 22.45
      vertex 39.7716 56.648 22.45
      vertex 41.3561 57.6247 22.45
    endloop
  endfacet
  facet normal 0 0 -1
    outer loop
      vertex 39.6458 56.9142 22.45
      vertex 41.3561 57.6247 22.45
      vertex 39.7716 56.648 22.45
    endloop
  endfacet
  facet normal 0 0 -1
    outer loop
      vertex 39.4944 57.1667 22.45
      vertex 41.3561 57.6247 22.45
      vertex 39.6458 56.9142 22.45
    endloop
  endfacet
  facet normal -0 0 -1
    outer loop
      vertex 41.3561 57.6247 22.45
      vertex 39.4944 57.1667 22.45
      vertex 41.171 58.142 22.45
    endloop
  endfacet
  facet normal 0 0 -1
    outer loop
      vertex 39.319 57.4032 22.45
      vertex 41.171 58.142 22.45
      vertex 39.4944 57.1667 22.45
    endloop
  endfacet
  facet normal -0 0 -1
    outer loop
      vertex 41.171 58.142 22.45
      vertex 39.319 57.4032 22.45
      vertex 40.9362 58.6384 22.45
    endloop
  endfacet
  facet normal 0 0 -1
    outer loop
      vertex 39.1213 57.6213 22.45
      vertex 40.9362 58.6384 22.45
      vertex 39.319 57.4032 22.45
    endloop
  endfacet
  facet normal -0 0 -1
    outer loop
      vertex 40.9362 58.6384 22.45
      vertex 39.1213 57.6213 22.45
      vertex 40.6538 59.1095 22.45
    endloop
  endfacet
  facet normal 0 0 -1
    outer loop
      vertex 38.9032 57.819 22.45
      vertex 40.6538 59.1095 22.45
      vertex 39.1213 57.6213 22.45
    endloop
  endfacet
  facet normal -0 0 -1
    outer loop
      vertex 40.6538 59.1095 22.45
      vertex 38.9032 57.819 22.45
      vertex 40.3266 59.5507 22.45
    endloop
  endfacet
  facet normal 0 0 -1
    outer loop
      vertex 38.6667 57.9944 22.45
      vertex 40.3266 59.5507 22.45
      vertex 38.9032 57.819 22.45
    endloop
  endfacet
  facet normal -0 0 -1
    outer loop
      vertex 40.3266 59.5507 22.45
      vertex 38.6667 57.9944 22.45
      vertex 39.9577 59.9577 22.45
    endloop
  endfacet
  facet normal 0 0 -1
    outer loop
      vertex 38.4142 58.1458 22.45
      vertex 39.9577 59.9577 22.45
      vertex 38.6667 57.9944 22.45
    endloop
  endfacet
  facet normal -0 0 -1
    outer loop
      vertex 39.9577 59.9577 22.45
      vertex 38.4142 58.1458 22.45
      vertex 39.5507 60.3266 22.45
    endloop
  endfacet
  facet normal 0 0 -1
    outer loop
      vertex 38.148 58.2716 22.45
      vertex 39.5507 60.3266 22.45
      vertex 38.4142 58.1458 22.45
    endloop
  endfacet
  facet normal -0 0 -1
    outer loop
      vertex 39.5507 60.3266 22.45
      vertex 38.148 58.2716 22.45
      vertex 39.1095 60.6538 22.45
    endloop
  endfacet
  facet normal 0 0 -1
    outer loop
      vertex 37.8709 58.3708 22.45
      vertex 39.1095 60.6538 22.45
      vertex 38.148 58.2716 22.45
    endloop
  endfacet
  facet normal -0 0 -1
    outer loop
      vertex 39.1095 60.6538 22.45
      vertex 37.8709 58.3708 22.45
      vertex 38.6384 60.9362 22.45
    endloop
  endfacet
  facet normal 0 0 -1
    outer loop
      vertex 37.5853 58.4424 22.45
      vertex 38.6384 60.9362 22.45
      vertex 37.8709 58.3708 22.45
    endloop
  endfacet
  facet normal -0 0 -1
    outer loop
      vertex 38.6384 60.9362 22.45
      vertex 37.5853 58.4424 22.45
      vertex 38.142 61.171 22.45
    endloop
  endfacet
  facet normal 0 0 -1
    outer loop
      vertex 37.2941 58.4856 22.45
      vertex 38.142 61.171 22.45
      vertex 37.5853 58.4424 22.45
    endloop
  endfacet
  facet normal -0 0 -1
    outer loop
      vertex 38.142 61.171 22.45
      vertex 37.2941 58.4856 22.45
      vertex 37.6247 61.3561 22.45
    endloop
  endfacet
  facet normal 0 0 -1
    outer loop
      vertex 37 58.5 22.45
      vertex 37.6247 61.3561 22.45
      vertex 37.2941 58.4856 22.45
    endloop
  endfacet
  facet normal -0 0 -1
    outer loop
      vertex 37.6247 61.3561 22.45
      vertex 37 58.5 22.45
      vertex 37.092 61.4895 22.45
    endloop
  endfacet
  facet normal 0 0 -1
    outer loop
      vertex 36.7059 58.4856 22.45
      vertex 37.092 61.4895 22.45
      vertex 37 58.5 22.45
    endloop
  endfacet
  facet normal 0 0 -1
    outer loop
      vertex 36.7059 58.4856 22.45
      vertex 36.5486 61.5701 22.45
      vertex 37.092 61.4895 22.45
    endloop
  endfacet
  facet normal 0 0 -1
    outer loop
      vertex 36.4147 58.4424 22.45
      vertex 36.5486 61.5701 22.45
      vertex 36.7059 58.4856 22.45
    endloop
  endfacet
  facet normal 0 0 -1
    outer loop
      vertex 35.9409 61.6 22.45
      vertex 36.4147 58.4424 22.45
      vertex 36.1291 58.3708 22.45
    endloop
  endfacet
  facet normal 0 0 -1
    outer loop
      vertex 36.4147 58.4424 22.45
      vertex 35.9409 61.6 22.45
      vertex 36.5486 61.5701 22.45
    endloop
  endfacet
  facet normal 0 0 -1
    outer loop
      vertex 35.852 58.2716 22.45
      vertex 35.9409 61.6 22.45
      vertex 36.1291 58.3708 22.45
    endloop
  endfacet
  facet normal 0 0 -1
    outer loop
      vertex 35.5858 58.1458 22.45
      vertex 35.9409 61.6 22.45
      vertex 35.852 58.2716 22.45
    endloop
  endfacet
  facet normal 0 0 -1
    outer loop
      vertex 35.3333 57.9944 22.45
      vertex 35.9409 61.6 22.45
      vertex 35.5858 58.1458 22.45
    endloop
  endfacet
  facet normal 0 0 -1
    outer loop
      vertex 35.0968 57.819 22.45
      vertex 35.9409 61.6 22.45
      vertex 35.3333 57.9944 22.45
    endloop
  endfacet
  facet normal 0 0 -1
    outer loop
      vertex 34.8787 57.6213 22.45
      vertex 35.9409 61.6 22.45
      vertex 35.0968 57.819 22.45
    endloop
  endfacet
  facet normal 0 0 -1
    outer loop
      vertex 34.681 57.4032 22.45
      vertex 35.9409 61.6 22.45
      vertex 34.8787 57.6213 22.45
    endloop
  endfacet
  facet normal 0 0 -1
    outer loop
      vertex 30 54.78 22.45
      vertex 34.681 57.4032 22.45
      vertex 34.5056 57.1667 22.45
    endloop
  endfacet
  facet normal 0 0 -1
    outer loop
      vertex 30 54.78 22.45
      vertex 34.5056 57.1667 22.45
      vertex 34.3542 56.9142 22.45
    endloop
  endfacet
  facet normal 0 0 -1
    outer loop
      vertex 30 54.78 22.45
      vertex 34.3542 56.9142 22.45
      vertex 34.2284 56.648 22.45
    endloop
  endfacet
  facet normal 0 0 -1
    outer loop
      vertex 30 54.78 22.45
      vertex 34.2284 56.648 22.45
      vertex 34.1292 56.3709 22.45
    endloop
  endfacet
  facet normal 0 0 -1
    outer loop
      vertex 34.2284 54.352 22.45
      vertex 30 54.78 22.45
      vertex 34.1292 54.6291 22.45
    endloop
  endfacet
  facet normal 0 0 -1
    outer loop
      vertex 41.6 -55.9409 22.45
      vertex 30 -27.22 22.45
      vertex 30 -21.22 22.45
    endloop
  endfacet
  facet normal 0 0 -1
    outer loop
      vertex 34.1292 54.6291 22.45
      vertex 30 54.78 22.45
      vertex 34.0576 54.9147 22.45
    endloop
  endfacet
  facet normal -0 0 -1
    outer loop
      vertex 34.0576 54.9147 22.45
      vertex 30 54.78 22.45
      vertex 34.0144 55.2059 22.45
    endloop
  endfacet
  facet normal -0 0 -1
    outer loop
      vertex 34.0144 55.2059 22.45
      vertex 30 54.78 22.45
      vertex 34 55.5 22.45
    endloop
  endfacet
  facet normal -0 0 -1
    outer loop
      vertex 34 55.5 22.45
      vertex 30 54.78 22.45
      vertex 34.0144 55.7941 22.45
    endloop
  endfacet
  facet normal -0 0 -1
    outer loop
      vertex 34.0144 55.7941 22.45
      vertex 30 54.78 22.45
      vertex 34.0576 56.0853 22.45
    endloop
  endfacet
  facet normal -0 0 -1
    outer loop
      vertex 34.0576 56.0853 22.45
      vertex 30 54.78 22.45
      vertex 34.1292 56.3709 22.45
    endloop
  endfacet
  facet normal -0 0 -1
    outer loop
      vertex 34.681 57.4032 22.45
      vertex 30 54.78 22.45
      vertex 35.9409 61.6 22.45
    endloop
  endfacet
  facet normal 0 0 -1
    outer loop
      vertex 24 54.78 22.45
      vertex 35.9409 61.6 22.45
      vertex 30 54.78 22.45
    endloop
  endfacet
  facet normal 0 0 -1
    outer loop
      vertex 18.4 40.5 22.45
      vertex 24 48.78 22.45
      vertex 19.4 40.5 22.45
    endloop
  endfacet
  facet normal -0 0 -1
    outer loop
      vertex 24 48.78 22.45
      vertex 18.4 40.5 22.45
      vertex 24 54.78 22.45
    endloop
  endfacet
  facet normal 0 0 -1
    outer loop
      vertex -11.5 -37.5 22.45
      vertex 11.5 -37.5 22.45
      vertex -11.5 -57.5 22.45
    endloop
  endfacet
  facet normal 0 0 -1
    outer loop
      vertex -18.4 -13.5 22.45
      vertex 11.5 -37.5 22.45
      vertex -11.5 -37.5 22.45
    endloop
  endfacet
  facet normal 0 0 -1
    outer loop
      vertex 18.4 -13.5 22.45
      vertex -18.4 -13.5 22.45
      vertex 18.4 40.5 22.45
    endloop
  endfacet
  facet normal 0 0 -1
    outer loop
      vertex -18.4 40.5 22.45
      vertex 18.4 40.5 22.45
      vertex -18.4 -13.5 22.45
    endloop
  endfacet
  facet normal 0 0 -1
    outer loop
      vertex 18.4 40.5 22.45
      vertex -18.4 40.5 22.45
      vertex 24 54.78 22.45
    endloop
  endfacet
  facet normal 0 0 -1
    outer loop
      vertex -24 54.78 22.45
      vertex 24 54.78 22.45
      vertex -18.4 40.5 22.45
    endloop
  endfacet
  facet normal 0 0 -1
    outer loop
      vertex -24 48.78 22.45
      vertex -18.4 40.5 22.45
      vertex -19.4 40.5 22.45
    endloop
  endfacet
  facet normal 0 0 -1
    outer loop
      vertex -30 -21.22 22.45
      vertex -19.4 -13.5 22.45
      vertex -24 -21.22 22.45
    endloop
  endfacet
  facet normal -0 0 -1
    outer loop
      vertex -19.4 -13.5 22.45
      vertex -30 -21.22 22.45
      vertex -19.4 40.5 22.45
    endloop
  endfacet
  facet normal 0 0 -1
    outer loop
      vertex -18.4 40.5 22.45
      vertex -24 48.78 22.45
      vertex -24 54.78 22.45
    endloop
  endfacet
  facet normal 0 0 -1
    outer loop
      vertex 24 54.78 22.45
      vertex -24 54.78 22.45
      vertex 35.9409 61.6 22.45
    endloop
  endfacet
  facet normal 0 0 -1
    outer loop
      vertex -35.9409 61.6 22.45
      vertex -24 54.78 22.45
      vertex -30 54.78 22.45
    endloop
  endfacet
  facet normal 0 0 -1
    outer loop
      vertex -34.0576 -54.9147 22.45
      vertex -31.5 -57.5 22.45
      vertex -34.0144 -55.2059 22.45
    endloop
  endfacet
  facet normal 0 0 -1
    outer loop
      vertex -30 48.78 22.45
      vertex -34 55.5 22.45
      vertex -30 54.78 22.45
    endloop
  endfacet
  facet normal 0 0 -1
    outer loop
      vertex -34.0144 55.7941 22.45
      vertex -30 54.78 22.45
      vertex -34 55.5 22.45
    endloop
  endfacet
  facet normal 0 0 -1
    outer loop
      vertex -34.0576 56.0853 22.45
      vertex -30 54.78 22.45
      vertex -34.0144 55.7941 22.45
    endloop
  endfacet
  facet normal 0 0 -1
    outer loop
      vertex -34.1292 56.3709 22.45
      vertex -30 54.78 22.45
      vertex -34.0576 56.0853 22.45
    endloop
  endfacet
  facet normal 0 0 -1
    outer loop
      vertex -34.2284 56.648 22.45
      vertex -30 54.78 22.45
      vertex -34.1292 56.3709 22.45
    endloop
  endfacet
  facet normal 0 0 -1
    outer loop
      vertex -34.3542 56.9142 22.45
      vertex -30 54.78 22.45
      vertex -34.2284 56.648 22.45
    endloop
  endfacet
  facet normal 0 0 -1
    outer loop
      vertex -34.5056 57.1667 22.45
      vertex -30 54.78 22.45
      vertex -34.3542 56.9142 22.45
    endloop
  endfacet
  facet normal 0 0 -1
    outer loop
      vertex -34.681 57.4032 22.45
      vertex -30 54.78 22.45
      vertex -34.5056 57.1667 22.45
    endloop
  endfacet
  facet normal 0 0 -1
    outer loop
      vertex -30 54.78 22.45
      vertex -34.681 57.4032 22.45
      vertex -35.9409 61.6 22.45
    endloop
  endfacet
  facet normal 0 0 -1
    outer loop
      vertex -35.9409 61.6 22.45
      vertex -34.681 57.4032 22.45
      vertex -34.8787 57.6213 22.45
    endloop
  endfacet
  facet normal 0 0 -1
    outer loop
      vertex -35.9409 61.6 22.45
      vertex -34.8787 57.6213 22.45
      vertex -35.0968 57.819 22.45
    endloop
  endfacet
  facet normal 0 0 -1
    outer loop
      vertex -35.9409 61.6 22.45
      vertex -35.0968 57.819 22.45
      vertex -35.3333 57.9944 22.45
    endloop
  endfacet
  facet normal 0 0 -1
    outer loop
      vertex -35.9409 61.6 22.45
      vertex -35.3333 57.9944 22.45
      vertex -35.5858 58.1458 22.45
    endloop
  endfacet
  facet normal 0 0 -1
    outer loop
      vertex -35.9409 61.6 22.45
      vertex -35.5858 58.1458 22.45
      vertex -35.852 58.2716 22.45
    endloop
  endfacet
  facet normal 0 0 -1
    outer loop
      vertex -24 54.78 22.45
      vertex -35.9409 61.6 22.45
      vertex 35.9409 61.6 22.45
    endloop
  endfacet
  facet normal 0 0 -1
    outer loop
      vertex -36.1291 58.3708 22.45
      vertex -35.9409 61.6 22.45
      vertex -35.852 58.2716 22.45
    endloop
  endfacet
  facet normal 0 0 -1
    outer loop
      vertex -36.4147 58.4424 22.45
      vertex -35.9409 61.6 22.45
      vertex -36.1291 58.3708 22.45
    endloop
  endfacet
  facet normal 0 0 -1
    outer loop
      vertex -36.4147 58.4424 22.45
      vertex -36.5486 61.5701 22.45
      vertex -35.9409 61.6 22.45
    endloop
  endfacet
  facet normal 0 0 -1
    outer loop
      vertex -36.7059 58.4856 22.45
      vertex -36.5486 61.5701 22.45
      vertex -36.4147 58.4424 22.45
    endloop
  endfacet
  facet normal 0 0 -1
    outer loop
      vertex -37.092 61.4895 22.45
      vertex -36.7059 58.4856 22.45
      vertex -37 58.5 22.45
    endloop
  endfacet
  facet normal 0 0 -1
    outer loop
      vertex -36.7059 58.4856 22.45
      vertex -37.092 61.4895 22.45
      vertex -36.5486 61.5701 22.45
    endloop
  endfacet
  facet normal 0 0 -1
    outer loop
      vertex -37.6247 61.3561 22.45
      vertex -37 58.5 22.45
      vertex -37.2941 58.4856 22.45
    endloop
  endfacet
  facet normal 0 0 -1
    outer loop
      vertex -38.142 61.171 22.45
      vertex -37.2941 58.4856 22.45
      vertex -37.5853 58.4424 22.45
    endloop
  endfacet
  facet normal 0 0 -1
    outer loop
      vertex -37 58.5 22.45
      vertex -37.6247 61.3561 22.45
      vertex -37.092 61.4895 22.45
    endloop
  endfacet
  facet normal 0 0 -1
    outer loop
      vertex -38.6384 60.9362 22.45
      vertex -37.5853 58.4424 22.45
      vertex -37.8709 58.3708 22.45
    endloop
  endfacet
  facet normal 0 0 -1
    outer loop
      vertex -37.2941 58.4856 22.45
      vertex -38.142 61.171 22.45
      vertex -37.6247 61.3561 22.45
    endloop
  endfacet
  facet normal 0 0 -1
    outer loop
      vertex -39.1095 60.6538 22.45
      vertex -37.8709 58.3708 22.45
      vertex -38.148 58.2716 22.45
    endloop
  endfacet
  facet normal 0 0 -1
    outer loop
      vertex -39.5507 60.3266 22.45
      vertex -38.148 58.2716 22.45
      vertex -38.4142 58.1458 22.45
    endloop
  endfacet
  facet normal 0 0 -1
    outer loop
      vertex -37.5853 58.4424 22.45
      vertex -38.6384 60.9362 22.45
      vertex -38.142 61.171 22.45
    endloop
  endfacet
  facet normal 0 0 -1
    outer loop
      vertex -39.9577 59.9577 22.45
      vertex -38.4142 58.1458 22.45
      vertex -38.6667 57.9944 22.45
    endloop
  endfacet
  facet normal 0 0 -1
    outer loop
      vertex -40.3266 59.5507 22.45
      vertex -38.6667 57.9944 22.45
      vertex -38.9032 57.819 22.45
    endloop
  endfacet
  facet normal 0 0 -1
    outer loop
      vertex -37.8709 58.3708 22.45
      vertex -39.1095 60.6538 22.45
      vertex -38.6384 60.9362 22.45
    endloop
  endfacet
  facet normal 0 0 -1
    outer loop
      vertex -40.6538 59.1095 22.45
      vertex -38.9032 57.819 22.45
      vertex -39.1213 57.6213 22.45
    endloop
  endfacet
  facet normal 0 0 -1
    outer loop
      vertex -40.9362 58.6384 22.45
      vertex -39.1213 57.6213 22.45
      vertex -39.319 57.4032 22.45
    endloop
  endfacet
  facet normal 0 0 -1
    outer loop
      vertex -41.171 58.142 22.45
      vertex -39.319 57.4032 22.45
      vertex -39.4944 57.1667 22.45
    endloop
  endfacet
  facet normal 0 0 -1
    outer loop
      vertex -38.148 58.2716 22.45
      vertex -39.5507 60.3266 22.45
      vertex -39.1095 60.6538 22.45
    endloop
  endfacet
  facet normal 0 0 -1
    outer loop
      vertex -41.3561 57.6247 22.45
      vertex -39.4944 57.1667 22.45
      vertex -39.6458 56.9142 22.45
    endloop
  endfacet
  facet normal 0 0 -1
    outer loop
      vertex -41.3561 57.6247 22.45
      vertex -39.6458 56.9142 22.45
      vertex -39.7716 56.648 22.45
    endloop
  endfacet
  facet normal 0 0 -1
    outer loop
      vertex -41.4895 57.092 22.45
      vertex -39.7716 56.648 22.45
      vertex -39.8708 56.3709 22.45
    endloop
  endfacet
  facet normal 0 0 -1
    outer loop
      vertex -41.5701 56.5486 22.45
      vertex -39.8708 56.3709 22.45
      vertex -39.9424 56.0853 22.45
    endloop
  endfacet
  facet normal 0 0 -1
    outer loop
      vertex -38.4142 58.1458 22.45
      vertex -39.9577 59.9577 22.45
      vertex -39.5507 60.3266 22.45
    endloop
  endfacet
  facet normal 0 0 -1
    outer loop
      vertex -41.6 55.9409 22.45
      vertex -39.9424 56.0853 22.45
      vertex -39.9856 55.7941 22.45
    endloop
  endfacet
  facet normal 0 0 -1
    outer loop
      vertex -41.6 55.9409 22.45
      vertex -39.9856 55.7941 22.45
      vertex -40 55.5 22.45
    endloop
  endfacet
  facet normal 0 0 -1
    outer loop
      vertex -38.6667 57.9944 22.45
      vertex -40.3266 59.5507 22.45
      vertex -39.9577 59.9577 22.45
    endloop
  endfacet
  facet normal 0 0 -1
    outer loop
      vertex -39.9424 54.9147 22.45
      vertex -41.6 55.9409 22.45
      vertex -39.9856 55.2059 22.45
    endloop
  endfacet
  facet normal -0 0 -1
    outer loop
      vertex -39.7716 -56.648 22.45
      vertex -41.4895 -57.092 22.45
      vertex -39.8708 -56.3709 22.45
    endloop
  endfacet
  facet normal 0 0 -1
    outer loop
      vertex -39.9856 55.2059 22.45
      vertex -41.6 55.9409 22.45
      vertex -40 55.5 22.45
    endloop
  endfacet
  facet normal 0 0 -1
    outer loop
      vertex -41.5701 -56.5486 22.45
      vertex -39.8708 -56.3709 22.45
      vertex -41.4895 -57.092 22.45
    endloop
  endfacet
  facet normal -0 0 -1
    outer loop
      vertex -39.9424 56.0853 22.45
      vertex -41.6 55.9409 22.45
      vertex -41.5701 56.5486 22.45
    endloop
  endfacet
  facet normal -0 0 -1
    outer loop
      vertex -39.8708 -56.3709 22.45
      vertex -41.5701 -56.5486 22.45
      vertex -39.9424 -56.0853 22.45
    endloop
  endfacet
  facet normal 0 0 -1
    outer loop
      vertex -38.9032 57.819 22.45
      vertex -40.6538 59.1095 22.45
      vertex -40.3266 59.5507 22.45
    endloop
  endfacet
  facet normal 0 0 -1
    outer loop
      vertex -41.6 -55.9409 22.45
      vertex -39.9424 -56.0853 22.45
      vertex -41.5701 -56.5486 22.45
    endloop
  endfacet
  facet normal 0 0 -1
    outer loop
      vertex -39.1213 57.6213 22.45
      vertex -40.9362 58.6384 22.45
      vertex -40.6538 59.1095 22.45
    endloop
  endfacet
  facet normal 0 0 -1
    outer loop
      vertex -39.9424 -56.0853 22.45
      vertex -41.6 -55.9409 22.45
      vertex -39.9856 -55.7941 22.45
    endloop
  endfacet
  facet normal 0 0 -1
    outer loop
      vertex -39.319 57.4032 22.45
      vertex -41.171 58.142 22.45
      vertex -40.9362 58.6384 22.45
    endloop
  endfacet
  facet normal -0 0 -1
    outer loop
      vertex -39.9856 -55.7941 22.45
      vertex -41.6 -55.9409 22.45
      vertex -40 -55.5 22.45
    endloop
  endfacet
  facet normal 0 0 -1
    outer loop
      vertex -39.4944 57.1667 22.45
      vertex -41.3561 57.6247 22.45
      vertex -41.171 58.142 22.45
    endloop
  endfacet
  facet normal 0 0 -1
    outer loop
      vertex -39.7716 56.648 22.45
      vertex -41.4895 57.092 22.45
      vertex -41.3561 57.6247 22.45
    endloop
  endfacet
  facet normal 0 0 -1
    outer loop
      vertex -39.8708 56.3709 22.45
      vertex -41.5701 56.5486 22.45
      vertex -41.4895 57.092 22.45
    endloop
  endfacet
  facet normal 0 0 -1
    outer loop
      vertex -30.5 -56.5 22.45
      vertex -12.5 -38.5 22.45
      vertex -12.5 -56.5 22.45
    endloop
  endfacet
  facet normal -0 0 -1
    outer loop
      vertex -12.5 -38.5 22.45
      vertex -30.5 -56.5 22.45
      vertex -30.5 -38.5 22.45
    endloop
  endfacet
  facet normal 0 0 -1
    outer loop
      vertex 12.5 -56.5 22.45
      vertex 30.5 -38.5 22.45
      vertex 30.5 -56.5 22.45
    endloop
  endfacet
  facet normal -0 0 -1
    outer loop
      vertex 30.5 -38.5 22.45
      vertex 12.5 -56.5 22.45
      vertex 12.5 -38.5 22.45
    endloop
  endfacet
  facet normal 0.989178 0.14672 0
    outer loop
      vertex -41.4895 -57.092 22.45
      vertex -41.5701 -56.5486 3
      vertex -41.5701 -56.5486 22.45
    endloop
  endfacet
  facet normal 0.989178 0.14672 0
    outer loop
      vertex -41.5701 -56.5486 3
      vertex -41.4895 -57.092 22.45
      vertex -41.4895 -57.092 3
    endloop
  endfacet
  facet normal -0.740936 0.671576 0
    outer loop
      vertex 39.9577 -59.9577 3
      vertex 40.3266 -59.5507 22.45
      vertex 40.3266 -59.5507 3
    endloop
  endfacet
  facet normal -0.740936 0.671576 0
    outer loop
      vertex 40.3266 -59.5507 22.45
      vertex 39.9577 -59.9577 3
      vertex 39.9577 -59.9577 22.45
    endloop
  endfacet
  facet normal -1 0 0
    outer loop
      vertex 7 -64 10
      vertex 7 -61.6 18
      vertex 7 -61.6 10
    endloop
  endfacet
  facet normal -1 -0 0
    outer loop
      vertex 7 -61.6 18
      vertex 7 -64 10
      vertex 7 -64 18
    endloop
  endfacet
  facet normal 0 0 -1
    outer loop
      vertex -7 -64 18
      vertex 7 -61.6 18
      vertex 7 -64 18
    endloop
  endfacet
  facet normal -0 0 -1
    outer loop
      vertex 7 -61.6 18
      vertex -7 -64 18
      vertex -7 -61.6 18
    endloop
  endfacet
  facet normal -0 0 1
    outer loop
      vertex -7 -61.6 10
      vertex 7 -64 10
      vertex 7 -61.6 10
    endloop
  endfacet
  facet normal 0 0 1
    outer loop
      vertex 7 -64 10
      vertex -7 -61.6 10
      vertex -7 -64 10
    endloop
  endfacet
  facet normal 1 -0 0
    outer loop
      vertex -7 -64 18
      vertex -7 -61.6 10
      vertex -7 -61.6 18
    endloop
  endfacet
  facet normal 1 0 0
    outer loop
      vertex -7 -61.6 10
      vertex -7 -64 18
      vertex -7 -64 10
    endloop
  endfacet
  facet normal 0 0 -1
    outer loop
      vertex 41.6 1 15
      vertex 44 25 15
      vertex 44 1 15
    endloop
  endfacet
  facet normal -0 0 -1
    outer loop
      vertex 44 25 15
      vertex 41.6 1 15
      vertex 41.6 25 15
    endloop
  endfacet
  facet normal -0 0 1
    outer loop
      vertex 41.6 25 7
      vertex 44 1 7
      vertex 44 25 7
    endloop
  endfacet
  facet normal 0 0 1
    outer loop
      vertex 44 1 7
      vertex 41.6 25 7
      vertex 41.6 1 7
    endloop
  endfacet
  facet normal 0 -1 0
    outer loop
      vertex 41.6 25 7
      vertex 44 25 15
      vertex 41.6 25 15
    endloop
  endfacet
  facet normal 0 -1 -0
    outer loop
      vertex 44 25 15
      vertex 41.6 25 7
      vertex 44 25 7
    endloop
  endfacet
  facet normal 0 1 -0
    outer loop
      vertex 44 1 7
      vertex 41.6 1 15
      vertex 44 1 15
    endloop
  endfacet
  facet normal 0 1 0
    outer loop
      vertex 41.6 1 15
      vertex 44 1 7
      vertex 41.6 1 7
    endloop
  endfacet
  facet normal -0.998803 -0.0489044 0
    outer loop
      vertex -39.9856 -55.7941 7
      vertex -40 -55.5 22.45
      vertex -40 -55.5 7
    endloop
  endfacet
  facet normal -0.998803 -0.0489044 0
    outer loop
      vertex -40 -55.5 22.45
      vertex -39.9856 -55.7941 7
      vertex -39.9856 -55.7941 22.45
    endloop
  endfacet
  facet normal -0.857643 0.514246 0
    outer loop
      vertex -39.6458 -54.0858 7
      vertex -39.4944 -53.8333 22.45
      vertex -39.4944 -53.8333 7
    endloop
  endfacet
  facet normal -0.857643 0.514246 0
    outer loop
      vertex -39.4944 -53.8333 22.45
      vertex -39.6458 -54.0858 7
      vertex -39.6458 -54.0858 22.45
    endloop
  endfacet
  facet normal 0.989174 0.146746 0
    outer loop
      vertex -34.0144 -55.2059 22.45
      vertex -34.0576 -54.9147 7
      vertex -34.0576 -54.9147 22.45
    endloop
  endfacet
  facet normal 0.989174 0.146746 0
    outer loop
      vertex -34.0576 -54.9147 7
      vertex -34.0144 -55.2059 22.45
      vertex -34.0144 -55.2059 7
    endloop
  endfacet
  facet normal 0.998803 0.0489044 0
    outer loop
      vertex -34 -55.5 22.45
      vertex -34.0144 -55.2059 7
      vertex -34.0144 -55.2059 22.45
    endloop
  endfacet
  facet normal 0.998803 0.0489044 0
    outer loop
      vertex -34.0144 -55.2059 7
      vertex -34 -55.5 22.45
      vertex -34 -55.5 7
    endloop
  endfacet
  facet normal 0.969982 0.243175 0
    outer loop
      vertex -34.0576 -54.9147 22.45
      vertex -34.1292 -54.6291 7
      vertex -34.1292 -54.6291 22.45
    endloop
  endfacet
  facet normal 0.969982 0.243175 0
    outer loop
      vertex -34.1292 -54.6291 7
      vertex -34.0576 -54.9147 22.45
      vertex -34.0576 -54.9147 7
    endloop
  endfacet
  facet normal 0.941488 -0.337047 0
    outer loop
      vertex -34.2284 -56.648 22.45
      vertex -34.1292 -56.3709 7
      vertex -34.1292 -56.3709 22.45
    endloop
  endfacet
  facet normal 0.941488 -0.337047 0
    outer loop
      vertex -34.1292 -56.3709 7
      vertex -34.2284 -56.648 22.45
      vertex -34.2284 -56.648 7
    endloop
  endfacet
  facet normal 0.146746 0.989174 -0
    outer loop
      vertex -36.4147 -52.5576 7
      vertex -36.7059 -52.5144 22.45
      vertex -36.4147 -52.5576 22.45
    endloop
  endfacet
  facet normal 0.146746 0.989174 0
    outer loop
      vertex -36.7059 -52.5144 22.45
      vertex -36.4147 -52.5576 7
      vertex -36.7059 -52.5144 7
    endloop
  endfacet
  facet normal 0.427269 -0.904125 0
    outer loop
      vertex -35.852 -58.2716 7
      vertex -35.5858 -58.1458 22.45
      vertex -35.852 -58.2716 22.45
    endloop
  endfacet
  facet normal 0.427269 -0.904125 0
    outer loop
      vertex -35.5858 -58.1458 22.45
      vertex -35.852 -58.2716 7
      vertex -35.5858 -58.1458 7
    endloop
  endfacet
  facet normal -0.595699 0.803208 0
    outer loop
      vertex -38.6667 -53.0056 7
      vertex -38.9032 -53.181 22.45
      vertex -38.6667 -53.0056 22.45
    endloop
  endfacet
  facet normal -0.595699 0.803208 0
    outer loop
      vertex -38.9032 -53.181 22.45
      vertex -38.6667 -53.0056 7
      vertex -38.9032 -53.181 7
    endloop
  endfacet
  facet normal 0.146746 -0.989174 0
    outer loop
      vertex -36.7059 -58.4856 7
      vertex -36.4147 -58.4424 22.45
      vertex -36.7059 -58.4856 22.45
    endloop
  endfacet
  facet normal 0.146746 -0.989174 0
    outer loop
      vertex -36.4147 -58.4424 22.45
      vertex -36.7059 -58.4856 7
      vertex -36.4147 -58.4424 7
    endloop
  endfacet
  facet normal -0.969982 0.243175 0
    outer loop
      vertex -39.9424 -54.9147 7
      vertex -39.8708 -54.6291 22.45
      vertex -39.8708 -54.6291 7
    endloop
  endfacet
  facet normal -0.969982 0.243175 0
    outer loop
      vertex -39.8708 -54.6291 22.45
      vertex -39.9424 -54.9147 7
      vertex -39.9424 -54.9147 22.45
    endloop
  endfacet
  facet normal 0.514246 -0.857643 0
    outer loop
      vertex -35.5858 -58.1458 7
      vertex -35.3333 -57.9944 22.45
      vertex -35.5858 -58.1458 22.45
    endloop
  endfacet
  facet normal 0.514246 -0.857643 0
    outer loop
      vertex -35.3333 -57.9944 22.45
      vertex -35.5858 -58.1458 7
      vertex -35.3333 -57.9944 7
    endloop
  endfacet
  facet normal -0.0489044 -0.998803 0
    outer loop
      vertex -37.2941 -58.4856 7
      vertex -37 -58.5 22.45
      vertex -37.2941 -58.4856 22.45
    endloop
  endfacet
  facet normal -0.0489044 -0.998803 -0
    outer loop
      vertex -37 -58.5 22.45
      vertex -37.2941 -58.4856 7
      vertex -37 -58.5 7
    endloop
  endfacet
  facet normal -0.146746 0.989174 0
    outer loop
      vertex -37.2941 -52.5144 7
      vertex -37.5853 -52.5576 22.45
      vertex -37.2941 -52.5144 22.45
    endloop
  endfacet
  facet normal -0.146746 0.989174 0
    outer loop
      vertex -37.5853 -52.5576 22.45
      vertex -37.2941 -52.5144 7
      vertex -37.5853 -52.5576 7
    endloop
  endfacet
  facet normal 0.904125 0.427269 0
    outer loop
      vertex -34.2284 -54.352 22.45
      vertex -34.3542 -54.0858 7
      vertex -34.3542 -54.0858 22.45
    endloop
  endfacet
  facet normal 0.904125 0.427269 0
    outer loop
      vertex -34.3542 -54.0858 7
      vertex -34.2284 -54.352 22.45
      vertex -34.2284 -54.352 7
    endloop
  endfacet
  facet normal 0.740908 -0.671607 0
    outer loop
      vertex -34.8787 -57.6213 22.45
      vertex -34.681 -57.4032 7
      vertex -34.681 -57.4032 22.45
    endloop
  endfacet
  facet normal 0.740908 -0.671607 0
    outer loop
      vertex -34.681 -57.4032 7
      vertex -34.8787 -57.6213 22.45
      vertex -34.8787 -57.6213 7
    endloop
  endfacet
  facet normal 0.595699 0.803208 -0
    outer loop
      vertex -35.0968 -53.181 7
      vertex -35.3333 -53.0056 22.45
      vertex -35.0968 -53.181 22.45
    endloop
  endfacet
  facet normal 0.595699 0.803208 0
    outer loop
      vertex -35.3333 -53.0056 22.45
      vertex -35.0968 -53.181 7
      vertex -35.3333 -53.0056 7
    endloop
  endfacet
  facet normal 0.243175 0.969982 -0
    outer loop
      vertex -36.1291 -52.6292 7
      vertex -36.4147 -52.5576 22.45
      vertex -36.1291 -52.6292 22.45
    endloop
  endfacet
  facet normal 0.243175 0.969982 0
    outer loop
      vertex -36.4147 -52.5576 22.45
      vertex -36.1291 -52.6292 7
      vertex -36.4147 -52.5576 7
    endloop
  endfacet
  facet normal -0.969982 -0.243175 0
    outer loop
      vertex -39.8708 -56.3709 7
      vertex -39.9424 -56.0853 22.45
      vertex -39.9424 -56.0853 7
    endloop
  endfacet
  facet normal -0.969982 -0.243175 0
    outer loop
      vertex -39.9424 -56.0853 22.45
      vertex -39.8708 -56.3709 7
      vertex -39.8708 -56.3709 22.45
    endloop
  endfacet
  facet normal -0.514246 0.857643 0
    outer loop
      vertex -38.4142 -52.8542 7
      vertex -38.6667 -53.0056 22.45
      vertex -38.4142 -52.8542 22.45
    endloop
  endfacet
  facet normal -0.514246 0.857643 0
    outer loop
      vertex -38.6667 -53.0056 22.45
      vertex -38.4142 -52.8542 7
      vertex -38.6667 -53.0056 7
    endloop
  endfacet
  facet normal 0.803208 0.595699 0
    outer loop
      vertex -34.5056 -53.8333 22.45
      vertex -34.681 -53.5968 7
      vertex -34.681 -53.5968 22.45
    endloop
  endfacet
  facet normal 0.803208 0.595699 0
    outer loop
      vertex -34.681 -53.5968 7
      vertex -34.5056 -53.8333 22.45
      vertex -34.5056 -53.8333 7
    endloop
  endfacet
  facet normal 0.243175 -0.969982 0
    outer loop
      vertex -36.4147 -58.4424 7
      vertex -36.1291 -58.3708 22.45
      vertex -36.4147 -58.4424 22.45
    endloop
  endfacet
  facet normal 0.243175 -0.969982 0
    outer loop
      vertex -36.1291 -58.3708 22.45
      vertex -36.4147 -58.4424 7
      vertex -36.1291 -58.3708 7
    endloop
  endfacet
  facet normal 0.514246 0.857643 -0
    outer loop
      vertex -35.3333 -53.0056 7
      vertex -35.5858 -52.8542 22.45
      vertex -35.3333 -53.0056 22.45
    endloop
  endfacet
  facet normal 0.514246 0.857643 0
    outer loop
      vertex -35.5858 -52.8542 22.45
      vertex -35.3333 -53.0056 7
      vertex -35.5858 -52.8542 7
    endloop
  endfacet
  facet normal 0.904125 -0.427269 0
    outer loop
      vertex -34.3542 -56.9142 22.45
      vertex -34.2284 -56.648 7
      vertex -34.2284 -56.648 22.45
    endloop
  endfacet
  facet normal 0.904125 -0.427269 0
    outer loop
      vertex -34.2284 -56.648 7
      vertex -34.3542 -56.9142 22.45
      vertex -34.3542 -56.9142 7
    endloop
  endfacet
  facet normal 0.998803 -0.0489044 0
    outer loop
      vertex -34.0144 -55.7941 22.45
      vertex -34 -55.5 7
      vertex -34 -55.5 22.45
    endloop
  endfacet
  facet normal 0.998803 -0.0489044 0
    outer loop
      vertex -34 -55.5 7
      vertex -34.0144 -55.7941 22.45
      vertex -34.0144 -55.7941 7
    endloop
  endfacet
  facet normal -0.740908 -0.671607 0
    outer loop
      vertex -39.1213 -57.6213 7
      vertex -39.319 -57.4032 22.45
      vertex -39.319 -57.4032 7
    endloop
  endfacet
  facet normal -0.740908 -0.671607 0
    outer loop
      vertex -39.319 -57.4032 22.45
      vertex -39.1213 -57.6213 7
      vertex -39.1213 -57.6213 22.45
    endloop
  endfacet
  facet normal 0.857643 -0.514246 0
    outer loop
      vertex -34.5056 -57.1667 22.45
      vertex -34.3542 -56.9142 7
      vertex -34.3542 -56.9142 22.45
    endloop
  endfacet
  facet normal 0.857643 -0.514246 0
    outer loop
      vertex -34.3542 -56.9142 7
      vertex -34.5056 -57.1667 22.45
      vertex -34.5056 -57.1667 7
    endloop
  endfacet
  facet normal -0.337047 0.941488 0
    outer loop
      vertex -37.8709 -52.6292 7
      vertex -38.148 -52.7284 22.45
      vertex -37.8709 -52.6292 22.45
    endloop
  endfacet
  facet normal -0.337047 0.941488 0
    outer loop
      vertex -38.148 -52.7284 22.45
      vertex -37.8709 -52.6292 7
      vertex -38.148 -52.7284 7
    endloop
  endfacet
  facet normal -0.514246 -0.857643 0
    outer loop
      vertex -38.6667 -57.9944 7
      vertex -38.4142 -58.1458 22.45
      vertex -38.6667 -57.9944 22.45
    endloop
  endfacet
  facet normal -0.514246 -0.857643 -0
    outer loop
      vertex -38.4142 -58.1458 22.45
      vertex -38.6667 -57.9944 7
      vertex -38.4142 -58.1458 7
    endloop
  endfacet
  facet normal 0.941488 0.337047 0
    outer loop
      vertex -34.1292 -54.6291 22.45
      vertex -34.2284 -54.352 7
      vertex -34.2284 -54.352 22.45
    endloop
  endfacet
  facet normal 0.941488 0.337047 0
    outer loop
      vertex -34.2284 -54.352 7
      vertex -34.1292 -54.6291 22.45
      vertex -34.1292 -54.6291 7
    endloop
  endfacet
  facet normal 0.969982 -0.243175 0
    outer loop
      vertex -34.1292 -56.3709 22.45
      vertex -34.0576 -56.0853 7
      vertex -34.0576 -56.0853 22.45
    endloop
  endfacet
  facet normal 0.969982 -0.243175 0
    outer loop
      vertex -34.0576 -56.0853 7
      vertex -34.1292 -56.3709 22.45
      vertex -34.1292 -56.3709 7
    endloop
  endfacet
  facet normal 0.989174 -0.146746 0
    outer loop
      vertex -34.0576 -56.0853 22.45
      vertex -34.0144 -55.7941 7
      vertex -34.0144 -55.7941 22.45
    endloop
  endfacet
  facet normal 0.989174 -0.146746 0
    outer loop
      vertex -34.0144 -55.7941 7
      vertex -34.0576 -56.0853 22.45
      vertex -34.0576 -56.0853 7
    endloop
  endfacet
  facet normal -0.671607 -0.740908 0
    outer loop
      vertex -39.1213 -57.6213 7
      vertex -38.9032 -57.819 22.45
      vertex -39.1213 -57.6213 22.45
    endloop
  endfacet
  facet normal -0.671607 -0.740908 -0
    outer loop
      vertex -38.9032 -57.819 22.45
      vertex -39.1213 -57.6213 7
      vertex -38.9032 -57.819 7
    endloop
  endfacet
  facet normal 0.337047 0.941488 -0
    outer loop
      vertex -35.852 -52.7284 7
      vertex -36.1291 -52.6292 22.45
      vertex -35.852 -52.7284 22.45
    endloop
  endfacet
  facet normal 0.337047 0.941488 0
    outer loop
      vertex -36.1291 -52.6292 22.45
      vertex -35.852 -52.7284 7
      vertex -36.1291 -52.6292 7
    endloop
  endfacet
  facet normal 0.0489044 -0.998803 0
    outer loop
      vertex -37 -58.5 7
      vertex -36.7059 -58.4856 22.45
      vertex -37 -58.5 22.45
    endloop
  endfacet
  facet normal 0.0489044 -0.998803 0
    outer loop
      vertex -36.7059 -58.4856 22.45
      vertex -37 -58.5 7
      vertex -36.7059 -58.4856 7
    endloop
  endfacet
  facet normal 0.803208 -0.595699 0
    outer loop
      vertex -34.681 -57.4032 22.45
      vertex -34.5056 -57.1667 7
      vertex -34.5056 -57.1667 22.45
    endloop
  endfacet
  facet normal 0.803208 -0.595699 0
    outer loop
      vertex -34.5056 -57.1667 7
      vertex -34.681 -57.4032 22.45
      vertex -34.681 -57.4032 7
    endloop
  endfacet
  facet normal -0.0489044 0.998803 0
    outer loop
      vertex -37 -52.5 7
      vertex -37.2941 -52.5144 22.45
      vertex -37 -52.5 22.45
    endloop
  endfacet
  facet normal -0.0489044 0.998803 0
    outer loop
      vertex -37.2941 -52.5144 22.45
      vertex -37 -52.5 7
      vertex -37.2941 -52.5144 7
    endloop
  endfacet
  facet normal -0.998803 0.0489044 0
    outer loop
      vertex -40 -55.5 7
      vertex -39.9856 -55.2059 22.45
      vertex -39.9856 -55.2059 7
    endloop
  endfacet
  facet normal -0.998803 0.0489044 0
    outer loop
      vertex -39.9856 -55.2059 22.45
      vertex -40 -55.5 7
      vertex -40 -55.5 22.45
    endloop
  endfacet
  facet normal 0.427269 0.904125 -0
    outer loop
      vertex -35.5858 -52.8542 7
      vertex -35.852 -52.7284 22.45
      vertex -35.5858 -52.8542 22.45
    endloop
  endfacet
  facet normal 0.427269 0.904125 0
    outer loop
      vertex -35.852 -52.7284 22.45
      vertex -35.5858 -52.8542 7
      vertex -35.852 -52.7284 7
    endloop
  endfacet
  facet normal 0.740908 0.671607 0
    outer loop
      vertex -34.681 -53.5968 22.45
      vertex -34.8787 -53.3787 7
      vertex -34.8787 -53.3787 22.45
    endloop
  endfacet
  facet normal 0.740908 0.671607 0
    outer loop
      vertex -34.8787 -53.3787 7
      vertex -34.681 -53.5968 22.45
      vertex -34.681 -53.5968 7
    endloop
  endfacet
  facet normal 0.0489044 0.998803 -0
    outer loop
      vertex -36.7059 -52.5144 7
      vertex -37 -52.5 22.45
      vertex -36.7059 -52.5144 22.45
    endloop
  endfacet
  facet normal 0.0489044 0.998803 0
    outer loop
      vertex -37 -52.5 22.45
      vertex -36.7059 -52.5144 7
      vertex -37 -52.5 7
    endloop
  endfacet
  facet normal 0.857643 0.514246 0
    outer loop
      vertex -34.3542 -54.0858 22.45
      vertex -34.5056 -53.8333 7
      vertex -34.5056 -53.8333 22.45
    endloop
  endfacet
  facet normal 0.857643 0.514246 0
    outer loop
      vertex -34.5056 -53.8333 7
      vertex -34.3542 -54.0858 22.45
      vertex -34.3542 -54.0858 7
    endloop
  endfacet
  facet normal 0.595699 -0.803208 0
    outer loop
      vertex -35.3333 -57.9944 7
      vertex -35.0968 -57.819 22.45
      vertex -35.3333 -57.9944 22.45
    endloop
  endfacet
  facet normal 0.595699 -0.803208 0
    outer loop
      vertex -35.0968 -57.819 22.45
      vertex -35.3333 -57.9944 7
      vertex -35.0968 -57.819 7
    endloop
  endfacet
  facet normal -0.427269 -0.904125 0
    outer loop
      vertex -38.4142 -58.1458 7
      vertex -38.148 -58.2716 22.45
      vertex -38.4142 -58.1458 22.45
    endloop
  endfacet
  facet normal -0.427269 -0.904125 -0
    outer loop
      vertex -38.148 -58.2716 22.45
      vertex -38.4142 -58.1458 7
      vertex -38.148 -58.2716 7
    endloop
  endfacet
  facet normal -0.671607 0.740908 0
    outer loop
      vertex -38.9032 -53.181 7
      vertex -39.1213 -53.3787 22.45
      vertex -38.9032 -53.181 22.45
    endloop
  endfacet
  facet normal -0.671607 0.740908 0
    outer loop
      vertex -39.1213 -53.3787 22.45
      vertex -38.9032 -53.181 7
      vertex -39.1213 -53.3787 7
    endloop
  endfacet
  facet normal -0.427269 0.904125 0
    outer loop
      vertex -38.148 -52.7284 7
      vertex -38.4142 -52.8542 22.45
      vertex -38.148 -52.7284 22.45
    endloop
  endfacet
  facet normal -0.427269 0.904125 0
    outer loop
      vertex -38.4142 -52.8542 22.45
      vertex -38.148 -52.7284 7
      vertex -38.4142 -52.8542 7
    endloop
  endfacet
  facet normal -0.941488 -0.337047 0
    outer loop
      vertex -39.7716 -56.648 7
      vertex -39.8708 -56.3709 22.45
      vertex -39.8708 -56.3709 7
    endloop
  endfacet
  facet normal -0.941488 -0.337047 0
    outer loop
      vertex -39.8708 -56.3709 22.45
      vertex -39.7716 -56.648 7
      vertex -39.7716 -56.648 22.45
    endloop
  endfacet
  facet normal 0.671607 0.740908 -0
    outer loop
      vertex -34.8787 -53.3787 7
      vertex -35.0968 -53.181 22.45
      vertex -34.8787 -53.3787 22.45
    endloop
  endfacet
  facet normal 0.671607 0.740908 0
    outer loop
      vertex -35.0968 -53.181 22.45
      vertex -34.8787 -53.3787 7
      vertex -35.0968 -53.181 7
    endloop
  endfacet
  facet normal -0.904125 -0.427269 0
    outer loop
      vertex -39.6458 -56.9142 7
      vertex -39.7716 -56.648 22.45
      vertex -39.7716 -56.648 7
    endloop
  endfacet
  facet normal -0.904125 -0.427269 0
    outer loop
      vertex -39.7716 -56.648 22.45
      vertex -39.6458 -56.9142 7
      vertex -39.6458 -56.9142 22.45
    endloop
  endfacet
  facet normal 0.337047 -0.941488 0
    outer loop
      vertex -36.1291 -58.3708 7
      vertex -35.852 -58.2716 22.45
      vertex -36.1291 -58.3708 22.45
    endloop
  endfacet
  facet normal 0.337047 -0.941488 0
    outer loop
      vertex -35.852 -58.2716 22.45
      vertex -36.1291 -58.3708 7
      vertex -35.852 -58.2716 7
    endloop
  endfacet
  facet normal -0.243175 0.969982 0
    outer loop
      vertex -37.5853 -52.5576 7
      vertex -37.8709 -52.6292 22.45
      vertex -37.5853 -52.5576 22.45
    endloop
  endfacet
  facet normal -0.243175 0.969982 0
    outer loop
      vertex -37.8709 -52.6292 22.45
      vertex -37.5853 -52.5576 7
      vertex -37.8709 -52.6292 7
    endloop
  endfacet
  facet normal -0.941488 0.337047 0
    outer loop
      vertex -39.8708 -54.6291 7
      vertex -39.7716 -54.352 22.45
      vertex -39.7716 -54.352 7
    endloop
  endfacet
  facet normal -0.941488 0.337047 0
    outer loop
      vertex -39.7716 -54.352 22.45
      vertex -39.8708 -54.6291 7
      vertex -39.8708 -54.6291 22.45
    endloop
  endfacet
  facet normal -0.740908 0.671607 0
    outer loop
      vertex -39.319 -53.5968 7
      vertex -39.1213 -53.3787 22.45
      vertex -39.1213 -53.3787 7
    endloop
  endfacet
  facet normal -0.740908 0.671607 0
    outer loop
      vertex -39.1213 -53.3787 22.45
      vertex -39.319 -53.5968 7
      vertex -39.319 -53.5968 22.45
    endloop
  endfacet
  facet normal -0.146746 -0.989174 0
    outer loop
      vertex -37.5853 -58.4424 7
      vertex -37.2941 -58.4856 22.45
      vertex -37.5853 -58.4424 22.45
    endloop
  endfacet
  facet normal -0.146746 -0.989174 -0
    outer loop
      vertex -37.2941 -58.4856 22.45
      vertex -37.5853 -58.4424 7
      vertex -37.2941 -58.4856 7
    endloop
  endfacet
  facet normal -0.803208 -0.595699 0
    outer loop
      vertex -39.319 -57.4032 7
      vertex -39.4944 -57.1667 22.45
      vertex -39.4944 -57.1667 7
    endloop
  endfacet
  facet normal -0.803208 -0.595699 0
    outer loop
      vertex -39.4944 -57.1667 22.45
      vertex -39.319 -57.4032 7
      vertex -39.319 -57.4032 22.45
    endloop
  endfacet
  facet normal -0.337047 -0.941488 0
    outer loop
      vertex -38.148 -58.2716 7
      vertex -37.8709 -58.3708 22.45
      vertex -38.148 -58.2716 22.45
    endloop
  endfacet
  facet normal -0.337047 -0.941488 -0
    outer loop
      vertex -37.8709 -58.3708 22.45
      vertex -38.148 -58.2716 7
      vertex -37.8709 -58.3708 7
    endloop
  endfacet
  facet normal -0.243175 -0.969982 0
    outer loop
      vertex -37.8709 -58.3708 7
      vertex -37.5853 -58.4424 22.45
      vertex -37.8709 -58.3708 22.45
    endloop
  endfacet
  facet normal -0.243175 -0.969982 -0
    outer loop
      vertex -37.5853 -58.4424 22.45
      vertex -37.8709 -58.3708 7
      vertex -37.5853 -58.4424 7
    endloop
  endfacet
  facet normal -0.989174 -0.146746 0
    outer loop
      vertex -39.9424 -56.0853 7
      vertex -39.9856 -55.7941 22.45
      vertex -39.9856 -55.7941 7
    endloop
  endfacet
  facet normal -0.989174 -0.146746 0
    outer loop
      vertex -39.9856 -55.7941 22.45
      vertex -39.9424 -56.0853 7
      vertex -39.9424 -56.0853 22.45
    endloop
  endfacet
  facet normal -0.904125 0.427269 0
    outer loop
      vertex -39.7716 -54.352 7
      vertex -39.6458 -54.0858 22.45
      vertex -39.6458 -54.0858 7
    endloop
  endfacet
  facet normal -0.904125 0.427269 0
    outer loop
      vertex -39.6458 -54.0858 22.45
      vertex -39.7716 -54.352 7
      vertex -39.7716 -54.352 22.45
    endloop
  endfacet
  facet normal -0.595699 -0.803208 0
    outer loop
      vertex -38.9032 -57.819 7
      vertex -38.6667 -57.9944 22.45
      vertex -38.9032 -57.819 22.45
    endloop
  endfacet
  facet normal -0.595699 -0.803208 -0
    outer loop
      vertex -38.6667 -57.9944 22.45
      vertex -38.9032 -57.819 7
      vertex -38.6667 -57.9944 7
    endloop
  endfacet
  facet normal -0.803208 0.595699 0
    outer loop
      vertex -39.4944 -53.8333 7
      vertex -39.319 -53.5968 22.45
      vertex -39.319 -53.5968 7
    endloop
  endfacet
  facet normal -0.803208 0.595699 0
    outer loop
      vertex -39.319 -53.5968 22.45
      vertex -39.4944 -53.8333 7
      vertex -39.4944 -53.8333 22.45
    endloop
  endfacet
  facet normal -0.857643 -0.514246 0
    outer loop
      vertex -39.4944 -57.1667 7
      vertex -39.6458 -56.9142 22.45
      vertex -39.6458 -56.9142 7
    endloop
  endfacet
  facet normal -0.857643 -0.514246 0
    outer loop
      vertex -39.6458 -56.9142 22.45
      vertex -39.4944 -57.1667 7
      vertex -39.4944 -57.1667 22.45
    endloop
  endfacet
  facet normal -0.989174 0.146746 0
    outer loop
      vertex -39.9856 -55.2059 7
      vertex -39.9424 -54.9147 22.45
      vertex -39.9424 -54.9147 7
    endloop
  endfacet
  facet normal -0.989174 0.146746 0
    outer loop
      vertex -39.9424 -54.9147 22.45
      vertex -39.9856 -55.2059 7
      vertex -39.9856 -55.2059 22.45
    endloop
  endfacet
  facet normal 0.671607 -0.740908 0
    outer loop
      vertex -35.0968 -57.819 7
      vertex -34.8787 -57.6213 22.45
      vertex -35.0968 -57.819 22.45
    endloop
  endfacet
  facet normal 0.671607 -0.740908 0
    outer loop
      vertex -34.8787 -57.6213 22.45
      vertex -35.0968 -57.819 7
      vertex -34.8787 -57.6213 7
    endloop
  endfacet
  facet normal 0 0 -1
    outer loop
      vertex -36.025 -55.5 7
      vertex -34 -55.5 7
      vertex -34.0144 -55.7941 7
    endloop
  endfacet
  facet normal 0 0 -1
    outer loop
      vertex -36.0297 -55.5956 7
      vertex -34.0144 -55.7941 7
      vertex -34.0576 -56.0853 7
    endloop
  endfacet
  facet normal 0 0 -1
    outer loop
      vertex -34 -55.5 7
      vertex -36.025 -55.5 7
      vertex -34.0144 -55.2059 7
    endloop
  endfacet
  facet normal 0 0 -1
    outer loop
      vertex -36.0437 -55.6902 7
      vertex -34.0576 -56.0853 7
      vertex -34.1292 -56.3709 7
    endloop
  endfacet
  facet normal 0 0 -1
    outer loop
      vertex -36.0297 -55.4044 7
      vertex -34.0144 -55.2059 7
      vertex -36.025 -55.5 7
    endloop
  endfacet
  facet normal 0 0 -1
    outer loop
      vertex -36.067 -55.783 7
      vertex -34.1292 -56.3709 7
      vertex -34.2284 -56.648 7
    endloop
  endfacet
  facet normal -0 0 -1
    outer loop
      vertex -34.0144 -55.2059 7
      vertex -36.0297 -55.4044 7
      vertex -34.0576 -54.9147 7
    endloop
  endfacet
  facet normal 0 0 -1
    outer loop
      vertex -36.0992 -55.8731 7
      vertex -34.2284 -56.648 7
      vertex -34.3542 -56.9142 7
    endloop
  endfacet
  facet normal 0 0 -1
    outer loop
      vertex -36.0437 -55.3098 7
      vertex -34.0576 -54.9147 7
      vertex -36.0297 -55.4044 7
    endloop
  endfacet
  facet normal 0 0 -1
    outer loop
      vertex -36.1401 -55.9596 7
      vertex -34.3542 -56.9142 7
      vertex -34.5056 -57.1667 7
    endloop
  endfacet
  facet normal -0 0 -1
    outer loop
      vertex -34.0576 -54.9147 7
      vertex -36.0437 -55.3098 7
      vertex -34.1292 -54.6291 7
    endloop
  endfacet
  facet normal 0 0 -1
    outer loop
      vertex -36.1893 -56.0417 7
      vertex -34.5056 -57.1667 7
      vertex -34.681 -57.4032 7
    endloop
  endfacet
  facet normal 0 0 -1
    outer loop
      vertex -36.067 -55.217 7
      vertex -34.1292 -54.6291 7
      vertex -36.0437 -55.3098 7
    endloop
  endfacet
  facet normal 0 0 -1
    outer loop
      vertex -36.2463 -56.1185 7
      vertex -34.681 -57.4032 7
      vertex -34.8787 -57.6213 7
    endloop
  endfacet
  facet normal -0 0 -1
    outer loop
      vertex -34.1292 -54.6291 7
      vertex -36.067 -55.217 7
      vertex -34.2284 -54.352 7
    endloop
  endfacet
  facet normal 0 0 -1
    outer loop
      vertex -36.3106 -56.1894 7
      vertex -34.8787 -57.6213 7
      vertex -35.0968 -57.819 7
    endloop
  endfacet
  facet normal 0 0 -1
    outer loop
      vertex -36.0992 -55.1269 7
      vertex -34.2284 -54.352 7
      vertex -36.067 -55.217 7
    endloop
  endfacet
  facet normal 0 0 -1
    outer loop
      vertex -36.3815 -56.2537 7
      vertex -35.0968 -57.819 7
      vertex -35.3333 -57.9944 7
    endloop
  endfacet
  facet normal -0 0 -1
    outer loop
      vertex -34.2284 -54.352 7
      vertex -36.0992 -55.1269 7
      vertex -34.3542 -54.0858 7
    endloop
  endfacet
  facet normal 0 0 -1
    outer loop
      vertex -36.4583 -56.3107 7
      vertex -35.3333 -57.9944 7
      vertex -35.5858 -58.1458 7
    endloop
  endfacet
  facet normal 0 0 -1
    outer loop
      vertex -36.1401 -55.0404 7
      vertex -34.3542 -54.0858 7
      vertex -36.0992 -55.1269 7
    endloop
  endfacet
  facet normal 0 0 -1
    outer loop
      vertex -36.5404 -56.3599 7
      vertex -35.5858 -58.1458 7
      vertex -35.852 -58.2716 7
    endloop
  endfacet
  facet normal -0 0 -1
    outer loop
      vertex -34.3542 -54.0858 7
      vertex -36.1401 -55.0404 7
      vertex -34.5056 -53.8333 7
    endloop
  endfacet
  facet normal 0 0 -1
    outer loop
      vertex -36.1893 -54.9583 7
      vertex -34.5056 -53.8333 7
      vertex -36.1401 -55.0404 7
    endloop
  endfacet
  facet normal 0 0 -1
    outer loop
      vertex -34.0144 -55.7941 7
      vertex -36.0297 -55.5956 7
      vertex -36.025 -55.5 7
    endloop
  endfacet
  facet normal 0 0 -1
    outer loop
      vertex -34.0576 -56.0853 7
      vertex -36.0437 -55.6902 7
      vertex -36.0297 -55.5956 7
    endloop
  endfacet
  facet normal 0 0 -1
    outer loop
      vertex -34.1292 -56.3709 7
      vertex -36.067 -55.783 7
      vertex -36.0437 -55.6902 7
    endloop
  endfacet
  facet normal 0 0 -1
    outer loop
      vertex -34.2284 -56.648 7
      vertex -36.0992 -55.8731 7
      vertex -36.067 -55.783 7
    endloop
  endfacet
  facet normal 0 0 -1
    outer loop
      vertex -36.6269 -56.4008 7
      vertex -35.852 -58.2716 7
      vertex -36.1291 -58.3708 7
    endloop
  endfacet
  facet normal 0 0 -1
    outer loop
      vertex -34.3542 -56.9142 7
      vertex -36.1401 -55.9596 7
      vertex -36.0992 -55.8731 7
    endloop
  endfacet
  facet normal 0 0 -1
    outer loop
      vertex -34.5056 -57.1667 7
      vertex -36.1893 -56.0417 7
      vertex -36.1401 -55.9596 7
    endloop
  endfacet
  facet normal 0 0 -1
    outer loop
      vertex -34.681 -57.4032 7
      vertex -36.2463 -56.1185 7
      vertex -36.1893 -56.0417 7
    endloop
  endfacet
  facet normal 0 0 -1
    outer loop
      vertex -34.8787 -57.6213 7
      vertex -36.3106 -56.1894 7
      vertex -36.2463 -56.1185 7
    endloop
  endfacet
  facet normal 0 0 -1
    outer loop
      vertex -35.0968 -57.819 7
      vertex -36.3815 -56.2537 7
      vertex -36.3106 -56.1894 7
    endloop
  endfacet
  facet normal 0 0 -1
    outer loop
      vertex -36.717 -56.433 7
      vertex -36.1291 -58.3708 7
      vertex -36.4147 -58.4424 7
    endloop
  endfacet
  facet normal 0 0 -1
    outer loop
      vertex -35.3333 -57.9944 7
      vertex -36.4583 -56.3107 7
      vertex -36.3815 -56.2537 7
    endloop
  endfacet
  facet normal 0 0 -1
    outer loop
      vertex -35.5858 -58.1458 7
      vertex -36.5404 -56.3599 7
      vertex -36.4583 -56.3107 7
    endloop
  endfacet
  facet normal 0 0 -1
    outer loop
      vertex -35.852 -58.2716 7
      vertex -36.6269 -56.4008 7
      vertex -36.5404 -56.3599 7
    endloop
  endfacet
  facet normal 0 0 -1
    outer loop
      vertex -36.8098 -56.4563 7
      vertex -36.4147 -58.4424 7
      vertex -36.7059 -58.4856 7
    endloop
  endfacet
  facet normal 0 0 -1
    outer loop
      vertex -36.1291 -58.3708 7
      vertex -36.717 -56.433 7
      vertex -36.6269 -56.4008 7
    endloop
  endfacet
  facet normal 0 0 -1
    outer loop
      vertex -36.4147 -58.4424 7
      vertex -36.8098 -56.4563 7
      vertex -36.717 -56.433 7
    endloop
  endfacet
  facet normal 0 0 -1
    outer loop
      vertex -36.7059 -58.4856 7
      vertex -36.9044 -56.4703 7
      vertex -36.8098 -56.4563 7
    endloop
  endfacet
  facet normal 0 0 -1
    outer loop
      vertex -37 -58.5 7
      vertex -36.9044 -56.4703 7
      vertex -36.7059 -58.4856 7
    endloop
  endfacet
  facet normal 0 0 -1
    outer loop
      vertex -37 -58.5 7
      vertex -37 -56.475 7
      vertex -36.9044 -56.4703 7
    endloop
  endfacet
  facet normal 0 0 -1
    outer loop
      vertex -37 -58.5 7
      vertex -37.0956 -56.4703 7
      vertex -37 -56.475 7
    endloop
  endfacet
  facet normal 0 0 -1
    outer loop
      vertex -37.2941 -58.4856 7
      vertex -37.0956 -56.4703 7
      vertex -37 -58.5 7
    endloop
  endfacet
  facet normal -0 0 -1
    outer loop
      vertex -37.0956 -56.4703 7
      vertex -37.2941 -58.4856 7
      vertex -37.1902 -56.4563 7
    endloop
  endfacet
  facet normal 0 0 -1
    outer loop
      vertex -37.5853 -58.4424 7
      vertex -37.1902 -56.4563 7
      vertex -37.2941 -58.4856 7
    endloop
  endfacet
  facet normal -0 0 -1
    outer loop
      vertex -37.1902 -56.4563 7
      vertex -37.5853 -58.4424 7
      vertex -37.283 -56.433 7
    endloop
  endfacet
  facet normal 0 0 -1
    outer loop
      vertex -37.8709 -58.3708 7
      vertex -37.283 -56.433 7
      vertex -37.5853 -58.4424 7
    endloop
  endfacet
  facet normal -0 0 -1
    outer loop
      vertex -37.283 -56.433 7
      vertex -37.8709 -58.3708 7
      vertex -37.3731 -56.4008 7
    endloop
  endfacet
  facet normal 0 0 -1
    outer loop
      vertex -38.148 -58.2716 7
      vertex -37.3731 -56.4008 7
      vertex -37.8709 -58.3708 7
    endloop
  endfacet
  facet normal -0 0 -1
    outer loop
      vertex -37.3731 -56.4008 7
      vertex -38.148 -58.2716 7
      vertex -37.4596 -56.3599 7
    endloop
  endfacet
  facet normal 0 0 -1
    outer loop
      vertex -38.4142 -58.1458 7
      vertex -37.4596 -56.3599 7
      vertex -38.148 -58.2716 7
    endloop
  endfacet
  facet normal -0 0 -1
    outer loop
      vertex -37.4596 -56.3599 7
      vertex -38.4142 -58.1458 7
      vertex -37.5417 -56.3107 7
    endloop
  endfacet
  facet normal 0 0 -1
    outer loop
      vertex -38.6667 -57.9944 7
      vertex -37.5417 -56.3107 7
      vertex -38.4142 -58.1458 7
    endloop
  endfacet
  facet normal -0 0 -1
    outer loop
      vertex -37.5417 -56.3107 7
      vertex -38.6667 -57.9944 7
      vertex -37.6185 -56.2537 7
    endloop
  endfacet
  facet normal 0 0 -1
    outer loop
      vertex -38.9032 -57.819 7
      vertex -37.6185 -56.2537 7
      vertex -38.6667 -57.9944 7
    endloop
  endfacet
  facet normal -0 0 -1
    outer loop
      vertex -37.6185 -56.2537 7
      vertex -38.9032 -57.819 7
      vertex -37.6894 -56.1894 7
    endloop
  endfacet
  facet normal 0 0 -1
    outer loop
      vertex -39.1213 -57.6213 7
      vertex -37.6894 -56.1894 7
      vertex -38.9032 -57.819 7
    endloop
  endfacet
  facet normal -0 0 -1
    outer loop
      vertex -37.6894 -56.1894 7
      vertex -39.1213 -57.6213 7
      vertex -37.7537 -56.1185 7
    endloop
  endfacet
  facet normal 0 0 -1
    outer loop
      vertex -39.319 -57.4032 7
      vertex -37.7537 -56.1185 7
      vertex -39.1213 -57.6213 7
    endloop
  endfacet
  facet normal -0 0 -1
    outer loop
      vertex -37.7537 -56.1185 7
      vertex -39.319 -57.4032 7
      vertex -37.8107 -56.0417 7
    endloop
  endfacet
  facet normal 0 0 -1
    outer loop
      vertex -39.4944 -57.1667 7
      vertex -37.8107 -56.0417 7
      vertex -39.319 -57.4032 7
    endloop
  endfacet
  facet normal -0 0 -1
    outer loop
      vertex -34.5056 -53.8333 7
      vertex -36.1893 -54.9583 7
      vertex -34.681 -53.5968 7
    endloop
  endfacet
  facet normal 0 0 -1
    outer loop
      vertex -36.2463 -54.8815 7
      vertex -34.681 -53.5968 7
      vertex -36.1893 -54.9583 7
    endloop
  endfacet
  facet normal -0 0 -1
    outer loop
      vertex -34.681 -53.5968 7
      vertex -36.2463 -54.8815 7
      vertex -34.8787 -53.3787 7
    endloop
  endfacet
  facet normal 0 0 -1
    outer loop
      vertex -36.3106 -54.8106 7
      vertex -34.8787 -53.3787 7
      vertex -36.2463 -54.8815 7
    endloop
  endfacet
  facet normal -0 0 -1
    outer loop
      vertex -34.8787 -53.3787 7
      vertex -36.3106 -54.8106 7
      vertex -35.0968 -53.181 7
    endloop
  endfacet
  facet normal 0 0 -1
    outer loop
      vertex -36.3815 -54.7463 7
      vertex -35.0968 -53.181 7
      vertex -36.3106 -54.8106 7
    endloop
  endfacet
  facet normal -0 0 -1
    outer loop
      vertex -35.0968 -53.181 7
      vertex -36.3815 -54.7463 7
      vertex -35.3333 -53.0056 7
    endloop
  endfacet
  facet normal 0 0 -1
    outer loop
      vertex -36.4583 -54.6893 7
      vertex -35.3333 -53.0056 7
      vertex -36.3815 -54.7463 7
    endloop
  endfacet
  facet normal -0 0 -1
    outer loop
      vertex -35.3333 -53.0056 7
      vertex -36.4583 -54.6893 7
      vertex -35.5858 -52.8542 7
    endloop
  endfacet
  facet normal 0 0 -1
    outer loop
      vertex -36.5404 -54.6401 7
      vertex -35.5858 -52.8542 7
      vertex -36.4583 -54.6893 7
    endloop
  endfacet
  facet normal -0 0 -1
    outer loop
      vertex -35.5858 -52.8542 7
      vertex -36.5404 -54.6401 7
      vertex -35.852 -52.7284 7
    endloop
  endfacet
  facet normal 0 0 -1
    outer loop
      vertex -36.6269 -54.5992 7
      vertex -35.852 -52.7284 7
      vertex -36.5404 -54.6401 7
    endloop
  endfacet
  facet normal -0 0 -1
    outer loop
      vertex -35.852 -52.7284 7
      vertex -36.6269 -54.5992 7
      vertex -36.1291 -52.6292 7
    endloop
  endfacet
  facet normal 0 0 -1
    outer loop
      vertex -36.717 -54.567 7
      vertex -36.1291 -52.6292 7
      vertex -36.6269 -54.5992 7
    endloop
  endfacet
  facet normal -0 0 -1
    outer loop
      vertex -36.1291 -52.6292 7
      vertex -36.717 -54.567 7
      vertex -36.4147 -52.5576 7
    endloop
  endfacet
  facet normal 0 0 -1
    outer loop
      vertex -36.8098 -54.5437 7
      vertex -36.4147 -52.5576 7
      vertex -36.717 -54.567 7
    endloop
  endfacet
  facet normal -0 0 -1
    outer loop
      vertex -36.4147 -52.5576 7
      vertex -36.8098 -54.5437 7
      vertex -36.7059 -52.5144 7
    endloop
  endfacet
  facet normal 0 0 -1
    outer loop
      vertex -36.9044 -54.5297 7
      vertex -36.7059 -52.5144 7
      vertex -36.8098 -54.5437 7
    endloop
  endfacet
  facet normal 0 0 -1
    outer loop
      vertex -37 -54.525 7
      vertex -36.7059 -52.5144 7
      vertex -36.9044 -54.5297 7
    endloop
  endfacet
  facet normal 0 0 -1
    outer loop
      vertex -37 -54.525 7
      vertex -37 -52.5 7
      vertex -36.7059 -52.5144 7
    endloop
  endfacet
  facet normal 0 0 -1
    outer loop
      vertex -37.0956 -54.5297 7
      vertex -37 -52.5 7
      vertex -37 -54.525 7
    endloop
  endfacet
  facet normal 0 0 -1
    outer loop
      vertex -37.2941 -52.5144 7
      vertex -37.0956 -54.5297 7
      vertex -37.1902 -54.5437 7
    endloop
  endfacet
  facet normal 0 0 -1
    outer loop
      vertex -37.5853 -52.5576 7
      vertex -37.1902 -54.5437 7
      vertex -37.283 -54.567 7
    endloop
  endfacet
  facet normal 0 0 -1
    outer loop
      vertex -37.0956 -54.5297 7
      vertex -37.2941 -52.5144 7
      vertex -37 -52.5 7
    endloop
  endfacet
  facet normal 0 0 -1
    outer loop
      vertex -37.8709 -52.6292 7
      vertex -37.283 -54.567 7
      vertex -37.3731 -54.5992 7
    endloop
  endfacet
  facet normal 0 0 -1
    outer loop
      vertex -38.148 -52.7284 7
      vertex -37.3731 -54.5992 7
      vertex -37.4596 -54.6401 7
    endloop
  endfacet
  facet normal 0 0 -1
    outer loop
      vertex -38.4142 -52.8542 7
      vertex -37.4596 -54.6401 7
      vertex -37.5417 -54.6893 7
    endloop
  endfacet
  facet normal 0 0 -1
    outer loop
      vertex -37.1902 -54.5437 7
      vertex -37.5853 -52.5576 7
      vertex -37.2941 -52.5144 7
    endloop
  endfacet
  facet normal 0 0 -1
    outer loop
      vertex -38.6667 -53.0056 7
      vertex -37.5417 -54.6893 7
      vertex -37.6185 -54.7463 7
    endloop
  endfacet
  facet normal 0 0 -1
    outer loop
      vertex -38.9032 -53.181 7
      vertex -37.6185 -54.7463 7
      vertex -37.6894 -54.8106 7
    endloop
  endfacet
  facet normal 0 0 -1
    outer loop
      vertex -39.1213 -53.3787 7
      vertex -37.6894 -54.8106 7
      vertex -37.7537 -54.8815 7
    endloop
  endfacet
  facet normal 0 0 -1
    outer loop
      vertex -39.319 -53.5968 7
      vertex -37.7537 -54.8815 7
      vertex -37.8107 -54.9583 7
    endloop
  endfacet
  facet normal 0 0 -1
    outer loop
      vertex -39.4944 -53.8333 7
      vertex -37.8107 -54.9583 7
      vertex -37.8599 -55.0404 7
    endloop
  endfacet
  facet normal 0 0 -1
    outer loop
      vertex -37.283 -54.567 7
      vertex -37.8709 -52.6292 7
      vertex -37.5853 -52.5576 7
    endloop
  endfacet
  facet normal 0 0 -1
    outer loop
      vertex -39.6458 -54.0858 7
      vertex -37.8599 -55.0404 7
      vertex -37.9008 -55.1269 7
    endloop
  endfacet
  facet normal 0 0 -1
    outer loop
      vertex -39.7716 -54.352 7
      vertex -37.9008 -55.1269 7
      vertex -37.933 -55.217 7
    endloop
  endfacet
  facet normal 0 0 -1
    outer loop
      vertex -39.8708 -54.6291 7
      vertex -37.933 -55.217 7
      vertex -37.9563 -55.3098 7
    endloop
  endfacet
  facet normal 0 0 -1
    outer loop
      vertex -39.9424 -54.9147 7
      vertex -37.9563 -55.3098 7
      vertex -37.9703 -55.4044 7
    endloop
  endfacet
  facet normal 0 0 -1
    outer loop
      vertex -39.9856 -55.2059 7
      vertex -37.9703 -55.4044 7
      vertex -37.975 -55.5 7
    endloop
  endfacet
  facet normal -0 0 -1
    outer loop
      vertex -37.8107 -56.0417 7
      vertex -39.4944 -57.1667 7
      vertex -37.8599 -55.9596 7
    endloop
  endfacet
  facet normal 0 0 -1
    outer loop
      vertex -37.3731 -54.5992 7
      vertex -38.148 -52.7284 7
      vertex -37.8709 -52.6292 7
    endloop
  endfacet
  facet normal 0 0 -1
    outer loop
      vertex -39.6458 -56.9142 7
      vertex -37.8599 -55.9596 7
      vertex -39.4944 -57.1667 7
    endloop
  endfacet
  facet normal 0 0 -1
    outer loop
      vertex -37.4596 -54.6401 7
      vertex -38.4142 -52.8542 7
      vertex -38.148 -52.7284 7
    endloop
  endfacet
  facet normal -0 0 -1
    outer loop
      vertex -37.8599 -55.9596 7
      vertex -39.6458 -56.9142 7
      vertex -37.9008 -55.8731 7
    endloop
  endfacet
  facet normal 0 0 -1
    outer loop
      vertex -37.5417 -54.6893 7
      vertex -38.6667 -53.0056 7
      vertex -38.4142 -52.8542 7
    endloop
  endfacet
  facet normal 0 0 -1
    outer loop
      vertex -39.7716 -56.648 7
      vertex -37.9008 -55.8731 7
      vertex -39.6458 -56.9142 7
    endloop
  endfacet
  facet normal 0 0 -1
    outer loop
      vertex -37.6185 -54.7463 7
      vertex -38.9032 -53.181 7
      vertex -38.6667 -53.0056 7
    endloop
  endfacet
  facet normal -0 0 -1
    outer loop
      vertex -37.9008 -55.8731 7
      vertex -39.7716 -56.648 7
      vertex -37.933 -55.783 7
    endloop
  endfacet
  facet normal 0 0 -1
    outer loop
      vertex -37.6894 -54.8106 7
      vertex -39.1213 -53.3787 7
      vertex -38.9032 -53.181 7
    endloop
  endfacet
  facet normal 0 0 -1
    outer loop
      vertex -39.8708 -56.3709 7
      vertex -37.933 -55.783 7
      vertex -39.7716 -56.648 7
    endloop
  endfacet
  facet normal 0 0 -1
    outer loop
      vertex -37.7537 -54.8815 7
      vertex -39.319 -53.5968 7
      vertex -39.1213 -53.3787 7
    endloop
  endfacet
  facet normal -0 0 -1
    outer loop
      vertex -37.933 -55.783 7
      vertex -39.8708 -56.3709 7
      vertex -37.9563 -55.6902 7
    endloop
  endfacet
  facet normal 0 0 -1
    outer loop
      vertex -37.8107 -54.9583 7
      vertex -39.4944 -53.8333 7
      vertex -39.319 -53.5968 7
    endloop
  endfacet
  facet normal 0 0 -1
    outer loop
      vertex -39.9424 -56.0853 7
      vertex -37.9563 -55.6902 7
      vertex -39.8708 -56.3709 7
    endloop
  endfacet
  facet normal 0 0 -1
    outer loop
      vertex -37.8599 -55.0404 7
      vertex -39.6458 -54.0858 7
      vertex -39.4944 -53.8333 7
    endloop
  endfacet
  facet normal -0 0 -1
    outer loop
      vertex -37.9563 -55.6902 7
      vertex -39.9424 -56.0853 7
      vertex -37.9703 -55.5956 7
    endloop
  endfacet
  facet normal 0 0 -1
    outer loop
      vertex -37.9008 -55.1269 7
      vertex -39.7716 -54.352 7
      vertex -39.6458 -54.0858 7
    endloop
  endfacet
  facet normal 0 0 -1
    outer loop
      vertex -39.9856 -55.7941 7
      vertex -37.9703 -55.5956 7
      vertex -39.9424 -56.0853 7
    endloop
  endfacet
  facet normal 0 0 -1
    outer loop
      vertex -37.933 -55.217 7
      vertex -39.8708 -54.6291 7
      vertex -39.7716 -54.352 7
    endloop
  endfacet
  facet normal -0 0 -1
    outer loop
      vertex -37.9703 -55.5956 7
      vertex -39.9856 -55.7941 7
      vertex -37.975 -55.5 7
    endloop
  endfacet
  facet normal 0 0 -1
    outer loop
      vertex -37.9563 -55.3098 7
      vertex -39.9424 -54.9147 7
      vertex -39.8708 -54.6291 7
    endloop
  endfacet
  facet normal 0 0 -1
    outer loop
      vertex -40 -55.5 7
      vertex -37.975 -55.5 7
      vertex -39.9856 -55.7941 7
    endloop
  endfacet
  facet normal 0 0 -1
    outer loop
      vertex -37.9703 -55.4044 7
      vertex -39.9856 -55.2059 7
      vertex -39.9424 -54.9147 7
    endloop
  endfacet
  facet normal 0 0 -1
    outer loop
      vertex -37.975 -55.5 7
      vertex -40 -55.5 7
      vertex -39.9856 -55.2059 7
    endloop
  endfacet
  facet normal 0.427269 0.904125 -0
    outer loop
      vertex -35.5858 58.1458 7
      vertex -35.852 58.2716 22.45
      vertex -35.5858 58.1458 22.45
    endloop
  endfacet
  facet normal 0.427269 0.904125 0
    outer loop
      vertex -35.852 58.2716 22.45
      vertex -35.5858 58.1458 7
      vertex -35.852 58.2716 7
    endloop
  endfacet
  facet normal 0.989174 0.146746 0
    outer loop
      vertex -34.0144 55.7941 22.45
      vertex -34.0576 56.0853 7
      vertex -34.0576 56.0853 22.45
    endloop
  endfacet
  facet normal 0.989174 0.146746 0
    outer loop
      vertex -34.0576 56.0853 7
      vertex -34.0144 55.7941 22.45
      vertex -34.0144 55.7941 7
    endloop
  endfacet
  facet normal 0.998803 0.0489044 0
    outer loop
      vertex -34 55.5 22.45
      vertex -34.0144 55.7941 7
      vertex -34.0144 55.7941 22.45
    endloop
  endfacet
  facet normal 0.998803 0.0489044 0
    outer loop
      vertex -34.0144 55.7941 7
      vertex -34 55.5 22.45
      vertex -34 55.5 7
    endloop
  endfacet
  facet normal 0.969982 0.243175 0
    outer loop
      vertex -34.0576 56.0853 22.45
      vertex -34.1292 56.3709 7
      vertex -34.1292 56.3709 22.45
    endloop
  endfacet
  facet normal 0.969982 0.243175 0
    outer loop
      vertex -34.1292 56.3709 7
      vertex -34.0576 56.0853 22.45
      vertex -34.0576 56.0853 7
    endloop
  endfacet
  facet normal -0.857643 0.514246 0
    outer loop
      vertex -39.6458 56.9142 7
      vertex -39.4944 57.1667 22.45
      vertex -39.4944 57.1667 7
    endloop
  endfacet
  facet normal -0.857643 0.514246 0
    outer loop
      vertex -39.4944 57.1667 22.45
      vertex -39.6458 56.9142 7
      vertex -39.6458 56.9142 22.45
    endloop
  endfacet
  facet normal -0.969982 0.243175 0
    outer loop
      vertex -39.9424 56.0853 7
      vertex -39.8708 56.3709 22.45
      vertex -39.8708 56.3709 7
    endloop
  endfacet
  facet normal -0.969982 0.243175 0
    outer loop
      vertex -39.8708 56.3709 22.45
      vertex -39.9424 56.0853 7
      vertex -39.9424 56.0853 22.45
    endloop
  endfacet
  facet normal 0.989174 -0.146746 0
    outer loop
      vertex -34.0576 54.9147 22.45
      vertex -34.0144 55.2059 7
      vertex -34.0144 55.2059 22.45
    endloop
  endfacet
  facet normal 0.989174 -0.146746 0
    outer loop
      vertex -34.0144 55.2059 7
      vertex -34.0576 54.9147 22.45
      vertex -34.0576 54.9147 7
    endloop
  endfacet
  facet normal 0.941488 -0.337047 0
    outer loop
      vertex -34.2284 54.352 22.45
      vertex -34.1292 54.6291 7
      vertex -34.1292 54.6291 22.45
    endloop
  endfacet
  facet normal 0.941488 -0.337047 0
    outer loop
      vertex -34.1292 54.6291 7
      vertex -34.2284 54.352 22.45
      vertex -34.2284 54.352 7
    endloop
  endfacet
  facet normal -0.337047 -0.941488 0
    outer loop
      vertex -38.148 52.7284 7
      vertex -37.8709 52.6292 22.45
      vertex -38.148 52.7284 22.45
    endloop
  endfacet
  facet normal -0.337047 -0.941488 -0
    outer loop
      vertex -37.8709 52.6292 22.45
      vertex -38.148 52.7284 7
      vertex -37.8709 52.6292 7
    endloop
  endfacet
  facet normal 0.337047 -0.941488 0
    outer loop
      vertex -36.1291 52.6292 7
      vertex -35.852 52.7284 22.45
      vertex -36.1291 52.6292 22.45
    endloop
  endfacet
  facet normal 0.337047 -0.941488 0
    outer loop
      vertex -35.852 52.7284 22.45
      vertex -36.1291 52.6292 7
      vertex -35.852 52.7284 7
    endloop
  endfacet
  facet normal 0.857643 0.514246 0
    outer loop
      vertex -34.3542 56.9142 22.45
      vertex -34.5056 57.1667 7
      vertex -34.5056 57.1667 22.45
    endloop
  endfacet
  facet normal 0.857643 0.514246 0
    outer loop
      vertex -34.5056 57.1667 7
      vertex -34.3542 56.9142 22.45
      vertex -34.3542 56.9142 7
    endloop
  endfacet
  facet normal -0.740908 0.671607 0
    outer loop
      vertex -39.319 57.4032 7
      vertex -39.1213 57.6213 22.45
      vertex -39.1213 57.6213 7
    endloop
  endfacet
  facet normal -0.740908 0.671607 0
    outer loop
      vertex -39.1213 57.6213 22.45
      vertex -39.319 57.4032 7
      vertex -39.319 57.4032 22.45
    endloop
  endfacet
  facet normal 0.857643 -0.514246 0
    outer loop
      vertex -34.5056 53.8333 22.45
      vertex -34.3542 54.0858 7
      vertex -34.3542 54.0858 22.45
    endloop
  endfacet
  facet normal 0.857643 -0.514246 0
    outer loop
      vertex -34.3542 54.0858 7
      vertex -34.5056 53.8333 22.45
      vertex -34.5056 53.8333 7
    endloop
  endfacet
  facet normal -0.514246 -0.857643 0
    outer loop
      vertex -38.6667 53.0056 7
      vertex -38.4142 52.8542 22.45
      vertex -38.6667 53.0056 22.45
    endloop
  endfacet
  facet normal -0.514246 -0.857643 -0
    outer loop
      vertex -38.4142 52.8542 22.45
      vertex -38.6667 53.0056 7
      vertex -38.4142 52.8542 7
    endloop
  endfacet
  facet normal 0.146746 -0.989174 0
    outer loop
      vertex -36.7059 52.5144 7
      vertex -36.4147 52.5576 22.45
      vertex -36.7059 52.5144 22.45
    endloop
  endfacet
  facet normal 0.146746 -0.989174 0
    outer loop
      vertex -36.4147 52.5576 22.45
      vertex -36.7059 52.5144 7
      vertex -36.4147 52.5576 7
    endloop
  endfacet
  facet normal -0.0489044 -0.998803 0
    outer loop
      vertex -37.2941 52.5144 7
      vertex -37 52.5 22.45
      vertex -37.2941 52.5144 22.45
    endloop
  endfacet
  facet normal -0.0489044 -0.998803 -0
    outer loop
      vertex -37 52.5 22.45
      vertex -37.2941 52.5144 7
      vertex -37 52.5 7
    endloop
  endfacet
  facet normal -0.857643 -0.514246 0
    outer loop
      vertex -39.4944 53.8333 7
      vertex -39.6458 54.0858 22.45
      vertex -39.6458 54.0858 7
    endloop
  endfacet
  facet normal -0.857643 -0.514246 0
    outer loop
      vertex -39.6458 54.0858 22.45
      vertex -39.4944 53.8333 7
      vertex -39.4944 53.8333 22.45
    endloop
  endfacet
  facet normal -0.941488 -0.337047 0
    outer loop
      vertex -39.7716 54.352 7
      vertex -39.8708 54.6291 22.45
      vertex -39.8708 54.6291 7
    endloop
  endfacet
  facet normal -0.941488 -0.337047 0
    outer loop
      vertex -39.8708 54.6291 22.45
      vertex -39.7716 54.352 7
      vertex -39.7716 54.352 22.45
    endloop
  endfacet
  facet normal -0.595699 -0.803208 0
    outer loop
      vertex -38.9032 53.181 7
      vertex -38.6667 53.0056 22.45
      vertex -38.9032 53.181 22.45
    endloop
  endfacet
  facet normal -0.595699 -0.803208 -0
    outer loop
      vertex -38.6667 53.0056 22.45
      vertex -38.9032 53.181 7
      vertex -38.6667 53.0056 7
    endloop
  endfacet
  facet normal 0.998803 -0.0489044 0
    outer loop
      vertex -34.0144 55.2059 22.45
      vertex -34 55.5 7
      vertex -34 55.5 22.45
    endloop
  endfacet
  facet normal 0.998803 -0.0489044 0
    outer loop
      vertex -34 55.5 7
      vertex -34.0144 55.2059 22.45
      vertex -34.0144 55.2059 7
    endloop
  endfacet
  facet normal -0.671607 -0.740908 0
    outer loop
      vertex -39.1213 53.3787 7
      vertex -38.9032 53.181 22.45
      vertex -39.1213 53.3787 22.45
    endloop
  endfacet
  facet normal -0.671607 -0.740908 -0
    outer loop
      vertex -38.9032 53.181 22.45
      vertex -39.1213 53.3787 7
      vertex -38.9032 53.181 7
    endloop
  endfacet
  facet normal 0.740908 0.671607 0
    outer loop
      vertex -34.681 57.4032 22.45
      vertex -34.8787 57.6213 7
      vertex -34.8787 57.6213 22.45
    endloop
  endfacet
  facet normal 0.740908 0.671607 0
    outer loop
      vertex -34.8787 57.6213 7
      vertex -34.681 57.4032 22.45
      vertex -34.681 57.4032 7
    endloop
  endfacet
  facet normal -0.243175 -0.969982 0
    outer loop
      vertex -37.8709 52.6292 7
      vertex -37.5853 52.5576 22.45
      vertex -37.8709 52.6292 22.45
    endloop
  endfacet
  facet normal -0.243175 -0.969982 -0
    outer loop
      vertex -37.5853 52.5576 22.45
      vertex -37.8709 52.6292 7
      vertex -37.5853 52.5576 7
    endloop
  endfacet
  facet normal 0.904125 -0.427269 0
    outer loop
      vertex -34.3542 54.0858 22.45
      vertex -34.2284 54.352 7
      vertex -34.2284 54.352 22.45
    endloop
  endfacet
  facet normal 0.904125 -0.427269 0
    outer loop
      vertex -34.2284 54.352 7
      vertex -34.3542 54.0858 22.45
      vertex -34.3542 54.0858 7
    endloop
  endfacet
  facet normal 0.595699 0.803208 -0
    outer loop
      vertex -35.0968 57.819 7
      vertex -35.3333 57.9944 22.45
      vertex -35.0968 57.819 22.45
    endloop
  endfacet
  facet normal 0.595699 0.803208 0
    outer loop
      vertex -35.3333 57.9944 22.45
      vertex -35.0968 57.819 7
      vertex -35.3333 57.9944 7
    endloop
  endfacet
  facet normal 0.969982 -0.243175 0
    outer loop
      vertex -34.1292 54.6291 22.45
      vertex -34.0576 54.9147 7
      vertex -34.0576 54.9147 22.45
    endloop
  endfacet
  facet normal 0.969982 -0.243175 0
    outer loop
      vertex -34.0576 54.9147 7
      vertex -34.1292 54.6291 22.45
      vertex -34.1292 54.6291 7
    endloop
  endfacet
  facet normal -0.803208 0.595699 0
    outer loop
      vertex -39.4944 57.1667 7
      vertex -39.319 57.4032 22.45
      vertex -39.319 57.4032 7
    endloop
  endfacet
  facet normal -0.803208 0.595699 0
    outer loop
      vertex -39.319 57.4032 22.45
      vertex -39.4944 57.1667 7
      vertex -39.4944 57.1667 22.45
    endloop
  endfacet
  facet normal 0.671607 0.740908 -0
    outer loop
      vertex -34.8787 57.6213 7
      vertex -35.0968 57.819 22.45
      vertex -34.8787 57.6213 22.45
    endloop
  endfacet
  facet normal 0.671607 0.740908 0
    outer loop
      vertex -35.0968 57.819 22.45
      vertex -34.8787 57.6213 7
      vertex -35.0968 57.819 7
    endloop
  endfacet
  facet normal -0.337047 0.941488 0
    outer loop
      vertex -37.8709 58.3708 7
      vertex -38.148 58.2716 22.45
      vertex -37.8709 58.3708 22.45
    endloop
  endfacet
  facet normal -0.337047 0.941488 0
    outer loop
      vertex -38.148 58.2716 22.45
      vertex -37.8709 58.3708 7
      vertex -38.148 58.2716 7
    endloop
  endfacet
  facet normal 0.803208 0.595699 0
    outer loop
      vertex -34.5056 57.1667 22.45
      vertex -34.681 57.4032 7
      vertex -34.681 57.4032 22.45
    endloop
  endfacet
  facet normal 0.803208 0.595699 0
    outer loop
      vertex -34.681 57.4032 7
      vertex -34.5056 57.1667 22.45
      vertex -34.5056 57.1667 7
    endloop
  endfacet
  facet normal -0.904125 -0.427269 0
    outer loop
      vertex -39.6458 54.0858 7
      vertex -39.7716 54.352 22.45
      vertex -39.7716 54.352 7
    endloop
  endfacet
  facet normal -0.904125 -0.427269 0
    outer loop
      vertex -39.7716 54.352 22.45
      vertex -39.6458 54.0858 7
      vertex -39.6458 54.0858 22.45
    endloop
  endfacet
  facet normal -0.595699 0.803208 0
    outer loop
      vertex -38.6667 57.9944 7
      vertex -38.9032 57.819 22.45
      vertex -38.6667 57.9944 22.45
    endloop
  endfacet
  facet normal -0.595699 0.803208 0
    outer loop
      vertex -38.9032 57.819 22.45
      vertex -38.6667 57.9944 7
      vertex -38.9032 57.819 7
    endloop
  endfacet
  facet normal -0.671607 0.740908 0
    outer loop
      vertex -38.9032 57.819 7
      vertex -39.1213 57.6213 22.45
      vertex -38.9032 57.819 22.45
    endloop
  endfacet
  facet normal -0.671607 0.740908 0
    outer loop
      vertex -39.1213 57.6213 22.45
      vertex -38.9032 57.819 7
      vertex -39.1213 57.6213 7
    endloop
  endfacet
  facet normal -0.146746 -0.989174 0
    outer loop
      vertex -37.5853 52.5576 7
      vertex -37.2941 52.5144 22.45
      vertex -37.5853 52.5576 22.45
    endloop
  endfacet
  facet normal -0.146746 -0.989174 -0
    outer loop
      vertex -37.2941 52.5144 22.45
      vertex -37.5853 52.5576 7
      vertex -37.2941 52.5144 7
    endloop
  endfacet
  facet normal 0.941488 0.337047 0
    outer loop
      vertex -34.1292 56.3709 22.45
      vertex -34.2284 56.648 7
      vertex -34.2284 56.648 22.45
    endloop
  endfacet
  facet normal 0.941488 0.337047 0
    outer loop
      vertex -34.2284 56.648 7
      vertex -34.1292 56.3709 22.45
      vertex -34.1292 56.3709 7
    endloop
  endfacet
  facet normal -0.989174 -0.146746 0
    outer loop
      vertex -39.9424 54.9147 7
      vertex -39.9856 55.2059 22.45
      vertex -39.9856 55.2059 7
    endloop
  endfacet
  facet normal -0.989174 -0.146746 0
    outer loop
      vertex -39.9856 55.2059 22.45
      vertex -39.9424 54.9147 7
      vertex -39.9424 54.9147 22.45
    endloop
  endfacet
  facet normal -0.969982 -0.243175 0
    outer loop
      vertex -39.8708 54.6291 7
      vertex -39.9424 54.9147 22.45
      vertex -39.9424 54.9147 7
    endloop
  endfacet
  facet normal -0.969982 -0.243175 0
    outer loop
      vertex -39.9424 54.9147 22.45
      vertex -39.8708 54.6291 7
      vertex -39.8708 54.6291 22.45
    endloop
  endfacet
  facet normal 0.514246 0.857643 -0
    outer loop
      vertex -35.3333 57.9944 7
      vertex -35.5858 58.1458 22.45
      vertex -35.3333 57.9944 22.45
    endloop
  endfacet
  facet normal 0.514246 0.857643 0
    outer loop
      vertex -35.5858 58.1458 22.45
      vertex -35.3333 57.9944 7
      vertex -35.5858 58.1458 7
    endloop
  endfacet
  facet normal 0.803208 -0.595699 0
    outer loop
      vertex -34.681 53.5968 22.45
      vertex -34.5056 53.8333 7
      vertex -34.5056 53.8333 22.45
    endloop
  endfacet
  facet normal 0.803208 -0.595699 0
    outer loop
      vertex -34.5056 53.8333 7
      vertex -34.681 53.5968 22.45
      vertex -34.681 53.5968 7
    endloop
  endfacet
  facet normal 0.904125 0.427269 0
    outer loop
      vertex -34.2284 56.648 22.45
      vertex -34.3542 56.9142 7
      vertex -34.3542 56.9142 22.45
    endloop
  endfacet
  facet normal 0.904125 0.427269 0
    outer loop
      vertex -34.3542 56.9142 7
      vertex -34.2284 56.648 22.45
      vertex -34.2284 56.648 7
    endloop
  endfacet
  facet normal -0.998803 -0.0489044 0
    outer loop
      vertex -39.9856 55.2059 7
      vertex -40 55.5 22.45
      vertex -40 55.5 7
    endloop
  endfacet
  facet normal -0.998803 -0.0489044 0
    outer loop
      vertex -40 55.5 22.45
      vertex -39.9856 55.2059 7
      vertex -39.9856 55.2059 22.45
    endloop
  endfacet
  facet normal 0.427269 -0.904125 0
    outer loop
      vertex -35.852 52.7284 7
      vertex -35.5858 52.8542 22.45
      vertex -35.852 52.7284 22.45
    endloop
  endfacet
  facet normal 0.427269 -0.904125 0
    outer loop
      vertex -35.5858 52.8542 22.45
      vertex -35.852 52.7284 7
      vertex -35.5858 52.8542 7
    endloop
  endfacet
  facet normal -0.941488 0.337047 0
    outer loop
      vertex -39.8708 56.3709 7
      vertex -39.7716 56.648 22.45
      vertex -39.7716 56.648 7
    endloop
  endfacet
  facet normal -0.941488 0.337047 0
    outer loop
      vertex -39.7716 56.648 22.45
      vertex -39.8708 56.3709 7
      vertex -39.8708 56.3709 22.45
    endloop
  endfacet
  facet normal -0.989174 0.146746 0
    outer loop
      vertex -39.9856 55.7941 7
      vertex -39.9424 56.0853 22.45
      vertex -39.9424 56.0853 7
    endloop
  endfacet
  facet normal -0.989174 0.146746 0
    outer loop
      vertex -39.9424 56.0853 22.45
      vertex -39.9856 55.7941 7
      vertex -39.9856 55.7941 22.45
    endloop
  endfacet
  facet normal -0.427269 -0.904125 0
    outer loop
      vertex -38.4142 52.8542 7
      vertex -38.148 52.7284 22.45
      vertex -38.4142 52.8542 22.45
    endloop
  endfacet
  facet normal -0.427269 -0.904125 -0
    outer loop
      vertex -38.148 52.7284 22.45
      vertex -38.4142 52.8542 7
      vertex -38.148 52.7284 7
    endloop
  endfacet
  facet normal 0.595699 -0.803208 0
    outer loop
      vertex -35.3333 53.0056 7
      vertex -35.0968 53.181 22.45
      vertex -35.3333 53.0056 22.45
    endloop
  endfacet
  facet normal 0.595699 -0.803208 0
    outer loop
      vertex -35.0968 53.181 22.45
      vertex -35.3333 53.0056 7
      vertex -35.0968 53.181 7
    endloop
  endfacet
  facet normal -0.146746 0.989174 0
    outer loop
      vertex -37.2941 58.4856 7
      vertex -37.5853 58.4424 22.45
      vertex -37.2941 58.4856 22.45
    endloop
  endfacet
  facet normal -0.146746 0.989174 0
    outer loop
      vertex -37.5853 58.4424 22.45
      vertex -37.2941 58.4856 7
      vertex -37.5853 58.4424 7
    endloop
  endfacet
  facet normal 0.671607 -0.740908 0
    outer loop
      vertex -35.0968 53.181 7
      vertex -34.8787 53.3787 22.45
      vertex -35.0968 53.181 22.45
    endloop
  endfacet
  facet normal 0.671607 -0.740908 0
    outer loop
      vertex -34.8787 53.3787 22.45
      vertex -35.0968 53.181 7
      vertex -34.8787 53.3787 7
    endloop
  endfacet
  facet normal -0.0489044 0.998803 0
    outer loop
      vertex -37 58.5 7
      vertex -37.2941 58.4856 22.45
      vertex -37 58.5 22.45
    endloop
  endfacet
  facet normal -0.0489044 0.998803 0
    outer loop
      vertex -37.2941 58.4856 22.45
      vertex -37 58.5 7
      vertex -37.2941 58.4856 7
    endloop
  endfacet
  facet normal -0.243175 0.969982 0
    outer loop
      vertex -37.5853 58.4424 7
      vertex -37.8709 58.3708 22.45
      vertex -37.5853 58.4424 22.45
    endloop
  endfacet
  facet normal -0.243175 0.969982 0
    outer loop
      vertex -37.8709 58.3708 22.45
      vertex -37.5853 58.4424 7
      vertex -37.8709 58.3708 7
    endloop
  endfacet
  facet normal 0.146746 0.989174 -0
    outer loop
      vertex -36.4147 58.4424 7
      vertex -36.7059 58.4856 22.45
      vertex -36.4147 58.4424 22.45
    endloop
  endfacet
  facet normal 0.146746 0.989174 0
    outer loop
      vertex -36.7059 58.4856 22.45
      vertex -36.4147 58.4424 7
      vertex -36.7059 58.4856 7
    endloop
  endfacet
  facet normal -0.514246 0.857643 0
    outer loop
      vertex -38.4142 58.1458 7
      vertex -38.6667 57.9944 22.45
      vertex -38.4142 58.1458 22.45
    endloop
  endfacet
  facet normal -0.514246 0.857643 0
    outer loop
      vertex -38.6667 57.9944 22.45
      vertex -38.4142 58.1458 7
      vertex -38.6667 57.9944 7
    endloop
  endfacet
  facet normal 0.0489044 -0.998803 0
    outer loop
      vertex -37 52.5 7
      vertex -36.7059 52.5144 22.45
      vertex -37 52.5 22.45
    endloop
  endfacet
  facet normal 0.0489044 -0.998803 0
    outer loop
      vertex -36.7059 52.5144 22.45
      vertex -37 52.5 7
      vertex -36.7059 52.5144 7
    endloop
  endfacet
  facet normal 0.243175 -0.969982 0
    outer loop
      vertex -36.4147 52.5576 7
      vertex -36.1291 52.6292 22.45
      vertex -36.4147 52.5576 22.45
    endloop
  endfacet
  facet normal 0.243175 -0.969982 0
    outer loop
      vertex -36.1291 52.6292 22.45
      vertex -36.4147 52.5576 7
      vertex -36.1291 52.6292 7
    endloop
  endfacet
  facet normal -0.740908 -0.671607 0
    outer loop
      vertex -39.1213 53.3787 7
      vertex -39.319 53.5968 22.45
      vertex -39.319 53.5968 7
    endloop
  endfacet
  facet normal -0.740908 -0.671607 0
    outer loop
      vertex -39.319 53.5968 22.45
      vertex -39.1213 53.3787 7
      vertex -39.1213 53.3787 22.45
    endloop
  endfacet
  facet normal -0.803208 -0.595699 0
    outer loop
      vertex -39.319 53.5968 7
      vertex -39.4944 53.8333 22.45
      vertex -39.4944 53.8333 7
    endloop
  endfacet
  facet normal -0.803208 -0.595699 0
    outer loop
      vertex -39.4944 53.8333 22.45
      vertex -39.319 53.5968 7
      vertex -39.319 53.5968 22.45
    endloop
  endfacet
  facet normal -0.427269 0.904125 0
    outer loop
      vertex -38.148 58.2716 7
      vertex -38.4142 58.1458 22.45
      vertex -38.148 58.2716 22.45
    endloop
  endfacet
  facet normal -0.427269 0.904125 0
    outer loop
      vertex -38.4142 58.1458 22.45
      vertex -38.148 58.2716 7
      vertex -38.4142 58.1458 7
    endloop
  endfacet
  facet normal 0.0489044 0.998803 -0
    outer loop
      vertex -36.7059 58.4856 7
      vertex -37 58.5 22.45
      vertex -36.7059 58.4856 22.45
    endloop
  endfacet
  facet normal 0.0489044 0.998803 0
    outer loop
      vertex -37 58.5 22.45
      vertex -36.7059 58.4856 7
      vertex -37 58.5 7
    endloop
  endfacet
  facet normal 0.514246 -0.857643 0
    outer loop
      vertex -35.5858 52.8542 7
      vertex -35.3333 53.0056 22.45
      vertex -35.5858 52.8542 22.45
    endloop
  endfacet
  facet normal 0.514246 -0.857643 0
    outer loop
      vertex -35.3333 53.0056 22.45
      vertex -35.5858 52.8542 7
      vertex -35.3333 53.0056 7
    endloop
  endfacet
  facet normal 0.740908 -0.671607 0
    outer loop
      vertex -34.8787 53.3787 22.45
      vertex -34.681 53.5968 7
      vertex -34.681 53.5968 22.45
    endloop
  endfacet
  facet normal 0.740908 -0.671607 0
    outer loop
      vertex -34.681 53.5968 7
      vertex -34.8787 53.3787 22.45
      vertex -34.8787 53.3787 7
    endloop
  endfacet
  facet normal 0.337047 0.941488 -0
    outer loop
      vertex -35.852 58.2716 7
      vertex -36.1291 58.3708 22.45
      vertex -35.852 58.2716 22.45
    endloop
  endfacet
  facet normal 0.337047 0.941488 0
    outer loop
      vertex -36.1291 58.3708 22.45
      vertex -35.852 58.2716 7
      vertex -36.1291 58.3708 7
    endloop
  endfacet
  facet normal -0.998803 0.0489044 0
    outer loop
      vertex -40 55.5 7
      vertex -39.9856 55.7941 22.45
      vertex -39.9856 55.7941 7
    endloop
  endfacet
  facet normal -0.998803 0.0489044 0
    outer loop
      vertex -39.9856 55.7941 22.45
      vertex -40 55.5 7
      vertex -40 55.5 22.45
    endloop
  endfacet
  facet normal 0.243175 0.969982 -0
    outer loop
      vertex -36.1291 58.3708 7
      vertex -36.4147 58.4424 22.45
      vertex -36.1291 58.3708 22.45
    endloop
  endfacet
  facet normal 0.243175 0.969982 0
    outer loop
      vertex -36.4147 58.4424 22.45
      vertex -36.1291 58.3708 7
      vertex -36.4147 58.4424 7
    endloop
  endfacet
  facet normal -0.904125 0.427269 0
    outer loop
      vertex -39.7716 56.648 7
      vertex -39.6458 56.9142 22.45
      vertex -39.6458 56.9142 7
    endloop
  endfacet
  facet normal -0.904125 0.427269 0
    outer loop
      vertex -39.6458 56.9142 22.45
      vertex -39.7716 56.648 7
      vertex -39.7716 56.648 22.45
    endloop
  endfacet
  facet normal 0 0 -1
    outer loop
      vertex -36.025 55.5 7
      vertex -34 55.5 7
      vertex -34.0144 55.2059 7
    endloop
  endfacet
  facet normal 0 0 -1
    outer loop
      vertex -36.0297 55.4044 7
      vertex -34.0144 55.2059 7
      vertex -34.0576 54.9147 7
    endloop
  endfacet
  facet normal 0 0 -1
    outer loop
      vertex -34 55.5 7
      vertex -36.025 55.5 7
      vertex -34.0144 55.7941 7
    endloop
  endfacet
  facet normal 0 0 -1
    outer loop
      vertex -36.0437 55.3098 7
      vertex -34.0576 54.9147 7
      vertex -34.1292 54.6291 7
    endloop
  endfacet
  facet normal 0 0 -1
    outer loop
      vertex -36.0297 55.5956 7
      vertex -34.0144 55.7941 7
      vertex -36.025 55.5 7
    endloop
  endfacet
  facet normal 0 0 -1
    outer loop
      vertex -36.067 55.217 7
      vertex -34.1292 54.6291 7
      vertex -34.2284 54.352 7
    endloop
  endfacet
  facet normal -0 0 -1
    outer loop
      vertex -34.0144 55.7941 7
      vertex -36.0297 55.5956 7
      vertex -34.0576 56.0853 7
    endloop
  endfacet
  facet normal 0 0 -1
    outer loop
      vertex -36.0992 55.1269 7
      vertex -34.2284 54.352 7
      vertex -34.3542 54.0858 7
    endloop
  endfacet
  facet normal 0 0 -1
    outer loop
      vertex -36.0437 55.6902 7
      vertex -34.0576 56.0853 7
      vertex -36.0297 55.5956 7
    endloop
  endfacet
  facet normal 0 0 -1
    outer loop
      vertex -36.1401 55.0404 7
      vertex -34.3542 54.0858 7
      vertex -34.5056 53.8333 7
    endloop
  endfacet
  facet normal -0 0 -1
    outer loop
      vertex -34.0576 56.0853 7
      vertex -36.0437 55.6902 7
      vertex -34.1292 56.3709 7
    endloop
  endfacet
  facet normal 0 0 -1
    outer loop
      vertex -36.1893 54.9583 7
      vertex -34.5056 53.8333 7
      vertex -34.681 53.5968 7
    endloop
  endfacet
  facet normal 0 0 -1
    outer loop
      vertex -36.067 55.783 7
      vertex -34.1292 56.3709 7
      vertex -36.0437 55.6902 7
    endloop
  endfacet
  facet normal 0 0 -1
    outer loop
      vertex -36.2463 54.8815 7
      vertex -34.681 53.5968 7
      vertex -34.8787 53.3787 7
    endloop
  endfacet
  facet normal -0 0 -1
    outer loop
      vertex -34.1292 56.3709 7
      vertex -36.067 55.783 7
      vertex -34.2284 56.648 7
    endloop
  endfacet
  facet normal 0 0 -1
    outer loop
      vertex -36.3106 54.8106 7
      vertex -34.8787 53.3787 7
      vertex -35.0968 53.181 7
    endloop
  endfacet
  facet normal 0 0 -1
    outer loop
      vertex -36.0992 55.8731 7
      vertex -34.2284 56.648 7
      vertex -36.067 55.783 7
    endloop
  endfacet
  facet normal 0 0 -1
    outer loop
      vertex -36.3815 54.7463 7
      vertex -35.0968 53.181 7
      vertex -35.3333 53.0056 7
    endloop
  endfacet
  facet normal -0 0 -1
    outer loop
      vertex -34.2284 56.648 7
      vertex -36.0992 55.8731 7
      vertex -34.3542 56.9142 7
    endloop
  endfacet
  facet normal 0 0 -1
    outer loop
      vertex -36.4583 54.6893 7
      vertex -35.3333 53.0056 7
      vertex -35.5858 52.8542 7
    endloop
  endfacet
  facet normal 0 0 -1
    outer loop
      vertex -36.1401 55.9596 7
      vertex -34.3542 56.9142 7
      vertex -36.0992 55.8731 7
    endloop
  endfacet
  facet normal 0 0 -1
    outer loop
      vertex -36.5404 54.6401 7
      vertex -35.5858 52.8542 7
      vertex -35.852 52.7284 7
    endloop
  endfacet
  facet normal -0 0 -1
    outer loop
      vertex -34.3542 56.9142 7
      vertex -36.1401 55.9596 7
      vertex -34.5056 57.1667 7
    endloop
  endfacet
  facet normal 0 0 -1
    outer loop
      vertex -36.1893 56.0417 7
      vertex -34.5056 57.1667 7
      vertex -36.1401 55.9596 7
    endloop
  endfacet
  facet normal 0 0 -1
    outer loop
      vertex -34.0144 55.2059 7
      vertex -36.0297 55.4044 7
      vertex -36.025 55.5 7
    endloop
  endfacet
  facet normal 0 0 -1
    outer loop
      vertex -34.0576 54.9147 7
      vertex -36.0437 55.3098 7
      vertex -36.0297 55.4044 7
    endloop
  endfacet
  facet normal 0 0 -1
    outer loop
      vertex -34.1292 54.6291 7
      vertex -36.067 55.217 7
      vertex -36.0437 55.3098 7
    endloop
  endfacet
  facet normal 0 0 -1
    outer loop
      vertex -34.2284 54.352 7
      vertex -36.0992 55.1269 7
      vertex -36.067 55.217 7
    endloop
  endfacet
  facet normal 0 0 -1
    outer loop
      vertex -36.6269 54.5992 7
      vertex -35.852 52.7284 7
      vertex -36.1291 52.6292 7
    endloop
  endfacet
  facet normal 0 0 -1
    outer loop
      vertex -34.3542 54.0858 7
      vertex -36.1401 55.0404 7
      vertex -36.0992 55.1269 7
    endloop
  endfacet
  facet normal 0 0 -1
    outer loop
      vertex -34.5056 53.8333 7
      vertex -36.1893 54.9583 7
      vertex -36.1401 55.0404 7
    endloop
  endfacet
  facet normal 0 0 -1
    outer loop
      vertex -34.681 53.5968 7
      vertex -36.2463 54.8815 7
      vertex -36.1893 54.9583 7
    endloop
  endfacet
  facet normal 0 0 -1
    outer loop
      vertex -34.8787 53.3787 7
      vertex -36.3106 54.8106 7
      vertex -36.2463 54.8815 7
    endloop
  endfacet
  facet normal 0 0 -1
    outer loop
      vertex -35.0968 53.181 7
      vertex -36.3815 54.7463 7
      vertex -36.3106 54.8106 7
    endloop
  endfacet
  facet normal 0 0 -1
    outer loop
      vertex -36.717 54.567 7
      vertex -36.1291 52.6292 7
      vertex -36.4147 52.5576 7
    endloop
  endfacet
  facet normal 0 0 -1
    outer loop
      vertex -35.3333 53.0056 7
      vertex -36.4583 54.6893 7
      vertex -36.3815 54.7463 7
    endloop
  endfacet
  facet normal 0 0 -1
    outer loop
      vertex -35.5858 52.8542 7
      vertex -36.5404 54.6401 7
      vertex -36.4583 54.6893 7
    endloop
  endfacet
  facet normal 0 0 -1
    outer loop
      vertex -35.852 52.7284 7
      vertex -36.6269 54.5992 7
      vertex -36.5404 54.6401 7
    endloop
  endfacet
  facet normal 0 0 -1
    outer loop
      vertex -36.8098 54.5437 7
      vertex -36.4147 52.5576 7
      vertex -36.7059 52.5144 7
    endloop
  endfacet
  facet normal 0 0 -1
    outer loop
      vertex -36.1291 52.6292 7
      vertex -36.717 54.567 7
      vertex -36.6269 54.5992 7
    endloop
  endfacet
  facet normal 0 0 -1
    outer loop
      vertex -36.4147 52.5576 7
      vertex -36.8098 54.5437 7
      vertex -36.717 54.567 7
    endloop
  endfacet
  facet normal 0 0 -1
    outer loop
      vertex -36.7059 52.5144 7
      vertex -36.9044 54.5297 7
      vertex -36.8098 54.5437 7
    endloop
  endfacet
  facet normal 0 0 -1
    outer loop
      vertex -37 52.5 7
      vertex -36.9044 54.5297 7
      vertex -36.7059 52.5144 7
    endloop
  endfacet
  facet normal 0 0 -1
    outer loop
      vertex -37 52.5 7
      vertex -37 54.525 7
      vertex -36.9044 54.5297 7
    endloop
  endfacet
  facet normal 0 0 -1
    outer loop
      vertex -37 52.5 7
      vertex -37.0956 54.5297 7
      vertex -37 54.525 7
    endloop
  endfacet
  facet normal 0 0 -1
    outer loop
      vertex -37.2941 52.5144 7
      vertex -37.0956 54.5297 7
      vertex -37 52.5 7
    endloop
  endfacet
  facet normal -0 0 -1
    outer loop
      vertex -37.0956 54.5297 7
      vertex -37.2941 52.5144 7
      vertex -37.1902 54.5437 7
    endloop
  endfacet
  facet normal 0 0 -1
    outer loop
      vertex -37.5853 52.5576 7
      vertex -37.1902 54.5437 7
      vertex -37.2941 52.5144 7
    endloop
  endfacet
  facet normal -0 0 -1
    outer loop
      vertex -37.1902 54.5437 7
      vertex -37.5853 52.5576 7
      vertex -37.283 54.567 7
    endloop
  endfacet
  facet normal 0 0 -1
    outer loop
      vertex -37.8709 52.6292 7
      vertex -37.283 54.567 7
      vertex -37.5853 52.5576 7
    endloop
  endfacet
  facet normal -0 0 -1
    outer loop
      vertex -37.283 54.567 7
      vertex -37.8709 52.6292 7
      vertex -37.3731 54.5992 7
    endloop
  endfacet
  facet normal 0 0 -1
    outer loop
      vertex -38.148 52.7284 7
      vertex -37.3731 54.5992 7
      vertex -37.8709 52.6292 7
    endloop
  endfacet
  facet normal -0 0 -1
    outer loop
      vertex -37.3731 54.5992 7
      vertex -38.148 52.7284 7
      vertex -37.4596 54.6401 7
    endloop
  endfacet
  facet normal 0 0 -1
    outer loop
      vertex -38.4142 52.8542 7
      vertex -37.4596 54.6401 7
      vertex -38.148 52.7284 7
    endloop
  endfacet
  facet normal -0 0 -1
    outer loop
      vertex -37.4596 54.6401 7
      vertex -38.4142 52.8542 7
      vertex -37.5417 54.6893 7
    endloop
  endfacet
  facet normal 0 0 -1
    outer loop
      vertex -38.6667 53.0056 7
      vertex -37.5417 54.6893 7
      vertex -38.4142 52.8542 7
    endloop
  endfacet
  facet normal -0 0 -1
    outer loop
      vertex -37.5417 54.6893 7
      vertex -38.6667 53.0056 7
      vertex -37.6185 54.7463 7
    endloop
  endfacet
  facet normal 0 0 -1
    outer loop
      vertex -38.9032 53.181 7
      vertex -37.6185 54.7463 7
      vertex -38.6667 53.0056 7
    endloop
  endfacet
  facet normal -0 0 -1
    outer loop
      vertex -37.6185 54.7463 7
      vertex -38.9032 53.181 7
      vertex -37.6894 54.8106 7
    endloop
  endfacet
  facet normal 0 0 -1
    outer loop
      vertex -39.1213 53.3787 7
      vertex -37.6894 54.8106 7
      vertex -38.9032 53.181 7
    endloop
  endfacet
  facet normal -0 0 -1
    outer loop
      vertex -37.6894 54.8106 7
      vertex -39.1213 53.3787 7
      vertex -37.7537 54.8815 7
    endloop
  endfacet
  facet normal 0 0 -1
    outer loop
      vertex -39.319 53.5968 7
      vertex -37.7537 54.8815 7
      vertex -39.1213 53.3787 7
    endloop
  endfacet
  facet normal -0 0 -1
    outer loop
      vertex -37.7537 54.8815 7
      vertex -39.319 53.5968 7
      vertex -37.8107 54.9583 7
    endloop
  endfacet
  facet normal 0 0 -1
    outer loop
      vertex -39.4944 53.8333 7
      vertex -37.8107 54.9583 7
      vertex -39.319 53.5968 7
    endloop
  endfacet
  facet normal -0 0 -1
    outer loop
      vertex -34.5056 57.1667 7
      vertex -36.1893 56.0417 7
      vertex -34.681 57.4032 7
    endloop
  endfacet
  facet normal 0 0 -1
    outer loop
      vertex -36.2463 56.1185 7
      vertex -34.681 57.4032 7
      vertex -36.1893 56.0417 7
    endloop
  endfacet
  facet normal -0 0 -1
    outer loop
      vertex -34.681 57.4032 7
      vertex -36.2463 56.1185 7
      vertex -34.8787 57.6213 7
    endloop
  endfacet
  facet normal 0 0 -1
    outer loop
      vertex -36.3106 56.1894 7
      vertex -34.8787 57.6213 7
      vertex -36.2463 56.1185 7
    endloop
  endfacet
  facet normal -0 0 -1
    outer loop
      vertex -34.8787 57.6213 7
      vertex -36.3106 56.1894 7
      vertex -35.0968 57.819 7
    endloop
  endfacet
  facet normal 0 0 -1
    outer loop
      vertex -36.3815 56.2537 7
      vertex -35.0968 57.819 7
      vertex -36.3106 56.1894 7
    endloop
  endfacet
  facet normal -0 0 -1
    outer loop
      vertex -35.0968 57.819 7
      vertex -36.3815 56.2537 7
      vertex -35.3333 57.9944 7
    endloop
  endfacet
  facet normal 0 0 -1
    outer loop
      vertex -36.4583 56.3107 7
      vertex -35.3333 57.9944 7
      vertex -36.3815 56.2537 7
    endloop
  endfacet
  facet normal -0 0 -1
    outer loop
      vertex -35.3333 57.9944 7
      vertex -36.4583 56.3107 7
      vertex -35.5858 58.1458 7
    endloop
  endfacet
  facet normal 0 0 -1
    outer loop
      vertex -36.5404 56.3599 7
      vertex -35.5858 58.1458 7
      vertex -36.4583 56.3107 7
    endloop
  endfacet
  facet normal -0 0 -1
    outer loop
      vertex -35.5858 58.1458 7
      vertex -36.5404 56.3599 7
      vertex -35.852 58.2716 7
    endloop
  endfacet
  facet normal 0 0 -1
    outer loop
      vertex -36.6269 56.4008 7
      vertex -35.852 58.2716 7
      vertex -36.5404 56.3599 7
    endloop
  endfacet
  facet normal -0 0 -1
    outer loop
      vertex -35.852 58.2716 7
      vertex -36.6269 56.4008 7
      vertex -36.1291 58.3708 7
    endloop
  endfacet
  facet normal 0 0 -1
    outer loop
      vertex -36.717 56.433 7
      vertex -36.1291 58.3708 7
      vertex -36.6269 56.4008 7
    endloop
  endfacet
  facet normal -0 0 -1
    outer loop
      vertex -36.1291 58.3708 7
      vertex -36.717 56.433 7
      vertex -36.4147 58.4424 7
    endloop
  endfacet
  facet normal 0 0 -1
    outer loop
      vertex -36.8098 56.4563 7
      vertex -36.4147 58.4424 7
      vertex -36.717 56.433 7
    endloop
  endfacet
  facet normal -0 0 -1
    outer loop
      vertex -36.4147 58.4424 7
      vertex -36.8098 56.4563 7
      vertex -36.7059 58.4856 7
    endloop
  endfacet
  facet normal 0 0 -1
    outer loop
      vertex -36.9044 56.4703 7
      vertex -36.7059 58.4856 7
      vertex -36.8098 56.4563 7
    endloop
  endfacet
  facet normal 0 0 -1
    outer loop
      vertex -37 56.475 7
      vertex -36.7059 58.4856 7
      vertex -36.9044 56.4703 7
    endloop
  endfacet
  facet normal 0 0 -1
    outer loop
      vertex -37 56.475 7
      vertex -37 58.5 7
      vertex -36.7059 58.4856 7
    endloop
  endfacet
  facet normal 0 0 -1
    outer loop
      vertex -37.0956 56.4703 7
      vertex -37 58.5 7
      vertex -37 56.475 7
    endloop
  endfacet
  facet normal 0 0 -1
    outer loop
      vertex -37.2941 58.4856 7
      vertex -37.0956 56.4703 7
      vertex -37.1902 56.4563 7
    endloop
  endfacet
  facet normal 0 0 -1
    outer loop
      vertex -37.5853 58.4424 7
      vertex -37.1902 56.4563 7
      vertex -37.283 56.433 7
    endloop
  endfacet
  facet normal 0 0 -1
    outer loop
      vertex -37.0956 56.4703 7
      vertex -37.2941 58.4856 7
      vertex -37 58.5 7
    endloop
  endfacet
  facet normal 0 0 -1
    outer loop
      vertex -37.8709 58.3708 7
      vertex -37.283 56.433 7
      vertex -37.3731 56.4008 7
    endloop
  endfacet
  facet normal 0 0 -1
    outer loop
      vertex -38.148 58.2716 7
      vertex -37.3731 56.4008 7
      vertex -37.4596 56.3599 7
    endloop
  endfacet
  facet normal 0 0 -1
    outer loop
      vertex -38.4142 58.1458 7
      vertex -37.4596 56.3599 7
      vertex -37.5417 56.3107 7
    endloop
  endfacet
  facet normal 0 0 -1
    outer loop
      vertex -37.1902 56.4563 7
      vertex -37.5853 58.4424 7
      vertex -37.2941 58.4856 7
    endloop
  endfacet
  facet normal 0 0 -1
    outer loop
      vertex -38.6667 57.9944 7
      vertex -37.5417 56.3107 7
      vertex -37.6185 56.2537 7
    endloop
  endfacet
  facet normal 0 0 -1
    outer loop
      vertex -38.9032 57.819 7
      vertex -37.6185 56.2537 7
      vertex -37.6894 56.1894 7
    endloop
  endfacet
  facet normal 0 0 -1
    outer loop
      vertex -39.1213 57.6213 7
      vertex -37.6894 56.1894 7
      vertex -37.7537 56.1185 7
    endloop
  endfacet
  facet normal 0 0 -1
    outer loop
      vertex -39.319 57.4032 7
      vertex -37.7537 56.1185 7
      vertex -37.8107 56.0417 7
    endloop
  endfacet
  facet normal 0 0 -1
    outer loop
      vertex -39.4944 57.1667 7
      vertex -37.8107 56.0417 7
      vertex -37.8599 55.9596 7
    endloop
  endfacet
  facet normal 0 0 -1
    outer loop
      vertex -37.283 56.433 7
      vertex -37.8709 58.3708 7
      vertex -37.5853 58.4424 7
    endloop
  endfacet
  facet normal 0 0 -1
    outer loop
      vertex -39.6458 56.9142 7
      vertex -37.8599 55.9596 7
      vertex -37.9008 55.8731 7
    endloop
  endfacet
  facet normal 0 0 -1
    outer loop
      vertex -39.7716 56.648 7
      vertex -37.9008 55.8731 7
      vertex -37.933 55.783 7
    endloop
  endfacet
  facet normal 0 0 -1
    outer loop
      vertex -39.8708 56.3709 7
      vertex -37.933 55.783 7
      vertex -37.9563 55.6902 7
    endloop
  endfacet
  facet normal 0 0 -1
    outer loop
      vertex -39.9424 56.0853 7
      vertex -37.9563 55.6902 7
      vertex -37.9703 55.5956 7
    endloop
  endfacet
  facet normal 0 0 -1
    outer loop
      vertex -39.9856 55.7941 7
      vertex -37.9703 55.5956 7
      vertex -37.975 55.5 7
    endloop
  endfacet
  facet normal -0 0 -1
    outer loop
      vertex -37.8107 54.9583 7
      vertex -39.4944 53.8333 7
      vertex -37.8599 55.0404 7
    endloop
  endfacet
  facet normal 0 0 -1
    outer loop
      vertex -37.3731 56.4008 7
      vertex -38.148 58.2716 7
      vertex -37.8709 58.3708 7
    endloop
  endfacet
  facet normal 0 0 -1
    outer loop
      vertex -39.6458 54.0858 7
      vertex -37.8599 55.0404 7
      vertex -39.4944 53.8333 7
    endloop
  endfacet
  facet normal 0 0 -1
    outer loop
      vertex -37.4596 56.3599 7
      vertex -38.4142 58.1458 7
      vertex -38.148 58.2716 7
    endloop
  endfacet
  facet normal -0 0 -1
    outer loop
      vertex -37.8599 55.0404 7
      vertex -39.6458 54.0858 7
      vertex -37.9008 55.1269 7
    endloop
  endfacet
  facet normal 0 0 -1
    outer loop
      vertex -37.5417 56.3107 7
      vertex -38.6667 57.9944 7
      vertex -38.4142 58.1458 7
    endloop
  endfacet
  facet normal 0 0 -1
    outer loop
      vertex -39.7716 54.352 7
      vertex -37.9008 55.1269 7
      vertex -39.6458 54.0858 7
    endloop
  endfacet
  facet normal 0 0 -1
    outer loop
      vertex -37.6185 56.2537 7
      vertex -38.9032 57.819 7
      vertex -38.6667 57.9944 7
    endloop
  endfacet
  facet normal -0 0 -1
    outer loop
      vertex -37.9008 55.1269 7
      vertex -39.7716 54.352 7
      vertex -37.933 55.217 7
    endloop
  endfacet
  facet normal 0 0 -1
    outer loop
      vertex -37.6894 56.1894 7
      vertex -39.1213 57.6213 7
      vertex -38.9032 57.819 7
    endloop
  endfacet
  facet normal 0 0 -1
    outer loop
      vertex -39.8708 54.6291 7
      vertex -37.933 55.217 7
      vertex -39.7716 54.352 7
    endloop
  endfacet
  facet normal 0 0 -1
    outer loop
      vertex -37.7537 56.1185 7
      vertex -39.319 57.4032 7
      vertex -39.1213 57.6213 7
    endloop
  endfacet
  facet normal -0 0 -1
    outer loop
      vertex -37.933 55.217 7
      vertex -39.8708 54.6291 7
      vertex -37.9563 55.3098 7
    endloop
  endfacet
  facet normal 0 0 -1
    outer loop
      vertex -37.8107 56.0417 7
      vertex -39.4944 57.1667 7
      vertex -39.319 57.4032 7
    endloop
  endfacet
  facet normal 0 0 -1
    outer loop
      vertex -39.9424 54.9147 7
      vertex -37.9563 55.3098 7
      vertex -39.8708 54.6291 7
    endloop
  endfacet
  facet normal 0 0 -1
    outer loop
      vertex -37.8599 55.9596 7
      vertex -39.6458 56.9142 7
      vertex -39.4944 57.1667 7
    endloop
  endfacet
  facet normal -0 0 -1
    outer loop
      vertex -37.9563 55.3098 7
      vertex -39.9424 54.9147 7
      vertex -37.9703 55.4044 7
    endloop
  endfacet
  facet normal 0 0 -1
    outer loop
      vertex -37.9008 55.8731 7
      vertex -39.7716 56.648 7
      vertex -39.6458 56.9142 7
    endloop
  endfacet
  facet normal 0 0 -1
    outer loop
      vertex -39.9856 55.2059 7
      vertex -37.9703 55.4044 7
      vertex -39.9424 54.9147 7
    endloop
  endfacet
  facet normal 0 0 -1
    outer loop
      vertex -37.933 55.783 7
      vertex -39.8708 56.3709 7
      vertex -39.7716 56.648 7
    endloop
  endfacet
  facet normal -0 0 -1
    outer loop
      vertex -37.9703 55.4044 7
      vertex -39.9856 55.2059 7
      vertex -37.975 55.5 7
    endloop
  endfacet
  facet normal 0 0 -1
    outer loop
      vertex -37.9563 55.6902 7
      vertex -39.9424 56.0853 7
      vertex -39.8708 56.3709 7
    endloop
  endfacet
  facet normal 0 0 -1
    outer loop
      vertex -40 55.5 7
      vertex -37.975 55.5 7
      vertex -39.9856 55.2059 7
    endloop
  endfacet
  facet normal 0 0 -1
    outer loop
      vertex -37.9703 55.5956 7
      vertex -39.9856 55.7941 7
      vertex -39.9424 56.0853 7
    endloop
  endfacet
  facet normal 0 0 -1
    outer loop
      vertex -37.975 55.5 7
      vertex -40 55.5 7
      vertex -39.9856 55.7941 7
    endloop
  endfacet
  facet normal 0.989174 0.146746 0
    outer loop
      vertex 39.9856 -55.2059 22.45
      vertex 39.9424 -54.9147 7
      vertex 39.9424 -54.9147 22.45
    endloop
  endfacet
  facet normal 0.989174 0.146746 0
    outer loop
      vertex 39.9424 -54.9147 7
      vertex 39.9856 -55.2059 22.45
      vertex 39.9856 -55.2059 7
    endloop
  endfacet
  facet normal 0.998803 0.0489044 0
    outer loop
      vertex 40 -55.5 22.45
      vertex 39.9856 -55.2059 7
      vertex 39.9856 -55.2059 22.45
    endloop
  endfacet
  facet normal 0.998803 0.0489044 0
    outer loop
      vertex 39.9856 -55.2059 7
      vertex 40 -55.5 22.45
      vertex 40 -55.5 7
    endloop
  endfacet
  facet normal 0.969982 0.243175 0
    outer loop
      vertex 39.9424 -54.9147 22.45
      vertex 39.8708 -54.6291 7
      vertex 39.8708 -54.6291 22.45
    endloop
  endfacet
  facet normal 0.969982 0.243175 0
    outer loop
      vertex 39.8708 -54.6291 7
      vertex 39.9424 -54.9147 22.45
      vertex 39.9424 -54.9147 7
    endloop
  endfacet
  facet normal -0.243175 0.969982 0
    outer loop
      vertex 36.4147 -52.5576 7
      vertex 36.1291 -52.6292 22.45
      vertex 36.4147 -52.5576 22.45
    endloop
  endfacet
  facet normal -0.243175 0.969982 0
    outer loop
      vertex 36.1291 -52.6292 22.45
      vertex 36.4147 -52.5576 7
      vertex 36.1291 -52.6292 7
    endloop
  endfacet
  facet normal -0.146746 0.989174 0
    outer loop
      vertex 36.7059 -52.5144 7
      vertex 36.4147 -52.5576 22.45
      vertex 36.7059 -52.5144 22.45
    endloop
  endfacet
  facet normal -0.146746 0.989174 0
    outer loop
      vertex 36.4147 -52.5576 22.45
      vertex 36.7059 -52.5144 7
      vertex 36.4147 -52.5576 7
    endloop
  endfacet
  facet normal 0.803208 0.595699 0
    outer loop
      vertex 39.4944 -53.8333 22.45
      vertex 39.319 -53.5968 7
      vertex 39.319 -53.5968 22.45
    endloop
  endfacet
  facet normal 0.803208 0.595699 0
    outer loop
      vertex 39.319 -53.5968 7
      vertex 39.4944 -53.8333 22.45
      vertex 39.4944 -53.8333 7
    endloop
  endfacet
  facet normal 0.595699 0.803208 -0
    outer loop
      vertex 38.9032 -53.181 7
      vertex 38.6667 -53.0056 22.45
      vertex 38.9032 -53.181 22.45
    endloop
  endfacet
  facet normal 0.595699 0.803208 0
    outer loop
      vertex 38.6667 -53.0056 22.45
      vertex 38.9032 -53.181 7
      vertex 38.6667 -53.0056 7
    endloop
  endfacet
  facet normal 0.998803 -0.0489044 0
    outer loop
      vertex 39.9856 -55.7941 22.45
      vertex 40 -55.5 7
      vertex 40 -55.5 22.45
    endloop
  endfacet
  facet normal 0.998803 -0.0489044 0
    outer loop
      vertex 40 -55.5 7
      vertex 39.9856 -55.7941 22.45
      vertex 39.9856 -55.7941 7
    endloop
  endfacet
  facet normal 0.904125 -0.427269 0
    outer loop
      vertex 39.6458 -56.9142 22.45
      vertex 39.7716 -56.648 7
      vertex 39.7716 -56.648 22.45
    endloop
  endfacet
  facet normal 0.904125 -0.427269 0
    outer loop
      vertex 39.7716 -56.648 7
      vertex 39.6458 -56.9142 22.45
      vertex 39.6458 -56.9142 7
    endloop
  endfacet
  facet normal 0.740908 0.671607 0
    outer loop
      vertex 39.319 -53.5968 22.45
      vertex 39.1213 -53.3787 7
      vertex 39.1213 -53.3787 22.45
    endloop
  endfacet
  facet normal 0.740908 0.671607 0
    outer loop
      vertex 39.1213 -53.3787 7
      vertex 39.319 -53.5968 22.45
      vertex 39.319 -53.5968 7
    endloop
  endfacet
  facet normal 0.941488 0.337047 0
    outer loop
      vertex 39.8708 -54.6291 22.45
      vertex 39.7716 -54.352 7
      vertex 39.7716 -54.352 22.45
    endloop
  endfacet
  facet normal 0.941488 0.337047 0
    outer loop
      vertex 39.7716 -54.352 7
      vertex 39.8708 -54.6291 22.45
      vertex 39.8708 -54.6291 7
    endloop
  endfacet
  facet normal 0.0489044 0.998803 -0
    outer loop
      vertex 37.2941 -52.5144 7
      vertex 37 -52.5 22.45
      vertex 37.2941 -52.5144 22.45
    endloop
  endfacet
  facet normal 0.0489044 0.998803 0
    outer loop
      vertex 37 -52.5 22.45
      vertex 37.2941 -52.5144 7
      vertex 37 -52.5 7
    endloop
  endfacet
  facet normal -0.969982 -0.243175 0
    outer loop
      vertex 34.1292 -56.3709 7
      vertex 34.0576 -56.0853 22.45
      vertex 34.0576 -56.0853 7
    endloop
  endfacet
  facet normal -0.969982 -0.243175 0
    outer loop
      vertex 34.0576 -56.0853 22.45
      vertex 34.1292 -56.3709 7
      vertex 34.1292 -56.3709 22.45
    endloop
  endfacet
  facet normal 0.427269 -0.904125 0
    outer loop
      vertex 38.148 -58.2716 7
      vertex 38.4142 -58.1458 22.45
      vertex 38.148 -58.2716 22.45
    endloop
  endfacet
  facet normal 0.427269 -0.904125 0
    outer loop
      vertex 38.4142 -58.1458 22.45
      vertex 38.148 -58.2716 7
      vertex 38.4142 -58.1458 7
    endloop
  endfacet
  facet normal -0.514246 0.857643 0
    outer loop
      vertex 35.5858 -52.8542 7
      vertex 35.3333 -53.0056 22.45
      vertex 35.5858 -52.8542 22.45
    endloop
  endfacet
  facet normal -0.514246 0.857643 0
    outer loop
      vertex 35.3333 -53.0056 22.45
      vertex 35.5858 -52.8542 7
      vertex 35.3333 -53.0056 7
    endloop
  endfacet
  facet normal -0.671607 0.740908 0
    outer loop
      vertex 35.0968 -53.181 7
      vertex 34.8787 -53.3787 22.45
      vertex 35.0968 -53.181 22.45
    endloop
  endfacet
  facet normal -0.671607 0.740908 0
    outer loop
      vertex 34.8787 -53.3787 22.45
      vertex 35.0968 -53.181 7
      vertex 34.8787 -53.3787 7
    endloop
  endfacet
  facet normal -0.857643 0.514246 0
    outer loop
      vertex 34.3542 -54.0858 7
      vertex 34.5056 -53.8333 22.45
      vertex 34.5056 -53.8333 7
    endloop
  endfacet
  facet normal -0.857643 0.514246 0
    outer loop
      vertex 34.5056 -53.8333 22.45
      vertex 34.3542 -54.0858 7
      vertex 34.3542 -54.0858 22.45
    endloop
  endfacet
  facet normal 0.671607 -0.740908 0
    outer loop
      vertex 38.9032 -57.819 7
      vertex 39.1213 -57.6213 22.45
      vertex 38.9032 -57.819 22.45
    endloop
  endfacet
  facet normal 0.671607 -0.740908 0
    outer loop
      vertex 39.1213 -57.6213 22.45
      vertex 38.9032 -57.819 7
      vertex 39.1213 -57.6213 7
    endloop
  endfacet
  facet normal 0.857643 -0.514246 0
    outer loop
      vertex 39.4944 -57.1667 22.45
      vertex 39.6458 -56.9142 7
      vertex 39.6458 -56.9142 22.45
    endloop
  endfacet
  facet normal 0.857643 -0.514246 0
    outer loop
      vertex 39.6458 -56.9142 7
      vertex 39.4944 -57.1667 22.45
      vertex 39.4944 -57.1667 7
    endloop
  endfacet
  facet normal -0.989174 0.146746 0
    outer loop
      vertex 34.0144 -55.2059 7
      vertex 34.0576 -54.9147 22.45
      vertex 34.0576 -54.9147 7
    endloop
  endfacet
  facet normal -0.989174 0.146746 0
    outer loop
      vertex 34.0576 -54.9147 22.45
      vertex 34.0144 -55.2059 7
      vertex 34.0144 -55.2059 22.45
    endloop
  endfacet
  facet normal -0.427269 0.904125 0
    outer loop
      vertex 35.852 -52.7284 7
      vertex 35.5858 -52.8542 22.45
      vertex 35.852 -52.7284 22.45
    endloop
  endfacet
  facet normal -0.427269 0.904125 0
    outer loop
      vertex 35.5858 -52.8542 22.45
      vertex 35.852 -52.7284 7
      vertex 35.5858 -52.8542 7
    endloop
  endfacet
  facet normal 0.337047 0.941488 -0
    outer loop
      vertex 38.148 -52.7284 7
      vertex 37.8709 -52.6292 22.45
      vertex 38.148 -52.7284 22.45
    endloop
  endfacet
  facet normal 0.337047 0.941488 0
    outer loop
      vertex 37.8709 -52.6292 22.45
      vertex 38.148 -52.7284 7
      vertex 37.8709 -52.6292 7
    endloop
  endfacet
  facet normal 0.671607 0.740908 -0
    outer loop
      vertex 39.1213 -53.3787 7
      vertex 38.9032 -53.181 22.45
      vertex 39.1213 -53.3787 22.45
    endloop
  endfacet
  facet normal 0.671607 0.740908 0
    outer loop
      vertex 38.9032 -53.181 22.45
      vertex 39.1213 -53.3787 7
      vertex 38.9032 -53.181 7
    endloop
  endfacet
  facet normal -0.941488 -0.337047 0
    outer loop
      vertex 34.2284 -56.648 7
      vertex 34.1292 -56.3709 22.45
      vertex 34.1292 -56.3709 7
    endloop
  endfacet
  facet normal -0.941488 -0.337047 0
    outer loop
      vertex 34.1292 -56.3709 22.45
      vertex 34.2284 -56.648 7
      vertex 34.2284 -56.648 22.45
    endloop
  endfacet
  facet normal -0.337047 0.941488 0
    outer loop
      vertex 36.1291 -52.6292 7
      vertex 35.852 -52.7284 22.45
      vertex 36.1291 -52.6292 22.45
    endloop
  endfacet
  facet normal -0.337047 0.941488 0
    outer loop
      vertex 35.852 -52.7284 22.45
      vertex 36.1291 -52.6292 7
      vertex 35.852 -52.7284 7
    endloop
  endfacet
  facet normal -0.857643 -0.514246 0
    outer loop
      vertex 34.5056 -57.1667 7
      vertex 34.3542 -56.9142 22.45
      vertex 34.3542 -56.9142 7
    endloop
  endfacet
  facet normal -0.857643 -0.514246 0
    outer loop
      vertex 34.3542 -56.9142 22.45
      vertex 34.5056 -57.1667 7
      vertex 34.5056 -57.1667 22.45
    endloop
  endfacet
  facet normal 0.904125 0.427269 0
    outer loop
      vertex 39.7716 -54.352 22.45
      vertex 39.6458 -54.0858 7
      vertex 39.6458 -54.0858 22.45
    endloop
  endfacet
  facet normal 0.904125 0.427269 0
    outer loop
      vertex 39.6458 -54.0858 7
      vertex 39.7716 -54.352 22.45
      vertex 39.7716 -54.352 7
    endloop
  endfacet
  facet normal -0.671607 -0.740908 0
    outer loop
      vertex 34.8787 -57.6213 7
      vertex 35.0968 -57.819 22.45
      vertex 34.8787 -57.6213 22.45
    endloop
  endfacet
  facet normal -0.671607 -0.740908 -0
    outer loop
      vertex 35.0968 -57.819 22.45
      vertex 34.8787 -57.6213 7
      vertex 35.0968 -57.819 7
    endloop
  endfacet
  facet normal 0.941488 -0.337047 0
    outer loop
      vertex 39.7716 -56.648 22.45
      vertex 39.8708 -56.3709 7
      vertex 39.8708 -56.3709 22.45
    endloop
  endfacet
  facet normal 0.941488 -0.337047 0
    outer loop
      vertex 39.8708 -56.3709 7
      vertex 39.7716 -56.648 22.45
      vertex 39.7716 -56.648 7
    endloop
  endfacet
  facet normal -0.0489044 0.998803 0
    outer loop
      vertex 37 -52.5 7
      vertex 36.7059 -52.5144 22.45
      vertex 37 -52.5 22.45
    endloop
  endfacet
  facet normal -0.0489044 0.998803 0
    outer loop
      vertex 36.7059 -52.5144 22.45
      vertex 37 -52.5 7
      vertex 36.7059 -52.5144 7
    endloop
  endfacet
  facet normal -0.595699 0.803208 0
    outer loop
      vertex 35.3333 -53.0056 7
      vertex 35.0968 -53.181 22.45
      vertex 35.3333 -53.0056 22.45
    endloop
  endfacet
  facet normal -0.595699 0.803208 0
    outer loop
      vertex 35.0968 -53.181 22.45
      vertex 35.3333 -53.0056 7
      vertex 35.0968 -53.181 7
    endloop
  endfacet
  facet normal 0.337047 -0.941488 0
    outer loop
      vertex 37.8709 -58.3708 7
      vertex 38.148 -58.2716 22.45
      vertex 37.8709 -58.3708 22.45
    endloop
  endfacet
  facet normal 0.337047 -0.941488 0
    outer loop
      vertex 38.148 -58.2716 22.45
      vertex 37.8709 -58.3708 7
      vertex 38.148 -58.2716 7
    endloop
  endfacet
  facet normal -0.969982 0.243175 0
    outer loop
      vertex 34.0576 -54.9147 7
      vertex 34.1292 -54.6291 22.45
      vertex 34.1292 -54.6291 7
    endloop
  endfacet
  facet normal -0.969982 0.243175 0
    outer loop
      vertex 34.1292 -54.6291 22.45
      vertex 34.0576 -54.9147 7
      vertex 34.0576 -54.9147 22.45
    endloop
  endfacet
  facet normal 0.803208 -0.595699 0
    outer loop
      vertex 39.319 -57.4032 22.45
      vertex 39.4944 -57.1667 7
      vertex 39.4944 -57.1667 22.45
    endloop
  endfacet
  facet normal 0.803208 -0.595699 0
    outer loop
      vertex 39.4944 -57.1667 7
      vertex 39.319 -57.4032 22.45
      vertex 39.319 -57.4032 7
    endloop
  endfacet
  facet normal 0.969982 -0.243175 0
    outer loop
      vertex 39.8708 -56.3709 22.45
      vertex 39.9424 -56.0853 7
      vertex 39.9424 -56.0853 22.45
    endloop
  endfacet
  facet normal 0.969982 -0.243175 0
    outer loop
      vertex 39.9424 -56.0853 7
      vertex 39.8708 -56.3709 22.45
      vertex 39.8708 -56.3709 7
    endloop
  endfacet
  facet normal 0.243175 -0.969982 0
    outer loop
      vertex 37.5853 -58.4424 7
      vertex 37.8709 -58.3708 22.45
      vertex 37.5853 -58.4424 22.45
    endloop
  endfacet
  facet normal 0.243175 -0.969982 0
    outer loop
      vertex 37.8709 -58.3708 22.45
      vertex 37.5853 -58.4424 7
      vertex 37.8709 -58.3708 7
    endloop
  endfacet
  facet normal 0.427269 0.904125 -0
    outer loop
      vertex 38.4142 -52.8542 7
      vertex 38.148 -52.7284 22.45
      vertex 38.4142 -52.8542 22.45
    endloop
  endfacet
  facet normal 0.427269 0.904125 0
    outer loop
      vertex 38.148 -52.7284 22.45
      vertex 38.4142 -52.8542 7
      vertex 38.148 -52.7284 7
    endloop
  endfacet
  facet normal 0.514246 0.857643 -0
    outer loop
      vertex 38.6667 -53.0056 7
      vertex 38.4142 -52.8542 22.45
      vertex 38.6667 -53.0056 22.45
    endloop
  endfacet
  facet normal 0.514246 0.857643 0
    outer loop
      vertex 38.4142 -52.8542 22.45
      vertex 38.6667 -53.0056 7
      vertex 38.4142 -52.8542 7
    endloop
  endfacet
  facet normal -0.803208 -0.595699 0
    outer loop
      vertex 34.681 -57.4032 7
      vertex 34.5056 -57.1667 22.45
      vertex 34.5056 -57.1667 7
    endloop
  endfacet
  facet normal -0.803208 -0.595699 0
    outer loop
      vertex 34.5056 -57.1667 22.45
      vertex 34.681 -57.4032 7
      vertex 34.681 -57.4032 22.45
    endloop
  endfacet
  facet normal 0.989174 -0.146746 0
    outer loop
      vertex 39.9424 -56.0853 22.45
      vertex 39.9856 -55.7941 7
      vertex 39.9856 -55.7941 22.45
    endloop
  endfacet
  facet normal 0.989174 -0.146746 0
    outer loop
      vertex 39.9856 -55.7941 7
      vertex 39.9424 -56.0853 22.45
      vertex 39.9424 -56.0853 7
    endloop
  endfacet
  facet normal -0.146746 -0.989174 0
    outer loop
      vertex 36.4147 -58.4424 7
      vertex 36.7059 -58.4856 22.45
      vertex 36.4147 -58.4424 22.45
    endloop
  endfacet
  facet normal -0.146746 -0.989174 -0
    outer loop
      vertex 36.7059 -58.4856 22.45
      vertex 36.4147 -58.4424 7
      vertex 36.7059 -58.4856 7
    endloop
  endfacet
  facet normal 0.857643 0.514246 0
    outer loop
      vertex 39.6458 -54.0858 22.45
      vertex 39.4944 -53.8333 7
      vertex 39.4944 -53.8333 22.45
    endloop
  endfacet
  facet normal 0.857643 0.514246 0
    outer loop
      vertex 39.4944 -53.8333 7
      vertex 39.6458 -54.0858 22.45
      vertex 39.6458 -54.0858 7
    endloop
  endfacet
  facet normal 0.0489044 -0.998803 0
    outer loop
      vertex 37 -58.5 7
      vertex 37.2941 -58.4856 22.45
      vertex 37 -58.5 22.45
    endloop
  endfacet
  facet normal 0.0489044 -0.998803 0
    outer loop
      vertex 37.2941 -58.4856 22.45
      vertex 37 -58.5 7
      vertex 37.2941 -58.4856 7
    endloop
  endfacet
  facet normal -0.0489044 -0.998803 0
    outer loop
      vertex 36.7059 -58.4856 7
      vertex 37 -58.5 22.45
      vertex 36.7059 -58.4856 22.45
    endloop
  endfacet
  facet normal -0.0489044 -0.998803 -0
    outer loop
      vertex 37 -58.5 22.45
      vertex 36.7059 -58.4856 7
      vertex 37 -58.5 7
    endloop
  endfacet
  facet normal 0.243175 0.969982 -0
    outer loop
      vertex 37.8709 -52.6292 7
      vertex 37.5853 -52.5576 22.45
      vertex 37.8709 -52.6292 22.45
    endloop
  endfacet
  facet normal 0.243175 0.969982 0
    outer loop
      vertex 37.5853 -52.5576 22.45
      vertex 37.8709 -52.6292 7
      vertex 37.5853 -52.5576 7
    endloop
  endfacet
  facet normal -0.740908 0.671607 0
    outer loop
      vertex 34.681 -53.5968 7
      vertex 34.8787 -53.3787 22.45
      vertex 34.8787 -53.3787 7
    endloop
  endfacet
  facet normal -0.740908 0.671607 0
    outer loop
      vertex 34.8787 -53.3787 22.45
      vertex 34.681 -53.5968 7
      vertex 34.681 -53.5968 22.45
    endloop
  endfacet
  facet normal -0.904125 -0.427269 0
    outer loop
      vertex 34.3542 -56.9142 7
      vertex 34.2284 -56.648 22.45
      vertex 34.2284 -56.648 7
    endloop
  endfacet
  facet normal -0.904125 -0.427269 0
    outer loop
      vertex 34.2284 -56.648 22.45
      vertex 34.3542 -56.9142 7
      vertex 34.3542 -56.9142 22.45
    endloop
  endfacet
  facet normal -0.740908 -0.671607 0
    outer loop
      vertex 34.8787 -57.6213 7
      vertex 34.681 -57.4032 22.45
      vertex 34.681 -57.4032 7
    endloop
  endfacet
  facet normal -0.740908 -0.671607 0
    outer loop
      vertex 34.681 -57.4032 22.45
      vertex 34.8787 -57.6213 7
      vertex 34.8787 -57.6213 22.45
    endloop
  endfacet
  facet normal -0.337047 -0.941488 0
    outer loop
      vertex 35.852 -58.2716 7
      vertex 36.1291 -58.3708 22.45
      vertex 35.852 -58.2716 22.45
    endloop
  endfacet
  facet normal -0.337047 -0.941488 -0
    outer loop
      vertex 36.1291 -58.3708 22.45
      vertex 35.852 -58.2716 7
      vertex 36.1291 -58.3708 7
    endloop
  endfacet
  facet normal -0.989174 -0.146746 0
    outer loop
      vertex 34.0576 -56.0853 7
      vertex 34.0144 -55.7941 22.45
      vertex 34.0144 -55.7941 7
    endloop
  endfacet
  facet normal -0.989174 -0.146746 0
    outer loop
      vertex 34.0144 -55.7941 22.45
      vertex 34.0576 -56.0853 7
      vertex 34.0576 -56.0853 22.45
    endloop
  endfacet
  facet normal 0.740908 -0.671607 0
    outer loop
      vertex 39.1213 -57.6213 22.45
      vertex 39.319 -57.4032 7
      vertex 39.319 -57.4032 22.45
    endloop
  endfacet
  facet normal 0.740908 -0.671607 0
    outer loop
      vertex 39.319 -57.4032 7
      vertex 39.1213 -57.6213 22.45
      vertex 39.1213 -57.6213 7
    endloop
  endfacet
  facet normal 0.146746 0.989174 -0
    outer loop
      vertex 37.5853 -52.5576 7
      vertex 37.2941 -52.5144 22.45
      vertex 37.5853 -52.5576 22.45
    endloop
  endfacet
  facet normal 0.146746 0.989174 0
    outer loop
      vertex 37.2941 -52.5144 22.45
      vertex 37.5853 -52.5576 7
      vertex 37.2941 -52.5144 7
    endloop
  endfacet
  facet normal 0.595699 -0.803208 0
    outer loop
      vertex 38.6667 -57.9944 7
      vertex 38.9032 -57.819 22.45
      vertex 38.6667 -57.9944 22.45
    endloop
  endfacet
  facet normal 0.595699 -0.803208 0
    outer loop
      vertex 38.9032 -57.819 22.45
      vertex 38.6667 -57.9944 7
      vertex 38.9032 -57.819 7
    endloop
  endfacet
  facet normal -0.514246 -0.857643 0
    outer loop
      vertex 35.3333 -57.9944 7
      vertex 35.5858 -58.1458 22.45
      vertex 35.3333 -57.9944 22.45
    endloop
  endfacet
  facet normal -0.514246 -0.857643 -0
    outer loop
      vertex 35.5858 -58.1458 22.45
      vertex 35.3333 -57.9944 7
      vertex 35.5858 -58.1458 7
    endloop
  endfacet
  facet normal 0.146746 -0.989174 0
    outer loop
      vertex 37.2941 -58.4856 7
      vertex 37.5853 -58.4424 22.45
      vertex 37.2941 -58.4856 22.45
    endloop
  endfacet
  facet normal 0.146746 -0.989174 0
    outer loop
      vertex 37.5853 -58.4424 22.45
      vertex 37.2941 -58.4856 7
      vertex 37.5853 -58.4424 7
    endloop
  endfacet
  facet normal -0.595699 -0.803208 0
    outer loop
      vertex 35.0968 -57.819 7
      vertex 35.3333 -57.9944 22.45
      vertex 35.0968 -57.819 22.45
    endloop
  endfacet
  facet normal -0.595699 -0.803208 -0
    outer loop
      vertex 35.3333 -57.9944 22.45
      vertex 35.0968 -57.819 7
      vertex 35.3333 -57.9944 7
    endloop
  endfacet
  facet normal -0.243175 -0.969982 0
    outer loop
      vertex 36.1291 -58.3708 7
      vertex 36.4147 -58.4424 22.45
      vertex 36.1291 -58.3708 22.45
    endloop
  endfacet
  facet normal -0.243175 -0.969982 -0
    outer loop
      vertex 36.4147 -58.4424 22.45
      vertex 36.1291 -58.3708 7
      vertex 36.4147 -58.4424 7
    endloop
  endfacet
  facet normal 0.514246 -0.857643 0
    outer loop
      vertex 38.4142 -58.1458 7
      vertex 38.6667 -57.9944 22.45
      vertex 38.4142 -58.1458 22.45
    endloop
  endfacet
  facet normal 0.514246 -0.857643 0
    outer loop
      vertex 38.6667 -57.9944 22.45
      vertex 38.4142 -58.1458 7
      vertex 38.6667 -57.9944 7
    endloop
  endfacet
  facet normal -0.904125 0.427269 0
    outer loop
      vertex 34.2284 -54.352 7
      vertex 34.3542 -54.0858 22.45
      vertex 34.3542 -54.0858 7
    endloop
  endfacet
  facet normal -0.904125 0.427269 0
    outer loop
      vertex 34.3542 -54.0858 22.45
      vertex 34.2284 -54.352 7
      vertex 34.2284 -54.352 22.45
    endloop
  endfacet
  facet normal -0.998803 0.0489044 0
    outer loop
      vertex 34 -55.5 7
      vertex 34.0144 -55.2059 22.45
      vertex 34.0144 -55.2059 7
    endloop
  endfacet
  facet normal -0.998803 0.0489044 0
    outer loop
      vertex 34.0144 -55.2059 22.45
      vertex 34 -55.5 7
      vertex 34 -55.5 22.45
    endloop
  endfacet
  facet normal -0.998803 -0.0489044 0
    outer loop
      vertex 34.0144 -55.7941 7
      vertex 34 -55.5 22.45
      vertex 34 -55.5 7
    endloop
  endfacet
  facet normal -0.998803 -0.0489044 0
    outer loop
      vertex 34 -55.5 22.45
      vertex 34.0144 -55.7941 7
      vertex 34.0144 -55.7941 22.45
    endloop
  endfacet
  facet normal -0.803208 0.595699 0
    outer loop
      vertex 34.5056 -53.8333 7
      vertex 34.681 -53.5968 22.45
      vertex 34.681 -53.5968 7
    endloop
  endfacet
  facet normal -0.803208 0.595699 0
    outer loop
      vertex 34.681 -53.5968 22.45
      vertex 34.5056 -53.8333 7
      vertex 34.5056 -53.8333 22.45
    endloop
  endfacet
  facet normal -0.427269 -0.904125 0
    outer loop
      vertex 35.5858 -58.1458 7
      vertex 35.852 -58.2716 22.45
      vertex 35.5858 -58.1458 22.45
    endloop
  endfacet
  facet normal -0.427269 -0.904125 -0
    outer loop
      vertex 35.852 -58.2716 22.45
      vertex 35.5858 -58.1458 7
      vertex 35.852 -58.2716 7
    endloop
  endfacet
  facet normal -0.941488 0.337047 0
    outer loop
      vertex 34.1292 -54.6291 7
      vertex 34.2284 -54.352 22.45
      vertex 34.2284 -54.352 7
    endloop
  endfacet
  facet normal -0.941488 0.337047 0
    outer loop
      vertex 34.2284 -54.352 22.45
      vertex 34.1292 -54.6291 7
      vertex 34.1292 -54.6291 22.45
    endloop
  endfacet
  facet normal 0 0 -1
    outer loop
      vertex 37.975 -55.5 7
      vertex 40 -55.5 7
      vertex 39.9856 -55.7941 7
    endloop
  endfacet
  facet normal 0 0 -1
    outer loop
      vertex 37.9703 -55.5956 7
      vertex 39.9856 -55.7941 7
      vertex 39.9424 -56.0853 7
    endloop
  endfacet
  facet normal 0 0 -1
    outer loop
      vertex 40 -55.5 7
      vertex 37.975 -55.5 7
      vertex 39.9856 -55.2059 7
    endloop
  endfacet
  facet normal 0 0 -1
    outer loop
      vertex 37.9563 -55.6902 7
      vertex 39.9424 -56.0853 7
      vertex 39.8708 -56.3709 7
    endloop
  endfacet
  facet normal 0 0 -1
    outer loop
      vertex 37.9703 -55.4044 7
      vertex 39.9856 -55.2059 7
      vertex 37.975 -55.5 7
    endloop
  endfacet
  facet normal 0 0 -1
    outer loop
      vertex 37.933 -55.783 7
      vertex 39.8708 -56.3709 7
      vertex 39.7716 -56.648 7
    endloop
  endfacet
  facet normal -0 0 -1
    outer loop
      vertex 39.9856 -55.2059 7
      vertex 37.9703 -55.4044 7
      vertex 39.9424 -54.9147 7
    endloop
  endfacet
  facet normal 0 0 -1
    outer loop
      vertex 37.9008 -55.8731 7
      vertex 39.7716 -56.648 7
      vertex 39.6458 -56.9142 7
    endloop
  endfacet
  facet normal 0 0 -1
    outer loop
      vertex 37.9563 -55.3098 7
      vertex 39.9424 -54.9147 7
      vertex 37.9703 -55.4044 7
    endloop
  endfacet
  facet normal 0 0 -1
    outer loop
      vertex 37.8599 -55.9596 7
      vertex 39.6458 -56.9142 7
      vertex 39.4944 -57.1667 7
    endloop
  endfacet
  facet normal -0 0 -1
    outer loop
      vertex 39.9424 -54.9147 7
      vertex 37.9563 -55.3098 7
      vertex 39.8708 -54.6291 7
    endloop
  endfacet
  facet normal 0 0 -1
    outer loop
      vertex 37.8107 -56.0417 7
      vertex 39.4944 -57.1667 7
      vertex 39.319 -57.4032 7
    endloop
  endfacet
  facet normal 0 0 -1
    outer loop
      vertex 37.933 -55.217 7
      vertex 39.8708 -54.6291 7
      vertex 37.9563 -55.3098 7
    endloop
  endfacet
  facet normal 0 0 -1
    outer loop
      vertex 37.7537 -56.1185 7
      vertex 39.319 -57.4032 7
      vertex 39.1213 -57.6213 7
    endloop
  endfacet
  facet normal -0 0 -1
    outer loop
      vertex 39.8708 -54.6291 7
      vertex 37.933 -55.217 7
      vertex 39.7716 -54.352 7
    endloop
  endfacet
  facet normal 0 0 -1
    outer loop
      vertex 37.6894 -56.1894 7
      vertex 39.1213 -57.6213 7
      vertex 38.9032 -57.819 7
    endloop
  endfacet
  facet normal 0 0 -1
    outer loop
      vertex 37.9008 -55.1269 7
      vertex 39.7716 -54.352 7
      vertex 37.933 -55.217 7
    endloop
  endfacet
  facet normal 0 0 -1
    outer loop
      vertex 37.6185 -56.2537 7
      vertex 38.9032 -57.819 7
      vertex 38.6667 -57.9944 7
    endloop
  endfacet
  facet normal -0 0 -1
    outer loop
      vertex 39.7716 -54.352 7
      vertex 37.9008 -55.1269 7
      vertex 39.6458 -54.0858 7
    endloop
  endfacet
  facet normal 0 0 -1
    outer loop
      vertex 37.5417 -56.3107 7
      vertex 38.6667 -57.9944 7
      vertex 38.4142 -58.1458 7
    endloop
  endfacet
  facet normal 0 0 -1
    outer loop
      vertex 37.8599 -55.0404 7
      vertex 39.6458 -54.0858 7
      vertex 37.9008 -55.1269 7
    endloop
  endfacet
  facet normal 0 0 -1
    outer loop
      vertex 37.4596 -56.3599 7
      vertex 38.4142 -58.1458 7
      vertex 38.148 -58.2716 7
    endloop
  endfacet
  facet normal -0 0 -1
    outer loop
      vertex 39.6458 -54.0858 7
      vertex 37.8599 -55.0404 7
      vertex 39.4944 -53.8333 7
    endloop
  endfacet
  facet normal 0 0 -1
    outer loop
      vertex 37.8107 -54.9583 7
      vertex 39.4944 -53.8333 7
      vertex 37.8599 -55.0404 7
    endloop
  endfacet
  facet normal 0 0 -1
    outer loop
      vertex 39.9856 -55.7941 7
      vertex 37.9703 -55.5956 7
      vertex 37.975 -55.5 7
    endloop
  endfacet
  facet normal 0 0 -1
    outer loop
      vertex 39.9424 -56.0853 7
      vertex 37.9563 -55.6902 7
      vertex 37.9703 -55.5956 7
    endloop
  endfacet
  facet normal 0 0 -1
    outer loop
      vertex 39.8708 -56.3709 7
      vertex 37.933 -55.783 7
      vertex 37.9563 -55.6902 7
    endloop
  endfacet
  facet normal 0 0 -1
    outer loop
      vertex 39.7716 -56.648 7
      vertex 37.9008 -55.8731 7
      vertex 37.933 -55.783 7
    endloop
  endfacet
  facet normal 0 0 -1
    outer loop
      vertex 37.3731 -56.4008 7
      vertex 38.148 -58.2716 7
      vertex 37.8709 -58.3708 7
    endloop
  endfacet
  facet normal 0 0 -1
    outer loop
      vertex 39.6458 -56.9142 7
      vertex 37.8599 -55.9596 7
      vertex 37.9008 -55.8731 7
    endloop
  endfacet
  facet normal 0 0 -1
    outer loop
      vertex 39.4944 -57.1667 7
      vertex 37.8107 -56.0417 7
      vertex 37.8599 -55.9596 7
    endloop
  endfacet
  facet normal 0 0 -1
    outer loop
      vertex 39.319 -57.4032 7
      vertex 37.7537 -56.1185 7
      vertex 37.8107 -56.0417 7
    endloop
  endfacet
  facet normal 0 0 -1
    outer loop
      vertex 39.1213 -57.6213 7
      vertex 37.6894 -56.1894 7
      vertex 37.7537 -56.1185 7
    endloop
  endfacet
  facet normal 0 0 -1
    outer loop
      vertex 38.9032 -57.819 7
      vertex 37.6185 -56.2537 7
      vertex 37.6894 -56.1894 7
    endloop
  endfacet
  facet normal 0 0 -1
    outer loop
      vertex 37.283 -56.433 7
      vertex 37.8709 -58.3708 7
      vertex 37.5853 -58.4424 7
    endloop
  endfacet
  facet normal 0 0 -1
    outer loop
      vertex 38.6667 -57.9944 7
      vertex 37.5417 -56.3107 7
      vertex 37.6185 -56.2537 7
    endloop
  endfacet
  facet normal 0 0 -1
    outer loop
      vertex 38.4142 -58.1458 7
      vertex 37.4596 -56.3599 7
      vertex 37.5417 -56.3107 7
    endloop
  endfacet
  facet normal 0 0 -1
    outer loop
      vertex 38.148 -58.2716 7
      vertex 37.3731 -56.4008 7
      vertex 37.4596 -56.3599 7
    endloop
  endfacet
  facet normal 0 0 -1
    outer loop
      vertex 37.1902 -56.4563 7
      vertex 37.5853 -58.4424 7
      vertex 37.2941 -58.4856 7
    endloop
  endfacet
  facet normal 0 0 -1
    outer loop
      vertex 37.8709 -58.3708 7
      vertex 37.283 -56.433 7
      vertex 37.3731 -56.4008 7
    endloop
  endfacet
  facet normal 0 0 -1
    outer loop
      vertex 37.5853 -58.4424 7
      vertex 37.1902 -56.4563 7
      vertex 37.283 -56.433 7
    endloop
  endfacet
  facet normal 0 0 -1
    outer loop
      vertex 37.2941 -58.4856 7
      vertex 37.0956 -56.4703 7
      vertex 37.1902 -56.4563 7
    endloop
  endfacet
  facet normal 0 0 -1
    outer loop
      vertex 37 -58.5 7
      vertex 37.0956 -56.4703 7
      vertex 37.2941 -58.4856 7
    endloop
  endfacet
  facet normal 0 0 -1
    outer loop
      vertex 37 -58.5 7
      vertex 37 -56.475 7
      vertex 37.0956 -56.4703 7
    endloop
  endfacet
  facet normal 0 0 -1
    outer loop
      vertex 37 -58.5 7
      vertex 36.9044 -56.4703 7
      vertex 37 -56.475 7
    endloop
  endfacet
  facet normal 0 0 -1
    outer loop
      vertex 36.7059 -58.4856 7
      vertex 36.9044 -56.4703 7
      vertex 37 -58.5 7
    endloop
  endfacet
  facet normal -0 0 -1
    outer loop
      vertex 36.9044 -56.4703 7
      vertex 36.7059 -58.4856 7
      vertex 36.8098 -56.4563 7
    endloop
  endfacet
  facet normal 0 0 -1
    outer loop
      vertex 36.4147 -58.4424 7
      vertex 36.8098 -56.4563 7
      vertex 36.7059 -58.4856 7
    endloop
  endfacet
  facet normal -0 0 -1
    outer loop
      vertex 36.8098 -56.4563 7
      vertex 36.4147 -58.4424 7
      vertex 36.717 -56.433 7
    endloop
  endfacet
  facet normal 0 0 -1
    outer loop
      vertex 36.1291 -58.3708 7
      vertex 36.717 -56.433 7
      vertex 36.4147 -58.4424 7
    endloop
  endfacet
  facet normal -0 0 -1
    outer loop
      vertex 36.717 -56.433 7
      vertex 36.1291 -58.3708 7
      vertex 36.6269 -56.4008 7
    endloop
  endfacet
  facet normal 0 0 -1
    outer loop
      vertex 35.852 -58.2716 7
      vertex 36.6269 -56.4008 7
      vertex 36.1291 -58.3708 7
    endloop
  endfacet
  facet normal -0 0 -1
    outer loop
      vertex 36.6269 -56.4008 7
      vertex 35.852 -58.2716 7
      vertex 36.5404 -56.3599 7
    endloop
  endfacet
  facet normal 0 0 -1
    outer loop
      vertex 35.5858 -58.1458 7
      vertex 36.5404 -56.3599 7
      vertex 35.852 -58.2716 7
    endloop
  endfacet
  facet normal -0 0 -1
    outer loop
      vertex 36.5404 -56.3599 7
      vertex 35.5858 -58.1458 7
      vertex 36.4583 -56.3107 7
    endloop
  endfacet
  facet normal 0 0 -1
    outer loop
      vertex 35.3333 -57.9944 7
      vertex 36.4583 -56.3107 7
      vertex 35.5858 -58.1458 7
    endloop
  endfacet
  facet normal -0 0 -1
    outer loop
      vertex 36.4583 -56.3107 7
      vertex 35.3333 -57.9944 7
      vertex 36.3815 -56.2537 7
    endloop
  endfacet
  facet normal 0 0 -1
    outer loop
      vertex 35.0968 -57.819 7
      vertex 36.3815 -56.2537 7
      vertex 35.3333 -57.9944 7
    endloop
  endfacet
  facet normal -0 0 -1
    outer loop
      vertex 36.3815 -56.2537 7
      vertex 35.0968 -57.819 7
      vertex 36.3106 -56.1894 7
    endloop
  endfacet
  facet normal 0 0 -1
    outer loop
      vertex 34.8787 -57.6213 7
      vertex 36.3106 -56.1894 7
      vertex 35.0968 -57.819 7
    endloop
  endfacet
  facet normal -0 0 -1
    outer loop
      vertex 36.3106 -56.1894 7
      vertex 34.8787 -57.6213 7
      vertex 36.2463 -56.1185 7
    endloop
  endfacet
  facet normal 0 0 -1
    outer loop
      vertex 34.681 -57.4032 7
      vertex 36.2463 -56.1185 7
      vertex 34.8787 -57.6213 7
    endloop
  endfacet
  facet normal -0 0 -1
    outer loop
      vertex 36.2463 -56.1185 7
      vertex 34.681 -57.4032 7
      vertex 36.1893 -56.0417 7
    endloop
  endfacet
  facet normal 0 0 -1
    outer loop
      vertex 34.5056 -57.1667 7
      vertex 36.1893 -56.0417 7
      vertex 34.681 -57.4032 7
    endloop
  endfacet
  facet normal -0 0 -1
    outer loop
      vertex 39.4944 -53.8333 7
      vertex 37.8107 -54.9583 7
      vertex 39.319 -53.5968 7
    endloop
  endfacet
  facet normal 0 0 -1
    outer loop
      vertex 37.7537 -54.8815 7
      vertex 39.319 -53.5968 7
      vertex 37.8107 -54.9583 7
    endloop
  endfacet
  facet normal -0 0 -1
    outer loop
      vertex 39.319 -53.5968 7
      vertex 37.7537 -54.8815 7
      vertex 39.1213 -53.3787 7
    endloop
  endfacet
  facet normal 0 0 -1
    outer loop
      vertex 37.6894 -54.8106 7
      vertex 39.1213 -53.3787 7
      vertex 37.7537 -54.8815 7
    endloop
  endfacet
  facet normal -0 0 -1
    outer loop
      vertex 39.1213 -53.3787 7
      vertex 37.6894 -54.8106 7
      vertex 38.9032 -53.181 7
    endloop
  endfacet
  facet normal 0 0 -1
    outer loop
      vertex 37.6185 -54.7463 7
      vertex 38.9032 -53.181 7
      vertex 37.6894 -54.8106 7
    endloop
  endfacet
  facet normal -0 0 -1
    outer loop
      vertex 38.9032 -53.181 7
      vertex 37.6185 -54.7463 7
      vertex 38.6667 -53.0056 7
    endloop
  endfacet
  facet normal 0 0 -1
    outer loop
      vertex 37.5417 -54.6893 7
      vertex 38.6667 -53.0056 7
      vertex 37.6185 -54.7463 7
    endloop
  endfacet
  facet normal -0 0 -1
    outer loop
      vertex 38.6667 -53.0056 7
      vertex 37.5417 -54.6893 7
      vertex 38.4142 -52.8542 7
    endloop
  endfacet
  facet normal 0 0 -1
    outer loop
      vertex 37.4596 -54.6401 7
      vertex 38.4142 -52.8542 7
      vertex 37.5417 -54.6893 7
    endloop
  endfacet
  facet normal -0 0 -1
    outer loop
      vertex 38.4142 -52.8542 7
      vertex 37.4596 -54.6401 7
      vertex 38.148 -52.7284 7
    endloop
  endfacet
  facet normal 0 0 -1
    outer loop
      vertex 37.3731 -54.5992 7
      vertex 38.148 -52.7284 7
      vertex 37.4596 -54.6401 7
    endloop
  endfacet
  facet normal -0 0 -1
    outer loop
      vertex 38.148 -52.7284 7
      vertex 37.3731 -54.5992 7
      vertex 37.8709 -52.6292 7
    endloop
  endfacet
  facet normal 0 0 -1
    outer loop
      vertex 37.283 -54.567 7
      vertex 37.8709 -52.6292 7
      vertex 37.3731 -54.5992 7
    endloop
  endfacet
  facet normal -0 0 -1
    outer loop
      vertex 37.8709 -52.6292 7
      vertex 37.283 -54.567 7
      vertex 37.5853 -52.5576 7
    endloop
  endfacet
  facet normal 0 0 -1
    outer loop
      vertex 37.1902 -54.5437 7
      vertex 37.5853 -52.5576 7
      vertex 37.283 -54.567 7
    endloop
  endfacet
  facet normal -0 0 -1
    outer loop
      vertex 37.5853 -52.5576 7
      vertex 37.1902 -54.5437 7
      vertex 37.2941 -52.5144 7
    endloop
  endfacet
  facet normal 0 0 -1
    outer loop
      vertex 37.0956 -54.5297 7
      vertex 37.2941 -52.5144 7
      vertex 37.1902 -54.5437 7
    endloop
  endfacet
  facet normal 0 0 -1
    outer loop
      vertex 37 -54.525 7
      vertex 37.2941 -52.5144 7
      vertex 37.0956 -54.5297 7
    endloop
  endfacet
  facet normal 0 0 -1
    outer loop
      vertex 37 -54.525 7
      vertex 37 -52.5 7
      vertex 37.2941 -52.5144 7
    endloop
  endfacet
  facet normal 0 0 -1
    outer loop
      vertex 36.9044 -54.5297 7
      vertex 37 -52.5 7
      vertex 37 -54.525 7
    endloop
  endfacet
  facet normal 0 0 -1
    outer loop
      vertex 36.7059 -52.5144 7
      vertex 36.9044 -54.5297 7
      vertex 36.8098 -54.5437 7
    endloop
  endfacet
  facet normal 0 0 -1
    outer loop
      vertex 36.4147 -52.5576 7
      vertex 36.8098 -54.5437 7
      vertex 36.717 -54.567 7
    endloop
  endfacet
  facet normal 0 0 -1
    outer loop
      vertex 36.9044 -54.5297 7
      vertex 36.7059 -52.5144 7
      vertex 37 -52.5 7
    endloop
  endfacet
  facet normal 0 0 -1
    outer loop
      vertex 36.1291 -52.6292 7
      vertex 36.717 -54.567 7
      vertex 36.6269 -54.5992 7
    endloop
  endfacet
  facet normal 0 0 -1
    outer loop
      vertex 35.852 -52.7284 7
      vertex 36.6269 -54.5992 7
      vertex 36.5404 -54.6401 7
    endloop
  endfacet
  facet normal 0 0 -1
    outer loop
      vertex 35.5858 -52.8542 7
      vertex 36.5404 -54.6401 7
      vertex 36.4583 -54.6893 7
    endloop
  endfacet
  facet normal 0 0 -1
    outer loop
      vertex 36.8098 -54.5437 7
      vertex 36.4147 -52.5576 7
      vertex 36.7059 -52.5144 7
    endloop
  endfacet
  facet normal 0 0 -1
    outer loop
      vertex 35.3333 -53.0056 7
      vertex 36.4583 -54.6893 7
      vertex 36.3815 -54.7463 7
    endloop
  endfacet
  facet normal 0 0 -1
    outer loop
      vertex 35.0968 -53.181 7
      vertex 36.3815 -54.7463 7
      vertex 36.3106 -54.8106 7
    endloop
  endfacet
  facet normal 0 0 -1
    outer loop
      vertex 34.8787 -53.3787 7
      vertex 36.3106 -54.8106 7
      vertex 36.2463 -54.8815 7
    endloop
  endfacet
  facet normal 0 0 -1
    outer loop
      vertex 34.681 -53.5968 7
      vertex 36.2463 -54.8815 7
      vertex 36.1893 -54.9583 7
    endloop
  endfacet
  facet normal 0 0 -1
    outer loop
      vertex 34.5056 -53.8333 7
      vertex 36.1893 -54.9583 7
      vertex 36.1401 -55.0404 7
    endloop
  endfacet
  facet normal 0 0 -1
    outer loop
      vertex 36.717 -54.567 7
      vertex 36.1291 -52.6292 7
      vertex 36.4147 -52.5576 7
    endloop
  endfacet
  facet normal 0 0 -1
    outer loop
      vertex 34.3542 -54.0858 7
      vertex 36.1401 -55.0404 7
      vertex 36.0992 -55.1269 7
    endloop
  endfacet
  facet normal 0 0 -1
    outer loop
      vertex 34.2284 -54.352 7
      vertex 36.0992 -55.1269 7
      vertex 36.067 -55.217 7
    endloop
  endfacet
  facet normal 0 0 -1
    outer loop
      vertex 34.1292 -54.6291 7
      vertex 36.067 -55.217 7
      vertex 36.0437 -55.3098 7
    endloop
  endfacet
  facet normal 0 0 -1
    outer loop
      vertex 34.0576 -54.9147 7
      vertex 36.0437 -55.3098 7
      vertex 36.0297 -55.4044 7
    endloop
  endfacet
  facet normal 0 0 -1
    outer loop
      vertex 34.0144 -55.2059 7
      vertex 36.0297 -55.4044 7
      vertex 36.025 -55.5 7
    endloop
  endfacet
  facet normal -0 0 -1
    outer loop
      vertex 36.1893 -56.0417 7
      vertex 34.5056 -57.1667 7
      vertex 36.1401 -55.9596 7
    endloop
  endfacet
  facet normal 0 0 -1
    outer loop
      vertex 36.6269 -54.5992 7
      vertex 35.852 -52.7284 7
      vertex 36.1291 -52.6292 7
    endloop
  endfacet
  facet normal 0 0 -1
    outer loop
      vertex 34.3542 -56.9142 7
      vertex 36.1401 -55.9596 7
      vertex 34.5056 -57.1667 7
    endloop
  endfacet
  facet normal 0 0 -1
    outer loop
      vertex 36.5404 -54.6401 7
      vertex 35.5858 -52.8542 7
      vertex 35.852 -52.7284 7
    endloop
  endfacet
  facet normal -0 0 -1
    outer loop
      vertex 36.1401 -55.9596 7
      vertex 34.3542 -56.9142 7
      vertex 36.0992 -55.8731 7
    endloop
  endfacet
  facet normal 0 0 -1
    outer loop
      vertex 36.4583 -54.6893 7
      vertex 35.3333 -53.0056 7
      vertex 35.5858 -52.8542 7
    endloop
  endfacet
  facet normal 0 0 -1
    outer loop
      vertex 34.2284 -56.648 7
      vertex 36.0992 -55.8731 7
      vertex 34.3542 -56.9142 7
    endloop
  endfacet
  facet normal 0 0 -1
    outer loop
      vertex 36.3815 -54.7463 7
      vertex 35.0968 -53.181 7
      vertex 35.3333 -53.0056 7
    endloop
  endfacet
  facet normal -0 0 -1
    outer loop
      vertex 36.0992 -55.8731 7
      vertex 34.2284 -56.648 7
      vertex 36.067 -55.783 7
    endloop
  endfacet
  facet normal 0 0 -1
    outer loop
      vertex 36.3106 -54.8106 7
      vertex 34.8787 -53.3787 7
      vertex 35.0968 -53.181 7
    endloop
  endfacet
  facet normal 0 0 -1
    outer loop
      vertex 34.1292 -56.3709 7
      vertex 36.067 -55.783 7
      vertex 34.2284 -56.648 7
    endloop
  endfacet
  facet normal 0 0 -1
    outer loop
      vertex 36.2463 -54.8815 7
      vertex 34.681 -53.5968 7
      vertex 34.8787 -53.3787 7
    endloop
  endfacet
  facet normal -0 0 -1
    outer loop
      vertex 36.067 -55.783 7
      vertex 34.1292 -56.3709 7
      vertex 36.0437 -55.6902 7
    endloop
  endfacet
  facet normal 0 0 -1
    outer loop
      vertex 36.1893 -54.9583 7
      vertex 34.5056 -53.8333 7
      vertex 34.681 -53.5968 7
    endloop
  endfacet
  facet normal 0 0 -1
    outer loop
      vertex 34.0576 -56.0853 7
      vertex 36.0437 -55.6902 7
      vertex 34.1292 -56.3709 7
    endloop
  endfacet
  facet normal 0 0 -1
    outer loop
      vertex 36.1401 -55.0404 7
      vertex 34.3542 -54.0858 7
      vertex 34.5056 -53.8333 7
    endloop
  endfacet
  facet normal -0 0 -1
    outer loop
      vertex 36.0437 -55.6902 7
      vertex 34.0576 -56.0853 7
      vertex 36.0297 -55.5956 7
    endloop
  endfacet
  facet normal 0 0 -1
    outer loop
      vertex 36.0992 -55.1269 7
      vertex 34.2284 -54.352 7
      vertex 34.3542 -54.0858 7
    endloop
  endfacet
  facet normal 0 0 -1
    outer loop
      vertex 34.0144 -55.7941 7
      vertex 36.0297 -55.5956 7
      vertex 34.0576 -56.0853 7
    endloop
  endfacet
  facet normal 0 0 -1
    outer loop
      vertex 36.067 -55.217 7
      vertex 34.1292 -54.6291 7
      vertex 34.2284 -54.352 7
    endloop
  endfacet
  facet normal -0 0 -1
    outer loop
      vertex 36.0297 -55.5956 7
      vertex 34.0144 -55.7941 7
      vertex 36.025 -55.5 7
    endloop
  endfacet
  facet normal 0 0 -1
    outer loop
      vertex 36.0437 -55.3098 7
      vertex 34.0576 -54.9147 7
      vertex 34.1292 -54.6291 7
    endloop
  endfacet
  facet normal 0 0 -1
    outer loop
      vertex 34 -55.5 7
      vertex 36.025 -55.5 7
      vertex 34.0144 -55.7941 7
    endloop
  endfacet
  facet normal 0 0 -1
    outer loop
      vertex 36.0297 -55.4044 7
      vertex 34.0144 -55.2059 7
      vertex 34.0576 -54.9147 7
    endloop
  endfacet
  facet normal 0 0 -1
    outer loop
      vertex 36.025 -55.5 7
      vertex 34 -55.5 7
      vertex 34.0144 -55.2059 7
    endloop
  endfacet
  facet normal -0.337047 -0.941488 0
    outer loop
      vertex 35.852 52.7284 7
      vertex 36.1291 52.6292 22.45
      vertex 35.852 52.7284 22.45
    endloop
  endfacet
  facet normal -0.337047 -0.941488 -0
    outer loop
      vertex 36.1291 52.6292 22.45
      vertex 35.852 52.7284 7
      vertex 36.1291 52.6292 7
    endloop
  endfacet
  facet normal 0.989174 0.146746 0
    outer loop
      vertex 39.9856 55.7941 22.45
      vertex 39.9424 56.0853 7
      vertex 39.9424 56.0853 22.45
    endloop
  endfacet
  facet normal 0.989174 0.146746 0
    outer loop
      vertex 39.9424 56.0853 7
      vertex 39.9856 55.7941 22.45
      vertex 39.9856 55.7941 7
    endloop
  endfacet
  facet normal 0.998803 0.0489044 0
    outer loop
      vertex 40 55.5 22.45
      vertex 39.9856 55.7941 7
      vertex 39.9856 55.7941 22.45
    endloop
  endfacet
  facet normal 0.998803 0.0489044 0
    outer loop
      vertex 39.9856 55.7941 7
      vertex 40 55.5 22.45
      vertex 40 55.5 7
    endloop
  endfacet
  facet normal 0.969982 0.243175 0
    outer loop
      vertex 39.9424 56.0853 22.45
      vertex 39.8708 56.3709 7
      vertex 39.8708 56.3709 22.45
    endloop
  endfacet
  facet normal 0.969982 0.243175 0
    outer loop
      vertex 39.8708 56.3709 7
      vertex 39.9424 56.0853 22.45
      vertex 39.9424 56.0853 7
    endloop
  endfacet
  facet normal -0.989174 0.146746 0
    outer loop
      vertex 34.0144 55.7941 7
      vertex 34.0576 56.0853 22.45
      vertex 34.0576 56.0853 7
    endloop
  endfacet
  facet normal -0.989174 0.146746 0
    outer loop
      vertex 34.0576 56.0853 22.45
      vertex 34.0144 55.7941 7
      vertex 34.0144 55.7941 22.45
    endloop
  endfacet
  facet normal -0.243175 -0.969982 0
    outer loop
      vertex 36.1291 52.6292 7
      vertex 36.4147 52.5576 22.45
      vertex 36.1291 52.6292 22.45
    endloop
  endfacet
  facet normal -0.243175 -0.969982 -0
    outer loop
      vertex 36.4147 52.5576 22.45
      vertex 36.1291 52.6292 7
      vertex 36.4147 52.5576 7
    endloop
  endfacet
  facet normal 0.337047 0.941488 -0
    outer loop
      vertex 38.148 58.2716 7
      vertex 37.8709 58.3708 22.45
      vertex 38.148 58.2716 22.45
    endloop
  endfacet
  facet normal 0.337047 0.941488 0
    outer loop
      vertex 37.8709 58.3708 22.45
      vertex 38.148 58.2716 7
      vertex 37.8709 58.3708 7
    endloop
  endfacet
  facet normal -0.514246 0.857643 0
    outer loop
      vertex 35.5858 58.1458 7
      vertex 35.3333 57.9944 22.45
      vertex 35.5858 58.1458 22.45
    endloop
  endfacet
  facet normal -0.514246 0.857643 0
    outer loop
      vertex 35.3333 57.9944 22.45
      vertex 35.5858 58.1458 7
      vertex 35.3333 57.9944 7
    endloop
  endfacet
  facet normal -0.904125 -0.427269 0
    outer loop
      vertex 34.3542 54.0858 7
      vertex 34.2284 54.352 22.45
      vertex 34.2284 54.352 7
    endloop
  endfacet
  facet normal -0.904125 -0.427269 0
    outer loop
      vertex 34.2284 54.352 22.45
      vertex 34.3542 54.0858 7
      vertex 34.3542 54.0858 22.45
    endloop
  endfacet
  facet normal -0.243175 0.969982 0
    outer loop
      vertex 36.4147 58.4424 7
      vertex 36.1291 58.3708 22.45
      vertex 36.4147 58.4424 22.45
    endloop
  endfacet
  facet normal -0.243175 0.969982 0
    outer loop
      vertex 36.1291 58.3708 22.45
      vertex 36.4147 58.4424 7
      vertex 36.1291 58.3708 7
    endloop
  endfacet
  facet normal -0.857643 -0.514246 0
    outer loop
      vertex 34.5056 53.8333 7
      vertex 34.3542 54.0858 22.45
      vertex 34.3542 54.0858 7
    endloop
  endfacet
  facet normal -0.857643 -0.514246 0
    outer loop
      vertex 34.3542 54.0858 22.45
      vertex 34.5056 53.8333 7
      vertex 34.5056 53.8333 22.45
    endloop
  endfacet
  facet normal 0.243175 -0.969982 0
    outer loop
      vertex 37.5853 52.5576 7
      vertex 37.8709 52.6292 22.45
      vertex 37.5853 52.5576 22.45
    endloop
  endfacet
  facet normal 0.243175 -0.969982 0
    outer loop
      vertex 37.8709 52.6292 22.45
      vertex 37.5853 52.5576 7
      vertex 37.8709 52.6292 7
    endloop
  endfacet
  facet normal -0.595699 -0.803208 0
    outer loop
      vertex 35.0968 53.181 7
      vertex 35.3333 53.0056 22.45
      vertex 35.0968 53.181 22.45
    endloop
  endfacet
  facet normal -0.595699 -0.803208 -0
    outer loop
      vertex 35.3333 53.0056 22.45
      vertex 35.0968 53.181 7
      vertex 35.3333 53.0056 7
    endloop
  endfacet
  facet normal 0.514246 -0.857643 0
    outer loop
      vertex 38.4142 52.8542 7
      vertex 38.6667 53.0056 22.45
      vertex 38.4142 52.8542 22.45
    endloop
  endfacet
  facet normal 0.514246 -0.857643 0
    outer loop
      vertex 38.6667 53.0056 22.45
      vertex 38.4142 52.8542 7
      vertex 38.6667 53.0056 7
    endloop
  endfacet
  facet normal 0.803208 -0.595699 0
    outer loop
      vertex 39.319 53.5968 22.45
      vertex 39.4944 53.8333 7
      vertex 39.4944 53.8333 22.45
    endloop
  endfacet
  facet normal 0.803208 -0.595699 0
    outer loop
      vertex 39.4944 53.8333 7
      vertex 39.319 53.5968 22.45
      vertex 39.319 53.5968 7
    endloop
  endfacet
  facet normal 0.146746 0.989174 -0
    outer loop
      vertex 37.5853 58.4424 7
      vertex 37.2941 58.4856 22.45
      vertex 37.5853 58.4424 22.45
    endloop
  endfacet
  facet normal 0.146746 0.989174 0
    outer loop
      vertex 37.2941 58.4856 22.45
      vertex 37.5853 58.4424 7
      vertex 37.2941 58.4856 7
    endloop
  endfacet
  facet normal -0.595699 0.803208 0
    outer loop
      vertex 35.3333 57.9944 7
      vertex 35.0968 57.819 22.45
      vertex 35.3333 57.9944 22.45
    endloop
  endfacet
  facet normal -0.595699 0.803208 0
    outer loop
      vertex 35.0968 57.819 22.45
      vertex 35.3333 57.9944 7
      vertex 35.0968 57.819 7
    endloop
  endfacet
  facet normal -0.803208 0.595699 0
    outer loop
      vertex 34.5056 57.1667 7
      vertex 34.681 57.4032 22.45
      vertex 34.681 57.4032 7
    endloop
  endfacet
  facet normal -0.803208 0.595699 0
    outer loop
      vertex 34.681 57.4032 22.45
      vertex 34.5056 57.1667 7
      vertex 34.5056 57.1667 22.45
    endloop
  endfacet
  facet normal 0.989174 -0.146746 0
    outer loop
      vertex 39.9424 54.9147 22.45
      vertex 39.9856 55.2059 7
      vertex 39.9856 55.2059 22.45
    endloop
  endfacet
  facet normal 0.989174 -0.146746 0
    outer loop
      vertex 39.9856 55.2059 7
      vertex 39.9424 54.9147 22.45
      vertex 39.9424 54.9147 7
    endloop
  endfacet
  facet normal -0.941488 0.337047 0
    outer loop
      vertex 34.1292 56.3709 7
      vertex 34.2284 56.648 22.45
      vertex 34.2284 56.648 7
    endloop
  endfacet
  facet normal -0.941488 0.337047 0
    outer loop
      vertex 34.2284 56.648 22.45
      vertex 34.1292 56.3709 7
      vertex 34.1292 56.3709 22.45
    endloop
  endfacet
  facet normal 0.427269 0.904125 -0
    outer loop
      vertex 38.4142 58.1458 7
      vertex 38.148 58.2716 22.45
      vertex 38.4142 58.1458 22.45
    endloop
  endfacet
  facet normal 0.427269 0.904125 0
    outer loop
      vertex 38.148 58.2716 22.45
      vertex 38.4142 58.1458 7
      vertex 38.148 58.2716 7
    endloop
  endfacet
  facet normal -0.941488 -0.337047 0
    outer loop
      vertex 34.2284 54.352 7
      vertex 34.1292 54.6291 22.45
      vertex 34.1292 54.6291 7
    endloop
  endfacet
  facet normal -0.941488 -0.337047 0
    outer loop
      vertex 34.1292 54.6291 22.45
      vertex 34.2284 54.352 7
      vertex 34.2284 54.352 22.45
    endloop
  endfacet
  facet normal 0.969982 -0.243175 0
    outer loop
      vertex 39.8708 54.6291 22.45
      vertex 39.9424 54.9147 7
      vertex 39.9424 54.9147 22.45
    endloop
  endfacet
  facet normal 0.969982 -0.243175 0
    outer loop
      vertex 39.9424 54.9147 7
      vertex 39.8708 54.6291 22.45
      vertex 39.8708 54.6291 7
    endloop
  endfacet
  facet normal -0.0489044 0.998803 0
    outer loop
      vertex 37 58.5 7
      vertex 36.7059 58.4856 22.45
      vertex 37 58.5 22.45
    endloop
  endfacet
  facet normal -0.0489044 0.998803 0
    outer loop
      vertex 36.7059 58.4856 22.45
      vertex 37 58.5 7
      vertex 36.7059 58.4856 7
    endloop
  endfacet
  facet normal -0.427269 0.904125 0
    outer loop
      vertex 35.852 58.2716 7
      vertex 35.5858 58.1458 22.45
      vertex 35.852 58.2716 22.45
    endloop
  endfacet
  facet normal -0.427269 0.904125 0
    outer loop
      vertex 35.5858 58.1458 22.45
      vertex 35.852 58.2716 7
      vertex 35.5858 58.1458 7
    endloop
  endfacet
  facet normal -0.671607 0.740908 0
    outer loop
      vertex 35.0968 57.819 7
      vertex 34.8787 57.6213 22.45
      vertex 35.0968 57.819 22.45
    endloop
  endfacet
  facet normal -0.671607 0.740908 0
    outer loop
      vertex 34.8787 57.6213 22.45
      vertex 35.0968 57.819 7
      vertex 34.8787 57.6213 7
    endloop
  endfacet
  facet normal 0.337047 -0.941488 0
    outer loop
      vertex 37.8709 52.6292 7
      vertex 38.148 52.7284 22.45
      vertex 37.8709 52.6292 22.45
    endloop
  endfacet
  facet normal 0.337047 -0.941488 0
    outer loop
      vertex 38.148 52.7284 22.45
      vertex 37.8709 52.6292 7
      vertex 38.148 52.7284 7
    endloop
  endfacet
  facet normal -0.337047 0.941488 0
    outer loop
      vertex 36.1291 58.3708 7
      vertex 35.852 58.2716 22.45
      vertex 36.1291 58.3708 22.45
    endloop
  endfacet
  facet normal -0.337047 0.941488 0
    outer loop
      vertex 35.852 58.2716 22.45
      vertex 36.1291 58.3708 7
      vertex 35.852 58.2716 7
    endloop
  endfacet
  facet normal 0.803208 0.595699 0
    outer loop
      vertex 39.4944 57.1667 22.45
      vertex 39.319 57.4032 7
      vertex 39.319 57.4032 22.45
    endloop
  endfacet
  facet normal 0.803208 0.595699 0
    outer loop
      vertex 39.319 57.4032 7
      vertex 39.4944 57.1667 22.45
      vertex 39.4944 57.1667 7
    endloop
  endfacet
  facet normal -0.857643 0.514246 0
    outer loop
      vertex 34.3542 56.9142 7
      vertex 34.5056 57.1667 22.45
      vertex 34.5056 57.1667 7
    endloop
  endfacet
  facet normal -0.857643 0.514246 0
    outer loop
      vertex 34.5056 57.1667 22.45
      vertex 34.3542 56.9142 7
      vertex 34.3542 56.9142 22.45
    endloop
  endfacet
  facet normal 0.998803 -0.0489044 0
    outer loop
      vertex 39.9856 55.2059 22.45
      vertex 40 55.5 7
      vertex 40 55.5 22.45
    endloop
  endfacet
  facet normal 0.998803 -0.0489044 0
    outer loop
      vertex 40 55.5 7
      vertex 39.9856 55.2059 22.45
      vertex 39.9856 55.2059 7
    endloop
  endfacet
  facet normal 0.904125 -0.427269 0
    outer loop
      vertex 39.6458 54.0858 22.45
      vertex 39.7716 54.352 7
      vertex 39.7716 54.352 22.45
    endloop
  endfacet
  facet normal 0.904125 -0.427269 0
    outer loop
      vertex 39.7716 54.352 7
      vertex 39.6458 54.0858 22.45
      vertex 39.6458 54.0858 7
    endloop
  endfacet
  facet normal -0.671607 -0.740908 0
    outer loop
      vertex 34.8787 53.3787 7
      vertex 35.0968 53.181 22.45
      vertex 34.8787 53.3787 22.45
    endloop
  endfacet
  facet normal -0.671607 -0.740908 -0
    outer loop
      vertex 35.0968 53.181 22.45
      vertex 34.8787 53.3787 7
      vertex 35.0968 53.181 7
    endloop
  endfacet
  facet normal 0.595699 0.803208 -0
    outer loop
      vertex 38.9032 57.819 7
      vertex 38.6667 57.9944 22.45
      vertex 38.9032 57.819 22.45
    endloop
  endfacet
  facet normal 0.595699 0.803208 0
    outer loop
      vertex 38.6667 57.9944 22.45
      vertex 38.9032 57.819 7
      vertex 38.6667 57.9944 7
    endloop
  endfacet
  facet normal -0.514246 -0.857643 0
    outer loop
      vertex 35.3333 53.0056 7
      vertex 35.5858 52.8542 22.45
      vertex 35.3333 53.0056 22.45
    endloop
  endfacet
  facet normal -0.514246 -0.857643 -0
    outer loop
      vertex 35.5858 52.8542 22.45
      vertex 35.3333 53.0056 7
      vertex 35.5858 52.8542 7
    endloop
  endfacet
  facet normal 0.514246 0.857643 -0
    outer loop
      vertex 38.6667 57.9944 7
      vertex 38.4142 58.1458 22.45
      vertex 38.6667 57.9944 22.45
    endloop
  endfacet
  facet normal 0.514246 0.857643 0
    outer loop
      vertex 38.4142 58.1458 22.45
      vertex 38.6667 57.9944 7
      vertex 38.4142 58.1458 7
    endloop
  endfacet
  facet normal 0.146746 -0.989174 0
    outer loop
      vertex 37.2941 52.5144 7
      vertex 37.5853 52.5576 22.45
      vertex 37.2941 52.5144 22.45
    endloop
  endfacet
  facet normal 0.146746 -0.989174 0
    outer loop
      vertex 37.5853 52.5576 22.45
      vertex 37.2941 52.5144 7
      vertex 37.5853 52.5576 7
    endloop
  endfacet
  facet normal 0.941488 0.337047 0
    outer loop
      vertex 39.8708 56.3709 22.45
      vertex 39.7716 56.648 7
      vertex 39.7716 56.648 22.45
    endloop
  endfacet
  facet normal 0.941488 0.337047 0
    outer loop
      vertex 39.7716 56.648 7
      vertex 39.8708 56.3709 22.45
      vertex 39.8708 56.3709 7
    endloop
  endfacet
  facet normal 0.857643 -0.514246 0
    outer loop
      vertex 39.4944 53.8333 22.45
      vertex 39.6458 54.0858 7
      vertex 39.6458 54.0858 22.45
    endloop
  endfacet
  facet normal 0.857643 -0.514246 0
    outer loop
      vertex 39.6458 54.0858 7
      vertex 39.4944 53.8333 22.45
      vertex 39.4944 53.8333 7
    endloop
  endfacet
  facet normal -0.998803 -0.0489044 0
    outer loop
      vertex 34.0144 55.2059 7
      vertex 34 55.5 22.45
      vertex 34 55.5 7
    endloop
  endfacet
  facet normal -0.998803 -0.0489044 0
    outer loop
      vertex 34 55.5 22.45
      vertex 34.0144 55.2059 7
      vertex 34.0144 55.2059 22.45
    endloop
  endfacet
  facet normal 0.941488 -0.337047 0
    outer loop
      vertex 39.7716 54.352 22.45
      vertex 39.8708 54.6291 7
      vertex 39.8708 54.6291 22.45
    endloop
  endfacet
  facet normal 0.941488 -0.337047 0
    outer loop
      vertex 39.8708 54.6291 7
      vertex 39.7716 54.352 22.45
      vertex 39.7716 54.352 7
    endloop
  endfacet
  facet normal 0.740908 0.671607 0
    outer loop
      vertex 39.319 57.4032 22.45
      vertex 39.1213 57.6213 7
      vertex 39.1213 57.6213 22.45
    endloop
  endfacet
  facet normal 0.740908 0.671607 0
    outer loop
      vertex 39.1213 57.6213 7
      vertex 39.319 57.4032 22.45
      vertex 39.319 57.4032 7
    endloop
  endfacet
  facet normal 0.0489044 0.998803 -0
    outer loop
      vertex 37.2941 58.4856 7
      vertex 37 58.5 22.45
      vertex 37.2941 58.4856 22.45
    endloop
  endfacet
  facet normal 0.0489044 0.998803 0
    outer loop
      vertex 37 58.5 22.45
      vertex 37.2941 58.4856 7
      vertex 37 58.5 7
    endloop
  endfacet
  facet normal 0.904125 0.427269 0
    outer loop
      vertex 39.7716 56.648 22.45
      vertex 39.6458 56.9142 7
      vertex 39.6458 56.9142 22.45
    endloop
  endfacet
  facet normal 0.904125 0.427269 0
    outer loop
      vertex 39.6458 56.9142 7
      vertex 39.7716 56.648 22.45
      vertex 39.7716 56.648 7
    endloop
  endfacet
  facet normal -0.146746 -0.989174 0
    outer loop
      vertex 36.4147 52.5576 7
      vertex 36.7059 52.5144 22.45
      vertex 36.4147 52.5576 22.45
    endloop
  endfacet
  facet normal -0.146746 -0.989174 -0
    outer loop
      vertex 36.7059 52.5144 22.45
      vertex 36.4147 52.5576 7
      vertex 36.7059 52.5144 7
    endloop
  endfacet
  facet normal 0.671607 -0.740908 0
    outer loop
      vertex 38.9032 53.181 7
      vertex 39.1213 53.3787 22.45
      vertex 38.9032 53.181 22.45
    endloop
  endfacet
  facet normal 0.671607 -0.740908 0
    outer loop
      vertex 39.1213 53.3787 22.45
      vertex 38.9032 53.181 7
      vertex 39.1213 53.3787 7
    endloop
  endfacet
  facet normal 0.857643 0.514246 0
    outer loop
      vertex 39.6458 56.9142 22.45
      vertex 39.4944 57.1667 7
      vertex 39.4944 57.1667 22.45
    endloop
  endfacet
  facet normal 0.857643 0.514246 0
    outer loop
      vertex 39.4944 57.1667 7
      vertex 39.6458 56.9142 22.45
      vertex 39.6458 56.9142 7
    endloop
  endfacet
  facet normal -0.0489044 -0.998803 0
    outer loop
      vertex 36.7059 52.5144 7
      vertex 37 52.5 22.45
      vertex 36.7059 52.5144 22.45
    endloop
  endfacet
  facet normal -0.0489044 -0.998803 -0
    outer loop
      vertex 37 52.5 22.45
      vertex 36.7059 52.5144 7
      vertex 37 52.5 7
    endloop
  endfacet
  facet normal -0.740908 0.671607 0
    outer loop
      vertex 34.681 57.4032 7
      vertex 34.8787 57.6213 22.45
      vertex 34.8787 57.6213 7
    endloop
  endfacet
  facet normal -0.740908 0.671607 0
    outer loop
      vertex 34.8787 57.6213 22.45
      vertex 34.681 57.4032 7
      vertex 34.681 57.4032 22.45
    endloop
  endfacet
  facet normal 0.671607 0.740908 -0
    outer loop
      vertex 39.1213 57.6213 7
      vertex 38.9032 57.819 22.45
      vertex 39.1213 57.6213 22.45
    endloop
  endfacet
  facet normal 0.671607 0.740908 0
    outer loop
      vertex 38.9032 57.819 22.45
      vertex 39.1213 57.6213 7
      vertex 38.9032 57.819 7
    endloop
  endfacet
  facet normal -0.146746 0.989174 0
    outer loop
      vertex 36.7059 58.4856 7
      vertex 36.4147 58.4424 22.45
      vertex 36.7059 58.4856 22.45
    endloop
  endfacet
  facet normal -0.146746 0.989174 0
    outer loop
      vertex 36.4147 58.4424 22.45
      vertex 36.7059 58.4856 7
      vertex 36.4147 58.4424 7
    endloop
  endfacet
  facet normal -0.904125 0.427269 0
    outer loop
      vertex 34.2284 56.648 7
      vertex 34.3542 56.9142 22.45
      vertex 34.3542 56.9142 7
    endloop
  endfacet
  facet normal -0.904125 0.427269 0
    outer loop
      vertex 34.3542 56.9142 22.45
      vertex 34.2284 56.648 7
      vertex 34.2284 56.648 22.45
    endloop
  endfacet
  facet normal -0.969982 0.243175 0
    outer loop
      vertex 34.0576 56.0853 7
      vertex 34.1292 56.3709 22.45
      vertex 34.1292 56.3709 7
    endloop
  endfacet
  facet normal -0.969982 0.243175 0
    outer loop
      vertex 34.1292 56.3709 22.45
      vertex 34.0576 56.0853 7
      vertex 34.0576 56.0853 22.45
    endloop
  endfacet
  facet normal 0.243175 0.969982 -0
    outer loop
      vertex 37.8709 58.3708 7
      vertex 37.5853 58.4424 22.45
      vertex 37.8709 58.3708 22.45
    endloop
  endfacet
  facet normal 0.243175 0.969982 0
    outer loop
      vertex 37.5853 58.4424 22.45
      vertex 37.8709 58.3708 7
      vertex 37.5853 58.4424 7
    endloop
  endfacet
  facet normal -0.969982 -0.243175 0
    outer loop
      vertex 34.1292 54.6291 7
      vertex 34.0576 54.9147 22.45
      vertex 34.0576 54.9147 7
    endloop
  endfacet
  facet normal -0.969982 -0.243175 0
    outer loop
      vertex 34.0576 54.9147 22.45
      vertex 34.1292 54.6291 7
      vertex 34.1292 54.6291 22.45
    endloop
  endfacet
  facet normal -0.427269 -0.904125 0
    outer loop
      vertex 35.5858 52.8542 7
      vertex 35.852 52.7284 22.45
      vertex 35.5858 52.8542 22.45
    endloop
  endfacet
  facet normal -0.427269 -0.904125 -0
    outer loop
      vertex 35.852 52.7284 22.45
      vertex 35.5858 52.8542 7
      vertex 35.852 52.7284 7
    endloop
  endfacet
  facet normal -0.740908 -0.671607 0
    outer loop
      vertex 34.8787 53.3787 7
      vertex 34.681 53.5968 22.45
      vertex 34.681 53.5968 7
    endloop
  endfacet
  facet normal -0.740908 -0.671607 0
    outer loop
      vertex 34.681 53.5968 22.45
      vertex 34.8787 53.3787 7
      vertex 34.8787 53.3787 22.45
    endloop
  endfacet
  facet normal 0.427269 -0.904125 0
    outer loop
      vertex 38.148 52.7284 7
      vertex 38.4142 52.8542 22.45
      vertex 38.148 52.7284 22.45
    endloop
  endfacet
  facet normal 0.427269 -0.904125 0
    outer loop
      vertex 38.4142 52.8542 22.45
      vertex 38.148 52.7284 7
      vertex 38.4142 52.8542 7
    endloop
  endfacet
  facet normal 0.0489044 -0.998803 0
    outer loop
      vertex 37 52.5 7
      vertex 37.2941 52.5144 22.45
      vertex 37 52.5 22.45
    endloop
  endfacet
  facet normal 0.0489044 -0.998803 0
    outer loop
      vertex 37.2941 52.5144 22.45
      vertex 37 52.5 7
      vertex 37.2941 52.5144 7
    endloop
  endfacet
  facet normal -0.989174 -0.146746 0
    outer loop
      vertex 34.0576 54.9147 7
      vertex 34.0144 55.2059 22.45
      vertex 34.0144 55.2059 7
    endloop
  endfacet
  facet normal -0.989174 -0.146746 0
    outer loop
      vertex 34.0144 55.2059 22.45
      vertex 34.0576 54.9147 7
      vertex 34.0576 54.9147 22.45
    endloop
  endfacet
  facet normal 0.595699 -0.803208 0
    outer loop
      vertex 38.6667 53.0056 7
      vertex 38.9032 53.181 22.45
      vertex 38.6667 53.0056 22.45
    endloop
  endfacet
  facet normal 0.595699 -0.803208 0
    outer loop
      vertex 38.9032 53.181 22.45
      vertex 38.6667 53.0056 7
      vertex 38.9032 53.181 7
    endloop
  endfacet
  facet normal 0 0 -1
    outer loop
      vertex 37.975 55.5 7
      vertex 40 55.5 7
      vertex 39.9856 55.2059 7
    endloop
  endfacet
  facet normal 0 0 -1
    outer loop
      vertex 37.9703 55.4044 7
      vertex 39.9856 55.2059 7
      vertex 39.9424 54.9147 7
    endloop
  endfacet
  facet normal 0 0 -1
    outer loop
      vertex 40 55.5 7
      vertex 37.975 55.5 7
      vertex 39.9856 55.7941 7
    endloop
  endfacet
  facet normal 0 0 -1
    outer loop
      vertex 37.9563 55.3098 7
      vertex 39.9424 54.9147 7
      vertex 39.8708 54.6291 7
    endloop
  endfacet
  facet normal 0 0 -1
    outer loop
      vertex 37.9703 55.5956 7
      vertex 39.9856 55.7941 7
      vertex 37.975 55.5 7
    endloop
  endfacet
  facet normal 0 0 -1
    outer loop
      vertex 37.933 55.217 7
      vertex 39.8708 54.6291 7
      vertex 39.7716 54.352 7
    endloop
  endfacet
  facet normal -0 0 -1
    outer loop
      vertex 39.9856 55.7941 7
      vertex 37.9703 55.5956 7
      vertex 39.9424 56.0853 7
    endloop
  endfacet
  facet normal 0 0 -1
    outer loop
      vertex 37.9008 55.1269 7
      vertex 39.7716 54.352 7
      vertex 39.6458 54.0858 7
    endloop
  endfacet
  facet normal 0 0 -1
    outer loop
      vertex 37.9563 55.6902 7
      vertex 39.9424 56.0853 7
      vertex 37.9703 55.5956 7
    endloop
  endfacet
  facet normal 0 0 -1
    outer loop
      vertex 37.8599 55.0404 7
      vertex 39.6458 54.0858 7
      vertex 39.4944 53.8333 7
    endloop
  endfacet
  facet normal -0 0 -1
    outer loop
      vertex 39.9424 56.0853 7
      vertex 37.9563 55.6902 7
      vertex 39.8708 56.3709 7
    endloop
  endfacet
  facet normal 0 0 -1
    outer loop
      vertex 37.8107 54.9583 7
      vertex 39.4944 53.8333 7
      vertex 39.319 53.5968 7
    endloop
  endfacet
  facet normal 0 0 -1
    outer loop
      vertex 37.933 55.783 7
      vertex 39.8708 56.3709 7
      vertex 37.9563 55.6902 7
    endloop
  endfacet
  facet normal 0 0 -1
    outer loop
      vertex 37.7537 54.8815 7
      vertex 39.319 53.5968 7
      vertex 39.1213 53.3787 7
    endloop
  endfacet
  facet normal -0 0 -1
    outer loop
      vertex 39.8708 56.3709 7
      vertex 37.933 55.783 7
      vertex 39.7716 56.648 7
    endloop
  endfacet
  facet normal 0 0 -1
    outer loop
      vertex 37.6894 54.8106 7
      vertex 39.1213 53.3787 7
      vertex 38.9032 53.181 7
    endloop
  endfacet
  facet normal 0 0 -1
    outer loop
      vertex 37.9008 55.8731 7
      vertex 39.7716 56.648 7
      vertex 37.933 55.783 7
    endloop
  endfacet
  facet normal 0 0 -1
    outer loop
      vertex 37.6185 54.7463 7
      vertex 38.9032 53.181 7
      vertex 38.6667 53.0056 7
    endloop
  endfacet
  facet normal -0 0 -1
    outer loop
      vertex 39.7716 56.648 7
      vertex 37.9008 55.8731 7
      vertex 39.6458 56.9142 7
    endloop
  endfacet
  facet normal 0 0 -1
    outer loop
      vertex 37.5417 54.6893 7
      vertex 38.6667 53.0056 7
      vertex 38.4142 52.8542 7
    endloop
  endfacet
  facet normal 0 0 -1
    outer loop
      vertex 37.8599 55.9596 7
      vertex 39.6458 56.9142 7
      vertex 37.9008 55.8731 7
    endloop
  endfacet
  facet normal 0 0 -1
    outer loop
      vertex 37.4596 54.6401 7
      vertex 38.4142 52.8542 7
      vertex 38.148 52.7284 7
    endloop
  endfacet
  facet normal -0 0 -1
    outer loop
      vertex 39.6458 56.9142 7
      vertex 37.8599 55.9596 7
      vertex 39.4944 57.1667 7
    endloop
  endfacet
  facet normal 0 0 -1
    outer loop
      vertex 37.8107 56.0417 7
      vertex 39.4944 57.1667 7
      vertex 37.8599 55.9596 7
    endloop
  endfacet
  facet normal 0 0 -1
    outer loop
      vertex 39.9856 55.2059 7
      vertex 37.9703 55.4044 7
      vertex 37.975 55.5 7
    endloop
  endfacet
  facet normal 0 0 -1
    outer loop
      vertex 39.9424 54.9147 7
      vertex 37.9563 55.3098 7
      vertex 37.9703 55.4044 7
    endloop
  endfacet
  facet normal 0 0 -1
    outer loop
      vertex 39.8708 54.6291 7
      vertex 37.933 55.217 7
      vertex 37.9563 55.3098 7
    endloop
  endfacet
  facet normal 0 0 -1
    outer loop
      vertex 39.7716 54.352 7
      vertex 37.9008 55.1269 7
      vertex 37.933 55.217 7
    endloop
  endfacet
  facet normal 0 0 -1
    outer loop
      vertex 37.3731 54.5992 7
      vertex 38.148 52.7284 7
      vertex 37.8709 52.6292 7
    endloop
  endfacet
  facet normal 0 0 -1
    outer loop
      vertex 39.6458 54.0858 7
      vertex 37.8599 55.0404 7
      vertex 37.9008 55.1269 7
    endloop
  endfacet
  facet normal 0 0 -1
    outer loop
      vertex 39.4944 53.8333 7
      vertex 37.8107 54.9583 7
      vertex 37.8599 55.0404 7
    endloop
  endfacet
  facet normal 0 0 -1
    outer loop
      vertex 39.319 53.5968 7
      vertex 37.7537 54.8815 7
      vertex 37.8107 54.9583 7
    endloop
  endfacet
  facet normal 0 0 -1
    outer loop
      vertex 39.1213 53.3787 7
      vertex 37.6894 54.8106 7
      vertex 37.7537 54.8815 7
    endloop
  endfacet
  facet normal 0 0 -1
    outer loop
      vertex 38.9032 53.181 7
      vertex 37.6185 54.7463 7
      vertex 37.6894 54.8106 7
    endloop
  endfacet
  facet normal 0 0 -1
    outer loop
      vertex 37.283 54.567 7
      vertex 37.8709 52.6292 7
      vertex 37.5853 52.5576 7
    endloop
  endfacet
  facet normal 0 0 -1
    outer loop
      vertex 38.6667 53.0056 7
      vertex 37.5417 54.6893 7
      vertex 37.6185 54.7463 7
    endloop
  endfacet
  facet normal 0 0 -1
    outer loop
      vertex 38.4142 52.8542 7
      vertex 37.4596 54.6401 7
      vertex 37.5417 54.6893 7
    endloop
  endfacet
  facet normal 0 0 -1
    outer loop
      vertex 38.148 52.7284 7
      vertex 37.3731 54.5992 7
      vertex 37.4596 54.6401 7
    endloop
  endfacet
  facet normal 0 0 -1
    outer loop
      vertex 37.1902 54.5437 7
      vertex 37.5853 52.5576 7
      vertex 37.2941 52.5144 7
    endloop
  endfacet
  facet normal 0 0 -1
    outer loop
      vertex 37.8709 52.6292 7
      vertex 37.283 54.567 7
      vertex 37.3731 54.5992 7
    endloop
  endfacet
  facet normal 0 0 -1
    outer loop
      vertex 37.5853 52.5576 7
      vertex 37.1902 54.5437 7
      vertex 37.283 54.567 7
    endloop
  endfacet
  facet normal 0 0 -1
    outer loop
      vertex 37.2941 52.5144 7
      vertex 37.0956 54.5297 7
      vertex 37.1902 54.5437 7
    endloop
  endfacet
  facet normal 0 0 -1
    outer loop
      vertex 37 52.5 7
      vertex 37.0956 54.5297 7
      vertex 37.2941 52.5144 7
    endloop
  endfacet
  facet normal 0 0 -1
    outer loop
      vertex 37 52.5 7
      vertex 37 54.525 7
      vertex 37.0956 54.5297 7
    endloop
  endfacet
  facet normal 0 0 -1
    outer loop
      vertex 37 52.5 7
      vertex 36.9044 54.5297 7
      vertex 37 54.525 7
    endloop
  endfacet
  facet normal 0 0 -1
    outer loop
      vertex 36.7059 52.5144 7
      vertex 36.9044 54.5297 7
      vertex 37 52.5 7
    endloop
  endfacet
  facet normal -0 0 -1
    outer loop
      vertex 36.9044 54.5297 7
      vertex 36.7059 52.5144 7
      vertex 36.8098 54.5437 7
    endloop
  endfacet
  facet normal 0 0 -1
    outer loop
      vertex 36.4147 52.5576 7
      vertex 36.8098 54.5437 7
      vertex 36.7059 52.5144 7
    endloop
  endfacet
  facet normal -0 0 -1
    outer loop
      vertex 36.8098 54.5437 7
      vertex 36.4147 52.5576 7
      vertex 36.717 54.567 7
    endloop
  endfacet
  facet normal 0 0 -1
    outer loop
      vertex 36.1291 52.6292 7
      vertex 36.717 54.567 7
      vertex 36.4147 52.5576 7
    endloop
  endfacet
  facet normal -0 0 -1
    outer loop
      vertex 36.717 54.567 7
      vertex 36.1291 52.6292 7
      vertex 36.6269 54.5992 7
    endloop
  endfacet
  facet normal 0 0 -1
    outer loop
      vertex 35.852 52.7284 7
      vertex 36.6269 54.5992 7
      vertex 36.1291 52.6292 7
    endloop
  endfacet
  facet normal -0 0 -1
    outer loop
      vertex 36.6269 54.5992 7
      vertex 35.852 52.7284 7
      vertex 36.5404 54.6401 7
    endloop
  endfacet
  facet normal 0 0 -1
    outer loop
      vertex 35.5858 52.8542 7
      vertex 36.5404 54.6401 7
      vertex 35.852 52.7284 7
    endloop
  endfacet
  facet normal -0 0 -1
    outer loop
      vertex 36.5404 54.6401 7
      vertex 35.5858 52.8542 7
      vertex 36.4583 54.6893 7
    endloop
  endfacet
  facet normal 0 0 -1
    outer loop
      vertex 35.3333 53.0056 7
      vertex 36.4583 54.6893 7
      vertex 35.5858 52.8542 7
    endloop
  endfacet
  facet normal -0 0 -1
    outer loop
      vertex 36.4583 54.6893 7
      vertex 35.3333 53.0056 7
      vertex 36.3815 54.7463 7
    endloop
  endfacet
  facet normal 0 0 -1
    outer loop
      vertex 35.0968 53.181 7
      vertex 36.3815 54.7463 7
      vertex 35.3333 53.0056 7
    endloop
  endfacet
  facet normal -0 0 -1
    outer loop
      vertex 36.3815 54.7463 7
      vertex 35.0968 53.181 7
      vertex 36.3106 54.8106 7
    endloop
  endfacet
  facet normal 0 0 -1
    outer loop
      vertex 34.8787 53.3787 7
      vertex 36.3106 54.8106 7
      vertex 35.0968 53.181 7
    endloop
  endfacet
  facet normal -0 0 -1
    outer loop
      vertex 36.3106 54.8106 7
      vertex 34.8787 53.3787 7
      vertex 36.2463 54.8815 7
    endloop
  endfacet
  facet normal 0 0 -1
    outer loop
      vertex 34.681 53.5968 7
      vertex 36.2463 54.8815 7
      vertex 34.8787 53.3787 7
    endloop
  endfacet
  facet normal -0 0 -1
    outer loop
      vertex 36.2463 54.8815 7
      vertex 34.681 53.5968 7
      vertex 36.1893 54.9583 7
    endloop
  endfacet
  facet normal 0 0 -1
    outer loop
      vertex 34.5056 53.8333 7
      vertex 36.1893 54.9583 7
      vertex 34.681 53.5968 7
    endloop
  endfacet
  facet normal -0 0 -1
    outer loop
      vertex 39.4944 57.1667 7
      vertex 37.8107 56.0417 7
      vertex 39.319 57.4032 7
    endloop
  endfacet
  facet normal 0 0 -1
    outer loop
      vertex 37.7537 56.1185 7
      vertex 39.319 57.4032 7
      vertex 37.8107 56.0417 7
    endloop
  endfacet
  facet normal -0 0 -1
    outer loop
      vertex 39.319 57.4032 7
      vertex 37.7537 56.1185 7
      vertex 39.1213 57.6213 7
    endloop
  endfacet
  facet normal 0 0 -1
    outer loop
      vertex 37.6894 56.1894 7
      vertex 39.1213 57.6213 7
      vertex 37.7537 56.1185 7
    endloop
  endfacet
  facet normal -0 0 -1
    outer loop
      vertex 39.1213 57.6213 7
      vertex 37.6894 56.1894 7
      vertex 38.9032 57.819 7
    endloop
  endfacet
  facet normal 0 0 -1
    outer loop
      vertex 37.6185 56.2537 7
      vertex 38.9032 57.819 7
      vertex 37.6894 56.1894 7
    endloop
  endfacet
  facet normal -0 0 -1
    outer loop
      vertex 38.9032 57.819 7
      vertex 37.6185 56.2537 7
      vertex 38.6667 57.9944 7
    endloop
  endfacet
  facet normal 0 0 -1
    outer loop
      vertex 37.5417 56.3107 7
      vertex 38.6667 57.9944 7
      vertex 37.6185 56.2537 7
    endloop
  endfacet
  facet normal -0 0 -1
    outer loop
      vertex 38.6667 57.9944 7
      vertex 37.5417 56.3107 7
      vertex 38.4142 58.1458 7
    endloop
  endfacet
  facet normal 0 0 -1
    outer loop
      vertex 37.4596 56.3599 7
      vertex 38.4142 58.1458 7
      vertex 37.5417 56.3107 7
    endloop
  endfacet
  facet normal -0 0 -1
    outer loop
      vertex 38.4142 58.1458 7
      vertex 37.4596 56.3599 7
      vertex 38.148 58.2716 7
    endloop
  endfacet
  facet normal 0 0 -1
    outer loop
      vertex 37.3731 56.4008 7
      vertex 38.148 58.2716 7
      vertex 37.4596 56.3599 7
    endloop
  endfacet
  facet normal -0 0 -1
    outer loop
      vertex 38.148 58.2716 7
      vertex 37.3731 56.4008 7
      vertex 37.8709 58.3708 7
    endloop
  endfacet
  facet normal 0 0 -1
    outer loop
      vertex 37.283 56.433 7
      vertex 37.8709 58.3708 7
      vertex 37.3731 56.4008 7
    endloop
  endfacet
  facet normal -0 0 -1
    outer loop
      vertex 37.8709 58.3708 7
      vertex 37.283 56.433 7
      vertex 37.5853 58.4424 7
    endloop
  endfacet
  facet normal 0 0 -1
    outer loop
      vertex 37.1902 56.4563 7
      vertex 37.5853 58.4424 7
      vertex 37.283 56.433 7
    endloop
  endfacet
  facet normal -0 0 -1
    outer loop
      vertex 37.5853 58.4424 7
      vertex 37.1902 56.4563 7
      vertex 37.2941 58.4856 7
    endloop
  endfacet
  facet normal 0 0 -1
    outer loop
      vertex 37.0956 56.4703 7
      vertex 37.2941 58.4856 7
      vertex 37.1902 56.4563 7
    endloop
  endfacet
  facet normal 0 0 -1
    outer loop
      vertex 37 56.475 7
      vertex 37.2941 58.4856 7
      vertex 37.0956 56.4703 7
    endloop
  endfacet
  facet normal 0 0 -1
    outer loop
      vertex 37 56.475 7
      vertex 37 58.5 7
      vertex 37.2941 58.4856 7
    endloop
  endfacet
  facet normal 0 0 -1
    outer loop
      vertex 36.9044 56.4703 7
      vertex 37 58.5 7
      vertex 37 56.475 7
    endloop
  endfacet
  facet normal 0 0 -1
    outer loop
      vertex 36.7059 58.4856 7
      vertex 36.9044 56.4703 7
      vertex 36.8098 56.4563 7
    endloop
  endfacet
  facet normal 0 0 -1
    outer loop
      vertex 36.4147 58.4424 7
      vertex 36.8098 56.4563 7
      vertex 36.717 56.433 7
    endloop
  endfacet
  facet normal 0 0 -1
    outer loop
      vertex 36.9044 56.4703 7
      vertex 36.7059 58.4856 7
      vertex 37 58.5 7
    endloop
  endfacet
  facet normal 0 0 -1
    outer loop
      vertex 36.1291 58.3708 7
      vertex 36.717 56.433 7
      vertex 36.6269 56.4008 7
    endloop
  endfacet
  facet normal 0 0 -1
    outer loop
      vertex 35.852 58.2716 7
      vertex 36.6269 56.4008 7
      vertex 36.5404 56.3599 7
    endloop
  endfacet
  facet normal 0 0 -1
    outer loop
      vertex 35.5858 58.1458 7
      vertex 36.5404 56.3599 7
      vertex 36.4583 56.3107 7
    endloop
  endfacet
  facet normal 0 0 -1
    outer loop
      vertex 36.8098 56.4563 7
      vertex 36.4147 58.4424 7
      vertex 36.7059 58.4856 7
    endloop
  endfacet
  facet normal 0 0 -1
    outer loop
      vertex 35.3333 57.9944 7
      vertex 36.4583 56.3107 7
      vertex 36.3815 56.2537 7
    endloop
  endfacet
  facet normal 0 0 -1
    outer loop
      vertex 35.0968 57.819 7
      vertex 36.3815 56.2537 7
      vertex 36.3106 56.1894 7
    endloop
  endfacet
  facet normal 0 0 -1
    outer loop
      vertex 34.8787 57.6213 7
      vertex 36.3106 56.1894 7
      vertex 36.2463 56.1185 7
    endloop
  endfacet
  facet normal 0 0 -1
    outer loop
      vertex 34.681 57.4032 7
      vertex 36.2463 56.1185 7
      vertex 36.1893 56.0417 7
    endloop
  endfacet
  facet normal 0 0 -1
    outer loop
      vertex 34.5056 57.1667 7
      vertex 36.1893 56.0417 7
      vertex 36.1401 55.9596 7
    endloop
  endfacet
  facet normal 0 0 -1
    outer loop
      vertex 36.717 56.433 7
      vertex 36.1291 58.3708 7
      vertex 36.4147 58.4424 7
    endloop
  endfacet
  facet normal 0 0 -1
    outer loop
      vertex 34.3542 56.9142 7
      vertex 36.1401 55.9596 7
      vertex 36.0992 55.8731 7
    endloop
  endfacet
  facet normal 0 0 -1
    outer loop
      vertex 34.2284 56.648 7
      vertex 36.0992 55.8731 7
      vertex 36.067 55.783 7
    endloop
  endfacet
  facet normal 0 0 -1
    outer loop
      vertex 34.1292 56.3709 7
      vertex 36.067 55.783 7
      vertex 36.0437 55.6902 7
    endloop
  endfacet
  facet normal 0 0 -1
    outer loop
      vertex 34.0576 56.0853 7
      vertex 36.0437 55.6902 7
      vertex 36.0297 55.5956 7
    endloop
  endfacet
  facet normal 0 0 -1
    outer loop
      vertex 34.0144 55.7941 7
      vertex 36.0297 55.5956 7
      vertex 36.025 55.5 7
    endloop
  endfacet
  facet normal -0 0 -1
    outer loop
      vertex 36.1893 54.9583 7
      vertex 34.5056 53.8333 7
      vertex 36.1401 55.0404 7
    endloop
  endfacet
  facet normal 0 0 -1
    outer loop
      vertex 36.6269 56.4008 7
      vertex 35.852 58.2716 7
      vertex 36.1291 58.3708 7
    endloop
  endfacet
  facet normal 0 0 -1
    outer loop
      vertex 34.3542 54.0858 7
      vertex 36.1401 55.0404 7
      vertex 34.5056 53.8333 7
    endloop
  endfacet
  facet normal 0 0 -1
    outer loop
      vertex 36.5404 56.3599 7
      vertex 35.5858 58.1458 7
      vertex 35.852 58.2716 7
    endloop
  endfacet
  facet normal -0 0 -1
    outer loop
      vertex 36.1401 55.0404 7
      vertex 34.3542 54.0858 7
      vertex 36.0992 55.1269 7
    endloop
  endfacet
  facet normal 0 0 -1
    outer loop
      vertex 36.4583 56.3107 7
      vertex 35.3333 57.9944 7
      vertex 35.5858 58.1458 7
    endloop
  endfacet
  facet normal 0 0 -1
    outer loop
      vertex 34.2284 54.352 7
      vertex 36.0992 55.1269 7
      vertex 34.3542 54.0858 7
    endloop
  endfacet
  facet normal 0 0 -1
    outer loop
      vertex 36.3815 56.2537 7
      vertex 35.0968 57.819 7
      vertex 35.3333 57.9944 7
    endloop
  endfacet
  facet normal -0 0 -1
    outer loop
      vertex 36.0992 55.1269 7
      vertex 34.2284 54.352 7
      vertex 36.067 55.217 7
    endloop
  endfacet
  facet normal 0 0 -1
    outer loop
      vertex 36.3106 56.1894 7
      vertex 34.8787 57.6213 7
      vertex 35.0968 57.819 7
    endloop
  endfacet
  facet normal 0 0 -1
    outer loop
      vertex 34.1292 54.6291 7
      vertex 36.067 55.217 7
      vertex 34.2284 54.352 7
    endloop
  endfacet
  facet normal 0 0 -1
    outer loop
      vertex 36.2463 56.1185 7
      vertex 34.681 57.4032 7
      vertex 34.8787 57.6213 7
    endloop
  endfacet
  facet normal -0 0 -1
    outer loop
      vertex 36.067 55.217 7
      vertex 34.1292 54.6291 7
      vertex 36.0437 55.3098 7
    endloop
  endfacet
  facet normal 0 0 -1
    outer loop
      vertex 36.1893 56.0417 7
      vertex 34.5056 57.1667 7
      vertex 34.681 57.4032 7
    endloop
  endfacet
  facet normal 0 0 -1
    outer loop
      vertex 34.0576 54.9147 7
      vertex 36.0437 55.3098 7
      vertex 34.1292 54.6291 7
    endloop
  endfacet
  facet normal 0 0 -1
    outer loop
      vertex 36.1401 55.9596 7
      vertex 34.3542 56.9142 7
      vertex 34.5056 57.1667 7
    endloop
  endfacet
  facet normal -0 0 -1
    outer loop
      vertex 36.0437 55.3098 7
      vertex 34.0576 54.9147 7
      vertex 36.0297 55.4044 7
    endloop
  endfacet
  facet normal 0 0 -1
    outer loop
      vertex 36.0992 55.8731 7
      vertex 34.2284 56.648 7
      vertex 34.3542 56.9142 7
    endloop
  endfacet
  facet normal 0 0 -1
    outer loop
      vertex 34.0144 55.2059 7
      vertex 36.0297 55.4044 7
      vertex 34.0576 54.9147 7
    endloop
  endfacet
  facet normal 0 0 -1
    outer loop
      vertex 36.067 55.783 7
      vertex 34.1292 56.3709 7
      vertex 34.2284 56.648 7
    endloop
  endfacet
  facet normal -0 0 -1
    outer loop
      vertex 36.0297 55.4044 7
      vertex 34.0144 55.2059 7
      vertex 36.025 55.5 7
    endloop
  endfacet
  facet normal 0 0 -1
    outer loop
      vertex 36.0437 55.6902 7
      vertex 34.0576 56.0853 7
      vertex 34.1292 56.3709 7
    endloop
  endfacet
  facet normal 0 0 -1
    outer loop
      vertex 34 55.5 7
      vertex 36.025 55.5 7
      vertex 34.0144 55.2059 7
    endloop
  endfacet
  facet normal 0 0 -1
    outer loop
      vertex 36.0297 55.5956 7
      vertex 34.0144 55.7941 7
      vertex 34.0576 56.0853 7
    endloop
  endfacet
  facet normal 0 0 -1
    outer loop
      vertex 36.025 55.5 7
      vertex 34 55.5 7
      vertex 34.0144 55.7941 7
    endloop
  endfacet
  facet normal -0.803208 -0.595699 0
    outer loop
      vertex 34.681 53.5968 7
      vertex 34.5056 53.8333 22.45
      vertex 34.5056 53.8333 7
    endloop
  endfacet
  facet normal -0.803208 -0.595699 0
    outer loop
      vertex 34.5056 53.8333 22.45
      vertex 34.681 53.5968 7
      vertex 34.681 53.5968 22.45
    endloop
  endfacet
  facet normal -0.998803 0.0489044 0
    outer loop
      vertex 34 55.5 7
      vertex 34.0144 55.7941 22.45
      vertex 34.0144 55.7941 7
    endloop
  endfacet
  facet normal -0.998803 0.0489044 0
    outer loop
      vertex 34.0144 55.7941 22.45
      vertex 34 55.5 7
      vertex 34 55.5 22.45
    endloop
  endfacet
  facet normal 0.740908 -0.671607 0
    outer loop
      vertex 39.1213 53.3787 22.45
      vertex 39.319 53.5968 7
      vertex 39.319 53.5968 22.45
    endloop
  endfacet
  facet normal 0.740908 -0.671607 0
    outer loop
      vertex 39.319 53.5968 7
      vertex 39.1213 53.3787 22.45
      vertex 39.1213 53.3787 7
    endloop
  endfacet
  facet normal 1 -0 0
    outer loop
      vertex -11.5 -57.5 22.45
      vertex -11.5 -37.5 15.3
      vertex -11.5 -37.5 22.45
    endloop
  endfacet
  facet normal 1 0 0
    outer loop
      vertex -11.5 -37.5 15.3
      vertex -11.5 -57.5 22.45
      vertex -11.5 -57.5 15.3
    endloop
  endfacet
  facet normal 0 0 -1
    outer loop
      vertex -11.5 -57.5 15.3
      vertex -12.5 -56.5 15.3
      vertex -11.5 -37.5 15.3
    endloop
  endfacet
  facet normal 0 0 -1
    outer loop
      vertex -11.5 -57.5 15.3
      vertex -30.5 -56.5 15.3
      vertex -12.5 -56.5 15.3
    endloop
  endfacet
  facet normal -0 0 -1
    outer loop
      vertex -30.5 -56.5 15.3
      vertex -31.5 -57.5 15.3
      vertex -30.5 -38.5 15.3
    endloop
  endfacet
  facet normal 0 0 -1
    outer loop
      vertex -31.5 -57.5 15.3
      vertex -30.5 -56.5 15.3
      vertex -11.5 -57.5 15.3
    endloop
  endfacet
  facet normal 0 0 -1
    outer loop
      vertex -12.5 -38.5 15.3
      vertex -11.5 -37.5 15.3
      vertex -12.5 -56.5 15.3
    endloop
  endfacet
  facet normal 0 0 -1
    outer loop
      vertex -30.5 -38.5 15.3
      vertex -11.5 -37.5 15.3
      vertex -12.5 -38.5 15.3
    endloop
  endfacet
  facet normal 0 0 -1
    outer loop
      vertex -30.5 -38.5 15.3
      vertex -31.5 -37.5 15.3
      vertex -11.5 -37.5 15.3
    endloop
  endfacet
  facet normal 0 0 -1
    outer loop
      vertex -31.5 -37.5 15.3
      vertex -30.5 -38.5 15.3
      vertex -31.5 -57.5 15.3
    endloop
  endfacet
  facet normal -1 0 0
    outer loop
      vertex -31.5 -57.5 15.3
      vertex -31.5 -37.5 22.45
      vertex -31.5 -37.5 15.3
    endloop
  endfacet
  facet normal -1 -0 0
    outer loop
      vertex -31.5 -37.5 22.45
      vertex -31.5 -57.5 15.3
      vertex -31.5 -57.5 22.45
    endloop
  endfacet
  facet normal 0 1 -0
    outer loop
      vertex -11.5 -37.5 15.3
      vertex -31.5 -37.5 22.45
      vertex -11.5 -37.5 22.45
    endloop
  endfacet
  facet normal 0 1 0
    outer loop
      vertex -31.5 -37.5 22.45
      vertex -11.5 -37.5 15.3
      vertex -31.5 -37.5 15.3
    endloop
  endfacet
  facet normal 0 -1 0
    outer loop
      vertex -31.5 -57.5 15.3
      vertex -11.5 -57.5 22.45
      vertex -31.5 -57.5 22.45
    endloop
  endfacet
  facet normal 0 -1 -0
    outer loop
      vertex -11.5 -57.5 22.45
      vertex -31.5 -57.5 15.3
      vertex -11.5 -57.5 15.3
    endloop
  endfacet
  facet normal -1 0 0
    outer loop
      vertex -12.5 -56.5 15.3
      vertex -12.5 -38.5 22.45
      vertex -12.5 -38.5 15.3
    endloop
  endfacet
  facet normal -1 -0 0
    outer loop
      vertex -12.5 -38.5 22.45
      vertex -12.5 -56.5 15.3
      vertex -12.5 -56.5 22.45
    endloop
  endfacet
  facet normal 1 -0 0
    outer loop
      vertex -30.5 -56.5 22.45
      vertex -30.5 -38.5 15.3
      vertex -30.5 -38.5 22.45
    endloop
  endfacet
  facet normal 1 0 0
    outer loop
      vertex -30.5 -38.5 15.3
      vertex -30.5 -56.5 22.45
      vertex -30.5 -56.5 15.3
    endloop
  endfacet
  facet normal 0 -1 0
    outer loop
      vertex -30.5 -38.5 15.3
      vertex -12.5 -38.5 22.45
      vertex -30.5 -38.5 22.45
    endloop
  endfacet
  facet normal 0 -1 -0
    outer loop
      vertex -12.5 -38.5 22.45
      vertex -30.5 -38.5 15.3
      vertex -12.5 -38.5 15.3
    endloop
  endfacet
  facet normal 0 1 -0
    outer loop
      vertex -12.5 -56.5 15.3
      vertex -30.5 -56.5 22.45
      vertex -12.5 -56.5 22.45
    endloop
  endfacet
  facet normal 0 1 0
    outer loop
      vertex -30.5 -56.5 22.45
      vertex -12.5 -56.5 15.3
      vertex -30.5 -56.5 15.3
    endloop
  endfacet
  facet normal 1 -0 0
    outer loop
      vertex 31.5 -57.5 22.45
      vertex 31.5 -37.5 15.3
      vertex 31.5 -37.5 22.45
    endloop
  endfacet
  facet normal 1 0 0
    outer loop
      vertex 31.5 -37.5 15.3
      vertex 31.5 -57.5 22.45
      vertex 31.5 -57.5 15.3
    endloop
  endfacet
  facet normal 0 0 -1
    outer loop
      vertex 31.5 -57.5 15.3
      vertex 30.5 -56.5 15.3
      vertex 31.5 -37.5 15.3
    endloop
  endfacet
  facet normal 0 0 -1
    outer loop
      vertex 31.5 -57.5 15.3
      vertex 12.5 -56.5 15.3
      vertex 30.5 -56.5 15.3
    endloop
  endfacet
  facet normal -0 0 -1
    outer loop
      vertex 12.5 -56.5 15.3
      vertex 11.5 -57.5 15.3
      vertex 12.5 -38.5 15.3
    endloop
  endfacet
  facet normal 0 0 -1
    outer loop
      vertex 11.5 -57.5 15.3
      vertex 12.5 -56.5 15.3
      vertex 31.5 -57.5 15.3
    endloop
  endfacet
  facet normal 0 0 -1
    outer loop
      vertex 30.5 -38.5 15.3
      vertex 31.5 -37.5 15.3
      vertex 30.5 -56.5 15.3
    endloop
  endfacet
  facet normal 0 0 -1
    outer loop
      vertex 12.5 -38.5 15.3
      vertex 31.5 -37.5 15.3
      vertex 30.5 -38.5 15.3
    endloop
  endfacet
  facet normal 0 0 -1
    outer loop
      vertex 12.5 -38.5 15.3
      vertex 11.5 -37.5 15.3
      vertex 31.5 -37.5 15.3
    endloop
  endfacet
  facet normal 0 0 -1
    outer loop
      vertex 11.5 -37.5 15.3
      vertex 12.5 -38.5 15.3
      vertex 11.5 -57.5 15.3
    endloop
  endfacet
  facet normal -1 0 0
    outer loop
      vertex 11.5 -57.5 15.3
      vertex 11.5 -37.5 22.45
      vertex 11.5 -37.5 15.3
    endloop
  endfacet
  facet normal -1 -0 0
    outer loop
      vertex 11.5 -37.5 22.45
      vertex 11.5 -57.5 15.3
      vertex 11.5 -57.5 22.45
    endloop
  endfacet
  facet normal 0 1 -0
    outer loop
      vertex 31.5 -37.5 15.3
      vertex 11.5 -37.5 22.45
      vertex 31.5 -37.5 22.45
    endloop
  endfacet
  facet normal 0 1 0
    outer loop
      vertex 11.5 -37.5 22.45
      vertex 31.5 -37.5 15.3
      vertex 11.5 -37.5 15.3
    endloop
  endfacet
  facet normal 0 -1 0
    outer loop
      vertex 11.5 -57.5 15.3
      vertex 31.5 -57.5 22.45
      vertex 11.5 -57.5 22.45
    endloop
  endfacet
  facet normal 0 -1 -0
    outer loop
      vertex 31.5 -57.5 22.45
      vertex 11.5 -57.5 15.3
      vertex 31.5 -57.5 15.3
    endloop
  endfacet
  facet normal -1 0 0
    outer loop
      vertex 30.5 -56.5 15.3
      vertex 30.5 -38.5 22.45
      vertex 30.5 -38.5 15.3
    endloop
  endfacet
  facet normal -1 -0 0
    outer loop
      vertex 30.5 -38.5 22.45
      vertex 30.5 -56.5 15.3
      vertex 30.5 -56.5 22.45
    endloop
  endfacet
  facet normal 1 -0 0
    outer loop
      vertex 12.5 -56.5 22.45
      vertex 12.5 -38.5 15.3
      vertex 12.5 -38.5 22.45
    endloop
  endfacet
  facet normal 1 0 0
    outer loop
      vertex 12.5 -38.5 15.3
      vertex 12.5 -56.5 22.45
      vertex 12.5 -56.5 15.3
    endloop
  endfacet
  facet normal 0 -1 0
    outer loop
      vertex 12.5 -38.5 15.3
      vertex 30.5 -38.5 22.45
      vertex 12.5 -38.5 22.45
    endloop
  endfacet
  facet normal 0 -1 -0
    outer loop
      vertex 30.5 -38.5 22.45
      vertex 12.5 -38.5 15.3
      vertex 30.5 -38.5 15.3
    endloop
  endfacet
  facet normal 0 1 -0
    outer loop
      vertex 30.5 -56.5 15.3
      vertex 12.5 -56.5 22.45
      vertex 30.5 -56.5 22.45
    endloop
  endfacet
  facet normal 0 1 0
    outer loop
      vertex 12.5 -56.5 22.45
      vertex 30.5 -56.5 15.3
      vertex 12.5 -56.5 15.3
    endloop
  endfacet
endsolid OpenSCAD_Model
